branch	tag	rank	page_count	status	jp_list_handled	translator_handled	jp_tag	replacement	sample_slugs
cn	scp	1	14134	jp_tag_name	true	true	scp		2025newbee-amilia-cn-notrname,abraka-davids-proposal,adamnpluto-s-proposal-i,adult:scp-096-j,adult:scp-1004
cn	原创	2	12928	jp_unused_replacement	true	true		cn	0020,009-nrs003,05-in-dream,05-in-duanyang,053art
cn	故事	3	7963	curated_override_only	false	true	tale		0-underture,0020,049-x-minion-x-reader,05-in-dream,05-in-duanyang
cn	euclid	4	4762	jp_tag_name	true	true	euclid		adult:scp-2182,adult:scp-2254,adult:scp-2607,adult:scp-3629,adult:scp-4231
cn	safe	5	4243	jp_tag_name	true	true	safe		adult:scp-096-j,adult:scp-1004,adult:scp-3075,adult:scp-3099,adult:scp-3236
cn	人形生物	6	2726	curated_override_only	false	true	人間型		abraka-davids-proposal,adult:scp-2254,adult:scp-231,adult:scp-2610,adult:scp-3075
cn	keter	7	2473	jp_tag_name	true	true	keter		adult:scp-231,adult:scp-3101,adult:scp-3380,adult:scp-5558,adult:scp-6969
cn	段落	8	2429	unhandled	false	false			alt:fragment:scp-332-0,alt:fragment:scp-332-1,amnestic-is-a-piece-of-cake-0,amnestic-is-a-piece-of-cake-i-1,amnestic-is-a-piece-of-cake-i-2
cn	智能	9	2275	curated_override_only	false	true	知性		adult:scp-231,adult:scp-2610,adult:scp-3075,adult:scp-3101,adult:scp-3629
cn	活物	10	2030	curated_override_only	false	true	生命		adamnpluto-s-proposal-i,adult:scp-231,adult:scp-3075,adult:scp-3629,adult:scp-4174
cn	wanderers	11	2015	jp_unused_no_single_replacement	true	false			oh-miss-taylor,old:wanderers:a-point-in-7,old:wanderers:dreams-of-a-distant-future,old:wanderers:drowned-out,old:wanderers:i-orion
cn	精神影响	12	2002	curated_override_only	false	true	精神影響		adult:scp-1004,adult:scp-2182,adult:scp-2254,adult:scp-3380,adult:scp-4969
cn	合著	13	1694	unhandled	false	false			12-days-of-christmas-hub,12rebel-part-3,12site-variegatedfile,2023new-year-12,2024new-year-12
cn	jp	14	1450	jp_tag_name	true	true	jp		1-17cocolate,1027-jp-floris,10th-animation,147-jp-tale,1646ratking666
cn	认知危害	15	1359	unhandled	false	false			adult:scp-3099,adult:scp-4269,adult:scp-597,all-things-are-one-s-proposal,alt:scp-4374
cn	建筑	16	1241	unhandled	false	false			adult:scp-4231,adult:scp-5480,alt:scp-332,deepwell-proposal,deleted:scp-830
cn	动物	17	1193	unhandled	false	false			adamnpluto-s-proposal-i,adult:scp-3629,adult:scp-4969,deleted:scp-006-pig,deleted:scp-cn-1197
cn	人造物品	18	1075	unhandled	false	false			adult:scp-2182,adult:scp-5480,alt:scp-6914,alt:scp-7413,deleted:scp-cn-1236
cn	机密分级	19	1072	unhandled	false	false			adamnpluto-s-proposal-i,adult:scp-3265,all-things-are-one-s-proposal,alt:everyone-s-proposal,alt:scp-6914
cn	中心	20	1051	unhandled	false	false			1111event,12-days-of-christmas-hub,12thanniversarycontest,13thanniversarycontest,144-hour-jam-contest
cn	未收容	21	1043	unhandled	false	false			adult:scp-6969,all-things-are-one-s-proposal,alt:scp-5783,amnemume,cimmerian-kaktus-proposal
cn	艺术作品	22	1018	unhandled	false	false			053art,054,079,1-17cocolate,1-m-sans-tete-comic
cn	goi格式	23	993	unhandled	false	false			0-texts-found,009-nrs003,12th-maze-donation,168,16th-wondertainment-donation
cn	超维度	24	990	unhandled	false	false			adult:scp-4231,blackcat-s-proposal,code-name-dr-ore-der-hoechste-konflikt,deleted:scp-cn-1430,djkaktus-s-proposal
cn	视觉性	25	979	unhandled	false	false			adult:scp-1004,adult:scp-3099,adult:scp-cn-3502,deleted:scp-cn-1051,deleted:scp-cn-1105
cn	反熵	26	961	unhandled	false	false			adult:scp-3684,adult:scp-5169,adult:scp-5558,adult:scp-6593,adult:scp-cn-5000-j
cn	作者	27	928	unhandled	false	false			114514leitra,26,59-s-personnel-file,5m7-s-personal-profile,627652
cn	搞笑	28	910	unhandled	false	false			173-3-or-less,2023-afcn-1,2024-afcn,a-low-cost-way-to-improve-your-survival-in-the-secret-war-ag,a120-suicide-guide
cn	感知力	29	841	unhandled	false	false			adult:scp-2610,adult:scp-3075,adult:scp-3629,adult:scp-4969,adult:scp-6009-j
cn	生物性	30	810	unhandled	false	false			adult:scp-2607,adult:scp-5480,adult:scp-597,decomm:scp-153-d,deleted:scp-cn-1051
cn	meta	31	802	jp_tag_alias	true	true	メタ		adult:scp-3101,adult:scp-3265,adult:scp-5558,alt:scp-7413,alt:scp-9765
cn	地点	32	776	unhandled	false	false			alt:scp-332,dr-manns-proposal,eberstrom-s-proposal-arc,freedomkoo-s-proposal,kwana-s-proposal
cn	苍树与血	33	770	unhandled	false	false			wanderers-adult:i-love-you-so-much-but-i-hate-myself,wanderers:0,wanderers:093-religions-list,wanderers:130xx,wanderers:20230311
cn	k级情景	34	758	unhandled	false	false			adamnpluto-s-proposal-i,adult:scp-231,all-things-are-one-s-proposal,anglia-s-proposal,blackcat-s-proposal
cn	补充材料	35	749	unhandled	false	false			005-fr-1-2-005-fr-1,01,01-091,022-de,026-exploration-logs
cn	自主	36	745	unhandled	false	false			adult:scp-2182,adult:scp-3101,alt:scp-7413,asriel-s-proposal,deleted:scp-cn-1371
cn	模因	37	740	unhandled	false	false			all-things-are-one-s-proposal,alt:scp-332,deleted:scp-cn-1071,deleted:scp-cn-1088,deleted:scp-cn-1093
cn	现实扭曲	38	735	unhandled	false	false			adult:scp-4231,adult:scp-cn-3502,all-things-are-one-s-proposal,deleted:scp-cn-1266,djkaktus-s-proposal-iii
cn	无效化	39	730	unhandled	false	false			adult:scp-2610,adult:scp-6009-j,darkequation-s-proposal,decomm:scp-122-d,decomm:scp-151-d
cn	历史性	40	727	unhandled	false	false			a-form-to-outlast-time,adult:scp-4960,all-things-are-one-s-proposal,amnemume,asriel-s-proposal
cn	强迫性	41	719	unhandled	false	false			adult:scp-597,adult:scp-cn-3502,deleted:scp-cn-1071,deleted:scp-cn-1134,deleted:scp-cn-1330
cn	尸体	42	715	unhandled	false	false			abraka-davids-proposal,adult:scp-4174,adult:scp-cn-1904,etc-proposal,jiraku-mogana-s-proposal-ii
cn	记忆影响	43	711	unhandled	false	false			adult:scp-6969,adult:scp-cn-1904,alt:scp-6963,amnemume,deleted:scp-cn-1051
cn	全球超自然联盟	44	692	unhandled	false	false			1,109council,10th-noodle,11shitang,168
cn	变形	45	663	unhandled	false	false			adult:scp-835,decomm:scp-857-d,gokiso-s-proposal,henzoid-crocket-s-proposal-j,jjj-jjjj-j
cn	旧页面	46	629	unhandled	false	false			adult:old:diary-573,adult:old:the-things-dr-bright-is-not-allowed-to-do,and-so-it-is-now,annon,art:touching-eternity-fanart
cn	传送	47	615	unhandled	false	false			adult:scp-5558,decomm:scp-531-d,decomm:scp-857-d,deleted:scp-cn-1342,deleted:scp-cn-1601
cn	星际	48	573	unhandled	false	false			asriel-s-proposal,billiths-proposal,blackcat-s-proposal,code-name-dr-ore-der-hoechste-konflikt,code-name-dr-schwarz-v9-erreger
cn	文章	49	556	unhandled	false	false			173thankyouletter,2014-survey-results,2019scp-cn-report,a-brief-history-of-foundation-rp,a-brief-history-of-scp-ko
cn	时间影响	50	547	unhandled	false	false			adult:scp-6969,code-name-dr-ore-der-hoechste-konflikt,decomm:scp-226-d,decomm:scp-531-d,dyfscp-001
cn	破碎之神教会	51	547	unhandled	false	false			1,1-001-dark-and-stormy-nights,10th-noodle,a,a-baptism-of-fire
cn	文件	52	545	unhandled	false	false			aieditor059-s-proposal,darkequation-s-proposal,deleted:scp-cn-1330,deleted:scp-cn-1375,jonathan-ball-s-proposal
cn	敌意	53	541	unhandled	false	false			adult:scp-2254,alt:scp-7413,blackcat-s-proposal,deleted:scp-cn-1071,djkaktus-s-proposal-j
cn	感知影响	54	537	unhandled	false	false			adult:scp-3236,adult:scp-4269,all-things-are-one-s-proposal,deleted:scp-cn-1157,deleted:scp-cn-1318
cn	听觉影响	55	532	unhandled	false	false			adult:scp-1004,alt:scp-4374,daveyoufool-proposal,deleted:scp-cn-1310,metaphysician-karpin-proposal
cn	宗教	56	530	jp_tag_name	true	true	宗教		adult:scp-3380,adult:scp-cn-3502,amnemume,archirelic-no-24,decomm:scp-857-d
cn	不可摧毁	57	518	unhandled	false	false			aieditor059-s-proposal,all-things-are-one-s-proposal,archirelic-no-24,code-name-trabant-ende-einer-aera,decomm:scp-723-d
cn	电子	58	504	unhandled	false	false			adult:scp-3101,adult:scp-3236,adult:scp-6593,alt:scp-4374,asriel-s-proposal
cn	thaumiel	59	499	jp_tag_name	true	true	thaumiel		adult:scp-cn-1904,cn40k-kanie-ja,cn40k-nightingale-fz,deleted:scp-cn-1266,deleted:scp-cn-1370
cn	基金会制	60	495	unhandled	false	false			all-things-are-one-s-proposal,alt:scp-6963,alt:scp-9765,director-bold-s-proposal-j,djkaktus-s-proposal
cn	幻觉	61	491	unhandled	false	false			adult:scp-3099,adult:scp-cn-3502,deleted:scp-cn-1157,old:scp-008-it,old:scp-1484
cn	声音	62	482	unhandled	false	false			djkaktus-s-proposal-j,old:scp-031-1,old:scp-1070,old:scp-1255,old:scp-1507
cn	植物	63	480	jp_tag_name	true	true	植物		adult:scp-5480,adult:scp-6009-j,archirelic-no-24,deleted:scp-cn-1318,deleted:scp-cn-1365
cn	记载	64	469	unhandled	false	false			old:wanderers:a-point-in-7,old:wanderers:dreams-of-a-distant-future,old:wanderers:drowned-out,old:wanderers:i-orion,old:wanderers:ii-ursa-major
cn	二次翻译	65	463	unhandled	false	false			2024-scp-vn-art-gallery,7-ghost-story-in-the-site-29,a-broken-machine,a-steht-fuer-anfang-oder-so,abteilung-xxv-hub
cn	种群	66	457	unhandled	false	false			adult:scp-3629,deleted:scp-006-pig,deleted:scp-cn-1373,dyfscp0012,fishish-s-proposal-j
cn	信息危害	67	449	unhandled	false	false			all-things-are-one-s-proposal,cn40k-contextaddmirror,deleted:scp-cn-1051,gokiso-s-proposal,jjj-jjjj-j
cn	恐怖	68	448	unhandled	false	false			1-mr-headless,1-remember-remember,18-the-only-constant,2-the-mausoleum-at-ipperwash,53-those-who-cant
cn	概念	69	443	jp_tag_name	true	true	概念		adult:scp-3265,all-things-are-one-s-proposal,alt:scp-332,amnemume,anglia-s-proposal
cn	食物	70	438	jp_tag_name	true	true	食物		adult:scp-6009-j,fat-grand-order,non-rate:scp-cn-2661,old:9000contestapexraptor,old:scp-2045
cn	媒体	71	431	unhandled	false	false			adult:scp-096-j,adult:scp-1004,adult:scp-3099,adult:scp-3101,adult:scp-5069
cn	fr	72	423	jp_tag_name	true	true	fr		005-fr-1-2-005-fr-1,01,01-091,1-m-sans-tete-comic,a-mas-carol
cn	creepypasta	73	416	jp_tag_alias	true	true	クリーピーパスタ		20230225,234555f,29-ways-to-summon,5-meo-dipt,a-fairy-tale
cn	mc&d	74	414	jp_tag_name	true	true	mc&d		1-001-dark-and-stormy-nights,38-world-of-difference,42nd-sprague-and-grundy,a-circus-for-mc-d-ltd,a-darke-tale-new-age
cn	逆模因	75	413	unhandled	false	false			adult:scp-4174,bouteille-a-la-mer-dpwl,captain-kirby-s-proposal,deleted:scp-cn-1051,old:scp-5747
cn	传染性	76	411	unhandled	false	false			adult:scp-cn-2031,code-name-dr-schwarz-v9-erreger,deleted:scp-cn-1197,deleted:scp-cn-1291,fcp-676-fr-vi
cn	欲肉教	77	410	unhandled	false	false			1,1-001-dark-and-stormy-nights,1wws,a,a-baptism-of-fire
cn	载具	78	406	unhandled	false	false			billiths-proposal,dyfscp-001,kwana-s-proposal,old-scp-240-roget,old:billiths-proposal
cn	电脑	79	397	unhandled	false	false			adult:scp-096-j,adult:scp-3101,asriel-s-proposal,deleted:scp-cn-1335,director-bold-s-proposal-j
cn	观察影响	80	388	unhandled	false	false			deleted:scp-cn-1051,etc-proposal,ikkeby-v-s-proposal,old:scp-173-af2020,old:scp-3006
cn	生物危害	81	386	unhandled	false	false			adult:scp-4174,all-things-are-one-s-proposal,code-name-dr-schwarz-v9-erreger,deleted:scp-cn-1206,deleted:scp-cn-1318
cn	混沌分裂者	82	384	unhandled	false	false			11-2-9,12rebel-part-12,12rebel-part-13,12rebel-part-15,12rebel-part-3
cn	版式	83	381	unhandled	false	false			celebrating-the-new-year-with-joy,component:4sc-theme,component:abyssal-light-theme,component:beyondentropy-theme,component:cc-theme
cn	心灵感应	84	379	unhandled	false	false			archirelic-no-24,deleted:scp-cn-1370,edc-1742-fidji-bercemorphe,kwana-s-proposal,metaphysician-karpin-proposal
cn	知识	85	378	unhandled	false	false			all-things-are-one-s-proposal,alt:scp-9765,lomias-s-proposal,meowait-s-proposal,monitor-256-s-proposal
cn	仪式性	86	377	unhandled	false	false			adult:scp-231,adult:scp-4174,adult:scp-4231,adult:scp-5069,adult:scp-cn-3502
cn	成人内容	87	377	unhandled	false	false			12rebel-part-7,13-reproduction,835aarfull,835revised,a-dark-green-kiss
cn	掠食性	88	376	unhandled	false	false			adult:scp-cn-2031,decomm:scp-083-d,deepwell-proposal,dr-gears-s-proposal,old:aihe-s-proposal
cn	合作	89	368	jp_tag_name	true	true	合作		1998-hub,207,4khaibao,603-ft-2012,8000-dead-rats-hub
cn	形态改变	90	365	unhandled	false	false			decomm:scp-135-d,decomm:scp-857-d,deleted:scp-cn-1117,gokiso-s-proposal,non-rate:scp-cn-1293
cn	移情作用	91	354	unhandled	false	false			adult:scp-3101,adult:scp-cn-2031,all-things-are-one-s-proposal,alt:scp-4374,old:8000contestfishtwelve
cn	无形	92	351	unhandled	false	false			adult:scp-2254,deleted:scp-cn-1157,gokiso-s-proposal,ikkeby-v-s-proposal,meowait-s-proposal
cn	机械	93	350	unhandled	false	false			decomm:scp-809-d,deleted:scp-cn-1255,dr-frueh-s-proposal,jack-ike-s-proposal-i,ninth-s-proposal
cn	crossover项目	94	347	unhandled	false	false			2022-2-20,24muzimi,34ba1,34ba2,34ba3
cn	水生	95	347	unhandled	false	false			adamnpluto-s-proposal-i,adult:scp-835,deleted:scp-cn-1373,old:scp-099-fr,old:scp-218
cn	are-we-cool-yet	96	345	jp_tag_name	true	true	are-we-cool-yet		2025-minus-1,26-tpyes-of-valentine-s-eve,a-cooler-manifesto,a-friendly-guide-to-the-katharsys-music-festival,a-letter-taped-to-a-pipe-bomb-found-in-the-site-19-break-roo
cn	液体	97	341	jp_tag_name	true	true	液体		adult:scp-5480,deleted:scp-830,deleted:scp-cn-1293,deleted:scp-cn-1296,gokiso-s-proposal
cn	精品	98	341	unhandled	false	false			1001001,2000-season,2025newbee-asalpha,2521-escaped,29-ways-to-summon
cn	门径	99	338	unhandled	false	false			deleted:scp-cn-1061,deleted:scp-cn-1236,dr-clef-s-proposal,dyfscp-001,meowait-s-proposal
cn	通讯	100	335	unhandled	false	false			adult:scp-096-j,alt:scp-5783,deleted:scp-sga-009,old:scp-1229,old:scp-1498
cn	时空	101	313	unhandled	false	false			deleted:scp-cn-1236,deleted:scp-cn-1430,old:scp-2669,proposition-du-dr-johannes,scp-001-it-graf
cn	蛇之手	102	313	unhandled	false	false			0-texts-found,1,38-world-of-difference,4,411
cn	武器	103	312	jp_tag_name	true	true	武器		deleted:scp-cn-665,djkaktus-s-proposal,etc-proposal,nagiros-proposal,non-rate:scp-cn-1293
cn	wondertainment博士	104	307	unhandled	false	false			1,1-mr-headless,10-mr-mission,11-03-2019,11-mr-feather
cn	自我修复	105	303	unhandled	false	false			adult:scp-835,decomm:scp-083-d,decomm:scp-857-d,deleted:scp-cn-1420,jack-ike-s-proposal-i
cn	自我复制	106	302	unhandled	false	false			old:scp-1011-ru,old:scp-1037,old:scp-1926,old:scp-4518,old:scp-474
cn	鸟类	107	302	unhandled	false	false			deleted:scp-cn-1457,djkaktus-s-proposal-j,old:scp-1507,old:scp-1534,old:scp-194
cn	工具	108	296	unhandled	false	false			adult:scp-5480,deleted:scp-cn-1117,deleted:scp-cn-1275,dr-frueh-s-proposal,mackenzie-s-proposal
cn	艺术性	109	296	unhandled	false	false			adult:scp-5069,non-applicable-item-number-redacted,old:scp-026-cs,old:scp-1019,old:scp-2188
cn	伦理委员会	110	288	unhandled	false	false			38-world-of-difference,49-repent-at-leisure,adamnpluto-s-proposal-i,adult:scp-3101,adult:scp-cn-5000-j
cn	睡眠	111	287	jp_tag_name	true	true	睡眠		alt:scp-6963,deleted:scp-cn-1341,jack-ike-s-proposal-i,old:scp-122,old:scp-1498
cn	观谬维基	112	286	unhandled	false	false			11-03-2019,2025newbeehf-me-1,4,a-guess-about-panda,a-little-bunnys-doctor
cn	铭文	113	284	unhandled	false	false			alt:scp-6914,non-rate:scp-cn-507,old-scp-240-roget,old:scp-1152,old:scp-1559
cn	隔地促动	114	280	unhandled	false	false			adult:scp-cn-3502,decomm:scp-531-d,deleted:scp-cn-1601,meowait-s-proposal,ninth-s-proposal
cn	线上	115	279	unhandled	false	false			adult:scp-096-j,adult:scp-2607,adult:scp-3101,adult:scp-3629,old:scp-2529
cn	地下	116	274	jp_tag_name	true	true	地下		keter-duty,old:scp-1701,old:scp-2088,old:scp-2304,old:scp-238
cn	昆虫	117	272	jp_tag_name	true	true	昆虫		deleted:scp-cn-1138,old:scp-183-jp,old:scp-1929,old:scp-4345,old:scp-592-jp
cn	光照影响	118	266	unhandled	false	false			gokiso-s-proposal,henzoid-crocket-s-proposal-j,indonootoko-s-proposal,old:scp-016-ko,old:scp-122
cn	空间影响	119	264	unhandled	false	false			billiths-proposal,dr-manns-proposal,freedomkoo-s-proposal,keter-duty,non-rate:scp-cn-4566
cn	叙述性	120	262	unhandled	false	false			adult:scp-cn-2031,gokiso-s-proposal,i-h-p-proposal,jack-ike-s-proposal-i,ninth-s-proposal-ii
cn	异常移动	121	259	unhandled	false	false			alt:scp-7413,deleted:scp-cn-1601,old:scp-072-th,old:scp-1162,old:scp-1166-1
cn	异学会	122	257	jp_tag_alias	true	true	異学会		a,a-murderous-pitfall,a-s-2025,a-story-of-qiudiange,actor-s-tears
cn	玩具	123	254	jp_tag_name	true	true	玩具		old:scp-007-pt,old:scp-1070,old:scp-190,old:scp-1926,old:scp-3009
cn	需更新	124	253	unhandled	false	false			1998-hub,a-love-letter-to-a-lady-mantis,a-wedding-gift-for-a-lady-mantis,acidverse,adult:scp-2254
cn	值守43	125	252	unhandled	false	false			0-underture,1-remember-remember,10-under-new-direction,11-turnover,12-aromantic-abatement
cn	clef博士	126	251	unhandled	false	false			085-romance-adult,784incident2,784incident3,784incident4,784incident5
cn	家用物品	127	251	unhandled	false	false			adult:scp-3236,adult:scp-6593,alt:scp-4374,deleted:scp-cn-1293,non-rate:scp-cn-2388
cn	复活	128	248	unhandled	false	false			deleted:scp-cn-1442,old:scp-1840,old:scp-2082,old:scp-3988,old:scp-5392
cn	无定形	129	243	unhandled	false	false			adult:scp-5558,all-things-are-one-s-proposal,gokiso-s-proposal,non-rate:scp-cn-4019,old:crash-proposal
cn	_cc	130	240	unhandled	false	false			2020,about-sewers,adult:holy-ship,adult:ion-bumaro-r18,adult:uiu-sexy-uiu-girl
cn	寄生性	131	240	unhandled	false	false			adult:scp-4969,adult:scp-695,alt:scp-6963,deleted:scp-cn-1318,old:scp-103
cn	游戏	132	238	unhandled	false	false			old:scp-2117,old:scp-263,old:scp-3085,old:scp-5584,old:scp-5584-new
cn	不可移动	133	237	unhandled	false	false			adult:scp-cn-3502,all-things-are-one-s-proposal,deleted:scp-cn-1061,deleted:scp-cn-1174,deleted:scp-cn-1337
cn	神经性	134	237	unhandled	false	false			adult:scp-3236,adult:scp-6969,etc-proposal,lulus-proposal,old:scp-008-it
cn	韵文	135	235	unhandled	false	false			oh-miss-taylor,old:wanderers:a-point-in-7,old:wanderers:dreams-of-a-distant-future,old:wanderers:drowned-out,old:wanderers:the-restless-void
cn	循环	136	234	unhandled	false	false			adult:scp-6969,all-things-are-one-s-proposal,alt:scp-332,jack-ike-s-proposal-ii,keter-duty
cn	音乐性	137	233	unhandled	false	false			old:5000contestmetaphysician,old:scp-004-it,old:scp-1255,old:scp-2743,old:scp-332
cn	天空	138	232	unhandled	false	false			old-scp-240-roget,old:scp-2008,old:scp-2202,old:scp-2444,old:scp-4518-1
cn	现象	139	232	unhandled	false	false			extended-felis-proposal,lily-s-proposal,meowait-s-proposal,scp-027,scp-033
cn	喜剧	140	228	unhandled	false	false			049-x-minion-x-reader,10-30-a-m,12-aromantic-abatement,173-3-or-less,5-mr-mad
cn	概率性	141	226	unhandled	false	false			deleted:scp-cn-1601,etc-proposal,old:scp-437,old:scp-4456,old:scp-5417
cn	气象	142	226	unhandled	false	false			not-a-seagull-proposal,old:scp-2520,old:scp-3136-j,old:scp-5747-2,old:scp-649
cn	雕塑	143	223	unhandled	false	false			alt:scp-7413,decomm:scp-226-d,old:scp-089-arc,old:scp-1573,old:scp-1712
cn	uiu	144	221	unhandled	false	false			2521-escaped,38-world-of-difference,a-day-at-the-call-center,a-leisurely-day,a-lonely-lantern-in-night-rain
cn	金属	145	221	jp_tag_name	true	true	金属		ddd-2034,old:scp-1037,old:scp-183-jp,old:scp-245,old:scp-2621
cn	ko	146	220	jp_tag_name	true	true	ko		12thanniversarycontest,13thanniversarycontest,2025-2weeks-writing-hub,about-the-scp-foundation-arc,aesthetic-contest
cn	医学性	147	217	unhandled	false	false			deleted:scp-cn-1291,old:scp-5747,old:scp-7146,old:scp-948,old:scp-972
cn	mobile-site-cn	148	216	jp_tag_alias	true	true	モバイル-サイト-cn		11199214,12rebel-part-1,2023new-year-12,2025new-year-12,a-death
cn	深红之王	149	214	unhandled	false	false			12rebel-part-10,24muzimi,7ring,across-the-hills-so-quiet,adult:our-world-has-been-falling-into-the-hellfire
cn	悲剧	150	212	unhandled	false	false			7-beyond-repair,784incident7,9-mr-clumsy,a-bitch,a-canticle-for-bright
cn	科幻小说	151	211	unhandled	false	false			0-underture,1-remember-remember,16-the-eighth-of-september,2-the-mausoleum-at-ipperwash,22-borrowing-trouble
cn	触觉影响	152	209	unhandled	false	false			old:scp-042-it,old:scp-1075,old:scp-1313,old:scp-1484,old:scp-1712
cn	音频	153	208	unhandled	false	false			a-special-holiday-message-from-scp-999,adult:scp-5558,aiad-homescreen,art:2025-art-exchange-bad-data,audio-adaptations
cn	散文	154	204	unhandled	false	false			old:wanderers:skinwalkers,old:wanderers:the-doctor-and-death,wanderers:2052,wanderers:81st-turn-seventh-year-twenty-first-cycle-skyday,wanderers:a-brief-analysis-of-the-basic-methods
cn	预测性	155	203	unhandled	false	false			asriel-s-proposal,darkequation-s-proposal,fattyacid-s-proposal,jack-ike-s-proposal-i,jack-ike-s-proposal-ii
cn	悬疑	156	201	unhandled	false	false			0-texts-found,14-drilling-down,16-the-eighth-of-september,18-the-only-constant,20-not-my-day
cn	狄瓦	157	199	unhandled	false	false			a-completed-chronicle,a-long-time-past,a-poem-for-the-mekhanites,a-visitation,a-wandsman-in-the-court-of-the-hanged-king
cn	site-cn-34	158	197	jp_tag_alias	true	true	サイト-cn-34		1967story,2018race-mirrow,34ba1,34ba2,34ba3
cn	奇幻	159	197	unhandled	false	false			0-underture,11-turnover,20-not-my-day,25-off-track,28-hooking-up
cn	第五教会	160	196	jp_tag_name	true	true	第五教会		a-friendly-guide-to-the-katharsys-music-festival,a-lonely-lantern-in-night-rain,a-song-about-serious-information-leaks,a-thin-dangerous-line,acidverse
cn	生	161	190	jp_tag_name	true	true	生		1111111,125000-years,2025newbeehf-me-1,26-tpyes-of-valentine-s-eve,a-death-of-an-observer
cn	化学性	162	189	unhandled	false	false			adult:scp-3629,deleted:scp-cn-1373,old:scp-2689,old:scp-3988,old:scp-5432
cn	城市	163	189	unhandled	false	false			metaphysician-karpin-proposal,old:scp-1573,old:scp-2188,old:scp-2983,old:scp-5195
cn	曝光	164	189	unhandled	false	false			a-day-notable-to-nobody,a-lesson-in-power,a-lonely-lantern-in-night-rain,a-new-chance-to-explore-life,abnormal-romance
cn	军事	165	185	unhandled	false	false			deleted:scp-006-pig,nagiros-proposal,non-rate:scp-cn-1293,old:scp-107-jp,old:scp-186
cn	文言文	166	185	jp_tag_alias	true	true	漢文		about-the-serpent,being-with-light-dust,blackcat-s-proposal,cascading-style-sekai-1,chapter-1-verse-1
cn	语言	167	185	unhandled	false	false			adult:scp-5558,all-things-are-one-s-proposal,director-bold-s-proposal-la,gokiso-s-proposal,meowait-s-proposal
cn	_故事中心	168	177	unhandled	false	false			1111event,1998-hub,8000-dead-rats-hub,above-all-stand-i,acarc-hub
cn	地质	169	176	unhandled	false	false			non-rate:scp-cn-3158,old:ayers-gabriel-jade-proposal,old:scp-1538,old:scp-1699,old:scp-1701
cn	电力	170	176	unhandled	false	false			alt:scp-6914,old:scp-016-ko,old:scp-042-it,old:scp-287,old:scp-512-2
cn	梦神集团	171	175	unhandled	false	false			1,1ost-1ight-8,a-breath-of-relief-no-different-from-drowning,a-wandsman-in-the-court-of-the-hanged-king,a-whale-s-winning-speech
cn	site-cn-82	172	174	jp_tag_alias	true	true	サイト-cn-82		a-sheet-of-foolscap,artistic-work-of-tyc-monoceros,b-i-g,chris-s-loop,colors-out-of-nature
cn	竞赛	173	173	unhandled	false	false			12thanniversarycontest,13thanniversarycontest,144-hour-jam-contest,144-hour-jam-contest-two,173-festival
cn	普罗米修斯实验室	174	170	unhandled	false	false			38-world-of-difference,a-brief-explanation-on-demonics,adult:orgy-5-counsel-9,ambrose-wildcat-house,art:montagueetc-sciptember-2022
cn	nobody	175	169	jp_tag_alias	true	true	何者でもない		1,a-day-notable-to-nobody,a-poem-for-nobody,adventuring-interlude,an-ode-to-transcendence
cn	放射性	176	169	unhandled	false	false			djkaktus-s-proposal,dr-gears-s-proposal,non-rate:scp-cn-1293,old:scp-1444,old:scp-1701
cn	火	177	168	unhandled	false	false			edc-1742-fidji-bercemorphe,old:scp-016-ko,old:scp-105-jp,old:scp-2117,old:scp-263
cn	生殖性	178	168	unhandled	false	false			adult:scp-2254,adult:scp-231,adult:scp-2610,adult:scp-3684,adult:scp-4174
cn	群体性	179	167	unhandled	false	false			old:scp-072-th,old:scp-1507,scp-044-jp,scp-072-th,scp-1028
cn	适应性	180	167	unhandled	false	false			adult:scp-1004,gokiso-s-proposal,old:scp-1097,old:scp-1778,old:scp-5584
cn	威尔逊野生动物	181	166	unhandled	false	false			38-world-of-difference,a-walk-along-the-riverside,adoption-poster-bandit,adoption-poster-darius,adoption-poster-lloyd
cn	组件	182	166	unhandled	false	false			a1,a6,aim-st,component:acs-animation,component:acs-horm-lite
cn	猫科	183	165	unhandled	false	false			cfo-c4t-g1rl,djkaktus-s-proposal-j,edc-1742-fidji-bercemorphe,log-of-anomalous-items-cn:01217,old:scp-1712
cn	de	184	164	jp_tag_name	true	true	de		022-de,028-de-i2,028-de-p1,028-de-p2,a-steht-fuer-anfang-oder-so
cn	gears博士	185	163	unhandled	false	false			8192025drgearsbday,a-day-in-the-life-of-alto-clef,a-site-19-christmas-carol,a-suicide-note,adult:no-dating-at-work
cn	性	186	162	unhandled	false	false			adult:scp-096-j,adult:scp-1004,adult:scp-2182,adult:scp-2254,adult:scp-2607
cn	插画	187	161	unhandled	false	false			43-nothing-happens,47-past-caring,54-not-ready-for-prime-time,57-the-only-shadow,59-the-foreseeable-future
cn	日本生类创研	188	161	unhandled	false	false			24muzimi,a-n-0064,a-s-2025,adult:become-a-catgirl,ambrose-wildcat-house
cn	120站档案馆	189	159	unhandled	false	false			049-x-minion-x-reader,32-executive-dysfunction,8000-dead-rats-hub,a-baptism-of-fire,a-faerie-tale-of-twin-queens
cn	管理员	190	159	unhandled	false	false			a-few-more-words-from-the-administrator,a-gullet-made-of-the-flesh-of-a-swan,about-the-scp-foundation,adamnpluto-s-proposal-i,adult:scp-4960
cn	area-cn-07	191	158	jp_tag_alias	true	true	エリア-cn-07		62ecn,about-thaumatology-thoughts-in-seminar-01,about-thaumatology-thoughts-in-seminar-02,adamn,adamnpluto-s-proposal-i
cn	掩藏页	192	158	unhandled	false	false			1231-warning,12rebel-part-7,4000contestpeppersghost,835aarfull,835revised
cn	等待分级	193	158	unhandled	false	false			2025newbee-amilia-cn-notrname,fattyacid-s-proposal,old:scp-7792,plague-s-proposal,rounderhouse-gold-proposal
cn	site-cn-75	194	157	jp_tag_alias	true	true	サイト-cn-75		1r-1z-1h-1j,all-alba-vincero,cn75-halloween-party,deceptive-cadence-1,deleted:scp-cn-1275
cn	安布罗斯餐厅	195	156	unhandled	false	false			a-murder-in-ambrose,adoption-poster-pearl,adult:kill-him-by-dick,after-the-ambrose-incident,ambrose-24h-cvs
cn	001提案	196	155	unhandled	false	false			abraka-davids-proposal,adamnpluto-s-proposal-i,aieditor059-s-proposal,all-things-are-one-s-proposal,alt:everyone-s-proposal
cn	树木	197	154	unhandled	false	false			deleted:scp-cn-904,old:scp-6336,old:scp-757,scp-038,scp-044-jp
cn	小小先生	198	150	unhandled	false	false			1-m-sans-tete-comic,1-mr-headless,10-mr-mission,11-mr-feather,13-mr-purple
cn	悖论	199	149	unhandled	false	false			etc-proposal,jack-ike-s-proposal-iv,keter-duty,nagiros-proposal,old:scp-3188
cn	site-cn-19	200	148	jp_tag_alias	true	true	サイト-cn-19		12rebel-part-6,12rebel-part-9,1919-85-01,accident,acoriander-art-2
cn	scp解密	201	146	jp_unused_no_single_replacement	true	false			scpdeclassified,scpdeclassified:2521-escaped,scpdeclassified:6000contestestrellayoshte,scpdeclassified:aieditor059-s-proposal,scpdeclassified:canon-introduction-third-law
cn	反物理定律	202	146	unhandled	false	false			deleted:scp-cn-1296,deleted:scp-cn-1370,scp-015-jp,scp-027-j,scp-037-fr
cn	诗歌	203	146	unhandled	false	false			173,a-letter-for-mother,a-lullaby-for-anderson-robotics,a-poem-for-nobody,a-poem-for-the-mekhanites
cn	打鲨鱼中心	204	145	unhandled	false	false			10-30-a-m,adamnpluto-s-proposal-i,after-they-broke-our-fists,alto-clef-jr-fins-of-the-father,ambrose-taipei
cn	蜂巢意识	205	143	unhandled	false	false			all-things-are-one-s-proposal,dyfscp-001,non-rate:scp-cn-3356,scp-044-jp,scp-052-fr
cn	小孩	206	141	unhandled	false	false			adult:scp-231,adult:scp-3075,djkaktus-s-proposal,scp-009-j,scp-011-j
cn	交换艺术	207	140	unhandled	false	false			a-baptism-of-fire,a-completed-chronicle,a-kind-of-christmas,a-kind-of-redemption,a-working-theory
cn	夜之子	208	140	unhandled	false	false			a-form-to-outlast-time,about-the-serpent,agricola-in-insula-est-poeta,alma-kyivshchyna,ambrose-esterberg
cn	拟态	209	139	unhandled	false	false			adult:scp-4269,deepwell-proposal,old:scp-pl-022,scp-007-pt,scp-031
cn	骨骼	210	138	unhandled	false	false			adult:scp-5480,old:scp-139,old:scp-2088,old:scp-264,old:scp-4026
cn	site-cn-91	211	136	jp_tag_alias	true	true	サイト-cn-91		24h,an-agents-diary-interrogation,asriel-s-proposal,bad-self-rescue-procedures,bottle-in-ship
cn	交换	212	135	unhandled	false	false			adult:scp-6593,old:scp-6183,old:scp-6505,old:scp-o5-council-j,scp-009-th
cn	鱼类	213	133	unhandled	false	false			adamnpluto-s-proposal-i,adult:scp-695,old:scp-3169,old:scp-4456,old:scp-754-jp
cn	dado	214	131	jp_tag_name	true	true	dado		20260206daily,a-second-chance-at-today,adult:scp-5169,asmr-by-dado,broken-masquerade-epistolary
cn	ad-astra	215	130	jp_tag_alias	true	true	アド・アストラ		25-12-2047,ad-astra-per-aspera-hub,aerospace-military-yearbook,alt:scp-332,ambrose-zeta01
cn	site-cn-10	216	130	jp_tag_alias	true	true	サイト-cn-10		adult:aplous5-1,adult:aplous5-2,adult:aplous5-3,adult:lefs-9,adult:take-down
cn	格鲁乌p部门	217	130	unhandled	false	false			adult:orgy-5-counsel-9,all-along,alma-kyivshchyna,as-on-a-darkling-plain,axe-and-whip
cn	被放逐者之图书馆	218	130	unhandled	false	false			1,31-the-lines-are-down,38-world-of-difference,4,a-library-empty
cn	第三定律	219	129	unhandled	false	false			168,a-confluence-of-clandestine-conferences,a-lonely-lantern-in-night-rain,a-man-of-clay-and-men-formerly-men,an-ode-to-transcendence
cn	反大麻玩家	220	128	unhandled	false	false			a-new-age-of-magic,adoption-poster-darius,adult:are-we-gentrified-yet,adult:imitation-redd,adult:ion-bumaro-r18
cn	叙述	221	128	unhandled	false	false			old:wanderers:i-orion,old:wanderers:ii-ursa-major,wanderers-adult:yasuharasuzu-special-galgame-in-the-galgame,wanderers:400-years-beyond-ocean-3,wanderers:81st-turn-seventh-year-twenty-fifth-cycle-byrday
cn	衣物	222	128	unhandled	false	false			adult:scp-4269,old:scp-072-th,old:scp-2520,old:scp-2601,old:scp-2801
cn	犬类	223	127	unhandled	false	false			decomm:scp-122-d,old:decomm:scp-048-d,old:scp-1548-cu,old:scp-2947,old:scp-3835
cn	鬼魂	224	127	unhandled	false	false			a-thin-dangerous-line,adult:scp-cn-3502,anatomy-of-a-specter,antimemetics-division-hub,ara-orun
cn	2025新秀竞赛	225	125	jp_tag_alias	true	true	2025新鋭コンテスト		2025-minus-1,2025newbee-amilia-cn-notrname,2025newbee-asalpha,2025newbee-clementine1047,2025newbee-sleepy-and-sleep
cn	已解明	226	125	unhandled	false	false			abraka-davids-proposal,director-bold-s-proposal-j,fennecist-s-proposal,old:scp-629-ex,old:scp-721-ex
cn	机器人	227	125	unhandled	false	false			decomm:scp-809-d,deleted:scp-cn-1255,kwana-s-proposal,non-rate:scp-cn-1293,old:scp-107-jp
cn	ru	228	124	jp_tag_name	true	true	ru		a-broken-machine,annoying-child,area-aaa,artwork:balalaevgod,artwork:ihavebeenloool
cn	工厂	229	124	unhandled	false	false			1,12talesaboutafactory,1ost-1ight-2,a-few-memos,a-shift-at-the-factory
cn	异常事件	230	124	unhandled	false	false			adult:scp-4231,adult:scp-cn-5000-j,captain-kirby-s-proposal,etc-proposal,lily-s-proposal
cn	blank博士	231	123	unhandled	false	false			0-underture,1-remember-remember,10-under-new-direction,11-turnover,12-aromantic-abatement
cn	实验	232	123	unhandled	false	false			005-fr-1-2-005-fr-1,022-de,207,2212-archival-cross-test-log,241-tl02
cn	日常	233	123	unhandled	false	false			085-romance-adult,12-aromantic-abatement,15-a-clean-break,17-here-today,3-halls-of-the-dead
cn	黑皇后	234	123	unhandled	false	false			1,38-world-of-difference,a-new-age-of-magic,actor-s-tears,ambrose-wildcat-house
cn	成瘾性	235	122	unhandled	false	false			adult:scp-cn-2031,deleted:scp-cn-1289,old:scp-721-ex,old:scp-900-jp-j,scp-010-it
cn	2025古典竞赛	236	121	unhandled	false	false			classic-con,old:scp-8256,old:scp-8294,scp-5315,scp-5649
cn	相啸魔	237	120	unhandled	false	false			a-silence-called-pattern,a-world-unto-yourself,alt:scp-7413,an-empty-page,an-ode-to-transcendence
cn	雕像-最初之作	238	118	unhandled	false	false			173,173-3-or-less,173-anniversary-hub,173-festival,173-sticker
cn	重生计划	239	117	unhandled	false	false			a-funny-thing-happened-on-the-way-to-the-manor,a-study-in-cinnabar,a-team-you-can-maybe-trust,additional-resources,adult:but-some-time-we-cant-erase
cn	安德森机器人	240	116	unhandled	false	false			a-lullaby-for-anderson-robotics,administrative-leave,anderson-airlines,anderson-robotics-hub,anderson-the-alternative
cn	linkage	241	114	jp_tag_name	true	true	linkage		0020,a-star-restraint-northern-sky,a-story-of-him,acarc-hub,adult:bureau-department-gas-wait
cn	球体	242	114	jp_tag_name	true	true	球体		not-a-seagull-proposal,old:scp-1831,scp-003-it,scp-010-de-arc,scp-013-arc
cn	表演	243	114	unhandled	false	false			alt:scp-332,nicos-proposal-ii,old:scp-004-it,old:scp-570,scp-004-it-arc
cn	站点	244	113	unhandled	false	false			area-05,area-cn-07,area-cn-15,area-cn-201,awd-hub
cn	数学性	245	112	unhandled	false	false			adult:scp-3380,jack-ike-s-proposal-iv,non-rate:scp-cn-2279,old:crash-proposal,old:scp-2202
cn	恶性裂痕	246	111	unhandled	false	false			wanderers:a-night-in-san-francisco,wanderers:aisiwangyugaobingdian,wanderers:alonewriting-1,wanderers:anhui,wanderers:another-regret
cn	指南	247	111	unhandled	false	false			10-30-a-m,a-brief-description-of-sarkic-s-armed-forces-cults,a-brief-introduction-to-thaumaturgical-engineering,about-thaumatology-thoughts-in-seminar-01,about-thaumatology-thoughts-in-seminar-02
cn	死亡终结	248	111	unhandled	false	false			a-gullet-made-of-the-flesh-of-a-swan,a-passed-away-pup,a-thousand-times-before-his-death,adult:fucked-by-096,ambrose-thorn-valley
cn	热量影响	249	111	unhandled	false	false			old:scp-1444,old:scp-2082,old:scp-2090,old:scp-649,scp-001-ex-j
cn	2018末日竞赛	250	110	unhandled	false	false			0-texts-found,a-farewell-to-arms,a-man-of-clay-and-men-formerly-men,a-new-age-of-magic,a-quiet-night
cn	不灭孽蜥	251	110	unhandled	false	false			a-containment-proposal,a-real-humdinger,a-researcher-s-tale,a-world-s-legacy,addressing-the-second
cn	军事小说	252	109	unhandled	false	false			2-the-mausoleum-at-ipperwash,29-meeting-in-the-middle,34-the-cruelest-fight,35-fire-in-the-hole,784incident3
cn	电磁	253	109	unhandled	false	false			old:scp-1313,old:scp-2444,old:scp-245,old:scp-480,scp-018-it
cn	kondraki博士	254	108	unhandled	false	false			784incident3,a-suicide-note,adult:clef-kondraki-and-bread,adult:every-day-of-my-life-you-test-me,adult:i-want-to-dream
cn	夜间活动	255	108	unhandled	false	false			old:scp-359,scp-007-th,scp-012-ex,scp-021-fr,scp-053-it
cn	星球	256	108	unhandled	false	false			billiths-proposal,blackcat-s-proposal,deleted:scp-cn-1370,non-rate:scp-cn-4566,old:billiths-proposal
cn	es	257	106	jp_tag_name	true	true	es		aleph-ai,aquiyasevienepajeado,aumento-de-eficiencia,canon-hub-es,carroll-305-la-pequena-habana
cn	范式转移	258	106	unhandled	false	false			wanderers:37-glass-sea,wanderers:a-seeker-of-knowledge,wanderers:a-tale-of-elixir,wanderers:adolescence-messiah,wanderers:air
cn	2024噤声短文竞赛	259	105	jp_tag_alias	true	true	2024沈黙ショートコンテスト		963-hongbaoshi,a-silence-called-pattern,a-story-that-across-ages,alex-thorley-fading,beishenpannvwudeshuxin-sanfeng
cn	病毒	260	105	unhandled	false	false			adult:scp-2607,fcp-676-fr-vi,old:scp-1735-jp,old:scp-941,scp-002-nd
cn	site-cn-03	261	104	jp_tag_alias	true	true	サイト-cn-03		aaaa,acoriander-art-2,after-the-withdrawal,backups,candlelight-sways-in-the-winnd-fleabane-flies-in-the-sky
cn	艺术家	262	104	unhandled	false	false			aethris-art,aiko-artpage,ananomalouswriter-s-wallpaper-place-and-more,are-we-flawed-yet,art-page-of-allerarey
cn	重力影响	263	104	unhandled	false	false			archirelic-no-24,code-name-trabant-ende-einer-aera,djkaktus-s-proposal-ii,dr-gears-s-proposal,old:scp-1047
cn	动作	264	103	unhandled	false	false			19-detour-de-force,29-meeting-in-the-middle,35-fire-in-the-hole,784incident5,784incident7
cn	后启示录	265	103	unhandled	false	false			18-the-only-constant,19-detour-de-force,20-not-my-day,21-the-short-version,22-borrowing-trouble
cn	悲喜交加	266	103	unhandled	false	false			25-12-2047,39-double-date,57-the-only-shadow,60-underlogue,61-dividing-time
cn	lillihammer博士	267	102	unhandled	false	false			1-remember-remember,10-under-new-direction,11-turnover,12-aromantic-abatement,13-reproduction
cn	2020连写竞赛	268	101	unhandled	false	false			144-hour-jam-contest-two,adoption-poster-pearl,adult:a-dark-green-kiss,adult:scp-5169,cool-guys-dont-look-at-explosions
cn	site-cn-06	269	101	jp_tag_alias	true	true	サイト-cn-06		12rebel-part-13,a-lecture-of-reality-parallelism-reality-and-parallel-world,a-lecture-of-reality-parallelism-the-reality-annihilation,a-story-deep-in-memory,about-mtf-cn-gamma-06
cn	地平线倡议	270	101	unhandled	false	false			0-texts-found,38-world-of-difference,agricola-in-insula-est-poeta,aplous-op,archirelic-no-24
cn	容器	271	101	jp_tag_name	true	true	容器		deleted:scp-cn-1371,old:scp-1796,scp-003-int,scp-005-id,scp-011-fr
cn	档案	272	101	unhandled	false	false			old:wanderers:skinwalkers,old:wanderers:the-restless-void,wanderers:2052,wanderers:81st-turn-seventh-year-twenty-first-cycle-skyday,wanderers:a-brief-analysis-of-the-basic-methods
cn	apollyon	273	100	jp_tag_name	true	true	apollyon		daveyoufool-proposal,jiraku-mogana-s-proposal-ii,old:king-pogan-s-proposal,old:scp-6718,oris-proposal
cn	site-cn-12	274	100	jp_tag_alias	true	true	サイト-cn-12		12rebel-part-1,12rebel-part-10,12rebel-part-11,12rebel-part-12,12rebel-part-13
cn	wettle博士	275	100	unhandled	false	false			1-remember-remember,12-aromantic-abatement,13-reproduction,14-drilling-down,15-a-clean-break
cn	指导	276	100	unhandled	false	false			a-laymen-s-guide-to-tagging,about-the-scp-foundation,abuse-awareness-and-resources,adult-content-warning-guide,adult-page-guide
cn	赫曼·富勒	277	99	unhandled	false	false			26-tpyes-of-valentine-s-eve,a-jester-s-tale,a-real-humdinger,adult:orgy-5-counsel-9,and-i-m-the-star
cn	site-cn-21	278	98	jp_tag_alias	true	true	サイト-cn-21		30001,a-for-alive-b-for-biscuit,ai-qing-zi-bei-yu-cheng-nuo,all-quiet-on-the-east-front,approaching-science
cn	无脊椎动物	279	98	unhandled	false	false			non-rate:scp-cn-4566,old:scp-150,old:scp-378,scp-019-fr,scp-045-fr
cn	玛娜慈善基金会	280	98	unhandled	false	false			1-haru-of-tomorrow,12th-maze-donation,16th-wondertainment-donation,1st-cetres-donation,25th-therapist-donation
cn	肢体	281	98	unhandled	false	false			old:aihe-s-proposal-ii,scp-072,scp-1151,scp-1193,scp-1318-jp
cn	lgbtq	282	96	unhandled	false	false			173love,9-transition,a-ghost-in-the-mechanism,a-matter-of-perception,adult:scp-5558
cn	ob传媒	283	96	jp_tag_alias	true	true	obメディア		1111-webbattle-iceyblue,1111shijian2,1111shijian3,1111shijian4,1111shijian5
cn	气体	284	96	unhandled	false	false			old:scp-105-jp,old:scp-4430,old:scp-618,scp-012-de,scp-013-it
cn	2014goi竞赛	285	95	unhandled	false	false			16th-wondertainment-donation,1st-cetres-donation,5th-global-occult-coalition-donation,a-darke-tale-new-age,a-song-about-serious-information-leaks
cn	2023设定竞赛	286	95	jp_tag_alias	true	true	2023カノンコンテスト		14-0028-cn,2023-canon-contest-hub,a-guess-about-panda,alex-and-snow-globe,always-with-you
cn	味觉影响	287	95	unhandled	false	false			adult:scp-597,old:scp-2689,old:scp-7072,scp-086-ko,scp-087-th
cn	精神恐怖	288	95	unhandled	false	false			a-man-at-the-top-of-his-profession,a-matter-of-perception,a-quiet-night,adult:scp-597,alone
cn	第一人称	289	92	unhandled	false	false			085-romance-adult,5-mr-mad,a-brief-introduction-to-thaumaturgical-engineering,a-faerie-tale-of-twin-queens,a-merciful-end
cn	基金会4k	290	91	unhandled	false	false			a-better-notion,ac,aerospace-military-yearbook,an-ode-to-transcendence,and-who-will-remember
cn	货币	291	91	unhandled	false	false			cimmerian-kaktus-proposal,scp-1005-ru,scp-1015,scp-1168,scp-1259-jp
cn	2025地点竞赛	292	90	unhandled	false	false			1987-1998,a-bad-day-begins-at-work,ambrose-lvmengjiang,ambrose-with-hyperborea,art-finds-its-way-out
cn	mcinnis主管	293	90	unhandled	false	false			0-underture,1-remember-remember,10-under-new-direction,11-turnover,12-aromantic-abatement
cn	pl	294	90	jp_tag_name	true	true	pl		about-the-polish-branch,argus-inc-hub,bo-wszyscy-juz-zgineli,canon-hub-pl,cbsp-hub
cn	战术神学部	295	90	unhandled	false	false			31-the-lines-are-down,47-past-caring,59-the-foreseeable-future,a-brief-introduction-to-thaumaturgical-engineering,adult:scp-cn-3502
cn	无名	296	90	unhandled	false	false			a-faerie-tale-of-twin-queens,ambrose-esterberg,an-ode-to-transcendence,art:montagueetc-sciptember-2022,cycle-of-seasons-hub
cn	真菌	297	90	unhandled	false	false			scp-020,scp-053-it,scp-059,scp-067-ex,scp-1077
cn	身体恐怖	298	90	unhandled	false	false			69-red-shift,a-matter-of-perception,black-lungs,dead-meat,dengue-doldrums
cn	基因	299	89	unhandled	false	false			adult:scp-2610,adult:scp-6969,deleted:scp-cn-1057,indonootoko-s-proposal,old:scp-1166
cn	杀人怪物	300	89	unhandled	false	false			173,a-concrete-shrine,anniversary,blood-is-thicker-than-water,bring-me-flesh
cn	三波特兰	301	88	unhandled	false	false			a-lonely-lantern-in-night-rain,about-deer,adoption-poster-bandit,adoption-poster-lloyd,adoption-poster-ol-shock
cn	个体	302	88	unhandled	false	false			old:wanderers:dreams-of-a-distant-future,old:wanderers:skinwalkers,old:wanderers:the-doctor-and-death,old:wanderers:the-restless-void,wanderers-adult:palefire
cn	毒性	303	88	jp_tag_name	true	true	毒性		old:scp-1463,old:scp-2678,old:scp-5968,rounderhouse-proposal,scp-005-fr
cn	节肢动物	304	88	unhandled	false	false			nagiros-proposal,old:scp-1778,old:scp-546-jp,scp-031-fr,scp-1186
cn	荏苒荒凉	305	88	jp_tag_alias	true	true	荏苒荒涼		11-2-9,a-turtle-s-heart,ace-combat-viii-operation-a-s,aerospace-military-yearbook,all-alba-vincero
cn	2019连写竞赛	306	87	unhandled	false	false			144-hour-jam-contest,7ring,a-second-chance-at-today,adult:scp-4269,arson-activism-and-mustaches
cn	亚伯	307	87	unhandled	false	false			a-jester-s-tale,a-long-time-past,a-real-humdinger,abel-never-want-to,able-baker-charlie
cn	间谍小说	308	87	unhandled	false	false			13-reproduction,14-drilling-down,22-borrowing-trouble,23-hidden-depths,24-coffin-corner
cn	2026冬季征文	309	86	unhandled	false	false			11000times,2000-season,26emu,411,amigoingtodietoo
cn	ijamea	310	86	jp_tag_name	true	true	ijamea		before-the-eighth-occult-war,black-buddha,chilun,commentary-on-selected-items-in-the-seimei-gallery,concerto
cn	记录	311	86	unhandled	false	false			adult:scp-096-j,old:scp-1229,old:scp-3006,scp-076-de,scp-092
cn	cn4000	312	84	jp_tag_name	true	true	cn4000		non-rate:scp-cn-4512,scp-cn-4000,scp-cn-4000-ex,scp-cn-4001,scp-cn-4001-ex
cn	互动性	313	84	unhandled	false	false			alex-thorley-goes-on-a-blind-date,alt:everyone-s-proposal,ambrose-eternal-cafe,anchor-guide,area-05
cn	ibanez部长	314	83	unhandled	false	false			1-remember-remember,10-under-new-direction,11-turnover,12-aromantic-abatement,13-reproduction
cn	未来	315	83	jp_tag_name	true	true	未来		deleted:scp-cn-1203,dyfscp-001,jack-ike-s-proposal-ii,nagiros-proposal,old:scp-2003
cn	眼睛	316	83	unhandled	false	false			non-rate:scp-cn-3420,old:scp-3061,old:scp-4197,scp-002-nd,scp-1078
cn	剧组	317	82	jp_tag_alias	true	true	劇組		a-story-of-the-fire,actor-s-tears,an-ode-to-transcendence,arash-kamangir,arknights-revue
cn	反常部	318	82	unhandled	false	false			alt:scp-7413,becomes-itself-a-sculpture,in-the-carpathians,interviews-with-prospective-groups-of-interest,old:scp-6720
cn	恒星	319	82	unhandled	false	false			deleted:scp-sga-009,henzoid-crocket-s-proposal-j,scp-023,scp-037,scp-099-fr
cn	_威尔逊野生动物	320	81	unhandled	false	false			adoption-poster-bandit,adoption-poster-darius,adoption-poster-lloyd,adoption-poster-ol-shock,adoption-poster-pearl
cn	light博士	321	81	unhandled	false	false			a-site-19-christmas-carol,a-study-in-cinnabar,a-team-you-can-maybe-trust,annon,art:sophia
cn	大术士亚恩	322	81	unhandled	false	false			a-baptism-of-fire,a-most-contentious-reunion,about-the-serpent,adult:ion-bumaro-r18,adult:pandora
cn	岿阳派	323	81	jp_tag_alias	true	true	クイヤン派		adult:our-world-has-been-falling-into-the-hellfire,an-ode-to-transcendence,being-with-light-dust,blooming-on-the-remains,china-history-of-daevite
cn	爬行类动物	324	81	unhandled	false	false			decomm:scp-226-d,nagiros-proposal,non-rate:scp-cn-4566,old:scp-5620,old:scp-7599
cn	空地狂想曲	325	81	jp_tag_alias	true	true	空と大地のラプソディ		12rebel-part-1,12rebel-part-10,12rebel-part-11,12rebel-part-12,12rebel-part-13
cn	误传部	326	81	unhandled	false	false			adult:scp-5558,alt:scp-7413,biedownbaoleaqaq,domc-demonstration-mutsumi,domc-hub
cn	05	327	80	jp_tag_name	true	true	05		1111-webbattle-iceyblue,asmo-the-same-city,benjaminchong-s-proposal-spc,breach,chinese-new-years-eve-event-part-3
cn	scp艺作	328	80	unhandled	false	false			aethris-art,are-we-flawed-yet,art:106,art:2025-art-exchange-bad-data,art:49-and-999-friendship
cn	灰烬残页	329	80	unhandled	false	false			wanderers-adult:flower-in-the-mud,wanderers:114514,wanderers:2-7,wanderers:564245f,wanderers:a-brief-theory-of-commensalism
cn	芝加哥鬼灵	330	80	unhandled	false	false			adoption-poster-ol-shock,ambrose-wildcat-house,art:a-favour-a-deal,art:witches-on-the-moon,ashamed-to-accept-the-divine-gift-in-a-moist-rain
cn	荒诞小说	331	80	unhandled	false	false			049-x-minion-x-reader,10-30-a-m,all-i-know-is-that-i-know-pizza,answers,askinate-herr-spankoflex
cn	2021连写竞赛	332	79	unhandled	false	false			charybdis,corruption-within-the-clown-industry,critter-profile-chel,danger-trilobits,danger-trunko
cn	longjourney	333	79	unhandled	false	false			wanderers:81st-turn-seventh-year-eighteenth-cycle-erevday,wanderers:81st-turn-seventh-year-eighteenth-cycle-skalday,wanderers:81st-turn-seventh-year-eighteenth-cycle-tresday,wanderers:81st-turn-seventh-year-fifteenth-cycle-byrday,wanderers:81st-turn-seventh-year-fifteenth-cycle-chroday
cn	site-cn-11	334	79	unhandled	false	false			11shitang,12rebel-part-11,12rebel-part-13,1ost-1ight-1,1ost-1ight-2
cn	缢王	335	79	unhandled	false	false			a-shadow-over,a-site-19-christmas-carol,a-wandsman-in-the-court-of-the-hanged-king,about-the-serpent,an-ode-to-transcendence
cn	非现实部	336	79	unhandled	false	false			24muzimi,alex-and-snow-globe,alex-thorley-becomes-a-producer,alex-thorley-does-lsd,alex-thorley-draws-a-self-portrait
cn	扭曲之松	337	78	unhandled	false	false			15-11-2012,a-lonely-lantern-in-night-rain,all-hallows,art:montagueetc-sciptember-2022,assault-on-site-64
cn	摄像	338	78	unhandled	false	false			misterfrown-s-proposal-j,old:scp-4523,scp-073-ko,scp-105,scp-1278
cn	欢乐基金会	339	78	unhandled	false	false			2521-escaped,3020,a120-suicide-guide,abel-never-want-to,about-the-scp-foundation-now
cn	2020画廊大赛	340	77	jp_tag_alias	true	true	2020画廊コンテスト		11-03-2019,adult:uiu-sexy-uiu-girl,ambrose-arsenal,ambrose-s-restaurant-a-k-a-closed-when-you-couldn-t-eat-any,ambrose-taipei
cn	archon	341	77	jp_tag_name	true	true	archon		i-h-p-proposal,old:scp-6510,scp-1661,scp-2823-jp,scp-2911
cn	异世界	342	77	unhandled	false	false			049-x-minion-x-reader,a-gullet-made-of-the-flesh-of-a-swan,a-library-empty,a-real-humdinger,a-spin-around-the-library
cn	_设定中心	343	76	unhandled	false	false			abyssal-light,aces-and-eights,ad-astra-per-aspera-hub,aiad-homescreen,air-land-rhapsody
cn	site-cn-44	344	76	jp_tag_alias	true	true	サイト-cn-44		12rebel-part-11,12rebel-part-15,1ost-1ight-3,1want2be-a-little-fox,2025new-year-12
cn	嗅觉影响	345	76	unhandled	false	false			old:scp-2088,old:scp-2801,old:scp-618,old:scp-643,scp-005-fr
cn	梦之谏言	346	76	unhandled	false	false			wanderers:a-big-big-big-dream,wanderers:ant-and-butterfly,wanderers:baron-carlton,wanderers:be-forgotten-by-the-world,wanderers:bicameralrose
cn	2013新年竞赛	347	75	unhandled	false	false			a-child-to-teach,all-things-considered,anno-domino,antediluvian,as-time-draws-near
cn	2025夏季征文	348	75	jp_tag_alias	true	true	2025夏季コンテスト		1111111,a,ac12txzn,alone-rain,aloneletters
cn	alagadda	349	75	jp_tag_alias	true	true	アラガッダ		a-form-to-outlast-time,a-shadow-over,a-wandsman-in-the-court-of-the-hanged-king,about-the-serpent,alagalopolis
cn	世界构建	350	75	unhandled	false	false			10-30-a-m,5-veil-tiers,60-underlogue,a-brief-history-of-the-foundation-s-logo,a-faerie-tale-of-twin-queens
cn	多面体	351	75	jp_tag_name	true	true	多面体		old:scp-007-pt,old:scp-036-vn,old:scp-5584-new,old:scp-9740,old:scp-es-056
cn	遏火部	352	75	unhandled	false	false			asset-florida-grey,asset-florida-orange,asset-florida-zero,blear-horizon,cookies
cn	月球	353	74	unhandled	false	false			old:ayers-gabriel-jade-proposal,scp-1233,scp-1284,scp-1290-i57,scp-152-vn
cn	2020设定竞赛	354	73	unhandled	false	false			a-small-bundle-of-letters,a-team-you-can-maybe-trust,ai-classification-guide,ambrose-vienna,anastasis-hub
cn	bright博士	355	73	unhandled	false	false			a-personnel-director-in-the-foundation,adult:holy-ship,adverous-look-jack-bright,alove,amamotos-artwork
cn	letters娱乐	356	73	jp_tag_alias	true	true	レターズ・エンターテイメント		adult:uiu-sexy-uiu-girl,adult:w-asriel-is-so-sexy,back-to-square-one,birds-007,bu-ting-de-deer
cn	麦克斯韦宗	357	73	unhandled	false	false			a-story-of-him,ashamed-to-accept-the-divine-gift-in-a-moist-rain,breakout,church-of-the-broken-god-hub,coding
cn	2024怪谈竞赛	358	72	jp_tag_alias	true	true	2024怪談コンテスト		29-ways-to-summon,ai-love,another-login,aplous-str-15,beelzebubsgift
cn	2024新秀竞赛	359	72	jp_tag_alias	true	true	2024新鋭コンテスト		meowait-s-proposal,newbee2024,scp-cn-2568,scp-cn-2573,scp-cn-2581
cn	kain-pathos-crow	360	72	jp_tag_alias	true	true	ケイン・パトス・クロウ		38-world-of-difference,a-day-in-the-life-of-alto-clef,a-suicide-note,adult:old:the-things-dr-bright-is-not-allowed-to-do,an-explosive-shout-cracks-the-great-empty-sky
cn	okorie博士	361	72	unhandled	false	false			1-remember-remember,12-aromantic-abatement,13-reproduction,14-drilling-down,15-a-clean-break
cn	奇术	362	72	unhandled	false	false			adult:scp-6969,nagiros-proposal,scp-3084,scp-3098-jp,scp-3204
cn	旅行者之书	363	72	unhandled	false	false			wanderers:a-golden-rain,wanderers:ajls,wanderers:albertine,wanderers:armageddon-reverie,wanderers:betrayer-of-birthplace
cn	2022电子游戏竞赛	364	71	jp_tag_alias	true	true	2022デジタルゲームコンテスト		2022-cn-game-crossover-contest-hub,a-story-brfore-boss,adult:takabe-eri,airou,all-lake-in-the-ocean
cn	第二海托世教会	365	71	unhandled	false	false			a-man-of-clay-and-men-formerly-men,an-ode-to-transcendence,aplous-op,collection-of-documents-on-primitive-beliefs-about-hytoth,concerto
cn	2022部门竞赛	366	70	unhandled	false	false			a-new-chance-to-explore-life,aeed-orientation,alt:scp-5783,alt:scp-6963,anatomy-of-a-specter
cn	7000	367	70	jp_tag_name	true	true	7000		old:7000contestuncannyclown276,old:7000contestunnahuz,scp-7000,scp-7001,scp-7002
cn	8000	368	70	jp_tag_name	true	true	8000		alt:scp8000contesthub,old:8000contestfishtwelve,old:alt:8000contestfishtwelve,old:scp-8762,oris-proposal
cn	pangloss	369	70	jp_tag_alias	true	true	パングロス		about-the-serpent,an-ode-to-transcendence,art:sunny-art-pantheon,ashamed-to-accept-the-divine-gift-in-a-moist-rain,cascading-style-sekai-1
cn	异界	370	70	unhandled	false	false			wanderers:81st-turn-seventh-year-twenty-fourth-cycle-chroday,wanderers:a-brief-history-of-stairs,wanderers:a-conspiracy-of-five,wanderers:a-conversation-about-being,wanderers:a-loaf-story
cn	热力学	371	70	unhandled	false	false			old:scp-016-ko,old:scp-2722,old:scp-3691,old:scp-5221,old:scp-5584-new
cn	9000	372	69	jp_tag_name	true	true	9000		alt:scp9000contesthub,old:9000contestapexraptor,scp-8542,scp-9000,scp-9001
cn	被归档	373	69	unhandled	false	false			about-the-scp-foundation-arc,adult-page-guide,archived-incident-076-2-682,archived-scps,archived-scps-cn
cn	超现实小说	374	69	unhandled	false	false			66-kaleidoscope,82-bonfire-tango,a-concrete-shrine,a-ghost-in-the-mechanism,acts-of-abuse
cn	site-cn-09	375	68	jp_tag_alias	true	true	サイト-cn-09		2023new-year-12,airou,creator-personnel-files,deviljho,earl
cn	site-cn-10086	376	68	jp_tag_alias	true	true	サイト-cn-10086		2603101223,a-mail-about-veil-coverage,adult:scp-cn-5000-j,arm,chaojiburger
cn	yellow	377	68	unhandled	false	false			fcp-676-fr-vi,old:scp-141-fr,scp-002-fr,scp-003-fr,scp-004-fr
cn	管理	378	68	jp_tag_name	true	true	管理		2018-survey-results,2019-survey-results,_404,adult:_public,adult:_template
cn	aiad	379	67	jp_tag_name	true	true	aiad		31-the-lines-are-down,38-world-of-difference,58-time-flat,acarc-hub,ai-classification-guide
cn	cn3000	380	67	jp_tag_name	true	true	cn3000		scp-cn-3000,scp-cn-3001,scp-cn-3002,scp-cn-3003,scp-cn-3004
cn	glass博士	381	67	unhandled	false	false			a-psychologist-in-the-foundation,adult:erogenous-diogenous,adult:i-want-to-dream,adverous-look-jack-bright,agne-and-their-deer
cn	s&c塑料	382	67	unhandled	false	false			a-modest-proposal-for-a-revised-anomaly-classification-syste,a-very-bailey-christmas,and-i-feel-fine,attack-of-the-keter-skeeters,black-autumn-hub
cn	图片	383	67	unhandled	false	false			old:wanderers:i-orion,old:wanderers:ii-ursa-major,wanderers:a-loaf-story,wanderers:art-design-scrapland,wanderers:basilisk
cn	宇宙恐怖	384	67	unhandled	false	false			54-not-ready-for-prime-time,a-thin-dangerous-line,a-wandsman-in-the-court-of-the-hanged-king,agne-and-their-deer,answers
cn	宗教小说	385	67	unhandled	false	false			0-texts-found,37-beggar-belief,a-baptism-of-fire,a-canticle-for-bright,a-shadow-over
cn	死后	386	67	unhandled	false	false			a-thin-dangerous-line,in-the-trenches-with-the-dead,proposition-du-dr-macro,scp-1283-jp,scp-1535
cn	神话传说	387	67	jp_tag_alias	true	true	神話伝説		deleted:scp-cn-1296,deleted:scp-cn-1335,deleted:scp-cn-1457,scp-034,scp-1428
cn	饰品	388	67	unhandled	false	false			old:scp-3902,scp-016-jp,scp-018-fr,scp-096-vn,scp-1064
cn	76年班	389	66	unhandled	false	false			acts-of-abuse,alt:scp-332,art:montagueetc-sciptember-2022,bicentennial,days-gone-by
cn	_安布罗斯餐厅	390	66	unhandled	false	false			a-murder-in-ambrose,ambrose-24h-cvs,ambrose-3ports-soda,ambrose-arsenal,ambrose-as-dusk-falls
cn	green	391	66	unhandled	false	false			deleted:scp-006-pig,old:scp-099-fr,scp-002-int,scp-005-fr,scp-009-fr
cn	主题精品	392	66	unhandled	false	false			antimeme-guide,aplous-str-12,application-for-invalidation-scp-cn-2982,critter-profile-warfuw,doom
cn	无对话	393	66	unhandled	false	false			5-veil-tiers,a-fancy-dinosaur,a-merciful-end,a-study-of-anomalous-art,a-suicide-note
cn	样版	394	66	unhandled	false	false			component:acs-expansion,component:acs-expansion-source,component:adult-splash,component:alternate-block,component:apt-translation
cn	游人志异	395	66	unhandled	false	false			oh-miss-taylor,wanderers:400-years-beyond-ocean-3,wanderers:a-drowned-dragon,wanderers:a-man-chasing-a-dragon,wanderers:beyond-the-story
cn	鼠巢	396	66	unhandled	false	false			1,a-small-bundle-of-letters,a-terrible-thing,agne-and-their-deer,ambrose-vienna
cn	2021新人竞赛	397	65	jp_tag_alias	true	true	2021新人コンテスト		168,3942,ambrose-the-way,birds-007,changpingzhizhan
cn	6000	398	65	jp_tag_name	true	true	6000		adult:scp-6969,old:scp-6336,old:scp-6712,scp-6000,scp-6001
cn	_ms	399	65	unhandled	false	false			a-battlefield-for-idols,a-mail-about-veil-coverage,a-story-that-across-ages,af-cn-2021,ambrose-honest-grass
cn	ticonderoga	400	65	jp_tag_name	true	true	ticonderoga		scp-2635-jp,scp-2828,scp-3335-jp,scp-4270,scp-4444
cn	兰彼得	401	65	unhandled	false	false			24muzimi,ambrose-lamplight,an-only-child,anon-unknown-nobody,art:cool-night-air
cn	官僚制度	402	65	unhandled	false	false			37-beggar-belief,43-nothing-happens,additional-resources,backstage,broken-bowe
cn	黑色喜剧	403	65	unhandled	false	false			784incident3,9-mr-clumsy,a-fitting-end,a-shadow-over,adoption-poster-pearl
cn	2022图书馆竞赛	404	64	unhandled	false	false			library-contest,wanderers:a-night-in-san-francisco,wanderers:admire-vega,wanderers:ao-sora,wanderers:aplous-lib-1
cn	5000	405	64	jp_tag_name	true	true	5000		adult:scp-5069,old:scp-5432,old:scp-5760,scp-5000,scp-5000-j
cn	alex-thorley	406	64	jp_tag_alias	true	true	アレックス・ソーリー		24muzimi,66-kaleidoscope,alex-and-snow-globe,alex-thorley-becomes-a-producer,alex-thorley-does-lsd
cn	伊斯兰物品回收办公室	407	64	unhandled	false	false			009-nrs003,ashamed-to-accept-the-divine-gift-in-a-moist-rain,clarkyu,concerto,east-wind-01
cn	卫星	408	64	unhandled	false	false			old:scp-6130,old:scp-736-kalinin,scp-1396,scp-1514,scp-155-jp
cn	宗教性	409	64	unhandled	false	false			old:wanderers:the-doctor-and-death,wanderers:a-conversation-about-being,wanderers:a-hand-an-eye-a-tooth,wanderers:a-prayer-to-futility,wanderers:aquiline
cn	爱蒂塔计划	410	64	jp_tag_alias	true	true	アイディタ計画		a-lecture-of-reality-parallelism-reality-and-parallel-world,a-lecture-of-reality-parallelism-the-reality-annihilation,as-live-as-us,back-to-you,bioharzard-village
cn	超形上学部	411	64	unhandled	false	false			2025newbee-amilia-cn-notrname,a-failed-two-weeks-notice,fattyacid-s-proposal,fiction-enter-reality,helakelesi
cn	4000	412	63	jp_tag_name	true	true	4000		adult:scp-4960,old:scp-4214,scp-4001,scp-4002,scp-4003
cn	everwood博士	413	63	unhandled	false	false			31-the-lines-are-down,59-the-foreseeable-future,67-terminal-terminal,8000-dead-rats-hub,art:act-your-age-harryblank-fanart
cn	疫医	414	63	unhandled	false	false			049-x-minion-x-reader,079almostdonehiswork,19630525,a-romantic-comedy-starring-a-dead-mosquito-guest-starring-th,a-true-account-of-the-events-of-1666
cn	绿麻雀基金会	415	63	jp_tag_alias	true	true	グリーン・スパロウ財団		12rebel-part-8,a-day-in-gsf,an-normal-mission,baghdad-ladybug-fungus,bird-059
cn	alexylva大学	416	62	jp_tag_name	true	true	alexylva大学		address-to-the-students-and-faculty,administrative-leave,alexylva-student-paper,alexylva-student-paper-art-exhibition,alexylva-university-hub
cn	刑侦处	417	62	jp_tag_alias	true	true	捜査部		12rebel-part-10,12rebel-part-6,12rebel-part-9,bee-s-dance,before-the-snow-burying-it
cn	日记	418	62	unhandled	false	false			bees,election-day,i-just-want-to-get-away-from-me,i-wake-for-naught,old:wanderers:skinwalkers
cn	熵	419	62	unhandled	false	false			dyfscp0012,oris-proposal,proposition-du-dr-johannes,scp-081-ua,scp-095-fr
cn	章节	420	62	jp_unused_no_single_replacement	true	false			b,back-to-that-time-only-we-knew-where-to-go,busuzhike,chucijiaofeng,d
cn	蜘蛛	421	62	unhandled	false	false			adult:scp-3629,deleted:scp-cn-1028,scp-023-de,scp-077-de,scp-1006
cn	cimmerian博士	422	61	unhandled	false	false			49-repent-at-leisure,a-tale-about-petty-revenge,all-i-know-is-that-i-know-pizza,art:we-die-on-the-dark-so-you-can-live-in-the-light,cimmerian-sends-650-pms
cn	delta-t	423	61	jp_tag_alias	true	true	デルタ-t		30-underlude,31-the-lines-are-down,40-waiting-to-happen,51-stop-the-clock,65-plot-treason-and-gunpowder
cn	伊里斯·汤普森	424	61	unhandled	false	false			art:old-movie-poster-left-behind-after-site-17-s-annual-hall,beyond-the-depths-part2,beyond-the-depths-part3,beyond-the-depths-part5,beyond-the-depths-part6
cn	浪漫	425	61	unhandled	false	false			049-x-minion-x-reader,085-romance-adult,13-reproduction,173love,26-working-wonders
cn	2023撕咬竞赛	426	60	jp_tag_alias	true	true	2023撕咬コンテスト		non-rate:scp-cn-2661,scp-cn-1317,scp-cn-1640,scp-cn-1731,scp-cn-1918
cn	历史时期	427	60	unhandled	false	false			0-underture,30-underlude,32-executive-dysfunction,34-the-cruelest-fight,35-fire-in-the-hole
cn	无悔之道	428	60	unhandled	false	false			a-friendly-guide-to-the-katharsys-music-festival,a-sarkic-by-any-other-name,a-trip-down-memory-lane,art:public-release-of-operation-witness-materials,cut-your-head
cn	_打鲨鱼中心	429	59	unhandled	false	false			benjaminchong-s-proposal-spc,captain-kirby-s-holistic-proposal,indonootoko-proposal-ii-spc,misterfrown-s-dumb-proposal,misterfrown-s-dumber-proposal
cn	微观	430	59	unhandled	false	false			adult:scp-2607,non-rate:scp-cn-3356,old:scp-5432,scp-1030-jp,scp-118
cn	深井目录	431	59	unhandled	false	false			a-hymn-for-pandora,admonition,an-ode-to-transcendence,apas,art:emotionalentropy-8980-art
cn	腐蚀性	432	59	unhandled	false	false			fcp-676-fr-vi,old:scp-1097,old:scp-2678,old:scp-3988,scp-075
cn	2025愚人竞赛	433	58	unhandled	false	false			adult:hibernation,af-cn-2025,cn40k-contextaddmirror,cn40k-jonuarl-reden,cn40k-kanie-ja
cn	area-cn-15	434	58	jp_tag_alias	true	true	エリア-cn-15		adult:nightingale-and-the-rose,area-cn-15,cell261-1,fw-s-another-entry,ngfz-404
cn	site-cn-02	435	58	jp_tag_alias	true	true	サイト-cn-02		ct-o-r-jsc-hen-love-me,fcc,flowers-ocean,holy-s-t,holy-s-t2
cn	政治性	436	58	unhandled	false	false			delendases-f3b3r-x44nm-pll77,dr-dan-goes-to-washington,etc-proposal,kte-2039-carcinoma-oder-templum,kte-9817-bluebuster-mendel-shelley-renegade-armbrusteri
cn	2018连写竞赛	437	57	unhandled	false	false			1-001-dark-and-stormy-nights,72-hour-jam-contest,a-foul-storm-in-a-fair-land,conservation-of-bullshit,flick-of-the-wrist
cn	2024夏季征文	438	57	unhandled	false	false			a-long-dream,alone-or-not-alone,although-i-don-t-understand-your-humor,ambrose-as-dusk-falls,animal-finley
cn	site-cn-71	439	57	jp_tag_alias	true	true	サイト-cn-71		a-mail-about-veil-coverage,birds-007,deleted:scp-cn-1601,living-dead-killer,meet-the-scarlet-and-his-tablet
cn	thad-xyank	440	57	jp_tag_alias	true	true	シャンク博士		31-the-lines-are-down,40-waiting-to-happen,51-stop-the-clock,54-not-ready-for-prime-time,59-the-foreseeable-future
cn	冒险	441	57	unhandled	false	false			a-spin-around-the-library,a-world-s-legacy,avatara,cck-class-copyright-infringement-lawsuit-scenario,code-name-the-truth
cn	森林	442	57	jp_tag_name	true	true	森林		scp-060,scp-1009,scp-1075,scp-1358,scp-143
cn	_are-we-cool-yet	443	56	jp_tag_name	true	true	_are-we-cool-yet		adult:my-face,artist-formerly-known-as-chuck,awcy-2024-175-hospice-care,awcy-road-of-no-return,cya-later
cn	人工智能	444	56	unhandled	false	false			a-clean-fast-end,alert-lockdown-initiated,alive-en,basic-observations,clock-multiplier
cn	修正花卉	445	56	jp_tag_name	true	true	修正花卉		across-the-bamboo,adult:holy-ship,agnostic,blooming-on-the-remains,candlelight-sways-in-the-winnd-fleabane-flies-in-the-sky
cn	琅嬛福地藏书阁	446	56	unhandled	false	false			wanderers:ballad-for-the-transmundane-wanderers,wanderers:broken-heart,wanderers:chinese-santa-claus,wanderers:chucitugeming,wanderers:chuhuji
cn	精灵族	447	56	unhandled	false	false			a-faerie-tale-of-twin-queens,a-form-to-outlast-time,ambrose-esterberg,anderson-airlines,art:montagueetc-sciptember-2022
cn	血	448	56	unhandled	false	false			non-rate:scp-cn-3356,rounderhouse-bone-proposal,scp-008,scp-012,scp-016
cn	2016mtf竞赛	449	55	unhandled	false	false			a-breath-of-relief-no-different-from-drowning,a-convincing-lyre,an-impenitent-thief,another-goddamn-magic-system,application-to-form-mtf-mu3-cover-letter
cn	reynders博士	450	55	unhandled	false	false			10-under-new-direction,16-the-eighth-of-september,17-here-today,25-off-track,26-working-wonders
cn	头足类动物	451	55	unhandled	false	false			old:scp-780-jp,scp-013-j,scp-057-fr,scp-083-jp,scp-1097
cn	奇妙世界	452	55	unhandled	false	false			and-i-m-the-star,back-in-habit,be-strange-or-be-forgotten,city-of-wonder,coming-out-to-the-woods
cn	寓言	453	55	unhandled	false	false			old:wanderers:the-doctor-and-death,wanderers:a-hand-an-eye-a-tooth,wanderers:a-man-chasing-a-dragon,wanderers:alice,wanderers:allegory-of-the-girl-and-the-god-in-tower
cn	最冷之战	454	55	unhandled	false	false			alma-kyivshchyna,arcra-4994,as-on-a-darkling-plain,audio-of-war,beyond-containment
cn	maria-jones	455	54	jp_tag_alias	true	true	マリア・ジョーンズ		a-team-you-can-maybe-trust,adult:but-some-time-we-cant-erase,adult:scp-4960,alt:everyone-s-proposal,crying-screaming-glittering
cn	moose主管	456	54	unhandled	false	false			a-look-back-on-what-we-accomplished,a-new-age-of-magic,a-sarkic-by-any-other-name,a-site-19-christmas-carol,a-trip-down-memory-lane
cn	orange	457	54	jp_tag_alias	true	true	橙		old:scp-107-jp,scp-006-fr,scp-010-fr,scp-014-fr,scp-019-fr
cn	企业性	458	54	unhandled	false	false			breaking-on-a-floppy-disk,delendases-f3b3r-x44nm-pll77,doubt-on-a-cd-rom,glitterstix-glr032-stx787-ref819,joicl8kdr
cn	robert-bumaro	459	53	jp_tag_alias	true	true	ロバート・ブマロ		a-baptism-of-fire,a-new-age-of-magic,about-the-serpent,adult:are-we-gentrified-yet,adult:ion-bumaro-r18
cn	site-cn-999	460	53	unhandled	false	false			999freshmanchallenge,damn,everythingisforgotten,forget-unforget,helpme
cn	三重月倡议会	461	53	unhandled	false	false			an-ode-to-transcendence,art:diogene-s-goitober-2023-submissions,art:montagueetc-sciptember-2022,concerto,divine-dossier
cn	恐惧&马戏团	462	53	unhandled	false	false			a-real-humdinger,adult:text-message-in-a-bottle,all-that-glisters,and-i-m-the-star,back-in-habit
cn	神话	463	53	unhandled	false	false			old:wanderers:skinwalkers,scp-8814,swallowed-by-a-prideful-lesbian-sea,wanderers:a-hand-an-eye-a-tooth,wanderers:a-rising-wave
cn	cc	464	52	jp_tag_name	true	true	cc		cmm,concerto,crepes-pizza-qin-i,deleted:scp-cn-1424,deleted:uiu-file-1996-005
cn	2019新人竞赛	465	51	jp_tag_alias	true	true	2019新人コンテスト		1940,broken-corpus-ykjr7-zb5ns-2shkc,commemorate-them,foryou,gecmonthly-reading-transnatural-entity-part
cn	2022夏季征文	466	51	jp_tag_alias	true	true	2022夏季コンテスト		21186,a-murderous-pitfall,adult:rectal-asphyxia,aplous-op,aplous-str-10
cn	asci	467	51	jp_tag_name	true	true	asci		interviews-with-prospective-groups-of-interest,old:scp-5634,old:scp-6254,parting,pawpaw-news-inukai-and-tekisasu
cn	积尸缉拾	468	51	unhandled	false	false			corpse-corpus-artwork-kaido,corpse-corpus-hub,jiraku-mogana-s-proposal-ii,scp-2182-jp,scp-3024-jp
cn	蛇类	469	51	unhandled	false	false			nagiros-proposal,old:scp-5620,old:scp-7599,proposition-des-drs-gemini-et-tesla,scp-015-j
cn	转录故障	470	51	jp_tag_alias	true	true	転写不全		2000-season,a-guess-about-panda,a-story-that-across-ages,archipelago-empire,back-to-you
cn	_2025新竞保护	471	50	unhandled	false	false			2025-minus-1,2025newbee-amilia-cn-notrname,2025newbee-clementine1047,2025newbeehf-me-1,cringe
cn	冷启动	472	50	jp_tag_alias	true	true	コールド・スタート		305-is-not-dead,always-with-you,ambrose-d-d,amidst-a-crash-of-worlds,back-to-you
cn	布莱克伍德	473	50	unhandled	false	false			a-brief-account-of-mujin,a-most-unfortunate-reunion,a-true-account-of-the-events-of-1666,anachronisms,ask-lord-blackwood
cn	恐龙	474	50	unhandled	false	false			scp-002-hu,scp-1265,scp-1750,scp-1905,scp-2113
cn	cn2000	475	49	jp_tag_name	true	true	cn2000		scp-cn-2000,scp-cn-2000-ex,scp-cn-2001,scp-cn-2002,scp-cn-2003
cn	mann博士	476	49	unhandled	false	false			38-world-of-difference,a-site-19-christmas-carol,alt:nico-proposal,annon,art:we-die-on-the-dark-so-you-can-live-in-the-light
cn	五芒星	477	49	unhandled	false	false			art:public-release-of-operation-witness-materials,before-the-eighth-occult-war,big-news-foundation-is-loser,bu-ting-de-deer,cleveland-field-office
cn	夏异常	478	49	unhandled	false	false			about-the-serpent,an-ode-to-transcendence,church-of-the-broken-god-hub,document-2481,history-drowned-in-the-ash-of-memories
cn	如同梦幻	479	49	unhandled	false	false			a-shadow-over,alex-thorley-draws-a-self-portrait,alex-thorley-unclogs-the-drain,alt:scp-7413,backtobed
cn	微型	480	49	unhandled	false	false			old:scp-2947,scp-007,scp-011-jp,scp-100-jp,scp-115
cn	鲸类	481	49	unhandled	false	false			old:aihe-s-proposal,old:scp-654,scp-1245,scp-1386-jp,scp-1409
cn	2018冬季征文	482	48	jp_tag_alias	true	true	2018冬季コンテスト		2018race-mirrow,233,a-boy-meets-a-man,a-long-dream-in-another-plane,a-story-of-icecoffee-sand
cn	2023新人竞赛	483	48	unhandled	false	false			775-hours-and-42-minutes,a-murder-in-ambrose,black-princess,bob-s-candy,deucalion
cn	2023重混竞赛	484	48	unhandled	false	false			a-matter-of-perception,art:admission,art:arachis-statuary,art:c2hlaxnozxjl,art:captain-adrien-are-you-ok
cn	_全球超自然联盟	485	48	unhandled	false	false			aod-7928-caliburn-clockwork-parallax,aod-cn-0717-caliburn-beacon,archival-document-hsa-008-advent,artificial-person,base-cn-07
cn	asheworth博士	486	48	unhandled	false	false			43-nothing-happens,a-library-empty,all-i-know-is-that-i-know-pizza,and-every-time-we-meet-again-hub,art:we-die-on-the-dark-so-you-can-live-in-the-light
cn	philip-deering	487	48	jp_tag_alias	true	true	フィリップ・ディアリング		10-under-new-direction,11-turnover,15-a-clean-break,16-the-eighth-of-september,17-here-today
cn	探索	488	48	unhandled	false	false			026-exploration-logs,4480-expl-log,cn-251-exploration-log,document-087-i,document-087-ii
cn	破晓	489	48	unhandled	false	false			1001001,art:survival-in-a-sun-stricken-world,art:when-day-breaks,before-twilight,blood-moon
cn	蒐集院	490	48	jp_tag_name	true	true	蒐集院		2021-hitsujikaip,collected-item-no0033,collected-item-no0087,collected-item-no1080,collected-item-no1091
cn	被废除	491	48	unhandled	false	false			decomm:scp-083-d,decomm:scp-1016-d,decomm:scp-122-d,decomm:scp-135-d,decomm:scp-151-d
cn	该隐	492	48	unhandled	false	false			an-ode-to-transcendence,and-then-i-died2,beneath-two-trees,brother-s,brother-s-keeper
cn	逆模因部	493	48	unhandled	false	false			40-waiting-to-happen,43-nothing-happens,a-thin-dangerous-line,antimemetics-division-hub,antimemetics-division-timeline
cn	it	494	47	jp_tag_name	true	true	it		cfo-c4t-g1rl,concorso-anniversario-2025,concorso-anniversario-2026,concorso-estivo-2025,gruppi-di-interesse
cn	东弊重工	495	47	unhandled	false	false			a-n-0064,ambrose-wildcat-house,concerto,ending-or-prologue,evacuation-drill
cn	圣诞节	496	47	unhandled	false	false			25-12-2047,a-cackmas-carol,a-frosted-fate,a-kind-of-christmas,a-site-19-christmas-carol
cn	末日	497	47	unhandled	false	false			69-red-shift,70-parasite,a-quiet-night,an-overview-of-foundation-journals-published-in-may-2017,awakenings
cn	港城江	498	47	jp_tag_name	true	true	港城江		a-story-that-across-ages,ambrose-as-dusk-falls,ambrose-honest-grass,asmo-the-same-city,deleted:uiu-file-1996-005
cn	蠕虫	499	47	unhandled	false	false			old:scp-378,scp-099-jp,scp-113-jp,scp-1280,scp-1493
cn	鹿学院	500	47	unhandled	false	false			a-lonely-lantern-in-night-rain,about-deer,adoption-poster-darius,broken-masquerade-epistolary,bu-ting-de-deer
cn	2022新人竞赛	501	46	unhandled	false	false			good-wen-contest,non-rate:scp-cn-2866,scp-cn-1255,scp-cn-1291,scp-cn-1309
cn	凡人终死竞赛	502	46	unhandled	false	false			a-meta-story-with-mad-author,adult:a-whore-s-memoirs,adult:letsfuckcello,adult:our-world-has-been-falling-into-the-hellfire,adult:theseaiscalling
cn	死之兄弟	503	46	unhandled	false	false			about-the-serpent,across-the-hills-so-quiet,an-ode-to-transcendence,art:sunny-art-pantheon,artist-hahamaya
cn	特工lament	504	46	unhandled	false	false			a-site-19-christmas-carol,annon,be-a-dali-and-help-a-mann-out-or-the-lamentable-state-of-mod,calm,containing-yourself
cn	细菌	505	46	unhandled	false	false			adult:scp-835,code-name-dr-schwarz-v9-erreger,deleted:scp-cn-1296,non-rate:scp-cn-3356,old:scp-1701
cn	蓝宝石	506	46	unhandled	false	false			a-mas-carol,adult:scp-3380,alors-comme-ca-vous-voulez-ecrire-sur-saphir,archirelic-no-24,chasser-le-mal
cn	elstrom博士	507	45	unhandled	false	false			10-under-new-direction,11-turnover,15-a-clean-break,19-detour-de-force,27-we-stand-divided
cn	香城	508	45	jp_tag_name	true	true	香城		ambrose-as-dusk-falls,asmo-the-same-city,china-ley-line,deleted:uiu-file-1996-005,floor-of-lava-that-melting-the-base
cn	_蛇之手	509	44	unhandled	false	false			4,a-love-letter-to-a-lady-mantis,a-new-age-of-magic,a-quiet-night,a-wedding-gift-for-a-lady-mantis
cn	mcdoctorate博士	510	44	unhandled	false	false			37-beggar-belief,38-world-of-difference,47-past-caring,55-wonders-of-my-hand,56-this-forgotten-babylon
cn	rights博士	511	44	unhandled	false	false			a-site-19-christmas-carol,adult:old:the-things-dr-bright-is-not-allowed-to-do,art:we-die-on-the-dark-so-you-can-live-in-the-light,clean-sweep,cloudy-with-a-chance-of-showers
cn	vn	512	44	jp_tag_name	true	true	vn		2024-scp-vn-art-gallery,canon-hub-vn,component:buon-ma-thuat,contest-archive-vn,diep-luc-chan-kinh-su-tich-ba-chua-coi
cn	振动	513	44	unhandled	false	false			old:scp-1037,scp-006-jp,scp-1037,scp-130-it,scp-1301
cn	研究员塔罗兰	514	44	unhandled	false	false			1-001-dark-and-stormy-nights,a-calm-but-not-normal-day,all-the-wind-up-beheadings,always-love-you-ben,art:talloraven-waltz
cn	神话小说	515	44	unhandled	false	false			a-faerie-tale-of-twin-queens,adult:scp-4960,and-now-he-is-gone,archival-document-hsa-008-advent,awakenings
cn	资源	516	44	unhandled	false	false			a-semi-comprehensive-list-of-foundation-bots,a-semi-comprehensive-list-of-foundation-fronts,a-semi-comprehensive-list-of-foundation-technology,acs-icon-catalogue,black-market-licensed-resources
cn	追忆内殿	517	44	unhandled	false	false			a-most-contentious-reunion,another-soul-joins-the-halkost,anthropological-report-darkwater,et-ecce,exierunt
cn	酩酊街	518	44	jp_tag_name	true	true	酩酊街		ambrose-drunk,ambrose-wildcat-house,cascading-style-sekai-1,collected-item-no1091,fengsuiguangbao
cn	2020愚人竞赛	519	43	jp_tag_alias	true	true	2020愚人コンテスト		14755,2020-waifu-contest,234555f,a-story-of-chromium-s-kitsch-love-experience,adult:save-and-love
cn	_2025新竞控制	520	43	unhandled	false	false			2025newbee-asalpha,2025newbee-sleepy-and-sleep,artificial-person,baby-bat-n-jr-s-proposal,carcar
cn	_mc&d	521	43	jp_tag_name	true	true	_mc&d		a-second-chance-at-today,brian-brayer-brand-pocket-vacations,broken-corpus-ykjr7-zb5ns-2shkc,clarkyu,delendases-f3b3r-x44nm-pll77
cn	th	522	43	jp_tag_name	true	true	th		7-ghost-story-in-the-site-29,alert301-s-artwork,badges,bb-corn-s-artwork,d-6679
cn	信件	523	43	unhandled	false	false			a-clean-fast-end,a-lost-advertisement,a-passed-away-pup,an-overview-of-foundation-journals-published-in-may-2017,asset-florida-orange
cn	冷帖竞赛	524	43	unhandled	false	false			cold-post,coldpostcon,contest-contest,gravitron,hawaiian-shirts
cn	发条	525	43	unhandled	false	false			decomm:scp-809-d,old:5000contestmetaphysician,old:scp-629,scp-018-jp,scp-032-it
cn	海湾	526	43	unhandled	false	false			an-overview-of-foundation-journals-published-in-may-2017,banana-smoothie,christ-in-scarlet-hub,dixieland-nightmare-magic-hub,fault-lines
cn	石榴俱乐部	527	43	unhandled	false	false			24muzimi,aibiki,ambrose-the-pomegranate,ambrose-the-pomegranate-sequel,ambrose-wildcat-house
cn	维坎德·尼德	528	43	unhandled	false	false			43-nothing-happens,53-those-who-cant,a-culinary-broadcast,lillian-lillihammer-and-the-great-meme-war,many-last-words
cn	超现实部	529	43	unhandled	false	false			24muzimi,a-study-in-cinnabar,alt:scp-7413,french-fries-without-ketchup,guilt-trip
cn	越狱	530	43	unhandled	false	false			784incident5,784incident6,a-shift-at-the-factory,a-spin-around-the-library,a-world-s-legacy
cn	阴影	531	43	unhandled	false	false			old:scp-122,old:scp-6542,scp-012-ex,scp-017,scp-084-de
cn	2023冬季征文	532	42	unhandled	false	false			a120-suicide-guide,agnostic,aipeoplewhonononononono,another-time-line,aplous-str-12
cn	_爆炸	533	42	unhandled	false	false			adult:scp-5169,cool-guys-dont-look-at-explosions,exe-plosion,focus,herman-fuller-presents-furmanism
cn	sokolsky博士	534	42	unhandled	false	false			22-borrowing-trouble,28-hooking-up,36-face-time,37-beggar-belief,38-world-of-difference
cn	公款旅游	535	42	jp_tag_alias	true	true	公費旅行		59079,alagalopolis,another-brawl-in-the-square,back-to-you,beer-beer
cn	题写	536	42	unhandled	false	false			scp-001-jp-j,scp-049-pt,scp-052-jp,scp-095-jp,scp-096-jp
cn	风露旅社	537	42	jp_tag_alias	true	true	風露旅社		alexylva-student-paper-art-exhibition,archipelago-empire,big-news-foundation-is-loser,birds-126,bored-town-tour
cn	马类	538	42	unhandled	false	false			djkaktus-s-proposal-j,old:scp-1075,scp-020-it,scp-042,scp-1156
cn	2019夏季征文	539	41	unhandled	false	false			a-ceace,and-so-his-eyes-were-bright,ashamed-to-accept-the-divine-gift-in-a-moist-rain,betrayal-tonight,black-or-white-faith-morality-and-sin
cn	2022冬季征文	540	41	jp_tag_alias	true	true	2022冬季コンテスト		2521-escaped,adult:riwuguicnmwiki,annasethe,christine-s-journey,critter-profile-hidncse
cn	2024冬季征文	541	41	unhandled	false	false			after-the-golden-dawn,ambrose-deepwater,aplous-str-14,bloodrunner,bring-out-the-coffin
cn	2024图书馆竞赛	542	41	unhandled	false	false			library-contest-2024,wanderers:a-death-in-dormitory,wanderers:alice-in-scrapland,wanderers:asd-ygxxy,wanderers:be-forgotten-by-the-world
cn	3000	543	41	jp_tag_name	true	true	3000		old:scp-3006,old:scp-3969,scp-2853,scp-3000,scp-3001
cn	iceberg博士	544	41	unhandled	false	false			adult:cold-date,amamotos-artwork,art:we-die-on-the-dark-so-you-can-live-in-the-light,ask-lord-blackwood,bang
cn	iris-dark	545	41	jp_tag_alias	true	true	アイリス・ダーク		1-001-dark-and-stormy-nights,adult:text-message-in-a-bottle,all-that-glisters,ashamed-to-accept-the-divine-gift-in-a-moist-rain,dark-and-disquieting
cn	marion-wheeler	546	41	jp_tag_alias	true	true	マリオン・ホイーラー		40-waiting-to-happen,43-nothing-happens,48-unforgettable-too,49-repent-at-leisure,54-not-ready-for-prime-time
cn	site-cn-77	547	41	unhandled	false	false			a-death-of-an-observer,addiction,birds-007,chat-about-call-sign,confusion-cracked-chess-board
cn	冗废郁火	548	41	unhandled	false	false			adult:are-we-gentrified-yet,ambrose-backdoor-soho,an-ode-to-transcendence,art:too-pretty-too-tall-freaked-me-right-the-fuck-out,christ-in-scarlet
cn	历史	549	41	unhandled	false	false			deus-vulture,old:wanderers:the-doctor-and-death,scp-9808,wanderers:2052,wanderers:a-brief-analysis-of-the-basic-methods
cn	基金会职员	550	41	unhandled	false	false			scp-086,scp-139,scp-1669,scp-1943,scp-208
cn	妖精们	551	41	unhandled	false	false			wanderers-adult:lance,wanderers-adult:palefire,wanderers:111,wanderers:admire-vega,wanderers:allegory-of-the-girl-and-the-god-in-tower
cn	电影	552	41	unhandled	false	false			adult:scp-3099,adult:scp-5069,old:scp-3084,old:scp-3977,old:scp-6679
cn	2023夏季征文	553	40	jp_tag_alias	true	true	2023夏季コンテスト		25th-therapist-donation,all-the-wind-up-beheadings,biedownbaoleaqaq,big-sex-story,biohazard
cn	dc-al-fine	554	40	jp_tag_alias	true	true	d.c.アルフィーネ		8000-dead-rats-hub,adult:scp-4231,as-a-hill-in-the-tempest,because,empty-unmarked-grave
cn	site-cn-64	555	40	unhandled	false	false			flaring-asia,for-the-lost-summer,one-bird-nest,qishi,scp-cn-1060
cn	反转生死竞赛	556	40	unhandled	false	false			adult:loovedream,after-rebirth,bones,cuckoo,deleted:scp-cn-1293
cn	机械降神	557	40	unhandled	false	false			a-team-you-can-maybe-trust,d-2000,hanselandgretel,illac,incident-zero-part-1
cn	1998	558	39	jp_tag_name	true	true	1998		1998-hub,1998-summer,artwork-manhattan,artwork-tokyo-incidents,chopin-godzilla-98-movie-poster
cn	2010年故事竞赛	559	39	unhandled	false	false			a-fitting-end,all-they-want-is-the-blood,along-came-a-spider,an-average-life,and-it-starts-with-a-song
cn	2025幻想月	560	39	unhandled	false	false			auv-mijiha,chronicle-4-162,cloud-traveller,coffinmakers,dancedancedance
cn	gp快递	561	39	jp_tag_alias	true	true	gpエクスプレス		author-till-dawn,concerto,critter-profile-lstripes,damn-robbers,deleted:uiu-file-1996-005
cn	kindness	562	39	jp_tag_name	true	true	kindness		a-kind-of-christmas,a-shadow-over,alex-thorley-unclogs-the-drain,alt:scp-7413,because-i-could-not-stop-for-death
cn	事故	563	39	unhandled	false	false			005-fr-1-2-005-fr-1,01-091,028-de-i2,3288-2025-euro,777-cn-0b
cn	体育	564	39	unhandled	false	false			old:scp-2117,scp-1134-jp,scp-1271,scp-1291,scp-1413
cn	啮齿类	565	39	unhandled	false	false			old:scp-1166,scp-027,scp-1318,scp-1361-jp,scp-1515
cn	岛	566	39	unhandled	false	false			scp-1183,scp-1210,scp-1864,scp-2095,scp-2217
cn	蝴蝶	567	39	unhandled	false	false			old:scp-553,scp-053-it,scp-1443,scp-1457,scp-1641
cn	阿尔兹海默症	568	39	jp_tag_alias	true	true	アルツハイマー・シンドローム		202112,adult:cheesy-dialogue,adult:wither-and-fall,alzheimer-central,before-the-eighth-occult-war
cn	两栖类	569	38	unhandled	false	false			old:scp-5589,scp-1325,scp-1371,scp-2394,scp-2454
cn	牙齿	570	38	unhandled	false	false			fcp-676-fr-vi,old:scp-6131,scp-127,scp-1885,scp-1994
cn	群鸟之伍	571	38	unhandled	false	false			a-given-purpose,an-ode-to-transcendence,avian-anthology-i,avian-anthology-ii,bird
cn	视频	572	38	unhandled	false	false			10th-animation,682vs096,aces-and-eights,art:079-scp-short-animation,art:murphy-law-in-a-storyboarded-stageplay
cn	_普罗米修斯实验室	573	37	unhandled	false	false			cierpienia-noworoczne,demande-reel-mensonges,deviatio-system,fly-system,grand-request-for-the-memetic-kill-agent
cn	_长毛狗	574	37	unhandled	false	false			carnifex-carl,crispy-sex-pirates,critter-profile-midas,dr-king-turns-everyone-at-s-c-plastics-into-appleseeds,hard-to-not-be-king
cn	aleph	575	37	jp_tag_alias	true	true	サイト-aleph		aleph-ai,introduction-au-departement-de-censure-et-de-desinformation,scp-006-fr,scp-013-fr,scp-014-fr
cn	obskura	576	37	jp_tag_alias	true	true	オブスクラ		a-man-of-clay-and-men-formerly-men,archival-document-hsa-008-advent,beyond-the-wall-of-syllable,black-sunrise,coalition-data-volume-1961
cn	仪式	577	37	unhandled	false	false			wanderers:a-brief-analysis-of-the-basic-methods,wanderers:a-love-story-beyond-planes,wanderers:abundance,wanderers:asphalmancer,wanderers:big-red
cn	元虚构	578	37	unhandled	false	false			acidverse,blank,break-on-through,cast,chaoskampf-and-creation
cn	全线战争	579	37	unhandled	false	false			a-faerie-tale-of-twin-queens,a-foul-storm-in-a-fair-land,about-deer,analysis-of-the-plokamisuchus,anastasis-hub
cn	山城	580	37	unhandled	false	false			2025-minus-1,beibeisnight,china-ley-line,city-cloud-fish,color-fans
cn	暖心	581	37	unhandled	false	false			a-special-holiday-message-from-scp-999,aeed-orientation,am-i-in-heaven,april-showers,cierpienia-noworoczne
cn	漫画	582	37	unhandled	false	false			2521-escaped,2521-xxx,a-spin-around-the-library,art:49-and-999-friendship,art:scp-3002-fanart
cn	颜料画	583	37	unhandled	false	false			are-we-flawed-yet,art:a-favour-a-deal,art:alex-thorley-feels-the-sea-breeze,art:alex-thorley-is-a-they,art:alex-thorley-pressed-the-escape-key
cn	2015短文竞赛	584	36	unhandled	false	false			old:scp-2911,old:scp-2983,scp-2140,scp-2153,scp-2154
cn	aaron-siegel	585	36	jp_tag_name	true	true	aaron-siegel		an-ode-to-transcendence,ashamed-to-accept-the-divine-gift-in-a-moist-rain,damnatio-memoriae,disappearing-with-the-wind,djkaktus-s-proposal-iii
cn	hmfscp	586	36	jp_tag_name	true	true	hmfscp		anomaly-123-the-ember-tea,anomaly-566-the-thief-vine,asriel-s-proposal,djoric-dmatix-proposal,her-majesty-s-foundation-hub
cn	pt	587	36	jp_tag_name	true	true	pt		about-the-lusophone-branch,arquivo-sbp-n-196-relatorio-de-exploracao-anomalia-dimension,artes-in-completas-de-silvacrest,carta-deixada-por-scp-172-pt,central-pcn
cn	sigurros	588	36	unhandled	false	false			a-suicide-note,and-this-one-explains-humes,arnven-burns,art:old-movie-poster-left-behind-after-site-17-s-annual-hall,cold-below
cn	site-cn-96	589	36	unhandled	false	false			authcard-cn-level4,birthplace,ferrylume-rebirth,pa-mu-man-hsueeh,scp-cn-119-j
cn	卡通渲染	590	36	unhandled	false	false			aethris-art,art:49-and-999-friendship,art:a-gaggle-of-doctors-and-others,art:ae-2022-synthpanda,art:aestrangematter24
cn	基金会格式	591	36	unhandled	false	false			173-3-or-less,32-executive-dysfunction,40-waiting-to-happen,du-s-on-first,free-reality-check-press-button
cn	比赛日	592	36	unhandled	false	false			discovered-attack,f-u-b-a-r,game-day-1-die-hardest,game-day-1-dr-mause,game-day-1-johannes-sorts
cn	牛类	593	36	unhandled	false	false			old:scp-2008,old:scp-4432,old:scp-6387,scp-058,scp-1175
cn	甲壳类	594	36	unhandled	false	false			scp-074,scp-098,scp-1104,scp-1385,scp-1527
cn	采访	595	36	unhandled	false	false			2212-archival-interview,2274-interview-1,277interview,662-l1,953-interview-a
cn	魔法乐团	596	36	jp_tag_alias	true	true	魔法楽団		2025-minus-1,alexylva-student-paper-art-exhibition,alice-in-the-mirror,ambrose-great-voyage,art-finds-its-way-out
cn	_异学会	597	35	jp_tag_alias	true	true	_異学会		scp-cn-2845-extra,yixue-841,yixue012,yixue018,yixue021
cn	cn1000	598	35	jp_tag_name	true	true	cn1000		numbered,scp-cn-1000,scp-cn-1001,scp-cn-1002,scp-cn-1003
cn	giftschreiber	599	35	jp_tag_alias	true	true	ギフトシュライバー		0-underture,14-drilling-down,15-a-clean-break,23-hidden-depths,24-coffin-corner
cn	jude-kriyot	600	35	jp_tag_alias	true	true	ジュード・クライヨット		bong-rip-tendency,broken-masquerade-epistolary,different-kinds-of-nihilism,ecce-insurgo,gamers-against-weed-dossier
cn	scout主管	601	35	unhandled	false	false			0-underture,10-under-new-direction,30-underlude,32-executive-dysfunction,35-fire-in-the-hole
cn	“神”	602	35	unhandled	false	false			a-suicide-note,and-this-one-explains-humes,but-i-still-feel-lonely,cast-on,chaoskampf-and-creation
cn	埃斯特堡	603	35	unhandled	false	false			a-friendly-guide-to-the-katharsys-music-festival,ambrose-esterberg,anderson-airlines,art:montagueetc-sciptember-2022,esterberg-city-wikipedia
cn	恐惧症文选	604	35	unhandled	false	false			dr-frueh-s-proposal,scp-3246,scp-8066,scp-8084,scp-8091
cn	炼金学部	605	35	unhandled	false	false			adult:our-world-has-been-falling-into-the-hellfire,alchemic-arm-istice,an-alchemist-goes-to-war,an-ode-to-transcendence,ashamed-to-accept-the-divine-gift-in-a-moist-rain
cn	熊类	606	35	unhandled	false	false			djkaktus-s-proposal-j,scp-1048,scp-1055,scp-106-jp,scp-1145
cn	犯罪小说	607	35	unhandled	false	false			bigfoot-did-it,crewtime,death-of-aj-fader,do-you-remember-these-guys,flight-4145
cn	追逐	608	35	unhandled	false	false			1-mr-headless,19-detour-de-force,53-those-who-cant,784incident7,a-baptism-of-fire
cn	重定向	609	35	unhandled	false	false			genre-tagging-guide,members-pages,protected:scp-2721,random:random-scp,random:random-scp-cn
cn	2023短文竞赛	610	34	unhandled	false	false			aptitude,eden-leap-261,evacuation-drill,mortal-emulator,my-first-intention
cn	nirvana	611	34	jp_tag_alias	true	true	ニルヴァーナ		about-the-thrumuvethur,adult:nirvana-and-the-hysterectomy,afterglow,afterglow-prologue,betrayer
cn	site-cn-36	612	34	unhandled	false	false			13,cn3913o5-d,huoxing,maidong,mid-autumn-festival-wonton-gifts
cn	寿司陀螺	613	34	unhandled	false	false			ambrose-taipei,baghdad-ladybug-fungus,django,gekkan-sushiblade,goi-balls-03
cn	死亡abc	614	34	unhandled	false	false			scp-7027,scp-7034,scp-7091,scp-7113,scp-7160
cn	瓶中船	615	34	unhandled	false	false			adult:clef-kondraki-and-bread,adult:cold-date,adult:every-day-of-my-life-you-test-me,adult:holy-ship,adult:i-want-to-dream
cn	组件后端	616	34	unhandled	false	false			component:acs-horm-lite-source,component:acs-hybrid-text-bar-source,component:anomaly-class-bar-source,component:audio-player-woed-source,component:author-label-source
cn	羞涩的人	617	34	unhandled	false	false			a-lesson-in-power,a-matter-of-perception,adult:fucked-by-096,apollyon,art:the-doctor
cn	阿卡迪亚	618	34	unhandled	false	false			arcadia-hub,b-wylie-reviews-gato,ballad-of-the-fifth-arcadian,broken-masquerade-epistolary,danimals
cn	2021夏季征文	619	33	unhandled	false	false			adult:clef-kondraki-and-bread,beipanzhe,beta-edition-of-bios,brain-power,clef-kondraki-and-bread
cn	dan博士	620	33	unhandled	false	false			a-study-in-cinnabar,broken-bowe,consequences-and-collarbones,danimals,document-096-1
cn	faeowynn-wilson	621	33	jp_tag_alias	true	true	フェオウィン・ウィルソン		adoption-poster-darius,bagel-blues,coming-out-to-the-woods,critter-profile-chuck,critter-profile-corey
cn	天演末世论	622	33	unhandled	false	false			apakht,awakenings,awakenings-part-two,cheesus,competitive-eschatology-hub
cn	学校	623	33	unhandled	false	false			about-deer,alt:scp-332,anart-lecture,four-seconds-low-pitched,happiness-cant-come-from-assignments
cn	废除部	624	33	unhandled	false	false			50-turning-and-turning,application-for-invalidation-scp-cn-2982,biscuit-box-program,decom-dept-hub,fattyacid-s-proposal
cn	恐怖老人	625	33	unhandled	false	false			106-takes-manhattan,containment-breach-the-musical,experiment-log-187-1,gamedaypart1index,grant-request-for-the-utilization-of-sub-reality-spaces
cn	粪作	626	33	unhandled	false	false			049-x-minion-x-reader,7ring,a-tale-about-petty-revenge,big-dick-chappell,boiled-scrambled-and-fried
cn	2020拼尸竞赛	627	32	unhandled	false	false			exquisite-corpse-contest,scp-4563,scp-4724,scp-5036,scp-5050-ex
cn	2023科幻月	628	32	unhandled	false	false			aerospace-military-yearbook,amnemume,chonglinyuxinsheng,crane-death,disantiaolu
cn	_梦神集团	629	32	unhandled	false	false			abandon,aeliana,archipelago-empire,crushing-your-dreams,dream-about-us
cn	isabel-v	630	32	jp_tag_alias	true	true	イザベル五世		a-funeral-on-mars,across-the-hills-so-quiet,adventures-in-capitalism-hub,adventuring-interlude,ashamed-to-accept-the-divine-gift-in-a-moist-rain
cn	raisa	631	32	unhandled	false	false			cimmerian-sends-650-pms,cursed,database-error,i-thought-you-died-alone,maria-jones-this-is-your-life
cn	人员艺作	632	32	unhandled	false	false			art:a-gaggle-of-doctors-and-others,art:a-shining-moon-s-observatory,art:ae-2022-synthpanda,art:alex-thorley-feels-the-sea-breeze,art:alex-thorley-is-a-they
cn	批评家	633	32	unhandled	false	false			a-cooler-manifesto,a-friendly-guide-to-the-katharsys-music-festival,adult:are-we-gentrified-yet,awcy-2024-175-hospice-care,boron-blisters
cn	散结	634	32	jp_tag_alias	true	true	散結		125000-years,ashamed-to-accept-the-divine-gift-in-a-moist-rain,back-to-you,before-the-eighth-occult-war,civilwar
cn	蜜蜂	635	32	unhandled	false	false			scp-1117-jp,scp-1256,scp-1702,scp-1912,scp-2339
cn	鲨鱼	636	32	unhandled	false	false			adamnpluto-s-proposal-i,old:scp-bonito-jp-j,scp-1057,scp-131-de,scp-1373
cn	鹿类	637	32	unhandled	false	false			decomm:scp-269-d,scp-166,scp-1845,scp-1975,scp-2412-j
cn	2000	638	31	jp_tag_name	true	true	2000		old:scp-2003,scp-2000,scp-2001,scp-2002,scp-2004
cn	2024灵异月	639	31	jp_tag_alias	true	true	2024霊異月間		akaneiro,anotheronebitesthedust,charlieix-dodomo,dizziness-of-inky-shadows,ishowspeed
cn	2025冬季征文	640	31	jp_tag_alias	true	true	2025冬季コンテスト		1ost-1ight-7,a-letter-from-agent-strahm,bu-ting-de-deer,dear-iris,dick-1tjb
cn	icsut	641	31	jp_tag_name	true	true	icsut		analysis-of-the-plokamisuchus,aod-cn-0717-caliburn-beacon,big-news-foundation-is-loser,black-sunrise,bu-ting-de-deer
cn	ilvos	642	31	unhandled	false	false			wanderers:a-memory,wanderers:abundance,wanderers:an-incident-in-the-final-battle-of-the-dead-kingdo,wanderers:ascendor-storming-the-gates-tour-2014,wanderers:business-letter
cn	site-cn-65	643	31	unhandled	false	false			an-little-accident-in-site-cn-65,fake-steam,hbtu,nothingtoday,scp-cn-013-j
cn	医院	644	31	jp_tag_name	true	true	医院		birds-007,chilun,fall-in-the-autumn,foundation-is-watching-you,foundation-won-t-watching-you
cn	图像保留权利	645	31	jp_unused_no_single_replacement	true	false			adult:lillian-griffin,birds-007,blinder4,bugs-in-saving,coloredbucket
cn	报告	646	31	unhandled	false	false			wanderers:a-brief-analysis-of-the-basic-methods,wanderers:aframos-introduction,wanderers:anchoring,wanderers:elemental,wanderers:elemental-fire
cn	灵长类	647	31	unhandled	false	false			scp-039,scp-050,scp-1087,scp-1201,scp-1341
cn	狱卒	648	31	unhandled	false	false			oh-miss-taylor,wanderers:a-gig-nobody-asked-for,wanderers:a-strange-patron,wanderers:ant-and-butterfly,wanderers:conversations-with-the-serpent
cn	闇寿司	649	31	jp_tag_name	true	true	闇寿司		ambrose-taipei,dark-sushi-file-no-120,django,gekkan-sushiblade,goi-formatting-the-world
cn	2024愤怒竞赛	650	30	unhandled	false	false			old:a-memory-at-sea,old:alt:berryman-rogue-wrath,old:asset-florida-orange,old:berryman-rogue-wrath,old:chaos-insurgency-iz-cewl
cn	_2025新竞收容	651	30	unhandled	false	false			2025newbeeunnamedlife-2,ambrose-containing-room,demon-s-night-file-002,fluitabulla-levis,geqiangyouer
cn	sotm	652	30	jp_tag_name	true	true	sotm		aerospace-military-yearbook,all-along,dossier-fsf-delivery,erica,first55
cn	乌有之人	653	30	unhandled	false	false			board-meeting-transcript,chiaroscuro,concerto-in-d-major,everyday-is-somebodys-birthday,foreign-aid
cn	再难遗忘	654	30	jp_tag_alias	true	true	忘れ難きもの		all-the-way-north,approaching-science,break-up-time,comawhite,disappearing-with-the-wind
cn	奥秘动物	655	30	unhandled	false	false			old:wanderers:dreams-of-a-distant-future,wanderers:battlefields,wanderers:bladefish,wanderers:bone-snatcher,wanderers:caring-for-your-squonk
cn	火炬之子	656	30	unhandled	false	false			being-with-light-dust,chimes-broken,chu-silk-manuscript,church-of-the-broken-god-hub,history-drowned-in-the-ash-of-memories
cn	登神	657	30	unhandled	false	false			a-farewell-to-arms,a-new-age-of-magic,apotheosis-hub,drop-from-the-tower-of-babel,free-bird
cn	超级英雄	658	30	unhandled	false	false			guilt-trip,how-dr-clef-saved-christmas,issue-100,jolly-cooperation,scp-10101-j
cn	2019老掉牙竞赛	659	29	unhandled	false	false			4480-expl-log,cliche-con-2019,fifthdation,old:scp-4104,scp-1322-j
cn	_海生	660	29	unhandled	false	false			critter-profile-chel,danger-trunko,galabor-exe,manifest-476,old:scp-5592
cn	bogg	661	29	unhandled	false	false			old:wanderers:a-point-in-7,old:wanderers:drowned-out,wanderers:after-the-cave-was-explored,wanderers:ahntem,wanderers:are-you
cn	bowe将军	662	29	unhandled	false	false			8000-dead-rats-hub,blood-in-the-water,broken-bowe,conspiracy-part-iv,echoes
cn	kragg	663	29	unhandled	false	false			wanderers:a-frightened-mother-s-lovesong,wanderers:all-astronauts-go-to-heaven,wanderers:cousin-dan-a-house-of-lean-times,wanderers:dee-equals-are-tee,wanderers:doctors-orders
cn	pangur	664	29	unhandled	false	false			wanderers:a-loaf-story,wanderers:a-restless-wanderer-on-the-earth,wanderers:a-series-of-cats,wanderers:and-the-sound-upon-the-roof-is-only-water,wanderers:avoiding-predation
cn	中国	665	29	unhandled	false	false			old:scp-199,scp-1112,scp-1186,scp-1428,scp-1726
cn	兔类	666	29	unhandled	false	false			djkaktus-s-proposal-j,old:scp-5417,scp-1033-jp,scp-1282,scp-1284
cn	卷袖俱乐部	667	29	jp_tag_alias	true	true	袖まくり倶楽部		boyi,concerto,duibuqi,scp-1616-jp,scp-cn-019
cn	未建立	668	29	unhandled	false	false			24h,all-things-considered,asmodeus,da-capo-al-fine,finding-asmodeus-hub
cn	极鲨之线	669	29	unhandled	false	false			avian-anthology-i,avian-anthology-ii,bird,crispy-sex-pirates,critter-profile-wobbles
cn	特工strelnikov	670	29	unhandled	false	false			and-so-on-and-so-forth,badges-and-scorecards,but-we-do-not-talk-about-that,clef-and-dimitri-hit-the-road,conspiracy-part-vii
cn	迷宫	671	29	jp_tag_alias	true	true	迷宮		12rebel-part-11,12rebel-part-9,12th-maze-donation,duo-yuan-yu-zhou-bao-dao,foreign-affairs-2020-73
cn	银河联邦	672	29	jp_tag_alias	true	true	銀河連邦		aflame-with-the-fires-of-delusion,an-ode-to-transcendence,an-purge,childish-wars,entretiens-avec-de-potentiels-nouveaux-dieux
cn	2018夏季征文	673	28	unhandled	false	false			24h,alea-iacta-est,anchor-or-anchorless,battle-of-shu,butterfly-inherit
cn	2020夏季征文	674	28	jp_tag_alias	true	true	2020夏季コンテスト		a-story-of-the-fire,author-till-dawn,collected-item-no0033,comform,damn-god
cn	2025goif竞赛	675	28	jp_tag_alias	true	true	2025goifコンテスト		boyi,coalition-data-volume-1961,deers-riddle,fori,gazette-daeva
cn	2025公有领域竞赛	676	28	unhandled	false	false			after-the-outing,answers,arsene-lupin-vs-the-scp-foundation-hub,businessmen,dead-king-s-march
cn	shaw博士	677	28	unhandled	false	false			a-site-19-christmas-carol,an-ending-is-only-tragic,captain-date,come-together-right-now-over-me,containment-breach-the-musical
cn	swedenborg	678	28	unhandled	false	false			wanderers:2052,wanderers:a-hand-an-eye-a-tooth,wanderers:a-prayer-to-futility,wanderers:all-hallows,wanderers:and-now-a-bit-of-conceptual-birdsong
cn	乐器	679	28	unhandled	false	false			scp-1301,scp-1758,scp-1914-j,scp-3338,scp-3357
cn	新闻业	680	28	unhandled	false	false			a-form-to-outlast-time,a-friendly-guide-to-the-katharsys-music-festival,adult:sex-drugs-money,alexylva-student-paper,ambrose-3ports-soda
cn	无题系列	681	28	unhandled	false	false			alex-thorley-goes-on-a-blind-date,alt:scp-7413,bagel,baroque-unreality,burger
cn	潜在威胁战术响应局	682	28	unhandled	false	false			a-study-in-cinnabar,broken-bowe,character-development,guilt-trip,no-one-cares
cn	_uiu	683	27	unhandled	false	false			adult:uiu-sexy-uiu-girl,cleveland-field-office,deleted:uiu-file-1996-005,dossier-lph,irregularity-proposal-2001-489
cn	_美味	684	27	unhandled	false	false			adoption-poster-pearl,adult:a-dark-green-kiss,just-desserts,lance-and-bernard-s-culinary-capers,old-family-recipe
cn	_腐败	685	27	unhandled	false	false			corruption-within-the-clown-industry,danger-trilobits,fond-memories,lofi-beats-to-leave-the-planet-to,mirror-to-america
cn	area-cn-22	686	27	unhandled	false	false			bury-non-dead,cn40k-sodafountain,formulation-department-guide,perspective-switch,scp-cn-057-j
cn	draven-kondraki	687	27	jp_tag_alias	true	true	ドレイヴン・コンドラキ		a-calm-but-not-normal-day,adult:every-day-of-my-life-you-test-me,adult:just-fuck-it-up-irl,adult:no-dating-at-work,always-love-you-ben
cn	pamwac	688	27	jp_tag_name	true	true	pamwac		cyber-goddess-and-magical-girls,goi-formatting-the-world,grateful-dead,kanshin-ryoiki-koigarezaki,live2d
cn	redtooth	689	27	unhandled	false	false			old:wanderers:dreams-of-a-distant-future,wanderers:a-brief-analysis-of-the-basic-methods,wanderers:a-brief-history-of-stairs,wanderers:a-love-for-reading,wanderers:a-series-of-irksome-rectangles
cn	亿万黑钻	690	27	unhandled	false	false			ambrose-3ports-soda,black-diamond-billions-hub,breaking-on-a-floppy-disk,dead-end-city,delendases-f3b3r-x44nm-pll77
cn	神灵	691	27	unhandled	false	false			wanderers:a-conspiracy-of-five,wanderers:azathoth,wanderers:ballad-for-the-transmundane-wanderers,wanderers:communion,wanderers:conversations-with-the-serpent
cn	铃者诗章	692	27	unhandled	false	false			addressing-the-second,as-my-life-past-away,bellerverse,betrayer,dreams-of-nothing
cn	2019合著竞赛	693	26	unhandled	false	false			administrative-leave,alma-kyivshchyna,another-soul-joins-the-halkost,chicago-factory,collaboration-contest
cn	2021丘比特竞赛	694	26	unhandled	false	false			content-warning-this-is-still-a-foundation-story-after-all,critter-profile-max,cupid-contest-2021,face-in-the-dollhouse,heart-and-sol
cn	vincent-anderson	695	26	jp_tag_alias	true	true	ヴィンセント・アンダーソン		anderson-the-alternative,bal-chatri,consolidation,ecce-insurgo,end-of-line
cn	蛇手	696	26	unhandled	false	false			old:wanderers:a-point-in-7,old:wanderers:skinwalkers,scp-9663,wanderers:allegory-of-the-girl-and-the-god-in-tower,wanderers:conversations-with-the-serpent
cn	褪色繁星	697	26	unhandled	false	false			alive-en,art:fading-stars-doodles,fading-stars-hub,in-an-eternity-which-is-impermanent,oris-proposal
cn	错误的明天	698	26	unhandled	false	false			18-the-only-constant,19-detour-de-force,20-not-my-day,21-the-short-version,22-borrowing-trouble
cn	齿轮正教	699	26	unhandled	false	false			church-of-the-broken-god-hub,crossing-the-frame,heroic-spirit-alexei-belitrov,implanting-god,ow1-first
cn	1111事件	700	25	jp_tag_name	true	true	1111事件		1111-webbattle-iceyblue,1111event,1111shijian2,1111shijian3,1111shijian4
cn	_nobody	701	25	jp_tag_alias	true	true	_何者でもない		arson-activism-and-mustaches,charles-ogden-gears,close-encounter-with-nobody,documents-recovered-in-honshu-japan-1949,fyodor
cn	_皆是大梦一场	702	25	unhandled	false	false			a-second-chance-at-today,adult:scp-4269,critter-profile-bakugo,critterprofile-otis,my-head-is-on-fire-and-im-not-ok
cn	aktus主管	703	25	unhandled	false	false			additional-resources,all-i-know-is-that-i-know-pizza,classification-committee-memo,folly,hello-world
cn	int	704	25	jp_tag_name	true	true	int		about-the-french-branch,about-the-german-branch,about-the-korean-wiki,about-the-russian-branch,ai-media
cn	lague主管	705	25	unhandled	false	false			all-i-know-is-that-i-know-pizza,fattyacid-s-proposal,many-last-words,o4-s-summit,old:scp-5620
cn	spi	706	25	jp_tag_name	true	true	spi		birds-0039,birds-007,concerto,scp-cn-011,scp-cn-1016
cn	ua	707	25	jp_tag_name	true	true	ua		component:new-year,external-relations-orientation-annihilism,external-relations-orientation-robotic-republic,groups-of-interest-ua,in-memoriam-nazare
cn	中央厨房	708	25	jp_tag_alias	true	true	セントラル・キッチン		chickenhole-hub,kfckeeper,kitchen,scp-cn-2268,scp-cn-2405
cn	地区	709	25	unhandled	false	false			old:wanderers:skinwalkers,wanderers:a-love-letter,wanderers:aframos-introduction,wanderers:asphalmancer,wanderers:broken-heart
cn	整合计划	710	25	unhandled	false	false			adult:scp-6593,hogslice-makes-a-friend,integration-program-art,integration-program-hub,many-last-words
cn	特工merlo	711	25	unhandled	false	false			all-hallows,assault-on-site-64,bal-chatri,bridges-burnt,consolidation
cn	祈冀	712	25	unhandled	false	false			2000-season,archipelago-empire,born-in-smoke-crowned-a-champion,chronicle-4-162,free-pleasure-of-self-evident-truth
cn	金帐军	713	25	unhandled	false	false			commentary-on-selected-items-in-the-seimei-gallery,daevite-woke-up,golden-horde-blues,golden-horde-funk,interviews-with-prospective-groups-of-interest
cn	2019goi竞赛	714	24	unhandled	false	false			aflame-with-the-fires-of-delusion,back-to-square-one,chimes-broken,donatello-s-sculpting-tools-circa-1409,goliath-circa-1505
cn	_其他	715	24	unhandled	false	false			168,a-form-to-outlast-time,a-friendly-guide-to-the-katharsys-music-festival,anomaly-123-the-ember-tea,anomaly-566-the-thief-vine
cn	bones	716	24	jp_tag_name	true	true	bones		broken-masquerade-epistolary,different-kinds-of-nihilism,flores-goitober-submissions-2023,gamers-against-kaiju,gamers-against-weed-dossier
cn	brainy-brian	717	24	jp_tag_alias	true	true	ブレイニー・ブライアン		and-i-m-the-star,back-in-habit,be-strange-or-be-forgotten,deceptive-cadence,everything-will-be-okay
cn	goc档案	718	24	unhandled	false	false			goc-supplemental-arad,goc-supplemental-basic-guide,goc-supplemental-equipment,goc-supplemental-humanoid-guide,goc-supplemental-qandq
cn	mark-kiryu	719	24	jp_tag_alias	true	true	マーク・桐生		decompression,gentle-wings-flutter-quietly-in-the-dark,if-you-are-reading-this,impression,irrational
cn	red	720	24	unhandled	false	false			scp-007-fr,scp-015-fr,scp-019-fr-j,scp-035-fr,scp-053-fr
cn	the-doctor	721	24	jp_tag_name	true	true	the-doctor		being-with-light-dust,concerto,extinction-and-revival-of-the-magic,g-d-0191,historia-grend
cn	万劫历数	722	24	jp_tag_alias	true	true	万劫歴数		artist-hahamaya,beyond-the-wall-of-syllable,deleted:uiu-file-1996-005,ending,history-drowned-in-the-ash-of-memories
cn	仪器	723	24	unhandled	false	false			asriel-s-proposal,deleted:scp-cn-1332,rigilkentaurus-proposal,scp-039-fr,scp-136-fr
cn	教会博士	724	24	unhandled	false	false			a-canticle-for-bright,adult:holy-ship,arnven-burns,art:doctors-of-the-church-hub,body-and-blood
cn	星海瞭望	725	24	unhandled	false	false			a-star-in-the-night-sky,art:anomalies-in-water-colour,art:our-wretched-lookout-179-remixcon,many-last-words,mission-statement
cn	有机	726	24	unhandled	false	false			scp-029-jp,scp-037-it,scp-054-jp,scp-081-fr,scp-091-fr
cn	毒蛇	727	24	unhandled	false	false			0-texts-found,art:sunny-art-pantheon,beneath-two-trees,divine-dossier,djkaktus-s-proposal-iii
cn	特工adams	728	24	unhandled	false	false			art:the-king-has-died,art:they-thought-he-was-your-boyfriend,art:we-die-on-the-dark-so-you-can-live-in-the-light,ball-gags-and-scrambled-eggs,calm
cn	石质	729	24	unhandled	false	false			deleted:scp-cn-1420,scp-001-ko-j,scp-006-de,scp-008-jp,scp-011-ko
cn	研究员rosen	730	24	unhandled	false	false			a-silence-called-pattern,but-we-do-not-talk-about-that,database-error,david-rosen-file,electronic-data
cn	魔杖人	731	24	unhandled	false	false			a-wandsman-in-the-court-of-the-hanged-king,alagalopolis,ambrose-lamplight,big-kill-by-human,darhan-muminggan
cn	2017夏季征文	732	23	unhandled	false	false			10th-noodle,aftershock,agent-letter,dangnidudaozhelishi-woyijingzhushizhenile,i-am-coming
cn	2020冬季征文	733	23	jp_tag_alias	true	true	2020冬季コンテスト		11199214,2019-touching-the-universe,2020,a-whale-s-winning-speech,adult:holy-ship
cn	_凶杀之谜	734	23	unhandled	false	false			conservation-of-bullshit,flick-of-the-wrist,internal-investigation-i-49274,old:scp-3188,scp-049-d
cn	_黑皇后	735	23	unhandled	false	false			actor-s-tears,black-princess,black-vassal,carnifex-carl,cassandra
cn	图书馆	736	23	unhandled	false	false			wanderers:a-gig-nobody-asked-for,wanderers:a-series-of-irksome-rectangles,wanderers:a-strange-patron,wanderers:azathoth,wanderers:conversations-with-the-serpent
cn	土星牡鹿	737	23	unhandled	false	false			empire-of-dirt-part-2,letters-to-a-prophet,letters-to-a-prophet-2-scry-harder,rainy-stars-with-the-thunderstorm,saturn-s-corner
cn	小丑巴伯	738	23	unhandled	false	false			behind-the-scenes,bobblecon-2018,conversation-1-omicron,extended-scp-420-j-experiment-log,game-day-1-smilers
cn	异种视角	739	23	unhandled	false	false			a-child-to-teach,a-concrete-shrine,a-ghost-in-the-mechanism,beast,bring-me-flesh
cn	提姆·威尔逊	740	23	unhandled	false	false			critter-profile-chel,critter-profile-midas,critter-profile-sparky,critter-profile-the-polar-bear,critter-profile-wuwu
cn	收藏家故事	741	23	unhandled	false	false			1-m-sans-tete-comic,1-mr-headless,10-mr-mission,11-mr-feather,13-mr-purple
cn	最后的希望	742	23	unhandled	false	false			a-funny-thing-happened-on-the-way-to-the-manor,a-study-in-cinnabar,a-team-you-can-maybe-trust,before-the-eighth-occult-war,calm
cn	朝颜文学报	743	23	unhandled	false	false			wanderers-adult:yasuharasuzu-special-galgame-in-the-galgame,wanderers:ao-sora,wanderers:asagao,wanderers:daisy-bell,wanderers:disappeared-bard
cn	纳多克斯	744	23	unhandled	false	false			a-baptism-of-fire,adult:pandora,and-the-fact-it-rains,brutal-death-memoir,but-thou-shalt-not-despair
cn	解衔	745	23	unhandled	false	false			carcar,forty-two,goi-p-belorussiya,goodbyeparawatch,highland-tourism
cn	阴间维加斯	746	23	unhandled	false	false			31-the-lines-are-down,director-house-gets-whitewashed,haunt-me,many-last-words,play-termination-attempt
cn	173节	747	22	unhandled	false	false			173-festival,a-concrete-shrine,anniversary,ars-gratia-artis,blood-is-thicker-than-water
cn	2016d级竞赛	748	22	unhandled	false	false			after-the-end,boxes,cat-in-a-box,d-2000,d-class-contest
cn	2016愚人节竞赛	749	22	unhandled	false	false			adult:breach-my-containment-baby,adult:erogenous-diogenous,adult:lust-in-the-time-of-anomalous-cholera,adult:orgy-5-counsel-9,agent-imants-plumbing-pool-repair-and-pizza-delivery-service
cn	2017冬季征文	750	22	jp_tag_alias	true	true	2017冬季コンテスト		amnestic-contest,amnestic-is-a-piece-of-cake,before,beiwanglu,effusion
cn	_垃圾小说	751	22	unhandled	false	false			7ring,arson-activism-and-mustaches,documents-recovered-in-honshu-japan-1949,gamers-against-creativity,heatwave
cn	_日本生类创研	752	22	unhandled	false	false			a-n-0064,a-s-2025,g-b-0134,g-b-0183,g-d-0191
cn	blue	753	22	unhandled	false	false			scp-020-fr,scp-032-fr,scp-076-fr,scp-080-fr,scp-090-fr
cn	esther-kogan	754	22	jp_tag_alias	true	true	エスター・コーガン		a-new-age-of-magic,adoption-poster-darius,bong-rip-tendency,different-kinds-of-nihilism,gamers-against-kaiju
cn	jagpato	755	22	jp_tag_name	true	true	jagpato		axe-and-whip,concerto,goi-icon,jagpato-hub,kanshin-ryoiki-koigarezaki
cn	书目库	756	22	unhandled	false	false			nagiros-proposal,scp-1726,scp-1906,scp-1986,scp-2177
cn	厄尔玛外教	757	22	unhandled	false	false			an-ode-to-transcendence,artwork-elma-22,eden-leap-001,eden-leap-117,eden-leap-261
cn	在各各他山上	758	22	unhandled	false	false			a-convincing-lyre,an-impenitent-thief,bigger-than-jesus,bloodlines,counterpoint
cn	少女盖亚	759	22	unhandled	false	false			a-letter-for-mother,adult:scp-4231,art:meri-and-the-creatures,breakerbreaker-s-art-page,c2hlaxnozxjl
cn	巴西岛	760	22	unhandled	false	false			a-foul-storm-in-a-fair-land,about-deer,esterberg-city-wikipedia,gamers-against-kaiju,ghosts-in-the-machine
cn	异常宗教表现部	761	22	jp_tag_alias	true	true	異常宗教表現部門		ared-hub,biohazard,ccndm,joke,nx-40c
cn	归档	762	22	unhandled	false	false			wanderers:400-years-beyond-ocean-3,wanderers:a-restless-wanderer-on-the-earth,wanderers:business-letter,wanderers:communion,wanderers:deux-cent-cinquante-cinq-deux-cent-cinquante-six
cn	木质	763	22	unhandled	false	false			deleted:scp-cn-1236,scp-004-it-arc,scp-006-jp,scp-008-de,scp-1475-jp
cn	民俗学部	764	22	unhandled	false	false			brasilic-folklore-and-mythology,department-of-mythology-and-folkloristics-hub,fae-myths-and-legends,gokiso-s-proposal,old:scp-6254
cn	看图说话-香蒲	765	22	jp_tag_alias	true	true	看図説話-香蒲		aaaa,beginning-of-the-end,bostongarden,chocolate,coffee
cn	第二人称	766	22	unhandled	false	false			a-matter-of-perception,acts-of-abuse,alex-thorley-becomes-a-producer,beast,dead-meat
cn	边界勘定人	767	22	jp_tag_alias	true	true	境界の画定者		14-0028-cn,23-0327-cn,back-to-you,biohazard,demarcaters-of-the-edge
cn	麦布女王	768	22	unhandled	false	false			a-faerie-tale-of-twin-queens,a-form-to-outlast-time,black-princess,cos-tu-smierdzi,cycle-of-seasons-hub
cn	2024调酒竞赛	769	21	unhandled	false	false			blendcon,extended-felis-proposal,scp-cn-3074,scp-cn-3277,scp-cn-3332
cn	_不只眼前所见	770	21	unhandled	false	false			her,nobody-there-but-the-thing-in-itself,scp-444-j,scp-4751,scp-5034
cn	bold主管	771	21	unhandled	false	false			50-turning-and-turning,a-bold-choice,all-i-know-is-that-i-know-pizza,decom-dept-hub,fattyacid-s-proposal
cn	十个点	772	21	unhandled	false	false			1346-1,2521-emoji,2521-escaped,2521-xxx,aorebar0222
cn	小丑	773	21	unhandled	false	false			scp-1379,scp-1799,scp-1921,scp-2094,scp-2170
cn	我们被切开的血管	774	21	unhandled	false	false			aar-1320-chacaltaya,art:art:agent-ramirez,art:trial-by-combat,darhan-muminggan,is-this-land-still-made-for-you-and-me
cn	梦魇节	775	21	unhandled	false	false			goodnight-sweet-dreams,kill-nothing-but-time,muddy-skies,nightmarefest,scp-2744
cn	瓦尔拉文	776	21	unhandled	false	false			12rebel-part-11,aar-1087-silesia,aar-1320-chacaltaya,art:re:goi-arts,art:trial-by-combat
cn	研究员james	777	21	unhandled	false	false			i-told-you-that-i-was-afraid,kokorikyo-2,recording-stuff-or-whatever,scp-078-j,scp-314-j
cn	远野妖怪保护区	778	21	unhandled	false	false			ambrose-wildcat-house,china-ley-line,eom,fengsuiguangbao,fusouki
cn	2016插画竞赛a	779	20	unhandled	false	false			akasima,arayashiki,blue,caged-bird-and-bird-cage,dandelion
cn	2019冬季征文	780	20	unhandled	false	false			abans-el-crepuscle,arcadia,as-a-hill-in-the-tempest,backups,bucher-verbrennt
cn	black	781	20	unhandled	false	false			proposition-du-dr-gray,scp-004-cs,scp-056-fr,scp-056-fr-j,scp-066-fr
cn	bohart主管	782	20	unhandled	false	false			43-nothing-happens,all-i-know-is-that-i-know-pizza,ripclef,scp-005-vn,scp-4999-jp
cn	jockjamsvol6	783	20	jp_tag_name	true	true	jockjamsvol6		a-new-age-of-magic,bong-rip-tendency,different-kinds-of-nihilism,gamers-against-weed-dossier,jude-s-bizarre-adventure
cn	king博士	784	20	unhandled	false	false			art:we-die-on-the-dark-so-you-can-live-in-the-light,askinate-herr-spankoflex,containment-breach-the-musical,dr-king-turns-everyone-at-s-c-plastics-into-appleseeds,game-day-1-die-hardest
cn	lombardi	785	20	jp_tag_alias	true	true	ロンバルディ		command-performance,gamedaypart1index,goc-tale-sequence-assessment,going-my-way,grasp-on-reality
cn	rivera博士	786	20	unhandled	false	false			32-executive-dysfunction,40-waiting-to-happen,a-library-empty,and-every-time-we-meet-again-hub,danimals
cn	ruiz-duchamp	787	20	jp_tag_alias	true	true	ルイス・デュシャン		a-cooler-manifesto,allegory-of-the-two-bothers,and-then-what-happened,cool-war-2-hub,detained
cn	thilo-zwist	788	20	jp_tag_alias	true	true	ティロ・ツウィスト		27-we-stand-divided,28-hooking-up,36-face-time,37-beggar-belief,38-world-of-difference
cn	丰饶公社	789	20	jp_tag_alias	true	true	豊穣公社		125000-years,all-it-takes-is-one-night,back-to-you,cherish-every-resource,day
cn	公安部特事课	790	20	unhandled	false	false			ambrose-wildcat-house,axe-and-whip,concerto,cycleman,fengsuiguangbao
cn	墨港	791	20	unhandled	false	false			f-o-u-r-t-e-e-n-thirteen,no-safe-haven,pitch-haven-hub,scp-1530,scp-1619
cn	多次性密码	792	20	unhandled	false	false			character-development,georgian-gothic,here-i-come,if-you-don-t-know-the-words,lost-in-the-translation
cn	恋昏崎新闻社	793	20	unhandled	false	false			adult:holy-ship,ambrose-wildcat-house,concerto,holy-sushiblade,hualihundun1
cn	特工navarro	794	20	unhandled	false	false			15-11-2012,bal-chatri,bridges-burnt,burnt-bridges,consolidation
cn	界外繁华	795	20	unhandled	false	false			303-me,ba-ba-ni-jing-ran-xie-scp-ma-hao-li-hai,cn4kguangguailuli,cn4kzhengtaizhanshen,deep-shrink-s-author-page
cn	痒痒怪	796	20	unhandled	false	false			a-special-holiday-message-from-scp-999,art:49-and-999-friendship,art:asset-slorp,art:doodles-of-scp-999,art:halloween-submission
cn	素描	797	20	unhandled	false	false			aethris-art,art:art-of-the-fall-of-adytum-visual-archives-contest-entry,art:asset-slorp,art:collection-of-trolls,art:dio-s-9000-fanart-doodles
cn	雕像	798	20	unhandled	false	false			scp-005-th,scp-027-fr,scp-041-fr,scp-100-de,scp-1119-jp
cn	2014暑期竞赛	799	19	jp_tag_alias	true	true	2014夏休みコンテスト		a-new-cornerstone,commercial-break,common-sense,exit,father
cn	2018棍棒互殴竞赛	800	19	unhandled	false	false			bbc18,scp-1053-jp,scp-1073-jp,scp-1119-jp,scp-1225-jp
cn	2020谎言竞赛	801	19	unhandled	false	false			hana-wo-taoru,his-name-is,koigarezaki-news-20190415,ones-epilogue,scp-2113-jp
cn	2021非官方梗竞赛	802	19	unhandled	false	false			memecon-unofficial,scp-5561,scp-5883,scp-6045,scp-6169
cn	2022万圣节竞赛	803	19	unhandled	false	false			a-self-portrait,art:forsaken-night,art:halloween-submission,art:halloweencon-6868,art:happy-halloween2022
cn	2023传说竞赛	804	19	unhandled	false	false			aleph-ai,common-brick,expired728vr,forgot-about,haensel-und-gretel
cn	alexandra	805	19	jp_tag_alias	true	true	アレクサンドラ		38-world-of-difference,additional-resources,aiad-homescreen,alert-lockdown-initiated,are-we-there-yet
cn	gerald博士	806	19	unhandled	false	false			annon,clean-sweep,conspiracy-part-vii,deranged-ditties,ecceperago
cn	icky	807	19	jp_tag_alias	true	true	イッキィ		city-of-wonder,dark-and-disquieting,deceptive-cadence,ecce-insurgo,former-assets
cn	meme主义	808	19	jp_tag_alias	true	true	meme主義		adult:ion-bumaro-r18,apeiria,bad-apple,daevite-woke-up,gravity-paranoia
cn	riven-mercer	809	19	jp_tag_alias	true	true	リーヴィン・マーサー		a-sort-of-challenge,ailier,art:we-die-on-the-dark-so-you-can-live-in-the-light,decompression,irrational
cn	thorn	810	19	unhandled	false	false			old:wanderers:skinwalkers,wanderers:a-love-story-beyond-planes,wanderers:a-suicide-note,wanderers:an-introduction,wanderers:battlefields
cn	white	811	19	unhandled	false	false			scp-018-fr,scp-048-fr,scp-066-fr,scp-097-fr,scp-100-fr
cn	军队	812	19	unhandled	false	false			old:wanderers:the-doctor-and-death,wanderers:a-misplaced-letter,wanderers:battlefields,wanderers:broken-vows,wanderers:from-the-crown-press
cn	反乌托邦	813	19	unhandled	false	false			a-gullet-made-of-the-flesh-of-a-swan,ambrose-3ports-soda,digging-up-the-past,ecce-insurgo,from-the-clutches-of-life
cn	圣hedwig	814	19	unhandled	false	false			a-baptism-of-fire,art:kikunai-s-2023-art-exchange-gifts,basic-observations,church-of-the-broken-god-hub,corruption
cn	埋葬生还者	815	19	unhandled	false	false			0-underture,1-remember-remember,10-under-new-direction,11-turnover,12-aromantic-abatement
cn	彼岸	816	19	jp_tag_name	true	true	彼岸		bury-me,bury-non-dead,let-snow-down,mamihlapinatapai,no-more-longing
cn	术加市	817	19	unhandled	false	false			before-it-cums,before-the-eighth-occult-war,china-ley-line,futurismo,holy-40k
cn	死线之内	818	19	unhandled	false	false			43-nothing-happens,44-next-to-nothing,45-nothing-to-worry-about,46-nothing-changes,47-past-caring
cn	法律性	819	19	unhandled	false	false			bigfoot-did-it,for-crimes-uncommitted,meowait-s-proposal,scp-2005-jp,scp-3000-ex
cn	海姆达尔	820	19	unhandled	false	false			lessons-from-history,mirage-of-mental-imagery,old:scp-1822,old:scp-2669,old:scp-2722
cn	特工yoric	821	19	unhandled	false	false			able-baker-charlie,and-so-on-and-so-forth,annon,bright-obsequies,clef-and-dimitri-hit-the-road
cn	犀贺派	822	19	unhandled	false	false			collected-item-no1091,concerto,dr-toraya-t-009,goi-icon,goi2015-saiga
cn	逻辑部	823	19	jp_tag_alias	true	true	論理部門		dol-hub,fatalism-game,scp-cn-1416,scp-cn-1504,scp-cn-1614
cn	2015夏季征文	824	18	jp_tag_alias	true	true	2015夏季コンテスト		all-right,animal,downvoted,eternal-death,foa
cn	2018恶之竞赛	825	18	unhandled	false	false			collected-item-no1091,fourth-joicle-donation,indonootoko-s-proposal,old:aihe-s-proposal-ii,scp-1078-jp
cn	2020万圣节	826	18	unhandled	false	false			0020,346,cn75-halloween-party,dying-in-the-meathouse,fairy-tale
cn	2020团队竞赛	827	18	unhandled	false	false			abandoning-death,chiisanazaidan-hub,cremation,dialogue-department-hub,dialogue-department-orientation
cn	2024骄傲节	828	18	unhandled	false	false			173love,a-shadow-over,alex-thorley-becomes-a-producer,art:they-thought-he-was-your-boyfriend,component:pride-logos
cn	_破碎之神教会	829	18	unhandled	false	false			broken-mind,galabor-exe,goac-chapter-2-js,gobn-chapter-1-style-css,gohw-chapter-5-dot-js
cn	_著名遗言	830	18	unhandled	false	false			exanimis,old:one-hour-left,old:scp-5938,saturn-s-corner,sc-02-000-22-000
cn	_赫曼·富勒	831	18	unhandled	false	false			fake-artist,herman-fuller-presents-furmanism,herman-fuller-presents-the-tunnel-of-love,hilta-the-invisible,icky-the-magic-clown
cn	_风露旅社	832	18	unhandled	false	false			archipelago-empire,bored-town-tour,cambrian,cuobianlvyou,fljmfiveday
cn	chaz-ambrose	833	18	jp_tag_alias	true	true	チャズ・アンブローズ		adoption-poster-pearl,ambrose-lamplight,ambrose-transylvania,ambroseinternational-pdf,art:chaz-ambrose-serving-baklava
cn	cs	834	18	jp_tag_name	true	true	cs		cz-contest-iv-hub,informace-o-ceske-vetvi-nadace,old:scp-026-cs,scp-001-cs,scp-004-cs
cn	elrich	835	18	unhandled	false	false			wanderers:a-brief-history-of-stairs,wanderers:a-loaf-story,wanderers:broken-vows,wanderers:fifth-elrichian-national-party-manifest,wanderers:from-the-crown-press
cn	etdp	836	18	jp_tag_name	true	true	etdp		agricola-in-insula-est-poeta,breakfast-for-dinner,crossing-the-streams,empire-of-dirt-part-1,empire-of-dirt-part-2
cn	eurtec	837	18	unhandled	false	false			5-veil-tiers,a-friendly-guide-to-the-katharsys-music-festival,because,big-news-foundation-is-loser,centre-embargo
cn	grabnok	838	18	jp_tag_alias	true	true	グラブノック		a-spin-around-the-library,and-then-i-died3,day-trip,dimensions,document-507-3b
cn	lewitt-zairi家族	839	18	unhandled	false	false			agricola-in-insula-est-poeta,breakfast-for-dinner,crossing-the-streams,empire-of-dirt-part-1,empire-of-dirt-part-2
cn	spanko博士	840	18	unhandled	false	false			a-cackmas-carol,a-convincing-lyre,askinate-herr-spankoflex,corncrake-of-destiny,doctor-spanko-hub
cn	wlc2013	841	18	unhandled	false	false			wanderers:don-t-exist,wanderers:fear-of-knowledge,wanderers:forgotten,wanderers:harlequin,wanderers:hidden-corners-of-places
cn	光明骑士团	842	18	unhandled	false	false			concerto,drowning,kanshin-ryoiki-koigarezaki,l-ordre-de-la-lumiere,proposition-du-dr-macro
cn	冻雾阳	843	18	unhandled	false	false			a-n-0064,a-s-2025,fourth-joicle-donation,g-b-0183,indonootoko-s-proposal
cn	半猫josie	844	18	unhandled	false	false			art:a-gaggle-of-doctors-and-others,art:halloween-submission,art:world-without-man,breakerbreaker-s-art-page,cat-month-hub
cn	旧ai	845	18	unhandled	false	false			079,079almostdonehiswork,a-clean-fast-end,art-give-me-freedom,art:079-scp-short-animation
cn	春节竞赛	846	18	jp_tag_alias	true	true	春節コンテスト		as-we-like-it,businesses,china-town,chinese-new-year-contest,fireworks
cn	欧若科	847	18	unhandled	false	false			a-baptism-of-fire,et-sanabitur-anima-mea,god-meat-s-back-on-the-menu,know-that-our-paradise-draws-near,na-bestyje-przepis-jeden-kranca-wdech
cn	物体	848	18	unhandled	false	false			wanderers:a-love-story-beyond-planes,wanderers:an-incident-in-the-final-battle-of-the-dead-kingdo,wanderers:broken-vows,wanderers:eggshells,wanderers:hot-cocoa
cn	研究员conwell	849	18	unhandled	false	false			all-hallows,assault-on-site-64,building-up,consolidation,decisions-we-make
cn	第七次超自然战争	850	18	unhandled	false	false			a-man-of-clay-and-men-formerly-men,archival-document-hsa-008-advent,esterberg-city-wikipedia,flaring-asia,historia-polskiego-projektu-przechowawczego
cn	英国神秘勤务处	851	18	unhandled	false	false			big-news-foundation-is-loser,goi-p-belorussiya,nte-2858-cyan-blaecca,obskuracorps-memos,preliminary-report
cn	轮回	852	18	unhandled	false	false			a-thin-dangerous-line,avatara,death-perception,deus-vulture,grant-request-for-investigating-the-potential-application-of
cn	邪恶基金会	853	18	unhandled	false	false			ak1-s-tales-recruit-hurriedly,bad-foundation-02,cane-shuga,canon-jp-2,dclass-search
cn	2018万圣节竞赛	854	17	unhandled	false	false			a-day-notable-to-nobody,dining-out,error-field-cannot-be-lloyd,family-matters,friend-good
cn	2021冬季征文	855	17	unhandled	false	false			a-long-long-story,all-broken,betrayer,brewing-memories,buxiuhuoyongheng
cn	_剧组	856	17	unhandled	false	false			a-story-of-the-fire,arash-kamangir,b-k,drama-one,drama-zero
cn	eco出版社	857	17	jp_tag_name	true	true	eco出版社		after-the-post-box,ecohub,scp-cn-040,scp-cn-1167,scp-cn-1311
cn	i-57	858	17	jp_tag_name	true	true	i-57		carroll-305-la-pequena-habana,dossier-lph,i-57-hub,peligro-igniciervos,scp-057-int
cn	kiryu实验室	859	17	unhandled	false	false			a-sort-of-challenge,decompression,gentle-wings-flutter-quietly-in-the-dark,irrational,kiryu-labs-hub
cn	kybian	860	17	jp_tag_alias	true	true	サイト-kybian		de-l-origine-de-kybian,scp-012-fr,scp-029-fr,scp-109-fr,scp-134-fr
cn	pcs异度署	861	17	jp_tag_alias	true	true	pcs異元署		an-ode-to-transcendence,concerto,deleted:scp-cn-1246,kte-3930-ex-machina-bosch-sunset,pcs-administration
cn	percival-darke	862	17	jp_tag_name	true	true	percival-darke		38-world-of-difference,a-darke-tale-new-age,dead-end-city,delendases-f3b3r-x44nm-pll77,doubt-on-a-cd-rom
cn	rainer-miller	863	17	jp_tag_alias	true	true	ライナー・ミラー		a-study-in-cinnabar,guilt-trip,jolly-cooperation,old-faces-new-foes,old-friends-old-sins
cn	ting	864	17	jp_tag_name	true	true	ting		ambrose-super-restaurant-car,carcar,critter-profile-audi-bmw-beetle,i-wanna-track,magical-track
cn	你我重见之时	865	17	unhandled	false	false			a-library-empty,and-every-time-we-meet-again-hub,for-crimes-uncommitted,forgotten-days,halfway-found-halfway-lost
cn	博士	866	17	jp_tag_name	true	true	博士		collected-item-no1080,goi-icon,i-am-dr,kanshin-ryoiki-koigarezaki,scp-033-jp
cn	夜幕降临	867	17	unhandled	false	false			a-deal-with-death,art:forsaken-night,bury-the-light,embers,he-walked-a-crooked-mile
cn	如月工务店	868	17	unhandled	false	false			ambrose-wildcat-house,fusouki,goi-icon,gol-jp-vintage-sticker,koigarezaki-news-1224
cn	学校与孩子们	869	17	unhandled	false	false			future-except-me,hard-to-name-20210707,hard-to-name-20210925,hard-to-name-20220220,hard-to-name-20220222
cn	实事市	870	17	unhandled	false	false			bu-ting-de-deer,china-ley-line,cloud-traveller,hatsumei-sentai-episode-49,pedialpha-rich-landlord
cn	拉娃塔	871	17	unhandled	false	false			a-most-contentious-reunion,brutal-death-memoir,et-sanabitur-anima-mea,lovataar-throne,na-bestyje-przepis-jeden-kranca-wdech
cn	撒恩	872	17	unhandled	false	false			a-baptism-of-fire,adult:scp-5480,brutal-death-memoir,elae,exierunt
cn	月球勇士	873	17	unhandled	false	false			an-ode-to-transcendence,broken-bowe,i-dreamed-a-dream,many-last-words,moon-champion-s-cinco-de-mayo-extravaganza
cn	有村组	874	17	unhandled	false	false			arimura-daimon,fusouki,gyokai-rui-logos,kanshin-ryoiki-koigarezaki,ningu-tyo-1219
cn	看图说话-鬼百合	875	17	jp_tag_alias	true	true	看図説話-鬼百合		a-lonely-lantern-in-night-rain,biheiyegenghei,demand-hope,hold-and-attack,hougui
cn	研究员smalls	876	17	unhandled	false	false			black-vassal,buggy-hardware,drink-with-me,icy-encore,nicos-proposal-ii
cn	纯纯少女网	877	17	unhandled	false	false			art:jgt-character-art,art:keelee-jgt,how-to-remove-glitter-from-a-polyester-dress,how-to-remove-human-blood-from-a-polyester-dress,how-to-remove-kerosene-from-a-polyester-dress
cn	首页征文	878	17	unhandled	false	false			wanderers:a-knowledge-of-roads,wanderers:a-love-for-reading,wanderers:a-restless-wanderer-on-the-earth,wanderers:a-suicide-note,wanderers:after-the-cave-was-explored
cn	_月黑风高	879	16	unhandled	false	false			1-001-dark-and-stormy-nights,a-foul-storm-in-a-fair-land,hotline-eventide,magnum-opus-or-a-diatribe-in-defence-of-cliche,old:scp-3136-j
cn	cernunnos	880	16	jp_tag_name	true	true	cernunnos		scp-4971,scp-5431,scp-5699,scp-5721,scp-5751
cn	fred	881	16	jp_tag_alias	true	true	フレッド		magnum-opus-or-a-diatribe-in-defence-of-cliche,murphy-law-hub,never-metafictional-character-i-liked,recovered-media-the-hard-boiled-adventures-of-murphy-law,scp-3043
cn	gillespie主管	882	16	unhandled	false	false			boss-of-me,folly,friend-good,i-hope-that-i-get-old-before-i-die,i-was-not-magnificent
cn	thaumiel计划	883	16	unhandled	false	false			capitis,clavis,corvus,cygnus,exanimis
cn	古典重温	884	16	unhandled	false	false			a-long-time-past,able-baker-charlie,and-so-it-is-now,and-so-on-and-so-forth,classicalinterlude
cn	图像编辑	885	16	unhandled	false	false			art:2025-art-exchange-bad-data,art:a730492,art:doctors-of-the-church-hub,art:elon,art:forever
cn	奥林匹亚	886	16	unhandled	false	false			13th-23rd-december-2008,1st-12th-december-2008,24th-december-2008-14th-january-2009,black-vassal,experiment-log-040
cn	家具	887	16	jp_tag_name	true	true	家具		deleted:scp-cn-1236,scp-006-jp,scp-006-ko,scp-072-fr,scp-1053-jp
cn	斯克兰顿博士	888	16	unhandled	false	false			adult:scp-4231,are-we-flawed-yet,folding-a-red-box,foundations,guess-who-s-coming-to-dinner
cn	星战记史	889	16	unhandled	false	false			baghdad-ladybug-fungus,birds-007,guitar-violin-mandolin-pipa,human-planet-ark,in-a-remote-town
cn	灰调	890	16	unhandled	false	false			bouquet,carcar,grey-reality,grey-tune-hub,hard-to-name-20241025
cn	老冤家	891	16	unhandled	false	false			blood-in-the-water,broken-bowe,footage-recovered-from-a-private-server,give-it,him-and-the-other-him
cn	金贝格-莱兹	892	16	unhandled	false	false			a-friendly-guide-to-the-katharsys-music-festival,big-news-foundation-is-loser,crying-screaming-glittering,esterberg-city-wikipedia,goldbaker-reinz-hub
cn	非人类	893	16	unhandled	false	false			cinema-chaotique,goodbye-nightflower-beginnings,oh-lord,scp-5825,scp-6060
cn	黑兔公司	894	16	unhandled	false	false			brainstorm,memebodies,scp-2085,scp-2117,scp-2722
cn	2018短篇竞赛	895	15	unhandled	false	false			answer-of-life,atashi-merisa,dream,go-to-bed-if-you-re-tired,letters-to-the-dead
cn	2021迭代竞赛	896	15	jp_tag_alias	true	true	2021反復コンテスト		2021-the-dream-the-river,again-and-again,color-fans,iteration-contest-2021,scp-cn-2084
cn	2023哥布林竞赛	897	15	unhandled	false	false			goblincon,scp-3775,scp-5257,scp-6183,scp-6467
cn	_无体裁	898	15	unhandled	false	false			a-few-more-words-from-the-administrator,a-hymn-for-pandora,ethical,he-who-screws-with-reality,heresy
cn	_热带	899	15	unhandled	false	false			life-and-death-of-site-78,now-i-m-here,old:scp-3906,old:scp-3977,roller
cn	cool之战2	900	15	unhandled	false	false			allegory-of-the-two-bothers,an-armenian-bodybuilder-exercises-his-legal-rights,anime-is-art-too-guys,art:montagueetc-sciptember-2022,conservation-of-momentum
cn	d-11424	901	15	jp_tag_name	true	true	d-11424		numbers-never-die,omega-k,scp-2385,scp-3247,scp-3379
cn	damien-nowak	902	15	jp_tag_alias	true	true	ダミアン・ノヴァク		and-every-time-we-meet-again-hub,esterberg-city-wikipedia,for-crimes-uncommitted,forgotten-days,four-knights-tango
cn	eric	903	15	jp_tag_alias	true	true	エリック		a-calculated-risk,erics-journal,erics-mega-zine-vol-49-an-intermission-to-keep-you-hanging,flores-goitober-submissions-2023,holding-an-umbrella
cn	eventyr	904	15	jp_tag_name	true	true	eventyr		a-letter-for-mother,a-matter-of-perception,art:anwnt-eventyr-tale-art-tonight-or-never,before-the-storm,eventyr-hub
cn	gat博士	905	15	unhandled	false	false			a-funny-thing-happened-on-the-way-to-the-manor,a-study-in-cinnabar,french-fries-without-ketchup,guilt-trip,old-faces-new-foes
cn	orcadia	906	15	jp_tag_alias	true	true	オルカディア		burn-baby-burn,fandation,of-starfish,scp-3047,scp-3456
cn	zyn-kiryu	907	15	jp_tag_alias	true	true	ジン・桐生		ailier,art:we-die-on-the-dark-so-you-can-live-in-the-light,calm,gentle-wings-flutter-quietly-in-the-dark,if-you-are-reading-this
cn	万圣节	908	15	unhandled	false	false			an-apple-a-day,chapter-1-corvophobia,chapter-10-a-brief-flashback,chapter-12-autumn-s-end,chapter-8-but-you-can-never-leave
cn	占据面具	909	15	unhandled	false	false			079almostdonehiswork,19630525,addressing-the-second,art:anomalies-in-water-colour,everyone-wears-a-mask
cn	反叙事	910	15	unhandled	false	false			a-quiet-night,acts-of-abuse,art:sunny-art-pantheon,divine-dossier,fifthdation
cn	吕墨非	911	15	unhandled	false	false			art:murphy-law-in-a-storyboarded-stageplay,art:nebulousstar-s-ae-2023,beginning-of-the-end,critter-profile-yvonne,justvektor-nobody
cn	异常货物委员会	912	15	unhandled	false	false			chronicle-4-162,manifest-3231,manifest-327,manifest-445,manifest-476
cn	日奉一族	913	15	jp_tag_name	true	true	日奉一族		ambrose-wildcat-house,collected-item-no1080,collected-item-no1091,eden-leap-411,flaring-asia
cn	架空历史	914	15	unhandled	false	false			all-things-considered,illcovetyouifyoucoverme,parabox-interactive,piercing-the-veil,right-proposal
cn	死者手牌	915	15	unhandled	false	false			aces-and-eights,an-explosive-shout-cracks-the-great-empty-sky,born-in-smoke-crowned-a-champion,free-pleasure-of-self-evident-truth,ghost-riders-in-the-sky
cn	磁性	916	15	unhandled	false	false			scp-003-it,scp-2834,scp-3126,scp-3468,scp-3522
cn	肉食性	917	15	unhandled	false	false			scp-007-th,scp-054-fr,scp-1208-jp-j,scp-131-de,scp-1516-jp
cn	贵族	918	15	unhandled	false	false			wanderers:a-brief-history-of-stairs,wanderers:from-the-crown-press,wanderers:gone-with-the-winds,wanderers:harlequin,wanderers:knights
cn	镜面闪点	919	15	jp_tag_alias	true	true	鏡面の引火点		125000-years,adamn,back-to-you,black-fairy,double-tone-part
cn	1000	920	14	jp_tag_name	true	true	1000		scp-1000,scp-1001,scp-1010,scp-1013,scp-1024
cn	2017历史竞赛	921	14	unhandled	false	false			history-contest,imperfectly-fossilized-eggs-m4rho-edope-fo5le,make-portland-weirder,now-hollow-fires-burn-out-to-black-and-lights-are-waning-low,scp-2238
cn	_001提案中心	922	14	unhandled	false	false			scp-001-cs,scp-001-de,scp-001-fr,scp-001-id,scp-001-it
cn	_混沌分裂者	923	14	unhandled	false	false			sc-02-000-22-000,sc-05-321-05-335,sc-10-548-12-893,sc-11-11-1-i,sc-14-126-20-921
cn	goi艺作	924	14	unhandled	false	false			art:a-favour-a-deal,art:art-of-the-fall-of-adytum-visual-archives-contest-entry,art:awcy-girl-meets-serpent-s-hand-girl,art:fanart-of-mr-destiny-or-scp-4239-or-kte-6561-black-or-th,art:fanart-of-the-eleven-fifty-nine
cn	graham主管	925	14	unhandled	false	false			8000-dead-rats-hub,art:nasty-little-man-art,play-termination-attempt,scp-4051,scp-4415
cn	manny	926	14	jp_tag_alias	true	true	マニー		and-i-m-the-star,deceptive-cadence,former-assets,herman-fuller-can-shove-it-up-his-ass,icky-ichabod
cn	planasthai	927	14	unhandled	false	false			wanderers:a-gig-nobody-asked-for,wanderers:a-series-of-irksome-rectangles,wanderers:ascendor-storming-the-gates-tour-2014,wanderers:cyberscum-and-blues,wanderers:decadent-and-depraved
cn	sinclair博士	928	14	unhandled	false	false			chapter-11-equinox-s-rise,chapter-12-autumn-s-end,chapter-2-here-comes-the-bogeyman,holy-crap-this-is-a-long-christmas-tale,if-you-don-t-know-the-words
cn	幻象计划	929	14	unhandled	false	false			art:montagueetc-sciptember-2022,art:tattletale,beast,scp-2744,scp-4523
cn	昆虫地狱	930	14	unhandled	false	false			apologies-and-redemption,arbh-class-debrief-file,arbh-class-hub,critter-profile-genghis,end-of-the-world-livestream
cn	猛龙科技	931	14	unhandled	false	false			concerto,eine-seele-in-der-maschine-portalseite,projektvorschlag-2014-001,projektvorschlag-2024-001,raptor-tec-industries
cn	负号部队	932	14	unhandled	false	false			a-n-0064,archives-f,concerto,fusouki,goc-far-east-orientation
cn	骇灵街	933	14	unhandled	false	false			anthropological-report-darkwater,brain-stew,drowning,intrusion,jaclyn-s-ass
cn	_image	934	13	unhandled	false	false			adamnpluto-s-proposal-i,adult:porn-hub-page,blackcat-s-proposal-2,compromised-center,freedomkoo-s-proposal
cn	_玛娜慈善基金会	935	13	unhandled	false	false			12th-maze-donation,16th-wondertainment-donation,1st-cetres-donation,25th-therapist-donation,42nd-sprague-and-grundy
cn	elliott博士	936	13	unhandled	false	false			a-site-19-christmas-carol,calm,dressing-up,getting-drunk,light-dependent-reactions
cn	hunt2021	937	13	unhandled	false	false			wanderers:aliens-in-america,wanderers:an-ageusic-vintners-panegyric,wanderers:cells,wanderers:general-store,wanderers:i-purchased-a-story
cn	roget博士	938	13	unhandled	false	false			a-site-19-christmas-carol,boss-of-me,i-hope-that-i-get-old-before-i-die,i-was-not-magnificent,if-you-are-reading-this
cn	sheldon-katz	939	13	jp_tag_alias	true	true	シェルドン・カッツ		gamedaypart1index,nexus-hyperline,scp-2002-j,scp-2553,scp-3304
cn	skp	940	13	jp_tag_name	true	true	skp		109council,concerto,himmler-to-hitler,psw-hub,scp-028-de
cn	the-specter	941	13	jp_tag_name	true	true	the-specter		a-study-in-cinnabar,a-team-you-can-maybe-trust,guilt-trip,jolly-cooperation,light-and-the-mole
cn	九尾妖狐	942	13	unhandled	false	false			953-interview-a,game-day-1-die-hardest,gdp2-and-then-i-saw-the-light,gdp2-angle-of-attack,gdp2-the-light-at-the-end-of-the-tunnel
cn	加速未来	943	13	unhandled	false	false			critter-profile-ollie,mobile-task-furries,old:scp-7146,reality-tv-designer-pets-and-fine-dining,scp-3312
cn	动画	944	13	unhandled	false	false			aethris-art,art:can-u-believe-it-guys-christmas-just-a-right-now-away,art:fanart-of-the-eleven-fifty-nine,art:fenmothsartpage,art:file-princess-cassandra
cn	吟游诗客	945	13	jp_tag_alias	true	true	吟遊詩客		chronicle-4-162,grey-wolf-watermelon,linnekrone,promesa-al-mundo,scp-cn-1272
cn	奇妙夜之下	946	13	unhandled	false	false			alice-in-the-mirror,asmo-02,asmo-the-same-city,before-wonder-night,ci-chapter-1
cn	始之伊吕波	947	13	unhandled	false	false			iroha-the-begining-hub,scp-3024-jp,scp-3028-jp,scp-3037-jp,scp-3052-jp
cn	密径	948	13	unhandled	false	false			wanderers:above-the-tower,wanderers:aframos-introduction,wanderers:azathoth,wanderers:dying-world,wanderers:excerpt-from-the-journal-of-archibald-hannity
cn	工程师	949	13	unhandled	false	false			armed-with-hell-flames-and-fury,djkaktus-s-proposal-iii,footage-recovered-from-a-private-server,messages-intercepted-by-listening-station-sm-pl-sv-91-2-b,old:king-pogan-s-proposal
cn	深渊之光	950	13	jp_tag_alias	true	true	深淵の光		abans-el-crepuscle,abyssal-light,al-1780-wl,drowning,gooddream
cn	灾兽梦语	951	13	unhandled	false	false			wanderers:7-days,wanderers:about-my-life,wanderers:ancient-wooden-case,wanderers:colorful-future,wanderers:dieordream
cn	特工popescu	952	13	unhandled	false	false			a-funny-thing-happened-on-the-way-to-the-manor,a-study-in-cinnabar,a-team-you-can-maybe-trust,guilt-trip,jolly-cooperation
cn	特工trauss	953	13	unhandled	false	false			a-day-notable-to-nobody,adult:sex-drugs-money,confiscated-documents-march-2022,forum-post,paperpushing
cn	矽宇市	954	13	jp_tag_alias	true	true	シウ市		duo-yuan-yu-zhou-bao-dao,gao-kao-zuo-wen-pao-ti,global-voyager-8,lte-1969-blaecca-ford-osmanthus-spiral,lte-8118-moro
cn	研究员rex	955	13	unhandled	false	false			fanfa,nicos-proposal-ii,scp-371-j,scp-4902,scp-4934
cn	苏荷后门	956	13	unhandled	false	false			a-friendly-guide-to-the-katharsys-music-festival,adult:are-we-gentrified-yet,ambrose-backdoor-soho,how-to-remove-glitter-from-a-polyester-dress,how-to-remove-human-blood-from-a-polyester-dress
cn	西加斯坦	957	13	unhandled	false	false			daevite-woke-up,pedialpha-anger-of-scarlet,scp-1300-jp,scp-1304-jp,scp-1558-jp
cn	2000jp	958	12	jp_tag_name	true	true	2000jp		scp-2000-jp,scp-2001-jp,scp-2005-jp,scp-2006-jp,scp-2040-jp
cn	2015重新想象竞赛	959	12	unhandled	false	false			excerpts-from-the-medical-tragedy-of-dr-bartholomew-artz-aut,game-manual,hello-i-am-an-eldritch-horror,keine-kosten-zu-hoch,lucky-dinosaur
cn	2024视觉档案	960	12	unhandled	false	false			art:art-of-the-fall-of-adytum-visual-archives-contest-entry,art:talloraven-waltz,art:visual-art-archive-entry:the-lost-star-circle-of-life,art:we-die-on-the-dark-so-you-can-live-in-the-light,va-art-contest-hub-characters-mtf
cn	2025-短文竞赛-ko	961	12	unhandled	false	false			i-a-black-bear-hiding-in-darkness,old:scp-837-ko,scp-1085-ko,scp-1195-ko,scp-1597-ko
cn	_第五教会	962	12	jp_tag_name	true	true	_第五教会		a-song-about-serious-information-leaks,ballad-of-the-fifth-arcadian,chilly-the-space-trucker,dust-brothers,harvester-of-eyes
cn	halyna-ieva	963	12	jp_tag_alias	true	true	ハリーナ・イエヴァ		an-ode-to-transcendence,another-soul-joins-the-halkost,et-ecce,i-say-this-that-you-suffer,mother-who-demands-ones-toes
cn	hoygull博士	964	12	unhandled	false	false			a-given-purpose,avian-anthology-i,avian-anthology-ii,hoygull-in-past,join-the-flock
cn	judith-low	965	12	jp_tag_alias	true	true	ジュディス・ロゥ博士		43-nothing-happens,an-anthropological-approach-to-sarkicism-case-study-02-the-d,document-2481,sarkic-case-study-01-the-vas-n-a-of-sarvi,sarkicism-hub
cn	scp汉字习字帖	966	12	unhandled	false	false			bayanshiree-formation,beyond-kisaragi-station,kata-men-005,longlife-emulator-saturday,scp-1531-jp
cn	totleigh软件	967	12	unhandled	false	false			dyfscp-001,dyfscp0012,scp-2219,scp-2527,scp-2803
cn	传承	968	12	unhandled	false	false			scp-040-jp,scp-062-jp,scp-070-jp,scp-094-jp,scp-100-jp
cn	先兆	969	12	unhandled	false	false			scp-6270,scp-6271,scp-6272,scp-6273,scp-6274
cn	全球轰炸联盟	970	12	jp_tag_alias	true	true	世界ドカーン連合		gec-bomb-record,gec-hub-page,gecmonthly-reading-transnatural-entity-part,how-to-become-a-gecer,if-thanos-in-scpu
cn	删除部	971	12	unhandled	false	false			deleted,scp-6183,scp-6768,scp-7079,scp-7549
cn	在下是猫	972	12	unhandled	false	false			cat-month-hub,dotdesu,hananekodesu,neko-on-a-nautilus,nekodegozaimasu
cn	小小基金会	973	12	unhandled	false	false			aptitude,bokuhakonya-deteiku,bouquet,chiisanazaidan-hub,cremation
cn	异常项目故事	974	12	unhandled	false	false			ao-hub,blue-moon-o-virginia,do-not-collect-200,down-the-rabbit-wormhole,endless-light
cn	弟弟的食品店	975	12	unhandled	false	false			birds-025,brothers-restaurant-hub,first-love-taste,homemade,kiraii-taste
cn	扶桑纪	976	12	unhandled	false	false			2021-hitsujikaip,collected-item-no0033,ending,fusouki,fusouki-shatougyou
cn	接触科	977	12	unhandled	false	false			aeed-orientation,anomalous-entity-engagement-division-hub,routinetragedies,scp-2689,scp-6245
cn	电信办公室	978	12	unhandled	false	false			art:say-it-with-me-everybody,atomic,hanging-on-the-telephone,maria-a-tale-of-the-tmo,no-one-cares
cn	美第奇神秘艺术学院	979	12	unhandled	false	false			adult:scp-5069,chronicle-4-162,contemplating-the-moon,donatello-s-sculpting-tools-circa-1409,goliath-circa-1505
cn	赤链蛇之手	980	12	unhandled	false	false			chonghaejin,collected-item-no0087,dinodon-s-hand,koigarezaki-news-201212,nareum-tarot-01-magician
cn	超电救助队hero	981	12	unhandled	false	false			anohino-ketsubetsu,big-news-foundation-is-loser,hyper-electric-rescue-organization-hub,kanshin-ryoiki-koigarezaki,scp-1099-jp
cn	雾津	982	12	unhandled	false	false			a-brief-account-of-mujin,china-ley-line,in-the-world-where-the-fog-has-vanished,mujin-yarn,nexus-6-1
cn	非正式800字短篇征文	983	12	unhandled	false	false			azuki0912-we-love-karaage,blackclass-u,collected-item-no19316,hirose-tale01,hirose-tale02
cn	魔法学院	984	12	unhandled	false	false			chronicle-4-162,dharma-stick-discipline,gottes-magie-hub-arc,haensel-und-gretel,magierakademie-hub
cn	_gp快递	985	11	unhandled	false	false			gp-gzr-t2231269,gp-h-v-bio-b2887416,gp-h-v-phy-n1936025,gp-h-v-un-phy-t2078071,gp-h-v-un-phy-t5526398
cn	_o	986	11	unhandled	false	false			adult:letsfuckcello,adult:our-world-has-been-falling-into-the-hellfire,class-bbq-ssg,engineering-department-event-records,fatalism-game
cn	_厄尔玛外教	987	11	unhandled	false	false			eden-leap-001,eden-leap-117,eden-leap-261,eden-leap-2903,eden-leap-2916
cn	_芝加哥鬼灵	988	11	unhandled	false	false			carroll-188-gemini,carroll-305-la-pequena-habana,chicago-factory,hare-023-the-cheshire-cat,kendrick-storm
cn	glacon	989	11	jp_tag_alias	true	true	グラソン		ai-classification-guide,alert-lockdown-initiated,clock-multiplier,command-query-separation,null-terminating-string
cn	pzga	990	11	jp_tag_name	true	true	pzga		baghdad-ladybug-fungus,fluitabulla-levis,pleurotus-explosive,poculumfungus-phonograph,pzga-hub
cn	richard-chappell	991	11	jp_tag_alias	true	true	リチャード・チャペル		big-dick-chappell,carroll-188-gemini,chicago-factory,scp-3855,scp-4901
cn	thanatomania	992	11	jp_tag_name	true	true	thanatomania		21g,abandoning-death,duzhe,goi-balls-03,now-that-the-rhinos-are-not-dying
cn	ttt社	993	11	jp_tag_name	true	true	ttt社		concerto,gokiso-s-proposal,koigarezaki-news-1224,koigarezaki-news-20190415,ones-epilogue
cn	五提问竞赛	994	11	unhandled	false	false			a-slumber-did-my-spirit-seal,bugs,children-of-doubt,five-questions,for-elise
cn	人间游戏	995	11	unhandled	false	false			a-child-to-teach,incineration,interlude-scenes-from-the-fall,only-game-in-town-hub,secure-facility-dossier-site-118
cn	夏鸟思想联盟	996	11	unhandled	false	false			r-sinano-chuo-co-jp-2025-02-10-alt85yo,scp-1238-jp,scp-1421-jp,scp-1641-jp,scp-2064-jp
cn	天海市	997	11	unhandled	false	false			china-ley-line,nx-40c,scp-cn-1698,scp-cn-1996,scp-cn-2131
cn	家电战争	998	11	unhandled	false	false			alight,cellphone,in-an-attempt-to-feel-something,khaziaprilfools,scp-7119
cn	平异会	999	11	jp_tag_alias	true	true	平異会		an-xang,concerto,jail-of-freedom,lao-ren,lu-xi
cn	新手竞赛	1000	11	unhandled	false	false			alove,scp-1453-jp,scp-1748-jp,scp-2048-jp,scp-2050-jp
cn	特工lurk	1001	11	unhandled	false	false			additional-resources,alert-lockdown-initiated,are-we-there-yet,ball-gags-and-scrambled-eggs,calm
cn	研究员labelle	1002	11	unhandled	false	false			a-site-19-christmas-carol,all-of-me-wants-all-of-you,askinate-herr-spankoflex,if-you-are-reading-this,no-good-deed
cn	硅之诺伦	1003	11	unhandled	false	false			5th-global-occult-coalition-donation,deucalion,goc-tale-sequence-assessment,handjob,kte-9817-bluebuster-mendel-shelley-renegade-armbrusteri
cn	绿王	1004	11	unhandled	false	false			cast-on,codename-green-king-hub,compromised,duty,fik-ra
cn	观谬维基犯罪实录	1005	11	unhandled	false	false			bigfoot-did-it,crewtime,death-of-aj-fader,flight-4145,impossible-murder
cn	进步研究中心	1006	11	unhandled	false	false			berinsk-special-administrative-zone,factory,flaring-asia,net-yperboreoi,prmths-last-but-not-the-end
cn	1000jp	1007	10	jp_tag_name	true	true	1000jp		scp-1000-jp,scp-1001-jp,scp-1010-jp,scp-1111-jp,scp-1233-jp
cn	2023x竞赛	1008	10	unhandled	false	false			fattyacid-s-proposal,gokiso-s-proposal,mortal-emulator-apple,mortal-emulator-note,revue-damnatio-memoriae
cn	4-r	1009	10	jp_tag_name	true	true	4-r		ein-puzzle-mit-4-teilen,old:scp-107-jp,scp-053-de,scp-077-de,scp-084-de
cn	8-ball	1010	10	jp_tag_alias	true	true	8-ボール		ai-classification-guide,hello-world,hello-world-part-ii,hello-world-part-iii,hello-world-part-iv
cn	_2025goif-a	1011	10	unhandled	false	false			boyi,coalition-data-volume-1961,gazette-daeva,koigarezaki-news-19831104,lte-68255-ochre
cn	_ijamea	1012	10	jp_tag_name	true	true	_ijamea		black-buddha,kamaitachi,kazeniki,osanshouo,project-aodake
cn	_伊斯兰物品回收办公室	1013	10	unhandled	false	false			009-nrs003,memorandum-083-regarding-project-guardianship,memorandum-321-regarding-project-707,oria-001,oria-025-117
cn	_地平线倡议	1014	10	unhandled	false	false			0-texts-found,archirelic-no-24,excerpts-regarding-st-sophia,holymatle,holytank
cn	_工厂	1015	10	unhandled	false	false			capitalize-key-broken-l-47432,chicago-factory,contract-negotiations-01029,corporate-sabotage-14919,factory
cn	_闇寿司	1016	10	jp_tag_name	true	true	_闇寿司		dark-sushi-file-no-120,sushi-yoka,yamizushi-blacklist-031,yamizushi-file-no000,yamizushi-file-no010
cn	judy-papill	1017	10	jp_tag_alias	true	true	ジュディ・パピル		be-strange-or-be-forgotten,deceptive-cadence,holding-an-umbrella,i-don-t-get-it-i-functioned-before,scp-2983
cn	w-i-t-c-h	1018	10	jp_tag_name	true	true	w-i-t-c-h		buggy-hardware,milk-hub,scp-2,scp-3739,scp-5990
cn	久能尚史	1019	10	jp_tag_name	true	true	久能尚史		a-n-0064,g-b-0134,project-joicle-1272,report-of-joicle,scp-1272-jp
cn	五行结社	1020	10	unhandled	false	false			2021-hitsujikaip,ambrose-wildcat-house,fusouki,goc-far-east-orientation,kanshin-ryoiki-tono
cn	仙女	1021	10	unhandled	false	false			ralliston-s-proposal,scp-1323,scp-2323,scp-2523,scp-3903
cn	双重故乡	1022	10	unhandled	false	false			double-hometown-hub,goi-balls-03,k-b-0519,looking-back-to-ocean,n-a-2318
cn	商人	1023	10	unhandled	false	false			wanderers:a-gig-nobody-asked-for,wanderers:basilisk,wanderers:gathering-storms,wanderers:market-entry,wanderers:mr-johann-dark
cn	四季轮回	1024	10	unhandled	false	false			cycle-of-seasons-hub,nt-4041-nimuedianetic-karhu,sc-05-321-05-335,scp-6401,scp-6471
cn	围栏计划	1025	10	unhandled	false	false			daffodils,good-fences-make-good-neighbors,in-the-end,project-palisade,project-palisade-test-log
cn	国家超常防灾院	1026	10	unhandled	false	false			big-news-foundation-is-loser,cycleman,joint-statement-12-05-2017,koigarezaki-news-201212,neps-2020m42f17
cn	基金会集团	1027	10	unhandled	false	false			aeliana,foundation-collective-hub,goc-supplemental-goc-oneiroi,goi-balls-03,recall-in-dreamland
cn	大干酪horace	1028	10	unhandled	false	false			ask-lord-blackwood,broadcast,fifthdation,ion-x-bumaro-forevurr,scp-1982
cn	大正150年	1029	10	jp_tag_name	true	true	大正150年		dainippon-empire-audit-records-dec-27th-1923,hana-wo-taoru,ningu-tyo-1219,scp-2061-jp,suite-of-poems-for-taishos-hakoniwa
cn	威斯赫德传媒	1030	10	unhandled	false	false			bobblecon-2018,scp-3135,scp-3149,scp-3151,scp-3172
cn	岩永美容组合	1031	10	unhandled	false	false			concerto,gol-jp-vintage-sticker,gyokai-rui-logos,iwanaga-cm-soundlogo,scp-1187-jp
cn	星象宪兵队	1032	10	unhandled	false	false			centre-fractal,gendastrerie-centre,le-carnet-secret-du-gendastre,scp-410-fr,scp-627-fr
cn	标志	1033	10	unhandled	false	false			aethris-art,art:department-of-robotics-and-cybernetics-logo,art:doctors-of-the-church-hub,art:goc-logos,art:goc-unit-insignia
cn	档案员	1034	10	unhandled	false	false			a-study-in-cinnabar,broken-bowe,djkaktus-s-proposal-iii,jolly-cooperation,maria-jones-this-is-your-life
cn	浊海老者	1035	10	unhandled	false	false			antediluvian,as-time-draws-near,eden,interlude-drift,old-man-in-the-sea-hub
cn	海鸥衔钥	1036	10	jp_tag_alias	true	true	海鷗銜鑰		deleted:scp-cn-1601,scp-cn-008,scp-cn-1010,scp-cn-112,scp-cn-388
cn	焚书人	1037	10	unhandled	false	false			wanderers:a-conspiracy-of-five,wanderers:ant-and-butterfly,wanderers:communion,wanderers:despair-fable,wanderers:stranded-on-hallucinations
cn	特工许	1038	10	unhandled	false	false			beyond-the-wall-of-syllable,just-shut-up-and-give-me-fried-chicken,scp-1506-jp,scp-cn-2176,sharkypedia-eoyemlau
cn	猫midnight	1039	10	unhandled	false	false			fandation,gdp2-tunneling-between-worlds,goc-supplemental-arad,goc-supplemental-thaumatology,scp-4000-jp
cn	研究员lloyd	1040	10	unhandled	false	false			error-field-cannot-be-lloyd,nicos-proposal-ii,sc-02-000-22-000,scp-2668,scp-3856
cn	绅士团	1041	10	unhandled	false	false			chronicle-4-162,concerto,les-gentilshommes-humanistes-centre,lettre-de-reclamation-d-une-gentilhomme,project-proposal-2025-003
cn	野猪排	1042	10	unhandled	false	false			hogslice-makes-a-friend,in-the-carpathians,many-last-words,rate-my-director,scp-6599
cn	173jp	1043	9	jp_tag_name	true	true	173jp		old:scp-536-jp,old:scp-780-jp,scp-173-jp,scp-284-jp,scp-312-jp
cn	2012万圣节竞赛	1044	9	unhandled	false	false			costume-change,halloween-at-s-c-plastics,halloween-contest,how-the-spc-ruined-halloween,recuerdos
cn	2013时间竞赛	1045	9	unhandled	false	false			and-the-winner-is,automata-et-cetera,i-ll-see-you-next-time,out-of-time,skipping-time
cn	2017艺术竞赛	1046	9	unhandled	false	false			art-contest-hub-characters,art-contest-hub-goi,art-contest-hub-mtf,art-contest-hub-series-1,art-contest-hub-series-2
cn	2024夏季挑战	1047	9	unhandled	false	false			chalete2024,scp-034-fr-ex,scp-625-fr,scp-648-fr,scp-651-fr
cn	4000jp	1048	9	jp_tag_name	true	true	4000jp		alt:scp4000jp-contest-hub,scp-4000-jp,scp-4001-jp,scp-4100-jp,scp-4200-jp
cn	_安德森机器人	1049	9	unhandled	false	false			anderson-airlines,blad-eagle-swat-robot,new-buteo-series-mechanical-exoskeleton,new-falco-columbarius-series-suprise-built-in-exoskeleton,new-phoenix-personal-self-repairing-nanorobots
cn	_恋昏崎新闻社	1050	9	unhandled	false	false			adult:holy-ship,holy-sushiblade,koigarezaki-news-1224,koigarezaki-news-19831104,koigarezaki-news-201212
cn	_无分类	1051	9	unhandled	false	false			dr-ghostwood-artwork,goi-2,m-yansher,rkatsitelicc-art,site-cn-16
cn	_绿麻雀基金会	1052	9	jp_tag_alias	true	true	_グリーン・スパロウ財団		bird-059,birds-0039,birds-007,birds-016,birds-024
cn	diaghilev主管	1053	9	unhandled	false	false			alchemic-arm-istice,an-alchemist-goes-to-war,channeling-flows,denton-and-mcdowell-recover-la-chupacabra-s-pinata-from-a-je,finding-balance
cn	django-bridge	1054	9	jp_tag_alias	true	true	ジャンゴ・ブリッジ博士		a-site-19-christmas-carol,are-we-there-yet,ball-gags-and-scrambled-eggs,calm,i-wanna-be-the-very-best
cn	geoffrey-quincy-harrison	1055	9	jp_tag_alias	true	true	ジェフリー・クインシー・ハリソン		mzl-1915,old:scp-5620,plague-s-proposal,scp-5591,scp-5595
cn	holly-light	1056	9	jp_tag_alias	true	true	ホリィ・ライト		be-strange-or-be-forgotten,pepper-s-lament,scp-445-ex,scp-4468,scp-5555
cn	james-harkness	1057	9	jp_tag_alias	true	true	ジェームス・ハークネス		narrativistics-and-you,scp-3330,scp-3545,scp-3959,scp-5800
cn	odongo-tejani	1058	9	jp_tag_alias	true	true	オドンゴ・テジャニ		scp-5000,scp-5549,scp-6744,scp-6994,scp-7528
cn	paradise	1059	9	unhandled	false	false			creators,idealists,peaceful-xujiahui,scp-cn-089,scp-cn-092
cn	simon-pietrykau	1060	9	jp_tag_alias	true	true	サイモン・ピエトリカウ		fattyacid-s-proposal,florence-thorne-hub,scp-2664,scp-2897,scp-3483
cn	vang博士	1061	9	unhandled	false	false			gamedaypart1index,gdp2-basking-in-the-light,in-his-own-image-part-4,scenes-from-a-comprehensive-clusterfuck,scp-j
cn	yod	1062	9	jp_tag_alias	true	true	サイト-yod		dossier-site-yod,scp-023-fr,scp-025-fr,scp-062-fr,scp-111-fr
cn	yossarian-leiner	1063	9	jp_tag_name	true	true	yossarian-leiner		59-the-foreseeable-future,cimmerian-sends-650-pms,great-cult-escape,scp-4967,scp-7291
cn	传承-fr	1064	9	unhandled	false	false			patrimoine-francais-de-la-fondation-scp,proposition-du-dr-grym,scp-006-fr,scp-009-fr,scp-020-fr
cn	南极交流	1065	9	unhandled	false	false			a-merry-fellow,antarctic-exchange-hub,collecting,from-on-high,impression
cn	奇物室	1066	9	unhandled	false	false			common-brick,concerto,das-taegliche-leben-mit-einer-ausserirdischen,goi-1995-de-das-wunderkabinett,haensel-und-gretel
cn	奥秘植物	1067	9	unhandled	false	false			wanderers:81st-turn-seventh-year-twenty-fourth-cycle-chroday,wanderers:entomology,wanderers:flowers,wanderers:kitty,wanderers:make-like-a-tree
cn	广末孝行	1068	9	unhandled	false	false			adult:holy-ship,ambrose-wildcat-house,holy-sushiblade,kanshin-ryoiki-koigarezaki,koigarezaki-news-201212
cn	延续部	1069	9	unhandled	false	false			department-of-continuity-hub,scp-1377,scp-2911,scp-8263,scp-8474
cn	强尼表兄	1070	9	unhandled	false	false			buggy-hardware,cater-duty,funerals-are-fun,scp-2852,scp-3004
cn	恋昏崎	1071	9	jp_tag_name	true	true	恋昏崎		china-ley-line,fairies-nameless-and-echoes-of-history,kanshin-ryoiki-koigarezaki,koigarezaki-news-20190415,revue-of-yutenji
cn	无尽月导众	1072	9	unhandled	false	false			goi-formatting-the-world,mujin-getsudo-hub,mujin-getsudo-logo,ningu-tyo-1219,ningu-tyo-601
cn	日暮	1073	9	unhandled	false	false			appel-nocturne,centre-quand-le-soleil-se-couche,je-viens-pour-aider,scp-356,scp-cn-4222
cn	杂食性	1074	9	unhandled	false	false			scp-058-fr,scp-1281-jp,scp-1409-jp,scp-1710-jp,scp-1710-jp-j
cn	特工日历	1075	9	unhandled	false	false			art:agent-calendar-fanart,director-house-gets-whitewashed,nicos-proposal-ii,play-termination-attempt,pridemonth
cn	画廊	1076	9	unhandled	false	false			wanderers:art-design-scrapland,wanderers:che-s-art-journal,wanderers:fall-into-the-abyss,wanderers:improvised-ragtime-at-atrium-21,wanderers:me-and
cn	秦汉基金会	1077	9	jp_tag_alias	true	true	秦漢財団		crepes-pizza-qin-i,daji,eggtartqinhan,halloween-event-2017,hoi-ba-phu-thuy
cn	蛸苇废船	1078	9	unhandled	false	false			ambrose-wildcat-house,artwork-scp-083-jp,neko-on-a-nautilus,ones-epilogue,scp-083-jp
cn	鬼灵	1079	9	unhandled	false	false			wanderers:nearer-my-death-to-thee,wanderers:on-demons,wanderers:platos-cave,wanderers:salvation-works,wanderers:six-day-week-part-three
cn	鵺-斋宫	1080	9	unhandled	false	false			2021-hitsujikaip,gokiso-s-proposal,nue-artwork,nue-artwork-kihaku,nue-hub
cn	2009gears生日竞赛	1081	8	unhandled	false	false			astronomical,gears-birthday-contest-2009,old:waxxentry,opportunity-knocks,patterns
cn	2014反乌托邦竞赛	1082	8	unhandled	false	false			cakework,decommissioned,dystopia-contest,i-hope-you-get-back-to-me-soon,mission-statement
cn	2015春节竞赛	1083	8	unhandled	false	false			another-star,chinese-new-year-contest-2015,dig,happynewyearset,incident
cn	2016夏季征文	1084	8	unhandled	false	false			2016summer-ggpincus,rushtoalive,s,special-of-hd-death,summer-contest-2016
cn	_2025goif-b2	1085	8	unhandled	false	false			deers-riddle,fori,nightwatch,o5project,pedialpha-capital-matchmaking-platform
cn	_letters娱乐	1086	8	unhandled	false	false			nameless-opening,o5project,pedialpha-anger-of-scarlet,pedialpha-capital-matchmaking-platform,pedialpha-main
cn	_oo	1087	8	unhandled	false	false			a-meta-story-with-mad-author,adult:theseaiscalling,all-is-hell-that-begins-in-dreams,end-of-death-coldwar-nuclearweapon,lemon-seed
cn	_格鲁乌p部门	1088	8	unhandled	false	false			alma-kyivshchyna,fly-agaric,goi-p-belorussiya,kosch,light-door-gru
cn	_源代码	1089	8	unhandled	false	false			component:black-highlighter-theme-dev,component:discord-chat-source,component:floppy-disruption-bar,component:note-source,component:object-class-bar-source
cn	edison博士	1090	8	unhandled	false	false			ask-lord-blackwood,askinate-herr-spankoflex,game-day-1-die-hardest,mystery-skipper-theater-3000,scenes-from-a-comprehensive-clusterfuck
cn	he	1091	8	jp_tag_alias	true	true	サイト-he		scp-002-fr,scp-010-fr,scp-069-fr,scp-182-fr,scp-285-fr
cn	heiden博士	1092	8	unhandled	false	false			an-evening-with-bright,annon,last-man-standing,marysuewho,rough-beast
cn	leslie	1093	8	jp_tag_alias	true	true	レスリー		a-romantic-comedy-starring-a-dead-mosquito-guest-starring-th,down-with-the-sickness,going-home,los-dias-y-las-noches-de-leslie-y-el-doctor,scp-3774
cn	mari-macphaerson	1094	8	jp_tag_alias	true	true	マリ・マクファーソン		scp-5571,scp-6123,scp-6897,scp-7165,scp-7756
cn	mcd-curios	1095	8	unhandled	false	false			mcd-curios:hairy-hands,mcd-curios:liquid-necrosis,mcd-curios:ozenkadnook-tiger,mcd-curios:personal-demise-glasses,mcd-curios:rowan-switch
cn	polaricecraps	1096	8	jp_tag_name	true	true	polaricecraps		different-kinds-of-nihilism,gamers-against-weed-dossier,scp-2293,scp-2433,scp-3772
cn	robert-carter	1097	8	jp_tag_alias	true	true	ロバート・カーター		expert-in-a-dying-field,masks-monsters-merchants,nexus-hyperline,robert-carter,robot-lounge
cn	thereven博士	1098	8	unhandled	false	false			miau-miau-asheworth-kun,rate-my-director,scp-6015,scp-6170,scp-7595
cn	乌托邦	1099	8	unhandled	false	false			a-faerie-tale-of-twin-queens,chaoskampf-and-creation,miau-miau-asheworth-kun,scp-2000-b-the-lonely-cowboy,scp-9066
cn	二十五号部门	1100	8	unhandled	false	false			abteilung-xxv-hub,scp-024-de,scp-089-de,scp-116-de,scp-125-de
cn	人类之后	1101	8	unhandled	false	false			as-before,children-story,halloween-event-2018,knockin-on-the-gate-guardian-s-door,niyishengdegushi
cn	信浓中央新闻	1102	8	unhandled	false	false			archived:r-sinano-chuo-co-jp-hub,goi-balls-05,r-sinano-chuo-co-jp-2020-03-17-7wybf8,r-sinano-chuo-co-jp-2020-05-8-4g45st4,r-sinano-chuo-co-jp-2025-02-10-alt85yo
cn	别类部	1103	8	unhandled	false	false			scp-477-j,scp-5784,scp-7227,scp-7772,scp-8399
cn	卡尔代拉	1104	8	unhandled	false	false			erreur-de-style,rapportdecouteravefm,scp-546-fr,scp-569-fr,scp-569-ko
cn	印刻	1105	8	unhandled	false	false			scp-048-fr,scp-1548-jp,scp-177-de,scp-2788-jp,scp-573-fr
cn	告诫	1106	8	unhandled	false	false			admonition,scp-6183,scp-6488,scp-6659,scp-6747
cn	太空歌剧	1107	8	unhandled	false	false			but-never-trees,cck-class-copyright-infringement-lawsuit-scenario,excerpts-from-the-galileo-deep-space-observatory,scp-9300,scp-9911
cn	对话部门	1108	8	unhandled	false	false			arbeit-zabuta,chihara-s-counseling,dialogue-department-hub,dialogue-department-orientation,gokiso-s-proposal
cn	希瑟·梅森	1109	8	unhandled	false	false			buggy-hardware,danger-in-the-manger,drink-with-me,icy-encore,potato-girl
cn	政治家	1110	8	jp_tag_name	true	true	政治家		scp-457-jp,scp-cn-3029,scp-cn-3507,scp-cn-3809,scp-cn-3880
cn	新闻	1111	8	unhandled	false	false			archived-news,monthly-prompts,news-07-2022,news-09-2022,notification-inline-bilibili
cn	未确定	1112	8	unhandled	false	false			proposition-du-dr-macro,scp-000-5-fr-ex,scp-200-fr,scp-210-fr,scp-242-fr
cn	特工green	1113	8	unhandled	false	false			and-then-what-happened,figure-and-ground,insufficient-clearance,it-just-shattered,permanent-waves
cn	草稿	1114	8	unhandled	false	false			crow-s-note-s-and-to-do-list,dr-kondraki-s-work-log,dr-rights-personal-log,lurker-sandbox,practice-area
cn	蜂巢之下	1115	8	unhandled	false	false			wanderers:descending-order,wanderers:mortality,wanderers:output,wanderers:prepartum-regression,wanderers:yutu
cn	配区二	1116	8	unhandled	false	false			wanderers:6-a-m-pacific-daylight-time,wanderers:a-gig-nobody-asked-for,wanderers:biopunked,wanderers:cyberscum-and-blues,wanderers:egg
cn	鱼先生	1117	8	unhandled	false	false			headless-misters,mr-fish,ooo-ooo-ooo-ooo-ooo-ooo-ooo,scp-3790-j,scp-4491
cn	2016冬季征文	1118	7	unhandled	false	false			i-manager-wang,memory-maze,play-or-dont-play,traveller,wages
cn	2021徒手干架竞赛	1119	7	unhandled	false	false			hey-teacher,koikoi-rainy4l-s-proposal,scp-2215-jp,scp-2430-jp,scp-2455-jp
cn	2023fr十一周年竞赛	1120	7	unhandled	false	false			scp-576-fr,scp-600-fr,scp-606-fr,scp-611-fr,scp-671-fr
cn	2024春季大扫除	1121	7	unhandled	false	false			critter-profile-corey,deer-college-spring-cleaning-event,just-another-day,scp-8055,scp-8097
cn	2025fr十三周年竞赛	1122	7	unhandled	false	false			scp-099-fr,scp-703-fr,scp-704-fr,scp-711-fr,scp-726-fr
cn	2025骄傲节	1123	7	unhandled	false	false			art:trial-by-combat,cave-canem,not-worth-a-name,scp-7728,scp-8296
cn	2周年goi竞赛	1124	7	unhandled	false	false			2th-goi-contest-hub2,2th-goi-contest-hub5,archives-f,goi2015-saiga,scp-428-jp
cn	3000jp	1125	7	jp_tag_name	true	true	3000jp		old:scp-3939-jp,scp-3000-jp,scp-3001-jp,scp-3004-jp,scp-3777-jp
cn	_pamwac	1126	7	jp_tag_name	true	true	_pamwac		cyber-goddess-and-magical-girls,grateful-dead,live2d,news4pamwac-fox,news4pamwac-god
cn	_坟场轮班	1127	7	unhandled	false	false			goodnight-sweet-dreams,muddy-skies,scp-6106,scp-6427,scp-6502
cn	_美第奇神秘艺术学院	1128	7	unhandled	false	false			contemplating-the-moon,donatello-s-sculpting-tools-circa-1409,goliath-circa-1505,mon-amour-et-ma-aide-circa-1518,skeleton-puppet-for-phantasmagoria-1800s
cn	_魔法乐团	1129	7	unhandled	false	false			2025-minus-1,art-finds-its-way-out,asmo-02,asmo-the-same-city,i-o
cn	_鹿学院	1130	7	unhandled	false	false			deers-riddle,eggplant-election-special,gpa-ghost,political-group-by-deers,portlands-roller-derby
cn	avelar	1131	7	jp_tag_alias	true	true	アベラール		critter-profile-jerry,scp-3709,scp-3803,scp-4510,scp-4951
cn	el	1132	7	jp_tag_name	true	true	el		scp-001-el,scp-002-el,scp-010-el,scp-025-el,scp-043-el
cn	id	1133	7	jp_tag_name	true	true	id		component:header-themescreant-lengkap,kelompok-dalam-pengawasan,scp-001-id,scp-003-id,scp-005-id
cn	marie-surratt	1134	7	jp_tag_alias	true	true	マリー・サラット		art:skeletons-son,four-knights-tango,gaslight-gatekeep-girlboss-hub,nexus-hyperline,scp-5572
cn	trunnion特使	1135	7	unhandled	false	false			a-baptism-of-fire,kern-emote-mekhvol1,rounderhouse-gold-proposal,sunny-art-cotbg-sarkicism,the-deniers
cn	wd2020	1136	7	unhandled	false	false			wanderers:a-rising-wave,wanderers:bladefish,wanderers:calypso-rides-her-catamaran,wanderers:deeper,wanderers:how-the-ocean-came-to-burn
cn	世界依然运转	1137	7	unhandled	false	false			because-i-could-not-stop-for-death,expert-in-a-dying-field,house-sparrow,i-told-you-that-i-was-afraid,i-want-to-believe
cn	像素艺术	1138	7	unhandled	false	false			aethris-art,art:fenmothsartpage,art:spring-cleaning-badges,art:when-we-went-home,envipixel-artpage
cn	八千死鼠	1139	7	unhandled	false	false			8000-dead-rats-hub,echoes,joicl8kdr,kte-9817-bluebuster-mendel-shelley-renegade-armbrusteri,project-scarlet-dawn
cn	冒险竞赛	1140	7	unhandled	false	false			scp-1075-jp,scp-1210-jp-j,scp-1626-jp,scp-1671-jp,scp-1714-jp
cn	宇宙岛	1141	7	unhandled	false	false			expired728vr,le-phare-du-vide,proposition-du-dr-macro,scp-333-fr,scp-355-fr
cn	文集	1142	7	unhandled	false	false			wanderers:2052,wanderers:a-series-of-irksome-rectangles,wanderers:and-now-a-bit-of-conceptual-birdsong,wanderers:from-our-mailbag,wanderers:inscriptions-or-marginalia
cn	橡树	1143	7	unhandled	false	false			note-hub,nx-146,scp-1071-ko,scp-416-ko,scp-866-ko
cn	活体	1144	7	unhandled	false	false			scp-1166,scp-1542,scp-1717-ex,scp-1984,scp-3835
cn	特工laferrier	1145	7	unhandled	false	false			ascension-hub,scp-2728,scp-3874,scp-4029,scp-4321
cn	珊瑚网络	1146	7	unhandled	false	false			le-reseau-corail,scp-586-fr,scp-642-fr,scp-697-fr,scp-742-fr
cn	生命之树	1147	7	unhandled	false	false			scp-8984,scp-9330,scp-9423,scp-9490,scp-9880
cn	看图说话-待宵草	1148	7	jp_tag_alias	true	true	看図説話-待宵草		cheon-dang,hera,omicron-psi-0524,picture-writing-oenothera,shizi
cn	类目	1149	7	unhandled	false	false			mcd-curios:hairy-hands,mcd-curios:liquid-necrosis,mcd-curios:ozenkadnook-tiger,mcd-curios:personal-demise-glasses,mcd-curios:rowan-switch
cn	肖邦教	1150	7	unhandled	false	false			early-summer-1998,entretiens-avec-de-potentiels-nouveaux-dieux,koigarezaki-news-201212,scp-1710-jp,scp-1710-jp-j
cn	舌尖	1151	7	unhandled	false	false			a-bit-of-inferior-product-1,a-bite-of-hensec,day-of-fatass,eggtart,eggtart1
cn	藏枪教会	1152	7	unhandled	false	false			entretiens-avec-de-potentiels-nouveaux-dieux,scp-1074-jp,scp-2424-jp,scp-457-jp,scp-cn-3507
cn	角磨机	1153	7	unhandled	false	false			mtf-theta-90-character-profiles,mtf-theta-90-hub-page,scp-1707,scp-3307,scp-4037
cn	贫困基金会	1154	7	unhandled	false	false			an-ordinary-payroll,cold-wind,end-of-month-rush,nadaman-s-career,poor-foundation-hub
cn	-500	1155	6	jp_tag_alias	true	true	500語未満コンテスト		scp-103-fr,scp-113-fr,scp-119-fr,scp-155-fr,scp-192-fr
cn	2013短篇故事竞赛	1156	6	unhandled	false	false			la-hija-bien-amada,navidad-antartica-de-gauss-castillo-y-trash,noche-tranquila-en-sitio-34,scp-1millon,suenos-navidenos
cn	2017回收竞赛	1157	6	unhandled	false	false			scp-1083-jp,scp-1768-jp,scp-1801-jp,scp-771-jp,scp-789-jp
cn	2019回收竞赛	1158	6	unhandled	false	false			jiraku-ogakuzu-yzkrt-proposal-j,scp-1494-jp,scp-1551-jp,scp-1598-jp,scp-1637-jp
cn	2023万圣节fr竞赛	1159	6	unhandled	false	false			scp-602-fr,scp-656-fr,scp-663-fr,scp-666-fr,scp-682-fr
cn	_2025goif-b1	1160	6	unhandled	false	false			highland-tourism,hrafnagud-model,human-planet-ark,nobody-and-jigsaw-puzzles,ute-49613-velveteen-bice
cn	_异常货物委员会	1161	6	unhandled	false	false			manifest-3231,manifest-327,manifest-445,manifest-476,manifest-803
cn	_骇灵街	1162	6	unhandled	false	false			brain-stew,jaclyn-s-ass,la-rue-posts-willie-s-shine,larue-post-bang,murder-in-the-swamp
cn	alexei-belitrov	1163	6	jp_tag_alias	true	true	アレクセイ・ベリトロフ		a-walk-along-the-riverside,heroic-spirit-alexei-belitrov,scp-2001-jp,scp-2273,scp-2273-f
cn	aw教授	1164	6	jp_tag_name	true	true	aw教授		gone,memorandum-083-regarding-project-guardianship,scp-1408,scp-300,scp-4733
cn	bailey兄弟	1165	6	unhandled	false	false			a-merry-fellow,a-very-bailey-christmas,fattyacid-s-proposal,holy-crap-this-is-a-long-christmas-tale,project-morpheus
cn	bjornsen教授	1166	6	unhandled	false	false			can-haz-memes,gamedaypart1index,gdp2-basking-in-the-light,scp-1828,scp-630-j
cn	kenneth-spencer	1167	6	jp_tag_alias	true	true	ケネス・スペンサー		automatic-stop,permanent-waves,the-best-laid-plans,the-blackbird-and-the-falcon,unusual-investigations
cn	robin-thorne	1168	6	jp_tag_alias	true	true	ロビン・ソーン		crowne-thorne-hub,permanent-waves,the-best-laid-plans,the-blackbird-and-the-falcon,threat-of-joy
cn	sai	1169	6	unhandled	false	false			document-sai-f-143,dossier-zone-mem,proposition-des-drs-gemini-et-tesla,sai-777-p,scp-343-fr
cn	scp-014-jp-j	1170	6	jp_tag_name	true	true	scp-014-jp-j		am-i-idol,dokuhaku-or-monologue,just-shut-up-and-give-me-fried-chicken,scp-014-jp-j,scp-2005-jp
cn	wanderlust01	1171	6	unhandled	false	false			wanderers:a-restless-wanderer-on-the-earth,wanderers:after-the-cave-was-explored,wanderers:dee-equals-are-tee,wanderers:give-em-the-old-razzle-dazzle,wanderers:it-s-good-to-be-awake-again
cn	世界超卫生组织	1172	6	unhandled	false	false			8000-dead-rats-hub,art:public-release-of-operation-witness-materials,kte-9817-bluebuster-mendel-shelley-renegade-armbrusteri,scp-5990,scp-7864
cn	丛林	1173	6	unhandled	false	false			scp-5205,wanderers:hunting-the-margrawn,wanderers:queen-spade-s-rhymes-01,wanderers:the-cave-of-red-flies,wanderers:the-first-blood
cn	为何说这是美好的一天呢	1174	6	unhandled	false	false			leitra3519,quiet-and,quit-these-quiet-days,scp-cn-4128,the-post-on-march-7th
cn	依谈	1175	6	unhandled	false	false			kata-men-005,nameless-weeds,quintessence,scp-511-jp,sinni
cn	咬冴队员	1176	6	unhandled	false	false			be-alike-but-differ,drawing-by-zillion-names,fish-paste-slice-artwork,kouga-taiin-no-aisatu-mawari,readmaster-artwork
cn	图书管理员	1177	6	unhandled	false	false			wanderers:conversations-with-the-serpent,wanderers:employ,wanderers:fdyy,wanderers:memocide,wanderers:wanderers
cn	外星人	1178	6	unhandled	false	false			a-ghost-in-the-mechanism,scp-3527,scp-9002,scp-9011,scp-9122
cn	实技考试	1179	6	unhandled	false	false			bayanshiree-formation,immortality-dreamer,l-like-to-eat,practical-examination-173,practical-examination-3168-jp
cn	幽灵岛同盟	1180	6	unhandled	false	false			concerto,goi-icon,scp-1797-jp,suite-of-poems-for-taishos-hakoniwa,the-kismet-ephemeris-of-kalpas-hub
cn	彼卡洛特	1181	6	jp_tag_alias	true	true	becaloid		gp-un-che-b9942420,lucky-vacuum,scp-cn-280,scp-cn-326,scp-cn-570
cn	新面貌	1182	6	unhandled	false	false			a-team-you-can-maybe-trust,jolly-cooperation,light-and-the-mole,recruitment-drive,resurrection-new-faces-hub
cn	时钟	1183	6	unhandled	false	false			scp-018-jp,scp-040-cs,scp-1254-jp,scp-131-fr,scp-1401-jp
cn	来世	1184	6	unhandled	false	false			a-slumber-did-my-spirit-seal,chaoskampf-and-creation,ill-be-home-for-christmas,nagiros-proposal,wanderers:the-three-kings
cn	框体制造	1185	6	unhandled	false	false			a-n-0064,birds-027,early-summer-rain-on-arca,goi-balls-03,scp-2626-jp
cn	海报	1186	6	unhandled	false	false			art:a-puppet-and-his-puppeteer,art:artex-2025-frankentropy,art:chocco-s-posters,art:public-release-of-operation-witness-materials,heck-s-9kcon-poster-gallery
cn	深夜俱乐部	1187	6	unhandled	false	false			dark-thinig-ssul,foreign-affairs-2020-73,foreign-affairs-2021-43,midnight-club-hub,scp-877-ko
cn	玛瑙盲者	1188	6	unhandled	false	false			caecus-c-hub,ein-baum-ein-juwel-eine-familie-hub,scp-032-de,scp-089-de,vorfall-136-de-5
cn	立方体	1189	6	unhandled	false	false			scp-037-fr,scp-079-pt,scp-102-fr,scp-1514-jp,scp-2222-jp
cn	第九世界	1190	6	jp_tag_name	true	true	第九世界		holiday-surprise,scp-4230,scp-7261,scp-7975,secure-facility-dossier-site-78
cn	蓝宝石编年史	1191	6	unhandled	false	false			chasser-le-mal,chroniques-de-saphir,partager-le-vin,rompre-le-pain,trouver-l-absolution
cn	配区一	1192	6	unhandled	false	false			wanderers:81st-turn-seventh-year-twenty-first-cycle-skyday,wanderers:aliens-in-america,wanderers:decadent-and-depraved,wanderers:into-starlight,wanderers:the-lake
cn	非正式1200字短篇征文a	1193	6	unhandled	false	false			as-an-agent,dr-toraya-t-009,micro-heroic-tale,nekoyori,secret-of-doctor
cn	食品	1194	6	unhandled	false	false			scp-8467,scp-8593,scp-8662,scp-9778,scp-cn-3120
cn	1000ko	1195	5	jp_tag_name	true	true	1000ko		scp-1000-ko,scp-1516-ko,scp-1551-ko,scp-1994-ko,scp1000kocontesthub
cn	2014愚人节	1196	5	unhandled	false	false			april-fools-2014,old:scp-1548-cu,scp-006-cu-ex,scp-2600-cu,scp-682-cu
cn	2017死之竞赛	1197	5	unhandled	false	false			scp-1050-jp,scp-1092-jp,scp-1283-jp,scp-415-jp,solvex-s-proposal
cn	2019万圣节	1198	5	unhandled	false	false			esse-is-recordatus,halloween-event-2019,i-will-remember,in-the-quiet-room,we-want-to-be-immortal
cn	2019无之竞赛	1199	5	unhandled	false	false			scp-1384-jp,scp-1506-jp,scp-1645-jp,scp-975-jp,the-man-from-bekson
cn	2021十五夜团子祭	1200	5	unhandled	false	false			kitei-disease,scp-2288-jp,scp-2655-jp,scp-837-jp,voice-cat-go
cn	2021放逐竞赛	1201	5	unhandled	false	false			wanderers:a-bud-fears-bloom-leaves-blocking-its-view,wanderers:decadent-and-depraved,wanderers:gathering-storms,wanderers:i-cannot-recall-my-first-thought,wanderers:wandercon-2021
cn	2024非官方吓唬nico	1202	5	unhandled	false	false			grant-request-for-the-development-of-a-portable-type-blue-co,scp-8386,scp-8824,scp-8980,scp-que13-126
cn	_skp	1203	5	unhandled	false	false			skp-017,skp-173-us,skp-217-ko,skp-groups,uebernahme-der-scp-foundation-durch-das-skp
cn	_三重月倡议会	1204	5	unhandled	false	false			pravoslavia,shen-qu-ding-guan,stella-secundus,tranquilo,yong-heng-zhi-du-san-chong-yue
cn	_修正花卉	1205	5	unhandled	false	false			across-the-bamboo,blooming-on-the-remains,early-summer-rain-on-arca,looking-back-to-ocean,wukujimiedao
cn	_吟游诗客	1206	5	unhandled	false	false			chronicle-4-162,grey-wolf-watermelon,linnekrone,promesa-al-mundo,sheep-mie-mie-mie
cn	_官僚分子	1207	5	unhandled	false	false			kill-nothing-but-time,scp-6061,scp-6655,ute-1666-goodrick-freud,who-killed-silas-emerson
cn	_联排别墅	1208	5	unhandled	false	false			scp-2744,scp-6202,scp-6274,scp-6431,scp-6609
cn	_魔杖人	1209	5	unhandled	false	false			big-kill-by-human,duo-yuan-yu-zhou-bao-dao,gazette-daeva,ming-ming-bao-hu-a-te-lei-yao,the-wanderer-s-library-is-not-enough
cn	aldon	1210	5	jp_tag_alias	true	true	アルドン		anart-antics,boron-blisters,covert-cursing,scp-1781,someone-steals-aldons-penis
cn	amos-marshall	1211	5	jp_tag_alias	true	true	エイモス・マーシャル		dead-end-city,happiness-cant-come-from-assignments,mcd-bloodbaths,scp-5555,scp-8116
cn	imaginanimal	1212	5	jp_tag_name	true	true	imaginanimal		ambrose-wildcat-house,scp-083-jp,scp-1033-jp,scp-dot-art-jp,spc-2019-jp-af2019
cn	nexus	1213	5	jp_tag_name	true	true	nexus		nexus-1-1,nexus-6-1,nexus-6-2,nexus-6-3,nexus-hub
cn	pangea	1214	5	unhandled	false	false			cycleman,gendastrerie-centre,goc-supplemental-implantation-fr,the-mirage-casket-1300s,ulia
cn	samara-maclear	1215	5	jp_tag_alias	true	true	サマラ・マクレア		o4-s-summit,scp-3739,scp-4190,scp-4519,what-lurks
cn	sorts博士	1216	5	unhandled	false	false			game-day-1-johannes-sorts,gamedaypart1index,in-his-own-image-part-4,scp-804,that-goddamn-thing
cn	spacewitch02	1217	5	unhandled	false	false			wanderers:and-the-sound-upon-the-roof-is-only-water,wanderers:retrieved-from-datacluster-found-in-gloriana-syste,wanderers:soaring-to-sol,wanderers:tespage,wanderers:the-captain-s-skull
cn	〈odss〉	1218	5	unhandled	false	false			axe-and-whip,goi-balls-03,odss-series5-kar,officer-doctor-soldier-spy-hub,the-man-from-bekson
cn	伟大绿神	1219	5	unhandled	false	false			entretiens-avec-de-potentiels-nouveaux-dieux,fragmentos-traducidos-del-libro-de-la-vida,informe-sobre-el-culto-dios-verde,scp-es-041,the-kismet-ephemeris-of-kalpas-hub
cn	典籍	1220	5	unhandled	false	false			wanderers:asagao,wanderers:langhuan-hub,wanderers:paradigm-shift-hub,wanderers:the-study-of-ancient-spells,wanderers:travellers-book-hub
cn	内殿	1221	5	unhandled	false	false			a-baptism-of-fire,a-real-humdinger,metaphysician-karpin-proposal,rounderhouse-bone-proposal,the-parables-of-pseudo-nadox
cn	天青色	1222	5	unhandled	false	false			scp-103-ko,scp-157-ko,scp-535-ko,scp-892-ko,theme:the-greatest-education
cn	太吓人啦	1223	5	unhandled	false	false			scp-044-j,scp-2006,scp-8066,scp-8066-fear-logs,scp-8136
cn	如来观光	1224	5	unhandled	false	false			bored-town-tour,fengsuiguangbao,goi-icon,scp-1516-jp,scp-454-jp
cn	宇喜田博士	1225	5	jp_tag_name	true	true	宇喜田博士		aile-sunday,collected-item-no19316,gourmet-review,scp-event-005,takamata-chili-sauce
cn	帝国	1226	5	jp_tag_name	true	true	帝国		goi-icon,hirose-tale02,old:scp-201-jp,ones-epilogue,scp-837-jp
cn	必要	1227	5	unhandled	false	false			deletions-guide,faq,guide-for-newbies,how-to-write-an-scp,site-rules
cn	指引	1228	5	unhandled	false	false			wanderers:for-foundation-writers,wanderers:introduction,wanderers:orientation,wanderers:story-guidance,wanderers:the-librarians
cn	搞笑的麦克笑森	1229	5	unhandled	false	false			funerals-are-fun,mzl-1730,old-kansas-sector-part-12,scp-2030,the-revolution-will-be-televised
cn	晶体	1230	5	unhandled	false	false			scp-032-jp,scp-423-jp,scp-575-fr,scp-cn-3493,scp-es-003
cn	梦见科技	1231	5	unhandled	false	false			concerto,project-no-0681,scp-1318-jp,scp-1683-jp,scp-2894-jp
cn	清海镇	1232	5	unhandled	false	false			chonghaejin,ren-gong-zi,scp-983-ko,scp-cn-2342,the-white-whale-day
cn	特工户神	1233	5	unhandled	false	false			scp-2005-jp,scp-3001-jp,scp-606-jp,scp-719-jp,shirasutaro-artwork
cn	百臂巨人之环	1234	5	unhandled	false	false			hecatoncheires-cycle-hub,scp-4612,scp-4712,scp-5267,scp-5612
cn	看图说话-彼岸花	1235	5	unhandled	false	false			ambrose-s-restaurant-a-k-a-closed-when-you-couldn-t-eat-any,chi-lai-de-guang-mang-sui-feng-er-qu,nol,picture-writing-manjusaka,there-s-no-end-to-sadness-we-don-t-know
cn	神秘法西斯委员会	1236	5	unhandled	false	false			cfo-c4t-g1rl,hub-cfo,scp-024-it,scp-cn-2008,scp-g4tt0-it-j
cn	糖梳糕饼	1237	5	unhandled	false	false			scp-1459,scp-1517,scp-1921,scp-2471,scp-4880
cn	舰政本部对超常课	1238	5	unhandled	false	false			ending,fusouki,scp-1911-jp,scp-2630-jp,the-kismet-ephemeris-of-kalpas-hub
cn	茅野博士	1239	5	jp_tag_name	true	true	茅野博士		are-we-crazy-yet,scp-1789-jp,shirasutaro-artwork,voice-cat-go,zennose1200yen
cn	辉煌居业	1240	5	unhandled	false	false			katalog,scp-pl-005,scp-pl-022,scp-pl-174,ubikaz
cn	远征	1241	5	unhandled	false	false			anabasis-hub,change-the-world,scp-2084,scp-2084-email-correspondence,undated-im-correspondence
cn	采购与清算部	1242	5	unhandled	false	false			scp-6261,scp-6897,scp-7997,scp-cn-4494,secure-facility-dossier-site-106
cn	阿摩尼-赖姆	1243	5	unhandled	false	false			interregnum-blackstar,interregnum-everest,rounderhouse-gold-proposal,scp-8499,theme:fuladh-theme
cn	降头术士协会	1244	5	unhandled	false	false			concerto,project-proposal-2025-003,scp-563-fr,scp-cn-1674,yixue671
cn	青大将	1245	5	jp_tag_name	true	true	青大将		flaring-asia,koigarezaki-news-201212,scp-4000-jp,summer-old-days,surface-to-air-bamboo
cn	魔术师计划	1246	5	unhandled	false	false			budgetkuerzungen,projekt-trickster,scp-121-de,scp-136-de,scp-344-de
cn	鼠类	1247	5	unhandled	false	false			scp-008-ko,scp-032-ua,scp-1485-jp,scp-170-jp,scp-232-fr
cn	100-vn	1248	4	jp_tag_name	true	true	100-vn		scp-024-vn,scp-069-vn,scp-096-vn,scp-152-vn
cn	2017-1600字竞赛	1249	4	unhandled	false	false			chicken-or-cake,moai-tale-02,shark-of-sappho,zvezda
cn	2019连写竞赛c	1250	4	unhandled	false	false			scp-1421-jp,scp-1577-jp,scp-1604-jp,scp-1828-jp
cn	2023辩争竞赛	1251	4	unhandled	false	false			wanderers:debate-club-contest,wanderers:mima,wanderers:the-fate-of-a-wanderer,wanderers:where-i-sleep-at-night
cn	2026愚人节	1252	4	unhandled	false	false			allspice-curry-system-guide,facerecognition-af,please-spend-a-lot-on-purchases,scp-3482-jp-j
cn	_ooo	1253	4	unhandled	false	false			oct-4-elena,orange,the-sun-also-rises,three-cubic-thousand-worlds-burned-into-ashes
cn	_pzga	1254	4	unhandled	false	false			baghdad-ladybug-fungus,fluitabulla-levis,pleurotus-explosive,poculumfungus-phonograph
cn	_公安部特事课	1255	4	unhandled	false	false			kanshin-ryoiki-enutsu,kanshin-ryoiki-koigarezaki,kanshin-ryoiki-tono,record-heisei-29-578
cn	_哥布林-删除	1256	4	unhandled	false	false			scp-6183,scp-7173,scp-7309,scp-7968
cn	_哥布林-故障	1257	4	unhandled	false	false			scp-5257,scp-7226,scp-7596,scp-7626
cn	_彼岸	1258	4	unhandled	false	false			bury-me,bury-non-dead,ri-si-quan-ren-lei,the-other-side-s-color
cn	_瓦尔拉文	1259	4	unhandled	false	false			aar-1087-silesia,aar-1320-chacaltaya,hrafnagud-model,the-chiron-model
cn	_蒐集院	1260	4	jp_tag_name	true	true	_蒐集院		collected-item-no0033,collected-item-no0087,collected-item-no1080,collected-item-no1091
cn	_观谬维基	1261	4	unhandled	false	false			cn4kseymorwu,saturn-s-corner,the-king-company-textile-plant,uranusday
cn	av08	1262	4	unhandled	false	false			wanderers:a-knowledge-of-roads,wanderers:tespage,wanderers:the-traveler-and-the-warlock,wanderers:yorker-under-the-sky
cn	beth	1263	4	jp_tag_alias	true	true	サイト-beth		dossier-site-beth,scp-422-fr,scp-576-fr,scp-600-fr
cn	finnegan	1264	4	jp_tag_alias	true	true	フィネガン		anart-antics,boron-blisters,scp-1781,someone-steals-aldons-penis
cn	fynegan博士	1265	4	unhandled	false	false			arbh-class-debrief-file,do-not-collect-200,scp-3709,zero-hour
cn	garrison博士	1266	4	unhandled	false	false			anomalous-ontology-orientation,art:heather-and-lillian,ripclef,the-deadname-meme
cn	imbw	1267	4	jp_tag_name	true	true	imbw		concerto,imbw-hub,nexus-homescreen,scp-139-de
cn	la	1268	4	unhandled	false	false			consilium-fulminis,director-bold-s-proposal-la,scp-la-001,scp-la-002
cn	mac	1269	4	jp_tag_name	true	true	mac		dossier-lph,mac-hub,scp-es-119,ya-te-veo
cn	mctiriss主管	1270	4	unhandled	false	false			a-site-19-christmas-carol,i-double-e,old:after-action-2272,yesterday
cn	mr.k	1271	4	unhandled	false	false			mr-collector-and-his-collection,scp-cn-072,scp-cn-115,scp-cn-358
cn	n&n	1272	4	unhandled	false	false			scp-000-5-fr-ex,scp-299-fr,scp-422-fr,scp-698-fr
cn	olivie-gwyneth	1273	4	jp_tag_alias	true	true	オリヴィエ・ギネス		a-faerie-tale-of-twin-queens,esterberg-city-wikipedia,kte-2039-carcinoma-oder-templum,kte-9817-bluebuster-mendel-shelley-renegade-armbrusteri
cn	relationship03	1274	4	unhandled	false	false			wanderers:a-love-for-reading,wanderers:a-suicide-note,wanderers:my-shining-light,wanderers:tespage
cn	scp-100-de	1275	4	jp_tag_name	true	true	scp-100-de		scp-100-de,scp-104-de,scp-125-de,scp-199-de
cn	skitter-marshall	1276	4	unhandled	false	false			glitterstix-glr032-stx787-ref819,happiness-cant-come-from-assignments,skitter-marshall,some-rational-inheritance
cn	sl	1277	4	unhandled	false	false			scp-001-sl,scp-012-sl,scp-315-sl-j,scp-mc-sl-j
cn	ur之书	1278	4	unhandled	false	false			wanderers:the-floating-armada,wanderers:the-mad-land,wanderers:the-rise-of-the-steam-soul,wanderers:the-tomb-war
cn	ws2019	1279	4	unhandled	false	false			wanderers:interstellar-radio-channel-5,wanderers:schooling-on-earth,wanderers:turn-off-gravity,wanderers:whistling
cn	中情第十局	1280	4	jp_tag_name	true	true	中情第十局		component:kcia10-signbox,component:kcia10-signbox-backend,scp-518-ko,theme:kcia10
cn	保育员串间	1281	4	unhandled	false	false			bad-foundation-02,shirasutaro-artwork,the-man-from-bekson,ukitanomos-tales-mtarou800
cn	冰传奇	1282	4	unhandled	false	false			garagara-shoppingpage-coolerbox,hyogaki-hub,korekara,scp-3203-jp
cn	十周年overlord活动	1283	4	unhandled	false	false			fattyacid-s-proposal,gokiso-s-proposal,jiraku-mogana-s-proposal-ii,scp-3168-jp-j
cn	圣乔治骑士团	1284	4	unhandled	false	false			concerto,proposition-du-dr-macro,scp-001-it-graf,scp-053-it
cn	太空	1285	4	unhandled	false	false			wanderers:azathoth,wanderers:potatus,wanderers:projector,wanderers:worm
cn	寂宁派	1286	4	unhandled	false	false			external-relations-orientation-annihilism,message-from-annihilism-ua,scp-032-ua,tranquilo
cn	异常科学院	1287	4	unhandled	false	false			proposta-uilo-cruz-srbrasil,scp-172-pt,the-kismet-ephemeris-of-kalpas-hub,yixue671
cn	心灵单位	1288	4	unhandled	false	false			diep-luc-chan-kinh-su-tich-ba-chua-coi,don-vi-tam-linh-hub,khuc-dong-dao-phan-su,secure-facility-dossier-site-75-vn
cn	戏剧性	1289	4	unhandled	false	false			wanderers:81st-turn-seventh-year-twenty-first-cycle-skyday,wanderers:egg,wanderers:everything-thats-worth-doing-is-hard,wanderers:one-by-one
cn	新人写手竞赛	1290	4	unhandled	false	false			scp-1012-jp,scp-1176-jp,scp-973-jp,scp-zzz-jp-j
cn	无名者剧院	1291	4	unhandled	false	false			raven-s-proposal-1,scp-cn-024,scp-cn-1944,scp-cn-198
cn	无语竞赛	1292	4	unhandled	false	false			dumbcon,scp-9597,scp-9967,the-communitys-proposal
cn	朝鲜	1293	4	unhandled	false	false			gumiho,joseon-hub,scp-cn-4404,the-kismet-ephemeris-of-kalpas-hub
cn	极夜灯	1294	4	unhandled	false	false			light-of-daybreak,polar-light,polar-light-artwork,polar-night-and-tiny-foundation
cn	泥土	1295	4	unhandled	false	false			scp-005-th,scp-065-fr,scp-418-fr,scp-cn-3310
cn	特工伊凡诺夫	1296	4	unhandled	false	false			axe-and-whip,odss-series5-kar,scp-2001-jp,shirasutaro-artwork
cn	犀贺六巳	1297	4	unhandled	false	false			goi2015-saiga,scp-1233-jp,scp-1500-jp,scp-233-jp
cn	理外研	1298	4	jp_tag_name	true	true	理外研		fusouki,project-evaluation-report-on-machiterasu-no-1-reactor,rigaiken-logo,soya-001-logo-art-01
cn	理念圈	1299	4	unhandled	false	false			scp-2275,scp-7650,scp-7764,scp-8518
cn	生活竞赛	1300	4	unhandled	false	false			wanderers:battle-of-the-white-waves,wanderers:recollection,wanderers:storm-of-daggers,wanderers:the-darkness-inside
cn	监熊者指挥部	1301	4	unhandled	false	false			scp-5464,scp-5977,scp-7293,scp-7864
cn	脸盲症	1302	4	unhandled	false	false			goi-balls-03,legacy-of-astra,prosopagnosia-hub,reinofollower1-jp
cn	蓝宝石天空	1303	4	unhandled	false	false			fcs-krk-b3,leben-im-untergrund,sapphire-portal,scp-128-de
cn	蛙类	1304	4	unhandled	false	false			scp-1461-jp,scp-1964-jp,scp-233-jp,scp-403-fr
cn	血之大妓	1305	4	unhandled	false	false			scp-7603,scp-7616,therion-devours,whore-of-blood-hub
cn	角宇野记录官	1306	4	unhandled	false	false			amasora-aw-1,kouga-taiin-no-aisatu-mawari,ones-epilogue,scp-2101-jp
cn	诸知博士	1307	4	unhandled	false	false			bad-foundation-02,p51-010,scp-670-jp,the-man-from-bekson
cn	超熵	1308	4	unhandled	false	false			report-of-joicle,scp-131-jp,scp-701-ko,scp-cn-4404
cn	雾津奇谭	1309	4	unhandled	false	false			a-brief-account-of-mujin,in-the-world-where-the-fog-has-vanished,mujin-yarn,secure-facility-dossier-site-64k
cn	非回转寿司协会	1310	4	unhandled	false	false			scp-1710-jp-j,she-will-dance-with-the-dark,yamizushi-file-no052,yamizushi-file-no110
cn	2014fr二周年竞赛	1311	3	unhandled	false	false			scp-021-fr,scp-022-fr,scp-050-fr
cn	2014被埋没的竞赛	1312	3	unhandled	false	false			anart-antics,exit-history,under-appreciated-contest
cn	2017goi-es竞赛	1313	3	unhandled	false	false			scp-es-083,scp-es-092,un-fantasma-del-pasado
cn	2017交叉竞赛jp	1314	3	unhandled	false	false			scp-131-jp,scp-1361-jp,scp-1903-jp
cn	2019-1200字竞赛b	1315	3	unhandled	false	false			ham,mushibyebye,shock-in-tanakasensei
cn	2019愚人节	1316	3	unhandled	false	false			scp-1638-jp-j,spc-2019-jp-af2019,yzkrt-s-proposal-j
cn	2020愚人节	1317	3	unhandled	false	false			nintendo-hub,scp-2635-jp,yonedu-gensui
cn	2021fr九周年竞赛	1318	3	unhandled	false	false			le-carnet-secret-du-gendastre,profil-de-bestiole-zeus,proposition-du-dr-maquereau
cn	2021回收竞赛	1319	3	unhandled	false	false			scp-2601-jp,scp-2950-jp,scp-837-jp
cn	2021夜之竞赛	1320	3	unhandled	false	false			scp-2332-jp,scp-2644-jp,scp-2823-jp
cn	2021寻宝游戏竞赛	1321	3	unhandled	false	false			wanderers:daddy-is-my-superhero,wanderers:my-thoughts-are-not-my-own,wanderers:one-new-voicemail
cn	2023团队站点竞赛-ko	1322	3	unhandled	false	false			department-of-anart,secure-facility-dossier-site-57k,team-gijicon-2023
cn	2023国际竞赛	1323	3	unhandled	false	false			international-collaboration-contest-2023,scp-057-int,scp-099-int
cn	2024无名氏竞赛	1324	3	unhandled	false	false			jiraku-mogana-s-proposal-ii,john-doe-contest-2024,secure-facility-dossier-site-81tg
cn	2025夏季挑战	1325	3	unhandled	false	false			scp-737-fr,scp-742-fr,scp-789-fr
cn	_alien-invasion	1326	3	unhandled	false	false			wanderers:aliens-in-america,wanderers:cells,wanderers:other-cometh
cn	_donotshowinmodules	1327	3	unhandled	false	false			scp-cn-2537,scp-cn-640,untitled-cn
cn	_icsut	1328	3	jp_tag_name	true	true	_icsut		analysis-of-the-plokamisuchus,doro-s-orange,zombie-habitude
cn	_scc	1329	3	unhandled	false	false			dharma-stick-discipline,reg-profile-s11013387,reg-profile-s21356490
cn	_ting	1330	3	unhandled	false	false			carcar,i-wanna-track,magical-track
cn	_奇物室	1331	3	unhandled	false	false			common-brick,haensel-und-gretel,incriveis-sapatos-ozwalds
cn	_石榴俱乐部	1332	3	unhandled	false	false			artificial-blue-pomegranate,kogawa-haru-friendship,mrhashidume-memorial
cn	_远野妖怪保护区	1333	3	unhandled	false	false			fengsuiguangbao,toyoho-202004,toyoho-203309
cn	andersen	1334	3	jp_tag_name	true	true	andersen		ambrose-wildcat-house,scp-670-jp,scp-804-jp
cn	crackfic2022	1335	3	jp_tag_name	true	true	crackfic2022		frog,jak-zburzylem-wieze-babel,tydzien-z-zycia-kaczora-michala
cn	creatures07	1336	3	unhandled	false	false			wanderers:great-cowbird,wanderers:hurricane,wanderers:tespage
cn	cy	1337	3	unhandled	false	false			fashisuto-s-proposal,scp-000-cy-j,scp-001-cy
cn	d-7294	1338	3	jp_tag_name	true	true	d-7294		scp-2458,scp-847,wriggle-like-a-fucking-eel
cn	e&e	1339	3	jp_tag_name	true	true	e&e		gyokai-rui-logos,scp-092-jp,scp-216-jp
cn	eo	1340	3	unhandled	false	false			log-of-anomalous-items-eo,scp-eo-001,scp-eo-416
cn	lamedh	1341	3	unhandled	false	false			scp-290-fr,scp-510-fr,scp-705-fr
cn	legacy	1342	3	unhandled	false	false			wanderers:evolution,wanderers:nigerian-lava-cat,wanderers:ropen
cn	mayim	1343	3	unhandled	false	false			scp-165-fr,scp-420-fr,scp-612-fr
cn	ravelwoods	1344	3	unhandled	false	false			wanderers:81st-turn-seventh-year-twenty-first-cycle-skyday,wanderers:aframos-introduction,wanderers:hunting-the-margrawn
cn	resh	1345	3	unhandled	false	false			scp-737-fr,scp-742-fr,scp-789-fr
cn	ro	1346	3	unhandled	false	false			scp-ro-001,scp-ro-004,scp-ro-007-arc
cn	ulak	1347	3	unhandled	false	false			wanderers:a-conspiracy-of-five,wanderers:azure,wanderers:cyberscum-and-blues
cn	unwaking	1348	3	unhandled	false	false			wanderers:six-day-week-part-one,wanderers:six-day-week-part-three,wanderers:six-day-week-part-two
cn	veil-upon-veil	1349	3	jp_tag_name	true	true	veil-upon-veil		a-working-theory,scp-5187,scp-7017
cn	woi研究科	1350	3	unhandled	false	false			the-alleys-hub,theme:cyber-specter,woi-research-division-hub
cn	三题噺言灵竞演21	1351	3	unhandled	false	false			scp-1477-jp,scp-2424-jp,scp-2955-jp
cn	九十九机关	1352	3	unhandled	false	false			fusouki,report-of-joicle,scp-cn-2008
cn	共异廻历	1353	3	unhandled	false	false			goi-balls-03,shikaikeiun,theme:kyouikaireki
cn	凝望死星	1354	3	unhandled	false	false			oem-hub,scp-1290-i57,scp-cn-4259
cn	十周年overflow活动	1355	3	unhandled	false	false			kouryaku-wiki-goi,nekoiswatchingyou,sian628artwork5
cn	合集	1356	3	unhandled	false	false			wanderers:the-journal-of-aframos-longjourney,wanderers:the-world-of-elrich,wanderers:thearchivistslog
cn	哲学性	1357	3	unhandled	false	false			wanderers:conversations-with-the-serpent,wanderers:on-cisgender,wanderers:the-three-kings
cn	地下疗法	1358	3	unhandled	false	false			o-poczatkach-medycyny-altnormalnej,przyczajone-leczenie-hub,scp-pl-160
cn	基金会夏日祭	1359	3	unhandled	false	false			am-i-idol,foundation-summer-festival,old:arewecuteyet
cn	工房	1360	3	unhandled	false	false			asriels-workbench,scarlet-s-mansion,system:_sekai-s-workbench
cn	左撇子	1361	3	unhandled	false	false			old:scp-1011-ru,scp-1005-ru,scp-1040-ru
cn	巴西异常监管局	1362	3	unhandled	false	false			arquivo-sbp-n-196-relatorio-de-exploracao-anomalia-dimension,sbpfile-232,scp-143-pt
cn	待删除	1363	3	unhandled	false	false			deleted:experiment-log-914-cn-3,scp-cn-4025,scp-cn-4515
cn	心宿二协会	1364	3	unhandled	false	false			fragmentos-traducidos-del-libro-de-la-vida,informe-sobre-la-sociedad-antares,scp-es-041
cn	恐怖基金会	1365	3	unhandled	false	false			7-ghost-story-in-the-site-29,d-6679,horror-foundation
cn	恶魔	1366	3	unhandled	false	false			scp-9076,scp-9991,therion-devours
cn	房先生	1367	3	jp_tag_name	true	true	房先生		deleted:scp-cn-1093,scp-cn-068,scp-cn-101
cn	日暮scp	1368	3	unhandled	false	false			scp-fra31-236,scp-fra93-062,scp-que21-075
cn	曼哈顿危机	1369	3	unhandled	false	false			manhattan-crisis-fake-movie,scp-2910-jp,special-911-memorial-exhibition
cn	最爱的世界	1370	3	unhandled	false	false			scp-159-jp,scp-2701-jp,scp-cn-3808
cn	深红王之子	1371	3	unhandled	false	false			breakout,love-uiu-and-florida,uiuzhinan
cn	溢漫人道	1372	3	unhandled	false	false			entretiens-avec-de-potentiels-nouveaux-dieux,les-danseurs-elegants,scp-598-fr
cn	特工海野	1373	3	unhandled	false	false			odss-series5-kar,scp-3983-jp,shirasutaro-artwork
cn	特工西塔	1374	3	unhandled	false	false			axe-and-whip,dr-toraya-t-009,shirasutaro-artwork
cn	特工那泽和梦	1375	3	unhandled	false	false			am-i-idol,dialogue-department-orientation,gokiso-s-proposal
cn	狂人	1376	3	unhandled	false	false			wanderers:missed-connections,wanderers:thearchivistslog,wanderers:wbi-database
cn	猎手俱乐部	1377	3	unhandled	false	false			concerto,nao-de-o-peixe-ensine-a-pescar,scp-065-pt
cn	猿类	1378	3	unhandled	false	false			scp-005-de,scp-019-jp,scp-1566-jp
cn	现实	1379	3	unhandled	false	false			wanderers:egg,wanderers:on-cisgender,wanderers:where-i-sleep-at-night
cn	盖制堡	1380	3	unhandled	false	false			chaojiburger,greazeburger-incorporated-hub,scp-8013
cn	看图说话-粉蝶花	1381	3	jp_tag_alias	true	true	看図説話-粉蝶花		lnsist,picture-writing-babyblueeyes,undercover
cn	看图说话-薰衣草	1382	3	jp_tag_alias	true	true	看図説話-薫衣草		gain,oblivious,picture-writing-levender
cn	瞬息集	1383	3	unhandled	false	false			wanderers:one-by-one,wanderers:transient-collection,wanderers:where-i-sleep-at-night
cn	第三人称	1384	3	unhandled	false	false			wanderers:conversations-with-the-serpent,wanderers:into-starlight,wanderers:the-three-kings
cn	系列中心	1385	3	unhandled	false	false			how-to-clean-a-polyester-dress,series-0,stop-making-sense
cn	老表阿丹	1386	3	unhandled	false	false			wanderers:cousin-dan-a-house-of-lean-times,wanderers:cousin-dan-rearview-eddie,wanderers:cousin-dan-the-big-date
cn	腐主之山	1387	3	unhandled	false	false			entretiens-avec-de-potentiels-nouveaux-dieux,scp-1195-ru,wind-comes-from-east-5
cn	自由世界	1388	3	unhandled	false	false			ecce-insurgo,mundus-liberari,re-kto-0001-bellfather
cn	舰队	1389	3	unhandled	false	false			ending,fusouki,the-kismet-ephemeris-of-kalpas-hub
cn	艾德里安船长	1390	3	unhandled	false	false			art:captain-adrien-are-you-ok,scp-7603,scp-7616
cn	苦艾酒之梦	1391	3	unhandled	false	false			absinthiana-dream,drowning,goi-balls-03
cn	萌里菻	1392	3	jp_tag_name	true	true	萌里菻		rabbit-pomegranate-melancholy-kaido,scp-647-jp,scp-event-005
cn	虎屋博士	1393	3	jp_tag_name	true	true	虎屋博士		azuki0912-we-love-karaage,scp-event-005,shirasutaro-artwork
cn	血肉马戏团	1394	3	unhandled	false	false			scp-1027-ru,scp-4775,scp-cn-3507
cn	行者游记	1395	3	unhandled	false	false			wanderers:fearful-we-looked-on,wanderers:red-bark,wanderers:very-strong
cn	街巷	1396	3	unhandled	false	false			dark-thinig-ssul,scp-cn-3726,the-alleys-hub
cn	转祸为福竞赛	1397	3	unhandled	false	false			atapostle-in-my-name,emperorpenguinartwork-1-jp,isotope-big-jp-04
cn	部落	1398	3	unhandled	false	false			wanderers:memoir-of-ongwe-ias,wanderers:riluo,wanderers:the-cave-of-red-flies
cn	闇老大	1399	3	unhandled	false	false			she-will-dance-with-the-dark,yamizushi-file-no052,yamizushi-file-no110
cn	除草	1400	3	unhandled	false	false			chwasty-hub,czym-sa-obiekty-konspiracyjne,scp-pl-029
cn	难波谦司	1401	3	unhandled	false	false			report-of-joicle,scp-1321-jp,w-v-1260
cn	驴哥	1402	3	unhandled	false	false			scp-4768,scp-cn-2340,the-donkman-s-den
cn	2013忘年会竞赛	1403	2	unhandled	false	false			bounenkai,goi-balls-05
cn	2015年末终末记事大赛	1404	2	unhandled	false	false			old:scp-0833-jp-j,scp-490-jp
cn	2016scp竞赛	1405	2	unhandled	false	false			scp-es-028,scp-es-066
cn	2016基金会漫画竞赛	1406	2	unhandled	false	false			luvle-s-comic,old:whoami-by-sally
cn	2016插画竞赛c	1407	2	unhandled	false	false			foundation-sign,goi-balls-01
cn	2017fr五周年竞赛	1408	2	unhandled	false	false			scp-206-fr,scp-269-fr
cn	2017回收竞赛超时组	1409	2	unhandled	false	false			scp-1193-jp,scp-837-jp
cn	2017愚人节	1410	2	unhandled	false	false			old:scp-900-jp-j,scp-444-jp-j
cn	2018fr六周年竞赛	1411	2	unhandled	false	false			scp-300-fr,scp-303-fr
cn	2018愚人节	1412	2	unhandled	false	false			old:scp-bonito-jp-j,scp-crab-jp-j
cn	2019-1200字竞赛a	1413	2	unhandled	false	false			dclass-search,no-spring-will-come
cn	2019连写竞赛b	1414	2	unhandled	false	false			scp-1193-jp,scp-1936-jp
cn	2020fr八周年竞赛	1415	2	unhandled	false	false			scp-400-fr,scp-410-fr
cn	2022fr十周年竞赛	1416	2	unhandled	false	false			scp-509-fr,scp-510-fr
cn	2022q之竞赛	1417	2	unhandled	false	false			project-no-0681,scp-1790-jp
cn	2022夏季挑战	1418	2	unhandled	false	false			scp-524-fr,scp-575-fr
cn	2023非官方观谬竞赛	1419	2	unhandled	false	false			heavenly-body,tossup-tuesday
cn	2024棍棒互殴竞赛	1420	2	unhandled	false	false			scp-3774-jp,scp-3982-jp
cn	_alexylva大学	1421	2	jp_tag_name	true	true	_alexylva大学		alexylva-student-paper,alexylva-student-paper-art-exhibition
cn	_forgotten-cities	1422	2	unhandled	false	false			wanderers:leaving-havana,wanderers:my-island
cn	_peculiar-purchases	1423	2	unhandled	false	false			wanderers:general-store,wanderers:letter-found-after-a-credit-card-purchase
cn	_哥布林-76	1424	2	unhandled	false	false			scp-3775,scp-7576
cn	_国家防灾管理局	1425	2	unhandled	false	false			neps-2020m42f17,npes-2018lc003
cn	_宇宙岛	1426	2	unhandled	false	false			le-phare-du-vide,universal-land-and-note
cn	_无尽月导众	1427	2	unhandled	false	false			ningu-tyo-1219,ningu-tyo-601
cn	_深夜俱乐部	1428	2	unhandled	false	false			foreign-affairs-2020-73,foreign-affairs-2021-43
cn	_版式框架	1429	2	unhandled	false	false			theme:aero-glass,theme:dustframe
cn	_精灵族	1430	2	unhandled	false	false			fairies-nameless-and-echoes-of-history,spring-again
cn	_蓝宝石	1431	2	unhandled	false	false			zetetic-bulletin-ghost-weep-xu-pei-ting,zetetic-bulletin-wu-xing-iris
cn	_进步研究中心	1432	2	unhandled	false	false			berinsk-special-administrative-zone,union-of-large-republics
cn	aki商事	1433	2	jp_tag_name	true	true	aki商事		scp-1862-jp,soya-001-logo-art-01
cn	ar	1434	2	unhandled	false	false			dr-blackbox-blackbox,scp-ar-001
cn	baao	1435	2	unhandled	false	false			comite-denquete-n-e-7010-1934,the-kismet-ephemeris-of-kalpas-hub
cn	borja-dowell	1436	2	jp_tag_alias	true	true	ボルハ・ドゥウェル		scp-057-int,scp-es-234
cn	bsia	1437	2	jp_tag_name	true	true	bsia		bsia,djinn-tonic
cn	dcd协定	1438	2	unhandled	false	false			centre-du-dcd,dcd-0012
cn	es200	1439	2	jp_tag_name	true	true	es200		scp-es-200,scp-es-202
cn	greg-chudley	1440	2	unhandled	false	false			scp-4230,secure-facility-dossier-site-78
cn	h	1441	2	jp_tag_alias	true	true	scp-h		h,scp-001-h
cn	hana-thompson	1442	2	unhandled	false	false			ripclef,there-is-no-secret-garden
cn	hu	1443	2	jp_tag_name	true	true	hu		scp-002-hu,wrathcon-hu
cn	imgexcon25	1444	2	jp_tag_name	true	true	imgexcon25		imgexcon25,scp-190-vn
cn	kz	1445	2	jp_tag_name	true	true	kz		scp-002-kz,scp-1234-kz-j
cn	maria-johnston	1446	2	unhandled	false	false			scp-7261,secure-facility-dossier-site-78
cn	marw	1447	2	jp_tag_alias	true	true	マーウ		scp-057-int,scp-1542
cn	nd-sv	1448	2	unhandled	false	false			scp-002-nd,sv:scp-001-nd
cn	neverwere	1449	2	unhandled	false	false			wanderers:missed-connections,wanderers:thearchivistslog
cn	pig	1450	2	unhandled	false	false			deleted:how-to-speak-pig-latin,deleted:scp-006-pig
cn	richter主管	1451	2	unhandled	false	false			scp-7261,secure-facility-dossier-site-78
cn	scp-014-jp-ex-1	1452	2	jp_tag_name	true	true	scp-014-jp-ex-1		dokuhaku-or-monologue,scp-2005-jp
cn	sk	1453	2	jp_tag_name	true	true	sk		scp-001-sk,scp-025-sk
cn	ubicon-2022	1454	2	unhandled	false	false			scp-es-278,ubicon-2022
cn	veronica-fitzroy	1455	2	jp_tag_alias	true	true	ベロニカ・フィッツロイ		a-friendly-guide-to-the-katharsys-music-festival,scp-952
cn	vitalis	1456	2	unhandled	false	false			wanderers:death-of-a-death,wanderers:the-dragonslayer
cn	vso	1457	2	unhandled	false	false			psw-hub,skp-groups
cn	whyandwho06	1458	2	unhandled	false	false			wanderers:an-incident-in-the-final-battle-of-the-dead-kingdo,wanderers:tespage
cn	www	1459	2	jp_tag_name	true	true	www		bo-wszyscy-juz-zgineli,www-hub
cn	三大千	1460	2	unhandled	false	false			scp-892-ko,theme:golden-samdaecheon
cn	世界系猎手	1461	2	unhandled	false	false			scp-3999-jp,scp-964-jp
cn	亚大伯斯	1462	2	unhandled	false	false			divine-dossier,rounderhouse-bone-proposal
cn	亨特工业	1463	2	unhandled	false	false			hunter-industries-hub,zlecenie-mef-7629
cn	仙人掌	1464	2	unhandled	false	false			scp-cn-4258,scp-es-200
cn	件与班西	1465	2	unhandled	false	false			scp-1146-jp,voice-cat-go
cn	会意出版社	1466	2	unhandled	false	false			scp-241-th,zetetic-bulletin-wu-xing-iris
cn	伪创制片社	1467	2	unhandled	false	false			pseudogenesis-productions-hub,scp-821
cn	侍者	1468	2	unhandled	false	false			nostalgic-taste,ones-epilogue
cn	前原博士	1469	2	jp_tag_name	true	true	前原博士		ones-epilogue,scp-event-005
cn	双站记	1470	2	unhandled	false	false			scp-7218,twin-sites-hub
cn	叶孙	1471	2	unhandled	false	false			anomaly-566-the-thief-vine,diep-luc-chan-kinh-su-tich-ba-chua-coi
cn	员工无名氏说	1472	2	unhandled	false	false			nameless-staff-tales2015winter,seafield13-tale-2-2
cn	四辻喜剧	1473	2	unhandled	false	false			goi-balls-03,sainokawarade-oboretesamete
cn	地下东京奇谭	1474	2	unhandled	false	false			record-heisei-29-578,soya-001-logo-art-02
cn	大和博士	1475	2	jp_tag_name	true	true	大和博士		shirasutaro-artwork,tale-proposals-for-scp-000-w
cn	家庭	1476	2	unhandled	false	false			wanderers:egg,wanderers:where-i-sleep-at-night
cn	对外联络主任a.d.	1477	2	unhandled	false	false			external-relations-orientation-annihilism,external-relations-orientation-robotic-republic
cn	尸检	1478	2	unhandled	false	false			goi-balls-05,scp-3000-jp
cn	意大利皇家异常学会	1479	2	unhandled	false	false			scp-001-it-graf,scp-014-it-arc
cn	报道	1480	2	unhandled	false	false			wanderers:from-the-crown-press,wanderers:make-something-a-dolton-press-release
cn	无名之眼	1481	2	unhandled	false	false			concerto,olhos-anonimos-central
cn	时间旅行	1482	2	unhandled	false	false			scp-5541,scp-9190
cn	普里查德学院	1483	2	unhandled	false	false			kanshin-ryoiki-koigarezaki,scp-front-jp
cn	晴明院	1484	2	jp_tag_name	true	true	晴明院		fusouki,gokiso-s-proposal
cn	核子之梦	1485	2	unhandled	false	false			hub-sueno-nuclear,scp-es-097
cn	歌德制片	1486	2	unhandled	false	false			goi-balls-05,ones-epilogue
cn	死亡	1487	2	unhandled	false	false			wanderers:one-by-one,wanderers:where-i-sleep-at-night
cn	灰阶	1488	2	unhandled	false	false			grayscale-artwork-1,grayscale-hub
cn	特工kazmarek	1489	2	unhandled	false	false			scp-4099,scp-4469
cn	特工山友	1490	2	unhandled	false	false			scp-event-005,shirasutaro-artwork
cn	特工差前	1491	2	unhandled	false	false			scp-event-005,the-man-from-bekson
cn	特工苍井	1492	2	unhandled	false	false			scp-3001-jp,scp-606-jp
cn	神明	1493	2	unhandled	false	false			scp-089,scp-9230
cn	职员川獭丸	1494	2	unhandled	false	false			just-shut-up-and-give-me-fried-chicken,what-is-it-that-we-lost
cn	自主性	1495	2	unhandled	false	false			scp-cn-2149,scp-cn-3436
cn	苇之轮	1496	2	unhandled	false	false			scp-1067-jp,scp-1238-jp
cn	西部	1497	2	unhandled	false	false			ghost-riders-in-the-sky,maybe-i-m-a-king
cn	超工家电	1498	2	unhandled	false	false			scp-1641-jp,scp-403-jp
cn	软插头	1499	2	unhandled	false	false			plugsoft-hub,scp-185-ko
cn	钥匙	1500	2	unhandled	false	false			scp-cn-2487,scp-es-083
cn	阴阳寮	1501	2	unhandled	false	false			fusouki,scp-2630-jp
cn	青钝色的天空	1502	2	unhandled	false	false			aonibiiro-hub,goi-balls-05
cn	黄色	1503	2	unhandled	false	false			scp-007-pt,scp-682-fr-j
cn	黑暗日	1504	2	unhandled	false	false			czarne-niebo-hub,scp-cn-3052
cn	黑衣的茹素者	1505	2	unhandled	false	false			scp-2371-jp,zatto13-logo
cn	2015故事竞赛	1506	1	unhandled	false	false			v-er-d-2365
cn	2016插画竞赛b	1507	1	unhandled	false	false			littlewitch
cn	2017goi-de竞赛	1508	1	unhandled	false	false			scp-188-de
cn	2017世界末日竞赛	1509	1	unhandled	false	false			no-problem
cn	2018圣诞节竞赛	1510	1	unhandled	false	false			proposta-uilo-cruz-srbrasil
cn	2018构思竞赛	1511	1	unhandled	false	false			scp-es-052
cn	2018短篇故事竞赛	1512	1	unhandled	false	false			cogito
cn	2019goi-ko竞赛	1513	1	unhandled	false	false			note-hub
cn	2019万圣节fr竞赛	1514	1	unhandled	false	false			scp-911-fr-ex
cn	2019探索竞赛	1515	1	unhandled	false	false			scp-es-138
cn	2019连写竞赛a	1516	1	unhandled	false	false			scp-1925-jp
cn	2020-08竞赛	1517	1	unhandled	false	false			scp-157-ko
cn	2021pl设定竞赛	1518	1	unhandled	false	false			czarne-niebo-hub
cn	2021万圣节fr竞赛	1519	1	unhandled	false	false			bouteille-a-la-mer-dpwl
cn	2021假期竞赛	1520	1	unhandled	false	false			historia-polskiego-projektu-przechowawczego
cn	2021地下竞赛	1521	1	unhandled	false	false			nx-14
cn	2022goi格式竞赛	1522	1	unhandled	false	false			wniosek-o-dotacje-na-opracowanie-srodka-przeciwko-alergii
cn	2022q竞赛	1523	1	unhandled	false	false			quintessence
cn	2022“q”竞赛	1524	1	unhandled	false	false			scp-2608-jp
cn	2023丰收节竞赛	1525	1	unhandled	false	false			scp-1504-ko
cn	2023团队竞赛	1526	1	unhandled	false	false			mortal-emulator-grandchild
cn	2024愤怒竞赛-hu	1527	1	unhandled	false	false			wrathcon-hu
cn	2025万圣节fr竞赛	1528	1	unhandled	false	false			les-autres-aventures-du-docteur-arrow
cn	2025时之竞赛	1529	1	unhandled	false	false			scp-3046-jp
cn	_baao	1530	1	unhandled	false	false			comite-denquete-n-e-7010-1934
cn	_cfo	1531	1	unhandled	false	false			cfo-c4t-g1rl
cn	_eric	1532	1	jp_tag_alias	true	true	_エリック		erics-mega-zine-vol-49-an-intermission-to-keep-you-hanging
cn	_licensebox	1533	1	unhandled	false	false			scp-399-de
cn	_mac	1534	1	unhandled	false	false			ya-te-veo
cn	_东弊重工	1535	1	unhandled	false	false			shouhei-project-001
cn	_亨特工业	1536	1	unhandled	false	false			zlecenie-mef-7629
cn	_其他-jp	1537	1	unhandled	false	false			garagara-shoppingpage-coolerbox
cn	_卷袖俱乐部	1538	1	unhandled	false	false			boyi
cn	_叶孙	1539	1	unhandled	false	false			diep-luc-chan-kinh-su-tich-ba-chua-coi
cn	_哥布林-哥布林	1540	1	unhandled	false	false			scp-6467
cn	_哥布林-大逃杀	1541	1	unhandled	false	false			scp-7209
cn	_巴西异常监管局	1542	1	unhandled	false	false			sbpfile-232
cn	_梦见科技	1543	1	unhandled	false	false			project-no-0681
cn	_清海镇	1544	1	unhandled	false	false			ren-gong-zi
cn	_狄瓦	1545	1	unhandled	false	false			na-bestyje-przepis-jeden-kranca-wdech
cn	_竞赛项目4	1546	1	unhandled	false	false			dream-date
cn	_第二海托世教会	1547	1	unhandled	false	false			collection-of-documents-on-primitive-beliefs-about-hytoth
cn	_街巷	1548	1	unhandled	false	false			dark-thinig-ssul
cn	_辉煌居业	1549	1	unhandled	false	false			ubikaz
cn	_阿卡迪亚	1550	1	unhandled	false	false			muckraker-and-muckraker-deluxe
cn	_青大将	1551	1	jp_tag_name	true	true	_青大将		surface-to-air-bamboo
cn	alda	1552	1	unhandled	false	false			scp-642-fr
cn	aleph之从者	1553	1	unhandled	false	false			apres-aleph
cn	aleph月报	1554	1	unhandled	false	false			gda-n-57
cn	altplaces05	1555	1	unhandled	false	false			wanderers:tespage
cn	andrés-mondragón	1556	1	jp_tag_alias	true	true	アンドレス・モンドラゴン		scp-es-296
cn	aquatic	1557	1	jp_tag_alias	true	true	水中		wanderers:the-lake
cn	argus	1558	1	jp_tag_alias	true	true	アーガス		argus-inc-hub
cn	bioarea78	1559	1	jp_tag_alias	true	true	バイオエリア-78		scp-087-th
cn	blue-blooded-alien	1560	1	unhandled	false	false			oh-lord
cn	blue-crab	1561	1	unhandled	false	false			scp-057-int
cn	cbsp	1562	1	jp_tag_name	true	true	cbsp		cbsp-hub
cn	cc系列	1563	1	unhandled	false	false			ein-baum-ein-juwel-eine-familie-hub
cn	ci	1564	1	unhandled	false	false			ci:mission-statement
cn	cities04	1565	1	unhandled	false	false			wanderers:tespage
cn	cjy	1566	1	unhandled	false	false			scp-cjy-117
cn	contest-j-1-2019	1567	1	jp_tag_name	true	true	contest-j-1-2019		scp-315-sl-j
cn	cs竞赛1	1568	1	unhandled	false	false			scp-042-cs
cn	cs竞赛4	1569	1	unhandled	false	false			cz-contest-iv-hub
cn	d-2930	1570	1	jp_tag_name	true	true	d-2930		shirasutaro-artwork
cn	da	1571	1	unhandled	false	false			scp-003-da
cn	daleth	1572	1	unhandled	false	false			scp-569-fr
cn	demon	1573	1	unhandled	false	false			scp-5116
cn	dira	1574	1	jp_tag_name	true	true	dira		dira-hub
cn	drama	1575	1	unhandled	false	false			wanderers:the-lake
cn	es100	1576	1	jp_tag_name	true	true	es100		scp-es-100
cn	es300竞赛	1577	1	unhandled	false	false			scp-es-300
cn	eu	1578	1	unhandled	false	false			scp-eu-001
cn	faust博士	1579	1	unhandled	false	false			scp-003-int
cn	fi	1580	1	unhandled	false	false			scp-58-fi
cn	florence-thorne	1581	1	unhandled	false	false			much-wisdom-much-grief
cn	ghimel	1582	1	jp_tag_alias	true	true	サイト-ghimel		scp-053-fr
cn	group-hub	1583	1	unhandled	false	false			department-of-continuity-hub
cn	ir	1584	1	unhandled	false	false			scp-002-ir
cn	iris-thompson	1585	1	jp_tag_alias	true	true	アイリス・トンプソン		art:they-thought-he-was-your-boyfriend
cn	is	1586	1	unhandled	false	false			scp-010-is
cn	just-girly-things	1587	1	jp_tag_name	true	true	just-girly-things		polyester-woman
cn	lemrusan	1588	1	unhandled	false	false			scp-099-id
cn	luisa-vander	1589	1	jp_tag_alias	true	true	ルイサ・ヴァンデル		scp-es-101-j
cn	machina	1590	1	jp_tag_name	true	true	machina		scp-156-de
cn	mem	1591	1	jp_tag_alias	true	true	エリア-mem		dossier-zone-mem
cn	mr-royer	1592	1	jp_tag_alias	true	true	ロイヤーズ		your-magic-wand
cn	music	1593	1	unhandled	false	false			wanderers:improvised-ragtime-at-atrium-21
cn	nd-da	1594	1	unhandled	false	false			da:scp-001-nd
cn	nd-no	1595	1	unhandled	false	false			no:scp-001-nd
cn	nl	1596	1	unhandled	false	false			scp-002-nl
cn	norvelio-medatia	1597	1	unhandled	false	false			nx-14
cn	phantomprom2024	1598	1	unhandled	false	false			wanderers:eyes-like-the-heads-of-nails
cn	picturepalooza2022	1599	1	unhandled	false	false			wanderers:a-disease-of-the-flesh
cn	poi-1933	1600	1	jp_tag_name	true	true	poi-1933		miyazawakenji-hub
cn	rave-fm	1601	1	unhandled	false	false			rapportdecouteravefm
cn	richard-barnard	1602	1	unhandled	false	false			scp-es-101-j
cn	richard-dunwich	1603	1	unhandled	false	false			scp-es-101-j
cn	romcon2023-unofficial	1604	1	jp_tag_name	true	true	romcon2023-unofficial		agne-and-their-deer
cn	ruprecht-carter	1605	1	jp_tag_name	true	true	ruprecht-carter		delendases-f3b3r-x44nm-pll77
cn	scp-210-jp	1606	1	jp_tag_name	true	true	scp-210-jp		scp-front-jp
cn	sga	1607	1	unhandled	false	false			deleted:scp-sga-009
cn	sh	1608	1	unhandled	false	false			scp-001-sh-j
cn	site-81uo	1609	1	unhandled	false	false			mortal-emulator-grandchild
cn	spicy-crust-pizzeria	1610	1	unhandled	false	false			how-to-remove-kerosene-from-a-polyester-dress
cn	stop-making-sense	1611	1	unhandled	false	false			scp-9363
cn	t-arot	1612	1	unhandled	false	false			tarot-in-a-caramel-box
cn	tav	1613	1	jp_tag_alias	true	true	サイト-tav		scp-056-fr
cn	teresa-bárbara	1614	1	unhandled	false	false			scp-es-097
cn	the-library	1615	1	unhandled	false	false			wanderers:improvised-ragtime-at-atrium-21
cn	tl	1616	1	unhandled	false	false			scp-067-tl
cn	tok	1617	1	unhandled	false	false			scp-021-tok
cn	tr	1618	1	jp_tag_name	true	true	tr		scp-tr-049
cn	von-braun博士	1619	1	unhandled	false	false			scp-057-int
cn	wing-two	1620	1	unhandled	false	false			wanderers:death-of-a-death
cn	yakushi‬	1621	1	unhandled	false	false			yakushi-logo
cn	yggdrasil-s-surveyor	1622	1	jp_tag_alias	true	true	ユグドラシルの測量技師		hopping-through-worlds
cn	zayin	1623	1	jp_tag_alias	true	true	サイト-zayin		scp-125-fr
cn	 电磁	1624	1	unhandled	false	false			scp-8024
cn	三千里-光州	1625	1	unhandled	false	false			scp-518-ko
cn	交互链接活动	1626	1	unhandled	false	false			early-summer-rain-on-arca
cn	人类复兴倡议	1627	1	unhandled	false	false			scp-156-de
cn	传承-jp	1628	1	unhandled	false	false			heritage-collection-jp
cn	低科技	1629	1	unhandled	false	false			wanderers:the-three-kings
cn	信息性	1630	1	unhandled	false	false			scp-648-fr
cn	儿童	1631	1	unhandled	false	false			scp-9115
cn	光兴电子	1632	1	unhandled	false	false			theme:it-pillar-of-industry
cn	公民	1633	1	unhandled	false	false			an-article-by-a-citizen
cn	净土真宗本愿自傲派	1634	1	unhandled	false	false			scp-1336-jp
cn	凤凰-夜莺-与喜鹊	1635	1	unhandled	false	false			much-wisdom-much-grief
cn	凯	1636	1	unhandled	false	false			versus-kai
cn	判官会	1637	1	jp_tag_name	true	true	判官会		fusouki
cn	十周年overhaul活动	1638	1	unhandled	false	false			scp-2422-jp
cn	卡奇世界有限公司	1639	1	unhandled	false	false			tranquilo
cn	原初	1640	1	unhandled	false	false			centre-de-primordial
cn	可持续收容开发科	1641	1	unhandled	false	false			scp-569-ko
cn	史蒂夫·阮	1642	1	unhandled	false	false			don-vi-tam-linh-hub
cn	吹上人事官	1643	1	jp_tag_name	true	true	吹上人事官		now-that-the-rhinos-are-not-dying
cn	地中海广目会	1644	1	unhandled	false	false			entretiens-avec-de-potentiels-nouveaux-dieux
cn	地图	1645	1	unhandled	false	false			scp-029-fr
cn	城市奇异事务至尊议院	1646	1	unhandled	false	false			chronicle-4-162
cn	基金会员工id	1647	1	unhandled	false	false			dream-date
cn	大怪兽决战故事	1648	1	unhandled	false	false			goi-balls-05
cn	天王寺博士	1649	1	jp_tag_name	true	true	天王寺博士		scp-185-jp
cn	媒介	1650	1	unhandled	false	false			scp-103-ko
cn	室内	1651	1	unhandled	false	false			scp-cn-3385
cn	宴会之后	1652	1	unhandled	false	false			goi-balls-05
cn	小哈瓦那	1653	1	unhandled	false	false			carroll-305-la-pequena-habana
cn	层层帷幕	1654	1	unhandled	false	false			5-veil-tiers
cn	幕后花絮	1655	1	unhandled	false	false			dans-les-coulisses
cn	平行地球	1656	1	unhandled	false	false			wanderers:the-three-kings
cn	异常艺术学部	1657	1	unhandled	false	false			department-of-anart
cn	形式部门	1658	1	unhandled	false	false			formality-department-hub
cn	心智影响	1659	1	unhandled	false	false			scp-cn-3346
cn	恶魔学部	1660	1	unhandled	false	false			nx-666
cn	摄影师甘梨	1661	1	unhandled	false	false			shirasutaro-artwork
cn	政治	1662	1	unhandled	false	false			scp-9223
cn	救济部门	1663	1	unhandled	false	false			rehabilitation-department-hub
cn	救生筏	1664	1	unhandled	false	false			scp-2265-jp
cn	无之竞赛2019	1665	1	unhandled	false	false			scp-1369-jp
cn	日奉茜	1666	1	jp_tag_name	true	true	日奉茜		collected-item-no1080
cn	日奉薮	1667	1	jp_tag_name	true	true	日奉薮		surface-to-air-bamboo
cn	旧南关东奇谭会界隈	1668	1	unhandled	false	false			collected-item-no1080
cn	暗影举起圣杯	1669	1	unhandled	false	false			goi-balls-03
cn	机器人共和国	1670	1	unhandled	false	false			external-relations-orientation-robotic-republic
cn	校园	1671	1	unhandled	false	false			wanderers:aliens-in-america
cn	桃源湾	1672	1	unhandled	false	false			scp-8705
cn	桑名博士	1673	1	jp_tag_name	true	true	桑名博士		hasuma-monochromeartworks
cn	模因危害	1674	1	unhandled	false	false			scp-cn-4288
cn	模因性	1675	1	unhandled	false	false			scp-9245-j
cn	欢声笑语	1676	1	unhandled	false	false			wanderers:happy-daily-news-one
cn	武泰	1677	1	unhandled	false	false			scp-es-278
cn	河流设定	1678	1	unhandled	false	false			wanderers:in-a-forest-dying-the-fen-is-born
cn	流言部门	1679	1	unhandled	false	false			department-of-hearsay
cn	消照闇子	1680	1	jp_tag_name	true	true	消照闇子		scp-3999-jp
cn	清洁有保障	1681	1	unhandled	false	false			site-19-dossier
cn	特工rodney	1682	1	unhandled	false	false			broken-bowe
cn	特工应神	1683	1	unhandled	false	false			shirasutaro-artwork
cn	特工来栖	1684	1	unhandled	false	false			shirasutaro-artwork
cn	特工谷崎	1685	1	unhandled	false	false			shirasutaro-artwork
cn	特拉尼延科	1686	1	unhandled	false	false			hub-sueno-nuclear
cn	猎手黑屋	1687	1	unhandled	false	false			oroks-ball
cn	王室	1688	1	unhandled	false	false			wanderers:the-three-kings
cn	玻璃	1689	1	unhandled	false	false			scp-es-101-j
cn	球形	1690	1	unhandled	false	false			scp-6218
cn	生活片段	1691	1	unhandled	false	false			wanderers:egg
cn	生物	1692	1	unhandled	false	false			scp-2275
cn	白子博士	1693	1	jp_tag_name	true	true	白子博士		scp-front-jp
cn	白色家系图录	1694	1	unhandled	false	false			shironose-suna
cn	短篇小说	1695	1	unhandled	false	false			wanderers:all-the-tales-about-you
cn	研究员波户崎	1696	1	unhandled	false	false			shirasutaro-artwork
cn	研究员神惠	1697	1	unhandled	false	false			ice-epiphyllum-oxypetalum-jp
cn	神之魔法	1698	1	unhandled	false	false			gottes-magie-hub-arc
cn	神山博士	1699	1	jp_tag_name	true	true	神山博士		scp-079-jp
cn	神龛	1700	1	unhandled	false	false			scp-122-pt
cn	福路搜索部队长	1701	1	unhandled	false	false			shirasutaro-artwork
cn	离散民	1702	1	unhandled	false	false			scp-612-fr
cn	种群性	1703	1	unhandled	false	false			scp-cn-3622
cn	科技奇术师	1704	1	unhandled	false	false			concerto
cn	突变者协会	1705	1	unhandled	false	false			concerto
cn	管理员御先	1706	1	unhandled	false	false			voice-cat-go
cn	系列	1707	1	unhandled	false	false			wanderers:transient-collection
cn	纸鸟	1708	1	unhandled	false	false			scp-750-fr
cn	绿色大地	1709	1	unhandled	false	false			early-summer-rain-on-arca
cn	羊类	1710	1	unhandled	false	false			scp-418-fr
cn	背水一战	1711	1	unhandled	false	false			dos-au-mur
cn	自然	1712	1	unhandled	false	false			wanderers:on-cisgender
cn	花之天堂	1713	1	unhandled	false	false			flower-heaven-hub
cn	若叶竞赛	1714	1	unhandled	false	false			reinofollower1-jp
cn	萨谬玛丽	1715	1	unhandled	false	false			shark-harbor-wikipedia
cn	蚂蚁	1716	1	unhandled	false	false			scp-070-de
cn	言灵故事祭	1717	1	unhandled	false	false			zennose1200yen
cn	记录官角宇野	1718	1	unhandled	false	false			shirasutaro-artwork
cn	设定	1719	1	unhandled	false	false			wanderers:fear-and-loathing-in-the-wanderers-library
cn	设定中心	1720	1	unhandled	false	false			eventyr-hub
cn	调停官islands	1721	1	unhandled	false	false			shirasutaro-artwork
cn	费布里斯制药	1722	1	unhandled	false	false			theme:febris-farmaceutica
cn	超现实主义	1723	1	unhandled	false	false			scp-9805
cn	辉暮引路人	1724	1	unhandled	false	false			theme:some-guider
cn	逻各斯公司	1725	1	unhandled	false	false			scp-1192-ru
cn	酒精	1726	1	unhandled	false	false			scp-9085
cn	金色鸟笼	1727	1	unhandled	false	false			theme:oblast-91
cn	门神兄弟会	1728	1	unhandled	false	false			scp-001-it-graf
cn	霍尤伊尼亚	1729	1	unhandled	false	false			nx-14
cn	鞑靼之轭	1730	1	unhandled	false	false			goi-balls-05
cn	音声美学	1731	1	unhandled	false	false			sharkypedia-eoyemlau
cn	项目等级最强决定战2025	1732	1	unhandled	false	false			scp-3074-jp
cn	马克斯	1733	1	unhandled	false	false			yamizushi-file-no052
cn	高塔骑士团	1734	1	unhandled	false	false			concerto
cn	高奇幻	1735	1	unhandled	false	false			wanderers:the-three-kings
cn	龍	1736	1	unhandled	false	false			yamizushi-file-no052
cs	české	1	595	jp_unused_replacement	true	true		cs	a-tak-zila,abnormalni-setkani-zuzany-rosslove,abstinencni-priznaky,adventnipribeh,amogus-con
cs	tale	2	273	jp_tag_name	true	true	tale		a-tak-zila,abnormalni-setkani-zuzany-rosslove,abstinencni-priznaky,adventnipribeh,anatomie-uteku
cs	scp	3	234	jp_tag_name	true	true	scp		modular-s-proposal-j,navrh-uzivatele-lyppiatt,navrh-uzivatele-steven-choros,navrh-uzivatele-utylike,scp-002-cs
cs	korekce	4	205	unhandled	false	false			asi-takovej-pocit-jako-je-bodnuti-noze,atelier-tveho-vnitrniho-ja,batovideniky,bergmannuv-paradox,bily-monster
cs	_c	5	148	unhandled	false	false			az-me-zitra-rano-v-pet-ke-zdi-postavi,cerveny-a-cerny,cesta-dlazdena-krvi,den-kdy-po-sobe-strilela-cela-oblast-91,denik-profesor-s-1
cs	budování-světa	6	88	unhandled	false	false			abnormalni-setkani-zuzany-rosslove,asi-takovej-pocit-jako-je-bodnuti-noze,atelier-tveho-vnitrniho-ja,bolistky,brnensky-sen
cs	euclid	7	73	jp_tag_name	true	true	euclid		navrh-uzivatele-steven-choros,scp-002-cs-j,scp-004-cs-arc,scp-005-cs,scp-006-cs
cs	_media	8	70	unhandled	false	false			scp-002-cs,scp-003-cs,scp-004-cs-arc,scp-006-cs,scp-009-cs
cs	safe	9	69	jp_tag_name	true	true	safe		navrh-uzivatele-steven-choros,scp-002-cs,scp-003-cs,scp-008-cs,scp-011-cs
cs	žižkovská-díra	10	66	unhandled	false	false			abstinencni-priznaky,asi-takovej-pocit-jako-je-bodnuti-noze,asynchronie-bijicich-srdci,atelier-tveho-vnitrniho-ja,cesta-jde-porad-dal-a-dal-kupredu-pryc-jde-od-mych-vrat
cs	_cc	11	58	unhandled	false	false			scp-002-cs,scp-003-cs,scp-006-cs,scp-009-cs,scp-011-cs
cs	pochmurné	12	58	unhandled	false	false			abnormalni-setkani-zuzany-rosslove,anatomie-uteku,asi-takovej-pocit-jako-je-bodnuti-noze,asynchronie-bijicich-srdci,brnensky-sen
cs	joke	13	52	jp_tag_alias	true	true	ジョーク		aprilstory,arkham,citokniha-padawana-ikea,datova-polozka-id-clwv359qn000008le84z0czkx,denik-profesor-s-2
cs	keter	14	47	jp_tag_name	true	true	keter		scp-007-cs,scp-013-cs,scp-014-cs,scp-019-cs,scp-024-cs
cs	crack-fic	15	46	unhandled	false	false			aprilstory,arkham,citokniha-padawana-ikea,crack-fic-hub,datova-polozka-id-clwv359qn000008le84z0czkx
cs	utyhotéma2024	16	46	unhandled	false	false			asynchronie-bijicich-srdci,der-plan-klang-klar,ditte-moi-pettite-coeur-pour-qui-tu-as-battu,do-kralici-nory-hopem,efektivita
cs	slice-of-life	17	43	unhandled	false	false			anatomie-uteku,asynchronie-bijicich-srdci,cesta-vzhuru,den-kdy-po-sobe-strilela-cela-oblast-91,do-kralici-nory-hopem
cs	humanoid	18	40	jp_tag_alias	true	true	人間型		scp-002-cs,scp-002-cs-j,scp-004-cs-arc,scp-005-cs,scp-012-cs
cs	ovlivňující-mysl	19	39	unhandled	false	false			scp-007-cs,scp-009-cs,scp-011-cs,scp-016-cs,scp-017-cs
cs	hořkosladké	20	32	unhandled	false	false			az-me-zitra-rano-v-pet-ke-zdi-postavi,der-plan-klang-klar,ditte-moi-pettite-coeur-pour-qui-tu-as-battu,falsa-spes,frustrace-z-rozmotanych-uzlu
cs	komedie	21	32	unhandled	false	false			abstinencni-priznaky,den-kdy-po-sobe-strilela-cela-oblast-91,falsa-spes,hledani-osudu-behem-zahalky,hospodska-sazka-se-strachem
cs	vojenská-fikce	22	29	unhandled	false	false			bolestive-vzpominky,der-plan-klang-klar,ditte-moi-pettite-coeur-pour-qui-tu-as-battu,falsa-spes,jak-jsem-vymenil-zbroj-za-plast
cs	doktor-dinnský	23	28	unhandled	false	false			bolistky,cesta-vzhuru,dalsi-prenos,epilog-ipsv,hledani-osudu-behem-zahalky
cs	uvědomělé	24	27	unhandled	false	false			scp-002-cs,scp-013-cs,scp-019-cs,scp-021-cs-arc,scp-023-cs
cs	z-první-osoby	25	27	unhandled	false	false			cerveny-a-cerny,cesta-dlazdena-krvi,cesta-vzhuru,dalsi-prenos,denik-profesor-s-1
cs	ezoterická-třída	26	26	unhandled	false	false			navrh-uzivatele-steven-choros,navrh-uzivatele-utylike,scp-002-cs,scp-004-cs,scp-0046-cs
cs	zlatá-klec	27	26	unhandled	false	false			az-me-zitra-rano-v-pet-ke-zdi-postavi,den-kdy-po-sobe-strilela-cela-oblast-91,exoticke-snove-vzorce,finis-auream-caveam,jak-jsem-vymenil-zbroj-za-plast
cs	absurdní-fikce	28	23	unhandled	false	false			abstinencni-priznaky,bolistky,dalsi-prenos,diravdire,fascinujici-stvoreni
cs	autor	29	23	unhandled	false	false			chamik,h3g1,longuv-rozcestnik,osobni-slozka-atlas,osobni-slozka-blakedin
cs	inteligentní	30	23	unhandled	false	false			scp-002-cs,scp-013-cs,scp-019-cs,scp-021-cs-arc,scp-023-cs
cs	horor	31	22	unhandled	false	false			denik-profesor-s-1,denik-profesor-s-2,efektivita,exoticke-snove-vzorce,finis-auream-caveam
cs	mysteriózní	32	22	unhandled	false	false			a-tak-zila,abnormalni-setkani-zuzany-rosslove,brnensky-sen,dalsi-prenos,denik-profesor-s-1
cs	lokace	33	21	unhandled	false	false			navrh-uzivatele-lyppiatt,scp-004-cs,scp-004-cs-arc,scp-011-cs,scp-018-cs
cs	hub	34	20	jp_tag_alias	true	true	ハブ		amogus-con,bergmannuv-paradox,cesta-k-prazdnote-hub,crack-fic-hub,cs-contest-klise-hub
cs	lgbtq	35	20	unhandled	false	false			asynchronie-bijicich-srdci,der-plan-klang-klar,ditte-moi-pettite-coeur-pour-qui-tu-as-battu,jeho-hrejive-slunce,lass-die-revolution-kommen
cs	překladatel	36	20	jp_unused_replacement	true	true		著者ページ	chamik,h3g1,longuv-rozcestnik,osobni-slozka-atlas,osobni-slozka-docked
cs	romantické	37	20	unhandled	false	false			asynchronie-bijicich-srdci,cesta-jde-porad-dal-a-dal-kupredu-pryc-jde-od-mych-vrat,cista-laska-je-mozna,hospodska-sazka-se-strachem,jeho-hrejive-slunce
cs	akční	38	19	unhandled	false	false			asi-takovej-pocit-jako-je-bodnuti-noze,exoticke-snove-vzorce,finis-auream-caveam,huraakce,ja-zapomenout-nechtel
cs	doktor-dickens	39	19	unhandled	false	false			do-kralici-nory-hopem,epilog-ipsv,hledani-osudu-behem-zahalky,i-pres-to-se-vracim,ja-zapomenout-nechtel
cs	kognitohazard	40	19	unhandled	false	false			scp-002-cs,scp-011-cs,scp-019-cs,scp-035-cs,scp-036-cs-j
cs	novinky	41	18	unhandled	false	false			novinky-01-2022,novinky-02-2022,novinky-03-2022,novinky-04-2022,novinky-08-2021
cs	agentka-d'ammas	42	17	unhandled	false	false			bolestive-vzpominky,der-plan-klang-klar,jak-si-to-predstavuji,jeste-jednu-rundu,krasna-tepla-noc
cs	extradimenzionální	43	17	unhandled	false	false			navrh-uzivatele-steven-choros,scp-002-cs,scp-034-cs,scp-048-cs-arc,scp-049-cs
cs	črod	44	16	unhandled	false	false			encore1,intermezzo3,navrh-uzivatele-steven-choros,navrh-uzivatele-utylike,plynuti-dekad-a-blahovy-sen
cs	meta	45	15	jp_tag_alias	true	true	メタ		aprilstory,nikdo-nevi,osobni-slozka-utylike-april2021,psychotest-dr-choros,scp-011-cs
cs	šťastně-až-do-smrti-neexistuje	46	15	unhandled	false	false			der-plan-klang-klar,ditte-moi-pettite-coeur-pour-qui-tu-as-battu,falsa-spes,lass-die-revolution-kommen,ne-pas-battu-petite-coeur-de-moi
cs	živé	47	15	unhandled	false	false			scp-002-cs,scp-008-cs,scp-010-cs,scp-019-cs,scp-021-cs-arc
cs	april-2025	48	14	unhandled	false	false			arkham,citokniha-padawana-ikea,denik-profesor-s-2,divoka-noc-na-isla-vymazano,dva-jedna-nula
cs	doktor-choroš	49	14	unhandled	false	false			jako-mlha,krasna-tepla-noc,ktn-rebuild,odrazy-slabosti,osobni-slozka-drchoros
cs	dobrodružné	50	13	unhandled	false	false			asi-takovej-pocit-jako-je-bodnuti-noze,cesta-vzhuru,denik-profesor-s-1,denik-profesor-s-2,i-pres-to-se-vracim
cs	historické	51	13	unhandled	false	false			cista-laska-je-mozna,klic-k-republice,navrh-uzivatele-steven-choros,scp-0046-cs,scp-084-cs
cs	deník	52	12	unhandled	false	false			batovideniky,coze-se-vlastne-stalo,denik-felicie,denik-profesor-s-1,denik-profesor-s-2
cs	kriminální	53	12	unhandled	false	false			brnensky-sen,co-se-skryva-v-listi,coze-se-vlastne-stalo,frustrace-z-rozmotanych-uzlu,kategoricky-imperativ-kraliku
cs	memetické	54	12	unhandled	false	false			scp-010-cs,scp-027-cs,scp-048-cs,scp-086-cs,scp-1111-cs-j
cs	neutralized	55	12	jp_tag_name	true	true	neutralized		scp-009-cs,scp-016-cs,scp-058-cs,scp-059-cs,scp-076-cs
cs	cs-soutěž-9	56	11	unhandled	false	false			abnormalni-setkani-zuzany-rosslove,brnensky-sen,i-m-not-like-them-but-i-can-pretend,nemeli-pravo-mi-je-vzit,palis-doutnas-nehoris
cs	cs-soutěž-klišé	57	11	unhandled	false	false			cs-contest-klise-hub,scp-038-cs,scp-061-cs,scp-089-cs,scp-110-cs
cs	soutěž-splněné-přání2026	58	11	unhandled	false	false			bily-monster,dovolena-ani-nahodou,encore1,huraakce,metamorfozy-milence
cs	řekytaj	59	11	unhandled	false	false			anatomie-uteku,co-se-skryva-v-listi,k,kempingova-sezona,memento-lovec
cs	_tale-hub	60	10	unhandled	false	false			amogus-con,bergmannuv-paradox,cesta-k-prazdnote-hub,crack-fic-hub,podvodstoleti-hub
cs	cs-rewrite-soutěž	61	10	unhandled	false	false			scp-004-cs,scp-0046-cs,scp-021-cs,scp-045-cs,scp-048-cs
cs	globální-okultní-koalice	62	10	unhandled	false	false			jeste-jednu-rundu,kte-832-cervena-ego-kewpie,na-rozcesti-loajality,nic-nedava-smysl,pte-4201-scarlet-dagger-clockwork
cs	přeměna	63	10	unhandled	false	false			scp-015-cs,scp-099-cs,scp-119-cs,scp-154-cs-arc,scp-300-cs
cs	sarkické-kulty	64	10	unhandled	false	false			blizka-setkani-sarkickeho-druhu,metamorfozy-milence,roztresena-rezonance-hlasivek,scp-275-cs,scp-347-cs
cs	zvířecí	65	10	unhandled	false	false			scp-008-cs,scp-010-cs,scp-073-cs-arc,scp-104-cs,scp-111-cs
cs	časové	66	10	unhandled	false	false			navrh-uzivatele-utylike,scp-040-cs,scp-067-cs,scp-076-cs,scp-091-cs
cs	_bez-žánru	67	9	unhandled	false	false			cerveny-a-cerny,nakazliva-lecba-na-neduhy-sveta,paralyza,polibek-muzy,psychotest-dr-choros
cs	archivované	68	9	unhandled	false	false			scp-004-cs-arc,scp-021-cs-arc,scp-045-cs-arc,scp-048-cs-arc,scp-049-cs-arc
cs	cs-soutěž-5	69	9	jp_tag_alias	true	true	csコンテスト5		scp-005-cs,scp-006-cs,scp-028-cs,scp-031-cs,scp-045-cs-arc
cs	cs-soutěž-6	70	9	jp_tag_alias	true	true	csコンテスト6		scp-018-cs,scp-019-cs,scp-027-cs,scp-036-cs,scp-047-cs
cs	cs-soutěž-klišé-2	71	9	unhandled	false	false			navrh-uzivatele-lyppiatt,scp-185-cs,scp-215-cs,scp-295-cs,scp-609-cs
cs	honička	72	9	unhandled	false	false			finis-auream-caveam,huraakce,ja-zapomenout-nechtel,marnotratny-jazycek-duseneho-plamene,nebojuj-s-monstry
cs	nezadržené	73	9	unhandled	false	false			scp-007-cs,scp-013-cs,scp-091-cs,scp-101-cs,scp-191-cs
cs	návod	74	9	unhandled	false	false			casova-osa-ceske-vetve,ceske-uderne-jednotky,guide-for-translators,komentovany-preklad-poezie,terminologie
cs	potěšující	75	9	unhandled	false	false			i-m-not-like-them-but-i-can-pretend,jeho-hrejive-slunce,jen-tuhle-jednu-halloweenskou-noc,klicnik-a-muzikant,nesnasim-slovensko
cs	bez-dialogu	76	8	unhandled	false	false			efektivita,fascinujici-stvoreni,k,marnotratny-jazycek-duseneho-plamene,necht-je-ti-zeme-lehka
cs	cs-crack-fic	77	8	unhandled	false	false			hahaha-pogrs,krasna-tepla-noc,my-loever-the-dog-3,proc-ztracis-cas-ctenim-url-nemas-snad-nic-lepsiho-na-praci,projekt-xanisgon
cs	cs-crack-fic-2	78	8	unhandled	false	false			hvezdy-na-tebe-nestekaji,klub-agresivnich-chodnikojezdcu,metalurgie-a-metan,muj-maly-skipik,muj-milenec-kocka
cs	cs-crack-fic-3	79	8	unhandled	false	false			datova-polozka-id-clwv359qn000008le84z0czkx,graffiti-bridge,krest-ludvika-23,mmp-viii-parba-na-zizkove,rip-jozin-z-bazin
cs	doktor-dobesh	80	8	unhandled	false	false			krasna-tepla-noc,ktn-rebuild,osobni-slozka-dobesh,scp-056-cs,scp-099-cs
cs	goi-format	81	8	jp_tag_name	true	true	goi-format		az-4532-rv,az-9293-rv,hera-ladies,kte-832-cervena-ego-kewpie,pismeno-pe
cs	infohazard	82	8	jp_tag_alias	true	true	情報災害		scp-019-cs,scp-063-cs,scp-116-cs,scp-127-cs,scp-206-cs
cs	kazisvět	83	8	unhandled	false	false			medaile,nakazliva-lecba-na-neduhy-sveta,pernikove-srdce,prala-bych-si-abychom-spolu-meli-vice-casu,projekt-prefatyn
cs	kovové	84	8	unhandled	false	false			scp-009-cs,scp-030-cs,scp-075-cs,scp-092-cs,scp-095-cs
cs	můj-mlienec-pes	85	8	unhandled	false	false			hvezdy-na-tebe-nestekaji,mmp-viii-parba-na-zizkove,my-loever-the-dog-2,my-loever-the-dog-3,projekt-xanisgon
cs	povstání-chaosu	86	8	unhandled	false	false			intermezzo1,intermezzo2,podvodstoleti4,podvodstoleti5,podvodstoleti7
cs	příběhová-soutěž-1	87	8	unhandled	false	false			denik-profesor-s-1,doteky-cernych-peruti,i-pres-to-se-vracim,kimbl,mysl-v-nevedomi
cs	rostlinné	88	8	unhandled	false	false			scp-025-cs,scp-060-cs,scp-074-cs,scp-106-cs-arc,scp-138-cs
cs	soutěž-horor2025	89	8	unhandled	false	false			scp-127-cs,scp-191-cs,scp-300-cs,scp-323-cs,scp-333-cs
cs	soutěž-spolupráce2025	90	8	unhandled	false	false			batovideniky,cista-laska-je-mozna,klic-k-republice,kridla-mezi-svety,pte-4201-scarlet-dagger-clockwork
cs	soutěž-znovuzrození2025	91	8	jp_tag_alias	true	true	2025再誕コンテスト		kte-832-cervena-ego-kewpie,scp-085-cs,scp-105-cs,scp-109-cs,scp-617-cs
cs	surrealistická-fikce	92	8	unhandled	false	false			abnormalni-setkani-zuzany-rosslove,exoticke-snove-vzorce,hra-na-ziranou,komunitnipsani2021,komunitnipsani2023
cs	thaumiel	93	8	jp_tag_name	true	true	thaumiel		navrh-uzivatele-lyppiatt,scp-002-cs,scp-030-cs-j,scp-130-cs,scp-200-cs
cs	tělesný-horor	94	8	unhandled	false	false			denik-profesor-s-1,denik-profesor-s-2,kategoricky-imperativ-kraliku,metamorfozy-milence,scp-300-cs
cs	vyrobeno-nadací	95	8	unhandled	false	false			navrh-uzivatele-lyppiatt,scp-0046-cs,scp-049-cs-arc,scp-052-cs,scp-066-cs
cs	vánoce	96	8	unhandled	false	false			adventnipribeh,komunitnipsani2021,krasne-a-trpytive,pernikove-srdce,scp-811-cs
cs	artefakt	97	7	unhandled	false	false			navrh-uzivatele-steven-choros,scp-050-cs,scp-054-cs,scp-075-cs,scp-089-cs
cs	biologické	98	7	unhandled	false	false			modular-s-proposal-j,scp-154-cs,scp-154-cs-arc,scp-202-cs,scp-342-cs
cs	cesta-k-prázdnotě	99	7	unhandled	false	false			atelier-tveho-vnitrniho-ja,cesta-k-prazdnote-hub,co-bylo-nelze-vzit-zpet,jak-se-zbavit-svych-pratel,porozumeni-chybam
cs	dokument	100	7	unhandled	false	false			scp-056-cs,scp-109-cs,scp-243-cs,scp-410-cs,scp-502-cs
cs	mimozemské	101	7	unhandled	false	false			scp-037-cs,scp-227-cs,scp-571-cs,scp-698-cs,scp-799-cs
cs	náboženské	102	7	unhandled	false	false			scp-070-cs,scp-108-cs,scp-110-cs,scp-188-cs,scp-300-cs
cs	nástroj	103	7	unhandled	false	false			scp-030-cs,scp-040-cs,scp-080-cs,scp-088-cs,scp-124-cs
cs	ovlivňující-paměť	104	7	unhandled	false	false			scp-007-cs,scp-017-cs,scp-039-cs,scp-048-cs,scp-058-cs
cs	psychologický-horor	105	7	unhandled	false	false			efektivita,intrusive-thoughts,k,marnotratny-jazycek-duseneho-plamene,nemeli-pravo-mi-je-vzit
cs	předpovídající	106	7	unhandled	false	false			scp-045-cs,scp-045-cs-arc,scp-067-cs,scp-145-cs,scp-150-cs
cs	struktura	107	7	unhandled	false	false			scp-017-cs,scp-081-cs,scp-097-cs,scp-123-cs,scp-608-cs
cs	světlo	108	7	unhandled	false	false			scp-005-cs,scp-006-cs,scp-035-cs,scp-072-cs,scp-087-cs
cs	tekutina	109	7	unhandled	false	false			scp-014-cs,scp-018-cs-j,scp-069-cs,scp-099-cs,scp-119-cs
cs	česká-větev	110	7	jp_tag_alias	true	true	チェコscp財団		casova-osa-ceske-vetve,ceske-uderne-jednotky,dokumentace-zamestnancu-ceske-vetve,informace-o-ceske-vetvi-nadace,seznam-crod
cs	antimemetické	111	6	unhandled	false	false			scp-037-cs,scp-104-cs,scp-105-cs,scp-191-cs,scp-301-cs
cs	audio	112	6	jp_tag_alias	true	true	音声添付		asi-takovej-pocit-jako-je-bodnuti-noze,i-m-not-like-them-but-i-can-pretend,scp-002-cs,the-night-you-told-me-you-loved-me,zasedaci-pisnicka
cs	budova	113	6	unhandled	false	false			scp-081-cs,scp-107-cs,scp-111-cs,scp-608-cs,scp-688-cs
cs	cs-archivní-soutěž	114	6	unhandled	false	false			asi-takovej-pocit-jako-je-bodnuti-noze,neviditelni-lide,pismeno-pe,plynuti-dekad-a-blahovy-sen,studie-imanta-sarkicismus
cs	cs-soutěž-3	115	6	jp_tag_alias	true	true	csコンテスト3		scp-020-cs,scp-048-cs-arc,scp-063-cs,scp-073-cs-arc,scp-090-cs
cs	elektrické	116	6	unhandled	false	false			scp-002-cs,scp-029-cs,scp-044-cs,scp-101-cs,scp-103-cs
cs	jídlo	117	6	unhandled	false	false			scp-003-cs-j,scp-053-cs,scp-059-cs,scp-150-cs,scp-420-cs
cs	marshall-carter-a-dark	118	6	unhandled	false	false			scp-106-cs,stin-a-mraz-vukol-nas,tahy-stetcem,vec-perspektivy,vyjednavani-v-zastupu
cs	oheň	119	6	unhandled	false	false			scp-008-cs,scp-027-cs,scp-048-cs,scp-048-cs-arc,scp-076-cs
cs	ohýbání-reality	120	6	unhandled	false	false			scp-0046-cs,scp-103-cs,scp-113-cs,scp-324-cs,scp-451-cs
cs	plazovité	121	6	unhandled	false	false			scp-0046-cs,scp-008-cs,scp-046-cs,scp-104-cs,scp-126-cs
cs	pozorování	122	6	unhandled	false	false			scp-002-cs,scp-011-cs,scp-035-cs,scp-036-cs-j,scp-047-cs
cs	rea-utis-per	123	6	unhandled	false	false			asi-takovej-pocit-jako-je-bodnuti-noze,mene-lara-utis-per,scp-148-cs,scp-188-cs,scp-230-cs
cs	scénář-třídy-k	124	6	unhandled	false	false			scp-002-cs,scp-004-cs-arc,scp-014-cs,scp-046-cs,scp-095-cs
cs	časoprostor	125	6	unhandled	false	false			navrh-uzivatele-lyppiatt,navrh-uzivatele-steven-choros,navrh-uzivatele-utylike,scp-097-cs,scp-451-cs
cs	_other-lic	126	5	unhandled	false	false			scp-004-cs-arc,scp-042-cs,scp-071-cs,scp-082-cs,scp-173-cs
cs	cs-soutěž-2	127	5	jp_tag_alias	true	true	csコンテスト2		scp-012-cs,scp-034-cs,scp-041-cs,scp-055-cs-arc,scp-096-cs
cs	cs-soutěž-4	128	5	jp_tag_alias	true	true	csコンテスト4		scp-014-cs,scp-049-cs-arc,scp-052-cs,scp-111-cs,scp-275-cs
cs	gravisova-ezoterická-společnost	129	5	unhandled	false	false			scp-055-cs,scp-085-cs,scp-264-cs,scp-885-cs,scp-983-cs
cs	ignaristé	130	5	unhandled	false	false			mysl-v-nevedomi,scp-005-cs,scp-021-cs-arc,scp-051-cs,zrozeni-anima
cs	nepřátelské	131	5	unhandled	false	false			scp-083-cs,scp-093-cs,scp-101-cs,scp-173-cs,scp-410-cs
cs	náboženská-fikce	132	5	unhandled	false	false			asi-takovej-pocit-jako-je-bodnuti-noze,mene-lara-utis-per,spis-o-osudu-a-risi-utis-per,sroubovana,teologicke-zatmeni
cs	národní-depozitář-artefaktů	133	5	unhandled	false	false			plynuti-dekad-a-blahovy-sen,scp-038-cs,scp-400-cs,scp-760-cs,scp-803-cs
cs	portál	134	5	unhandled	false	false			scp-015-cs,scp-034-cs,scp-111-cs,scp-301-cs,scp-608-cs
cs	poutníkova-knihovna	135	5	unhandled	false	false			co-bylo-nelze-vzit-zpet,prskavka,scp-105-cs,scp-251-cs,zasedaci-pisnicka
cs	pravděpodobnost	136	5	unhandled	false	false			scp-043-cs,scp-056-cs,scp-091-cs,scp-095-cs,scp-215-cs
cs	z-jiného-světa	137	5	unhandled	false	false			asi-takovej-pocit-jako-je-bodnuti-noze,mene-lara-utis-per,prskavka,spis-o-osudu-a-risi-utis-per,strilim-od-boku-kupodivu-ve-vicero-svetech
cs	černá-komedie	138	5	unhandled	false	false			internarativni-ruleta,kategoricky-imperativ-kraliku,osud,palis-doutnas-nehoris,when-chair-breaks
cs	_cc4	139	4	unhandled	false	false			scp-014-cs,scp-019-cs,scp-111-cs,scp-324-cs
cs	april-2021	140	4	unhandled	false	false			aprilstory,modular-s-proposal-j,osobni-slozka-utylike-april2021,vevoda-az-do-rana
cs	broken-masquerade	141	4	jp_tag_alias	true	true	壊された虚構		cena-prilezitosti,paranoia,scp-004-cs,specialita-podniku
cs	cs-soutěž-1	142	4	jp_tag_alias	true	true	csコンテスト1		scp-023-cs,scp-033-cs,scp-042-cs,scp-070-cs
cs	dobové	143	4	unhandled	false	false			blizka-setkani-sarkickeho-druhu,denik-profesor-s-1,denik-profesor-s-2,memento-lovec
cs	dřevěné	144	4	unhandled	false	false			scp-016-cs,scp-045-cs,scp-045-cs-arc,scp-079-cs
cs	etická-komise	145	4	unhandled	false	false			cesta-dlazdena-krvi,scp-021-cs,scp-205-cs,scp-304-cs
cs	fantasy	146	4	unhandled	false	false			denik-profesor-s-1,denik-profesor-s-2,memento-lovec,mene-lara-utis-per
cs	halucinace	147	4	unhandled	false	false			scp-090-cs,scp-093-cs,scp-318-cs,scp-340-cs
cs	interaktivní	148	4	unhandled	false	false			mene-lara-utis-per,proc-ztracis-cas-ctenim-url-nemas-snad-nic-lepsiho-na-praci,psychotest-dr-choros,scp-072-cs
cs	meteorologické	149	4	unhandled	false	false			scp-028-cs,scp-031-cs,scp-045-cs,scp-045-cs-arc
cs	nezničitelné	150	4	unhandled	false	false			scp-050-cs,scp-084-cs,scp-227-cs,scp-698-cs
cs	parazitické	151	4	unhandled	false	false			scp-074-cs,scp-202-cs,scp-342-cs,scp-807-cs
cs	rozbitý-bůh	152	4	unhandled	false	false			scp-002-cs,scp-004-cs,scp-073-cs,svetlo-ktere-spaluje
cs	sci-fi	153	4	unhandled	false	false			nikdo-nevi,opravovani-chyb,svetlo-ktere-spaluje,zadrzovaci-inzenyri-drzi-spolu
cs	socha	154	4	unhandled	false	false			scp-038-cs,scp-090-cs,scp-181-cs,scp-185-cs
cs	stromové	155	4	unhandled	false	false			scp-003-cs,scp-011-cs,scp-060-cs,scp-106-cs
cs	telepatické	156	4	unhandled	false	false			scp-021-cs-arc,scp-032-cs,scp-053-cs,scp-080-cs
cs	teleportace	157	4	unhandled	false	false			scp-002-cs,scp-015-cs,scp-181-cs,scp-227-cs
cs	vesmírné	158	4	unhandled	false	false			opravovani-chyb,scp-799-cs,scp-968-cs,svetlo-ktere-spaluje
cs	vzorový-křikloun	159	4	unhandled	false	false			scp-082-cs,scp-190-cs,scp-410-cs,the-night-you-told-me-you-loved-me
cs	černá-královna	160	4	unhandled	false	false			stin-a-mraz-vukol-nas,strilim-od-boku-kupodivu-ve-vicero-svetech,vec-perspektivy,vsuvky-z-oblasti-91
cs	český-depozitář-nenormálna	161	4	unhandled	false	false			scp-008-cs,scp-188-cs,scp-227-cs,studie-imanta-sarkicismus
cs	řád-věže	162	4	unhandled	false	false			az-4532-rv,az-9293-rv,hera-ladies,rad-veze-hub
cs	001-návrh	163	3	unhandled	false	false			navrh-uzivatele-lyppiatt,navrh-uzivatele-steven-choros,navrh-uzivatele-utylike
cs	_řád-věže	164	3	unhandled	false	false			az-4532-rv,az-9293-rv,hera-ladies
cs	administrátor	165	3	unhandled	false	false			navrh-uzivatele-steven-choros,nikdo-nevi,scp-002-cs
cs	alternativní-historie	166	3	unhandled	false	false			paranoia,scp-189-cs,scp-315-cs
cs	artwork	167	3	jp_tag_alias	true	true	アートワーク		osobni-slozka-dobesh,osobni-slozka-drblazen,osobni-slozka-zozi2021
cs	autonomní	168	3	unhandled	false	false			scp-658-cs,scp-917-cs,scp-989-cs
cs	bezejmenní	169	3	unhandled	false	false			cesta-jde-porad-dal-a-dal-kupredu-pryc-jde-od-mych-vrat,scp-019-cs,scp-999-cs-sk
cs	cs-soutěž-7	170	3	unhandled	false	false			co-bude-magie,scp-410-cs,scp-682-cs
cs	detektivní	171	3	unhandled	false	false			oresnik-kouzelnik-a-vez,ranni-nalezy,setkani-v-knihovne
cs	doktor-bright	172	3	unhandled	false	false			hey-alexa,scp-002-cs,scp-999-cs-sk
cs	doktor-kondraki	173	3	unhandled	false	false			scp-002-cs,sermirsky-valcik-na-rozloucenou,slzy-v-doutnajicim-oblaku-koure
cs	doktor-krátký	174	3	unhandled	false	false			necht-je-ti-zeme-lehka,stastne-a-vesele,terminal-x496
cs	explained	175	3	jp_tag_name	true	true	explained		scp-072-cs,scp-251-cs,scp-793-cs
cs	gru-divize-p	176	3	unhandled	false	false			klic-k-republice,scp-315-cs,stiny-rudych-predsudku
cs	houbovité	177	3	unhandled	false	false			scp-105-cs,scp-154-cs,scp-154-cs-arc
cs	hračka	178	3	unhandled	false	false			scp-079-cs,scp-205-cs,scp-760-cs
cs	hudební	179	3	unhandled	false	false			scp-057-cs,scp-080-cs,scp-433-cs
cs	komunitní	180	3	unhandled	false	false			komunitnipsani2021,komunitnipsani2023,komunitnipsani2024
cs	kosmický-horor	181	3	unhandled	false	false			exoticke-snove-vzorce,finis-auream-caveam,mene-lara-utis-per
cs	matematické	182	3	unhandled	false	false			scp-112-cs,scp-116-cs,scp-199-cs
cs	metamorfní	183	3	unhandled	false	false			scp-007-cs,scp-023-cs,scp-025-cs
cs	organické	184	3	unhandled	false	false			scp-099-cs,scp-106-cs-arc,scp-138-cs
cs	oživování	185	3	unhandled	false	false			scp-023-cs,scp-617-cs,scp-989-cs
cs	podzemní	186	3	unhandled	false	false			scp-004-cs,scp-018-cs,scp-071-cs
cs	poezie	187	3	unhandled	false	false			kategoricky-imperativ-kraliku,ve-snu,zasedaci-pisnicka
cs	politické	188	3	unhandled	false	false			cista-laska-je-mozna,klic-k-republice,stiny-rudych-predsudku
cs	počítačové	189	3	unhandled	false	false			scp-078-cs,scp-106-cs,scp-333-cs
cs	psovité	190	3	unhandled	false	false			scp-010-cs,scp-216-cs,scp-932-cs
cs	přenos	191	3	unhandled	false	false			scp-002-cs,scp-082-cs,scp-842-cs
cs	sebereplikující	192	3	unhandled	false	false			scp-154-cs-arc,scp-500-cs,scp-571-cs
cs	soutěž	193	3	unhandled	false	false			cs-contest-klise-hub,soutez-znamenita-mrtvola2026-hub,vanocni-vytvarna-soutez
cs	spánek	194	3	unhandled	false	false			scp-083-cs,scp-215-cs,scp-682-cs
cs	stín	195	3	unhandled	false	false			scp-188-cs,scp-230-cs,scp-505-cs
cs	umělecké	196	3	unhandled	false	false			scp-090-cs,scp-500-cs,scp-803-cs
cs	vizuální	197	3	unhandled	false	false			scp-002-cs,scp-005-cs,scp-035-cs
cs	vánoční-nadílka-2023	198	3	unhandled	false	false			hospodska-sazka-se-strachem,nesnasim-slovensko,scp-842-cs
cs	_globální-okultní-koalice	199	2	unhandled	false	false			kte-832-cervena-ego-kewpie,pte-4201-scarlet-dagger-clockwork
cs	akustické	200	2	unhandled	false	false			scp-080-cs,scp-842-cs
cs	anderson	201	2	jp_tag_alias	true	true	アンダーソン		scp-189-cs,serie-sparrowhawk
cs	berlonoši	202	2	unhandled	false	false			kridla-mezi-svety,scp-105-cs
cs	biohazard	203	2	jp_tag_alias	true	true	生物災害		scp-154-cs,scp-154-cs-arc
cs	creepypasta	204	2	jp_tag_alias	true	true	クリーピーパスタ		k,koleje
cs	cs-soutěž-8	205	2	unhandled	false	false			mel-jsem-se-vratit,scp-037-cs
cs	císařská-komise	206	2	unhandled	false	false			scp-105-cs,studie-imanta-sarkicismus
cs	dr-wondertainment	207	2	jp_tag_alias	true	true	ワンダーテインメント博士		scp-002-cs,scp-026-cs
cs	empatické	208	2	unhandled	false	false			scp-022-cs,scp-917-cs
cs	esej	209	2	unhandled	false	false			spis-o-historii-ceske-vetve-i,spis-o-historii-ceske-vetve-ii
cs	fyzika	210	2	unhandled	false	false			scp-065-cs,scp-842-cs
cs	herman-fuller	211	2	jp_tag_alias	true	true	ハーマン・フラー		pismeno-pe,zklidnujici-opus-hermana-fullera
cs	jazyk	212	2	unhandled	false	false			scp-108-cs,scp-888-cs
cs	kain-pathos-crow	213	2	jp_tag_alias	true	true	ケイン・パトス・クロウ		my-loever-the-dog-2,scp-999-cs-sk
cs	klaun	214	2	unhandled	false	false			scp-127-cs,scp-760-cs
cs	kolaborace	215	2	unhandled	false	false			scp-080-cs,scp-420-cs
cs	kostra	216	2	unhandled	false	false			scp-104-cs,scp-617-cs
cs	koule	217	2	unhandled	false	false			scp-087-cs,scp-301-cs
cs	kámen	218	2	unhandled	false	false			scp-050-cs,scp-089-cs
cs	lékařské	219	2	unhandled	false	false			scp-138-cs,scp-295-cs
cs	manny	220	2	jp_tag_alias	true	true	マニー		pismeno-pe,zklidnujici-opus-hermana-fullera
cs	maxwellisté	221	2	unhandled	false	false			scp-004-cs,scp-106-cs
cs	mechanické	222	2	unhandled	false	false			scp-002-cs,scp-983-cs
cs	medvědí	223	2	unhandled	false	false			scp-073-cs,scp-073-cs-arc
cs	mrtvola	224	2	unhandled	false	false			scp-571-cs,scp-885-cs
cs	město	225	2	unhandled	false	false			scp-113-cs,scp-188-cs
cs	narativní	226	2	unhandled	false	false			scp-091-cs,scp-999-cs-sk
cs	neurologické	227	2	unhandled	false	false			scp-1111-cs-j,scp-555-cs
cs	nikdo	228	2	unhandled	false	false			nikdo-nevi,scp-107-cs
cs	nábytek	229	2	unhandled	false	false			scp-076-cs,scp-618-cs-j
cs	nákaza	230	2	unhandled	false	false			scp-202-cs,scp-505-cs
cs	nápis	231	2	unhandled	false	false			scp-500-cs,scp-888-cs
cs	oblečení	232	2	unhandled	false	false			scp-098-cs,scp-347-cs
cs	obskura	233	2	jp_tag_alias	true	true	オブスクラ		scp-008-cs,scp-275-cs
cs	oční	234	2	unhandled	false	false			scp-005-cs,scp-108-cs
cs	parawatch	235	2	jp_tag_alias	true	true	パラウォッチ		i-m-not-like-them-but-i-can-pretend,koleje
cs	politik	236	2	unhandled	false	false			scp-189-cs,scp-989-cs
cs	predátor	237	2	unhandled	false	false			scp-083-cs,scp-106-cs-arc
cs	prefatýn	238	2	unhandled	false	false			medaile,projekt-prefatyn
cs	pro-dospělé	239	2	unhandled	false	false			metamorfozy-milence,ruda-carodejka
cs	projekt-crossover	240	2	unhandled	false	false			vsaknes-se-do-me-jako-amnestika-tridy-f,xan-vs-administrator
cs	ptačí	241	2	unhandled	false	false			scp-114-cs,scp-707-cs
cs	přednáška	242	2	unhandled	false	false			guide-for-translators,xan-navod-1
cs	scp-173	243	2	jp_tag_name	true	true	scp-173		laska-je-slepa,scp-109-cs
cs	shark-punching-center	244	2	jp_tag_alias	true	true	サメ殴りセンター		scp-002-cs,spc-2256-cs-j
cs	smyslové	245	2	unhandled	false	false			scp-011-cs,scp-088-cs
cs	smyčka	246	2	unhandled	false	false			scp-103-cs,scp-842-cs
cs	telekinetické	247	2	unhandled	false	false			scp-023-cs,scp-053-cs
cs	továrna	248	2	unhandled	false	false			efektivita,scp-002-cs
cs	těžce-zničitelný-plaz	249	2	unhandled	false	false			fyco,scp-002-cs
cs	vodní	250	2	unhandled	false	false			scp-196-cs,scp-554-cs
cs	vozidlo	251	2	unhandled	false	false			scp-009-cs,scp-084-cs
cs	vyhynulé	252	2	unhandled	false	false			scp-104-cs,scp-340-cs
cs	vánoční-nadílka	253	2	unhandled	false	false			hospodska-sazka-se-strachem,nesnasim-slovensko
cs	vědění	254	2	unhandled	false	false			scp-009-cs,scp-062-cs
cs	ze-druhé-osoby	255	2	unhandled	false	false			hra-na-ziranou,mene-lara-utis-per
cs	šance-tam-nahoře	256	2	unhandled	false	false			scp-571-cs,svetlo-ktere-spaluje
cs	špionážní	257	2	unhandled	false	false			hydrant,stiny-rudych-predsudku
cs	_anderson	258	1	jp_tag_alias	true	true	_アンダーソン		serie-sparrowhawk
cs	_herman-fuller	259	1	jp_tag_alias	true	true	_ハーマン・フラー		pismeno-pe
cs	_pixabay	260	1	unhandled	false	false			scp-042-cs
cs	_remove-medium	261	1	unhandled	false	false			scp-028-cs
cs	_shark-punching-center	262	1	jp_tag_alias	true	true	_サメ殴りセンター		spc-2256-cs-j
cs	_unsplash	263	1	unhandled	false	false			scp-004-cs-arc
cs	adaptivní	264	1	unhandled	false	false			scp-154-cs-arc
cs	amorfní	265	1	unhandled	false	false			scp-086-cs
cs	are-we-cool-yet	266	1	jp_tag_name	true	true	are-we-cool-yet		scp-002-cs
cs	auditorní	267	1	unhandled	false	false			scp-433-cs
cs	bezobratlí	268	1	unhandled	false	false			scp-105-cs
cs	budoucnost	269	1	unhandled	false	false			scp-150-cs
cs	chemické	270	1	unhandled	false	false			scp-295-cs
cs	daybreak	271	1	jp_tag_alias	true	true	破暁		koleje
cs	delta-t	272	1	jp_tag_alias	true	true	デルタ-t		navrh-uzivatele-utylike
cs	dinosauří	273	1	unhandled	false	false			scp-104-cs
cs	doktor-cimmerian	274	1	unhandled	false	false			scp-002-cs
cs	doktor-clef	275	1	unhandled	false	false			hey-alexa
cs	doktor-gears	276	1	unhandled	false	false			scp-999-cs-sk
cs	doktor-king	277	1	unhandled	false	false			scp-999-cs-sk
cs	doktor-mann	278	1	unhandled	false	false			scp-002-cs
cs	doktor-pill	279	1	unhandled	false	false			scp-999-cs-sk
cs	draven-kondraki	280	1	jp_tag_alias	true	true	ドレイヴン・コンドラキ		scp-999-cs-sk
cs	druh	281	1	unhandled	false	false			scp-400-cs
cs	děti-noci	282	1	unhandled	false	false			scp-315-cs
cs	fenomén	283	1	unhandled	false	false			scp-909-cs
cs	geologické	284	1	unhandled	false	false			scp-018-cs
cs	hadova-ruka	285	1	unhandled	false	false			scp-034-cs
cs	hmyz	286	1	unhandled	false	false			scp-006-cs
cs	hra	287	1	unhandled	false	false			scp-114-cs
cs	icky	288	1	jp_tag_alias	true	true	イッキィ		zklidnujici-opus-hermana-fullera
cs	iniciativa-tří-měsíců	289	1	unhandled	false	false			scp-295-cs
cs	judith-lowová	290	1	unhandled	false	false			studie-imanta-sarkicismus
cs	klíč	291	1	unhandled	false	false			scp-324-cs
cs	kompulze	292	1	unhandled	false	false			scp-071-cs
cs	koncept	293	1	unhandled	false	false			scp-999-cs-sk
cs	kontejner	294	1	unhandled	false	false			scp-295-cs
cs	kočičí	295	1	unhandled	false	false			scp-983-cs
cs	krev	296	1	unhandled	false	false			scp-054-cs
cs	létající	297	1	unhandled	false	false			scp-087-cs
cs	mimické	298	1	unhandled	false	false			scp-884-cs
cs	miniaturní	299	1	unhandled	false	false			scp-081-cs
cs	mnohostěn	300	1	unhandled	false	false			scp-089-cs
cs	mytologická-fikce	301	1	unhandled	false	false			k
cs	médium	302	1	unhandled	false	false			scp-078-cs
cs	nahrávka	303	1	unhandled	false	false			scp-065-cs
cs	nedorozumění	304	1	unhandled	false	false			scp-127-cs
cs	nehmotné	305	1	unhandled	false	false			scp-083-cs
cs	nehybné	306	1	unhandled	false	false			scp-227-cs
cs	oddělení-abnormalit	307	1	unhandled	false	false			scp-123-cs
cs	oddělení-nereality	308	1	unhandled	false	false			scp-502-cs
cs	online	309	1	jp_tag_alias	true	true	オンライン		scp-044-cs
cs	ostrov	310	1	unhandled	false	false			scp-114-cs
cs	ovlivňování-mysli	311	1	unhandled	false	false			scp-983-cs
cs	pavoukovec	312	1	unhandled	false	false			scp-043-cs
cs	plynné	313	1	unhandled	false	false			scp-142-cs
cs	posmrtný-život	314	1	unhandled	false	false			scp-758-cs
cs	prostorové	315	1	unhandled	false	false			scp-301-cs
cs	protipožární-oddělení	316	1	unhandled	false	false			scp-200-cs
cs	psychologické	317	1	unhandled	false	false			scp-138-cs
cs	radioaktivní	318	1	unhandled	false	false			scp-968-cs
cs	restaurace-ambrose	319	1	unhandled	false	false			scp-154-cs-arc
cs	rituál	320	1	unhandled	false	false			scp-138-cs
cs	roj	321	1	unhandled	false	false			scp-807-cs
cs	ryba	322	1	unhandled	false	false			scp-554-cs
cs	rybí	323	1	unhandled	false	false			scp-909-cs
cs	sebeopravující	324	1	unhandled	false	false			scp-106-cs-arc
cs	sedmá-okultní-válka	325	1	unhandled	false	false			scp-275-cs
cs	sklo	326	1	unhandled	false	false			navrh-uzivatele-steven-choros
cs	slovenské	327	1	jp_unused_replacement	true	true		sk	nesnasim-slovensko
cs	soutěž-znamenitá-mrtvola2026	328	1	unhandled	false	false			soutez-znamenita-mrtvola2026-hub
cs	spotřebič	329	1	unhandled	false	false			scp-002-cs
cs	stroj	330	1	unhandled	false	false			scp-055-cs
cs	stydlivka	331	1	unhandled	false	false			laska-je-slepa
cs	taktická-teologie	332	1	unhandled	false	false			scp-324-cs
cs	tepelné	333	1	unhandled	false	false			scp-264-cs
cs	tři-portlandy	334	1	unhandled	false	false			pulnocni-monolog
cs	třída-roku-76	335	1	unhandled	false	false			scp-019-cs
cs	varování	336	1	unhandled	false	false			kam-odchazi-nadeje
cs	vepsané	337	1	unhandled	false	false			scp-102-cs
cs	video	338	1	jp_tag_alias	true	true	映像添付		vitejte-v-zizkovske-dire
cs	virus	339	1	jp_tag_alias	true	true	ウイルス		scp-122-cs
cs	vojenské	340	1	unhandled	false	false			scp-009-cs
cs	výtvarná-soutěž	341	1	unhandled	false	false			vanocni-vytvarna-soutez
cs	výzkumník-talloran	342	1	unhandled	false	false			scp-999-cs-sk
cs	zbraň	343	1	unhandled	false	false			scp-009-cs
cs	ábel	344	1	unhandled	false	false			scp-123-cs
cs	šperk	345	1	unhandled	false	false			scp-075-cs
de	deutsch	1	955	jp_unused_replacement	true	true		de	028-de-i2,028-de-p1,028-de-p2,028-e2,028-o1
de	o	2	583	jp_unused_no_single_replacement	true	false			028-de-i2,028-de-p1,028-de-p2,028-e2,028-o1
de	scp	3	447	jp_tag_name	true	true	scp		code-name-dr-ore-der-hoechste-konflikt,code-name-dr-schwarz-v9-erreger,code-name-thielemann-wir-stehen-ueber-justitia,code-name-trabant-ende-einer-aera,code-name:abyssus
de	geschichte	4	356	curated_override_only	false	true	tale		4r-hub,a-calculated-risk,a-piece-of-his-mind,a-steht-fuer-anfang-oder-so,abteilung-xxv-hub
de	_bild	5	314	unhandled	false	false			4r-hub,abteilung-xxv-hub,aceton,aetherische-information,antihuman-fraktion
de	_cc	6	304	unhandled	false	false			4r-hub,abteilung-xxv-hub,aceton,aetherische-information,antihuman-fraktion
de	vertont	7	280	jp_unused_no_single_replacement	true	false			242-de-traumtagebuch,aceton,alpenkunst,befehlslast,blutnacht
de	scp-de	8	259	jp_tag_alias	true	true	ドイツscp財団		242-de-traumtagebuch,abteilung-xxv-hub,aetherische-information,ausruestung-der-sicherheitskraefte-der-foundation,budgetkuerzungen
de	oo	9	232	jp_unused_no_single_replacement	true	false			alter-freund,amnesie-1,artgerechte-haltung-von-internettrollen,arthur-geislers-tagebuch,asp-128-de-el
de	euclid	10	169	jp_tag_name	true	true	euclid		asp-073,asp-173,scp-004-de,scp-005-de,scp-006-de
de	nexus	11	134	jp_tag_name	true	true	nexus		das-gespenst-im-fenster,das-vermaechtnis,die-frau-und-die-ratten,die-schattenfrau,ein-notwendiges-uebel
de	sicher	12	121	curated_override_only	false	true	safe		deleted:scp-010-de-arc,deleted:scp-298-de,deleted:skp-035,scp-003-de,scp-008-de
de	intelligent	13	100	unhandled	false	false			alpha-beta-delta-kaskade,asp-073,code-name-dr-ore-der-hoechste-konflikt,scp-008-int,scp-010-de
de	keter	14	92	jp_tag_name	true	true	keter		asp-128-de,code-name-dr-schwarz-v9-erreger,code-name-trabant-ende-einer-aera,dokument-sfg4-392-de-kon-1-a,scp-002-de
de	humanoid	15	77	jp_tag_alias	true	true	人間型		alpha-beta-delta-kaskade,asp-073,goodbye-leninocchio,nicht-zum-ersten-mal,rattentaufe
de	lebendig	16	71	unhandled	false	false			asp-073,scp-008-de,scp-008-int,scp-010-de,scp-015-de-j
de	anhang	17	52	unhandled	false	false			028-de-i2,028-de-p1,028-de-p2,028-e2,028-o1
de	vorgestellt	18	50	unhandled	false	false			die-kleinen-maedchen-und-die-schwefelhoelzer,magierakademie-hub,scp-003-de,scp-004-de,scp-005-de
de	_theme	19	43	jp_unused_no_single_replacement	true	false			028-o1,bis-spaeti-in-die-nacht,das-taegliche-leben-mit-einer-ausserirdischen,das-tagebuch-eines-soldaten,dein-innerer-konflikt
de	⦿	20	43	jp_unused_no_single_replacement	true	false			4r-hub,code-name-dr-schwarz-v9-erreger,containment-breach-19-de,ein-baum-ein-juwel-eine-familie-hub,interessengruppen
de	geist-beeinflussend	21	42	unhandled	false	false			code-name-trabant-ende-einer-aera,scp-004-de,scp-008-de-j,scp-008-int,scp-010-int
de	nuri	22	40	unhandled	false	false			die-frau-und-die-ratten,nach-dem-ende,nuri-1-1,nuri-1-2,nuri-10-1
de	projekt-trickster	23	39	jp_tag_alias	true	true	トリックスター計画		budgetkuerzungen,das-verhaengnis-des-chirurgen,der-schein-truegt,die-kleinen-maedchen-und-die-schwefelhoelzer,ein-langweiliger-valentinstag
de	ding	24	35	jp_tag_name	true	true	ding		d-001,d-002,d-003,d-004,d-006
de	ooo	25	35	jp_unused_no_single_replacement	true	false			abteilung-xxv-zeitlinie,bis-spaeti-in-die-nacht,der-neue-schaft,dokument-sfg4-392-de-kon-1-a,forschungs-log-033
de	eigenständig	26	33	unhandled	false	false			asp-173,de-299,scp-002-de,scp-047-de,scp-082-de
de	tier	27	33	unhandled	false	false			scp-015-de-j,scp-027-de-j,scp-050-de-j,scp-052-de,scp-063-de
de	portalseite	28	32	unhandled	false	false			4r-hub,abteilung-xxv-hub,antihelden-hub,antihuman-fraktion,bruderschaft
de	skp	29	31	jp_tag_name	true	true	skp		028-e2,028-o1,a-dokument-128-de,deleted:skp-035,ereignisprotokoll
de	witz	30	31	unhandled	false	false			die-dinge-die-dr-ore-in-der-deutschen-foundation-nicht-mache,ereignisbericht-027-01-j,f-a-i-l,scp-002-de-j,scp-003-de-j
de	mehrere-autoren	31	30	unhandled	false	false			a-piece-of-his-mind,antihelden-hub,bis-spaeti-in-die-nacht,code-name-dr-schwarz-v9-erreger,code-name-trabant-ende-einer-aera
de	feindlich	32	29	unhandled	false	false			alpha-beta-delta-kaskade,asp-073,scp-015-de-j,scp-028-de,scp-053-de
de	magierakademie	33	29	unhandled	false	false			aetherische-information,brief-an-den-o4-rat,daemonenzauber-arc,der-legendaere-zauberstab-von-morgan-le-fay,du-bist-ein-sprung-im-schloss-aus-glas
de	mm-wk	34	29	jp_tag_name	true	true	mm-wk		am-schluss-bleiben-nur-wir-teil-1-arc,am-schluss-bleiben-nur-wir-teil-2-arc,belladonna-ballkleid,das-taegliche-leben-mit-einer-ausserirdischen,der-legendaere-zauberstab-von-morgan-le-fay
de	mtf-seher	35	29	unhandled	false	false			aceton,befehlslast,blutnacht,du-bist-ein-sprung-im-schloss-aus-glas,ereignisbericht-zu-vorfall-124-01-a
de	_o	36	28	jp_unused_no_single_replacement	true	false			bier-und-ein-katzenfoermiger-himmelskoerper,d-001,d-002,d-003,d-006
de	raptor-tec	37	28	jp_tag_alias	true	true	ラプターテック		die-woelfin-und-die-staehlerne-jungfrau,eine-seele-in-der-maschine-portalseite,engel-des-todes,gestatten-mein-name-ist-ridter,lilith-und-samson
de	nicht-eingedämmt	38	27	unhandled	false	false			code-name-dr-schwarz-v9-erreger,code-name-trabant-ende-einer-aera,hue-136-de,scp-015-de-j,scp-043-de
de	waffe	39	27	unhandled	false	false			deleted:scp-298-de,scp-008-int,scp-017-de,scp-024-de,scp-025-de
de	esoterische-klasse	40	26	unhandled	false	false			code-name-dr-ore-der-hoechste-konflikt,scp-015-de-j,scp-055-de-j,scp-089-de-j,scp-090-de
de	extradimensional	41	26	jp_tag_alias	true	true	異次元		alpha-beta-delta-kaskade,asp-128-de,asp-128-de-el,code-name-dr-ore-der-hoechste-konflikt,code-name:abyssus
de	goi-sichtweise	42	26	jp_unused_no_single_replacement	true	false			a-steht-fuer-anfang-oder-so,alter-freund,das-taegliche-leben-mit-einer-ausserirdischen,das-tagebuch-eines-soldaten,die-maske-die-wir-tragen
de	caecus-c	43	25	jp_tag_name	true	true	caecus-c		alter-freund,amnesie-1,caecus-c-hub,die-maske-die-wir-tragen,ein-baum-ein-juwel-eine-familie-hub
de	4-r	44	23	jp_tag_name	true	true	4-r		4r-hub,brief-an-den-o4-rat,der-mann-mit-dem-flanierstock,die-finger-der-faust,die-liebe-des-professor-alexander-voss
de	abteilung-xxv	45	23	jp_tag_alias	true	true	第25局		abteilung-xxv-hub,geklaerte-fronten,mit-dem-strom,schnipseljagd,scp-001-de-ex
de	goi-format	46	23	jp_tag_name	true	true	goi-format		belladonna-ballkleid,deleted:skp-035,der-legendaere-zauberstab-von-morgan-le-fay,haeretische-aufzeichnung-11,kindergarten-der-schlange
de	neutralisiert	47	22	unhandled	false	false			scp-069-de-j,scp-096-de,scp-113-de,scp-128-de,scp-166-de
de	agent-peterson	48	21	jp_tag_alias	true	true	エージェント・ピーターソン		242-de-traumtagebuch,die-kleinen-maedchen-und-die-schwefelhoelzer,ein-angebot-eine-bitte,ein-langweiliger-valentinstag,feste-feiern-wie-sie-fallen
de	doktor-faust	49	21	jp_tag_alias	true	true	ファウスト博士		133-de-test-interview,242-de-traumtagebuch,ein-angebot-eine-bitte,ein-langweiliger-valentinstag,f-a-i-l
de	hintergrund	50	21	jp_unused_no_single_replacement	true	false			aetherische-information,ausruestung-der-sicherheitskraefte-der-foundation,datenblatt-kira,ein-offener-brief-des-servicepersonals,einrichtung-dossier-standort-de15
de	machina	51	21	jp_tag_name	true	true	machina		a-dokument-128-de,antihuman-fraktion,asp-073,asp-128-de,asp-128-de-el
de	theia	52	21	jp_tag_alias	true	true	テイア		neun-11,neun-12,neun-13,neun-14,neun-17
de	gebäude	53	20	unhandled	false	false			scp-002-de,scp-009-de,scp-010-int,scp-036-de,scp-065-de
de	neun	54	20	unhandled	false	false			nach-dem-ende,neun-1,neun-10,neun-11,neun-12
de	derivat	55	19	unhandled	false	false			asp-073,asp-128-de,asp-128-de-el,asp-156-de-ex,asp-173
de	elektronisch	56	19	unhandled	false	false			asp-156-de-ex,scp-056-de,scp-059-de,scp-075-de,scp-076-de
de	historisch	57	19	unhandled	false	false			de-299,scp-013-de-ex,scp-024-de-ex,scp-050-de,scp-053-de
de	oooo	58	19	jp_unused_no_single_replacement	true	false			emily-und-kapitaen-monster,in-traeumen-nicht-vergessen,scp-206-de,scp-245-de,scp-251-de
de	agent-frey	59	17	unhandled	false	false			aceton,befehlslast,blutnacht,der-anfang-vom-ende,du-bist-mein
de	ectoentropisch	60	16	unhandled	false	false			scp-005-int,scp-010-int,scp-066-de,scp-087-de,scp-107-de
de	immobil	61	16	unhandled	false	false			asp-128-de-el,scp-009-de,scp-010-int,scp-036-de,scp-123-de
de	telepathisch	62	16	unhandled	false	false			scp-121-de,scp-129-de,scp-193-de,scp-247-de,scp-254-de
de	teleportation	63	16	jp_tag_alias	true	true	瞬間移動		scp-012-de-j,scp-035-de,scp-043-de,scp-050-de,scp-096-de
de	aquatisch	64	15	unhandled	false	false			scp-005-int,scp-182-de,scp-183-de,scp-227-de,scp-233-de
de	dokument	65	15	unhandled	false	false			alpha-beta-delta-kaskade,befragungs-protokoll-092-01,dokument-sfg4-392-de-kon-1-a,ereignisbericht-zu-vorfall-124-01-a,gespraechsaufzeichnung-092-21
de	fahrzeug	66	15	unhandled	false	false			scp-005-int,scp-017-de,scp-025-de,scp-047-de,scp-050-de
de	sonderkommando	67	15	jp_unused_no_single_replacement	true	false			asp-128-de,das-tagebuch-eines-soldaten,der-seltsame-fall-des-dr-schmitz,ein-guter-slawe,engel-des-todes
de	temporal	68	15	jp_tag_alias	true	true	時間		asp-156-de-ex,code-name-dr-ore-der-hoechste-konflikt,scp-050-de,scp-136-de,scp-186-de
de	gedächtnis-beeinflussend	69	14	unhandled	false	false			code-name-thielemann-wir-stehen-ueber-justitia,scp-004-de,scp-037-de,scp-052-de,scp-058-de
de	global-occult-coalition	70	14	jp_tag_alias	true	true	世界オカルト連合		feindhandlung,ichabod-fallakte,keine-eingaben-erhalten,neun-9,nuri-11-1
de	mechanisch	71	14	unhandled	false	false			scp-017-de,scp-089-de,scp-135-de,scp-204-de,scp-206-de
de	memetisch	72	14	unhandled	false	false			scp-019-de,scp-169-de,scp-177-de,scp-187-de,scp-207-de
de	thaumiel	73	14	jp_tag_name	true	true	thaumiel		code-name-thielemann-wir-stehen-ueber-justitia,scp-005-int,scp-050-de,scp-150-de,scp-164-de
de	biologisch	74	13	unhandled	false	false			scp-010-de,scp-012-de,scp-013-de,scp-067-de,scp-082-de
de	imbw	75	13	jp_tag_name	true	true	imbw		die-liebe-des-professor-alexander-voss,f-a-i-l,imbw-hub,menschlicher-bausatz,neue-horizonte
de	parasitär	76	13	unhandled	false	false			scp-002-de-j,scp-033-de-j,scp-057-de,scp-119-de,scp-197-de
de	prädator	77	13	unhandled	false	false			scp-061-de,scp-069-de,scp-077-de,scp-112-de,scp-131-de
de	unzerstörbar	78	13	unhandled	false	false			asp-073,code-name-trabant-ende-einer-aera,scp-024-de,scp-069-de,scp-087-de
de	außerirdisch	79	12	unhandled	false	false			code-name-dr-ore-der-hoechste-konflikt,code-name-dr-schwarz-v9-erreger,scp-002-de-j,scp-087-de,scp-235-de
de	halloween-25-de	80	12	unhandled	false	false			du-bist-mein,frei,herr-der-traeume,in-traeumen-nicht-vergessen,kafkaesker-albtraum-der-leidensweg-der-dr-clara-dinielle
de	k-klasse-szenario	81	12	unhandled	false	false			scp-010-int,scp-024-de,scp-028-de,scp-050-de,scp-096-de
de	poesie	82	12	unhandled	false	false			erfolg-ein-fremdwort,gedankenspiel,ist-es,liebe-in-dieser-verrueckten-welt,nichts
de	portal	83	12	jp_tag_alias	true	true	ポータル		asp-128-de,deleted:skp-035,scp-028-de,scp-035-de,scp-103-de
de	_wettbewerb	84	11	jp_unused_no_single_replacement	true	false			bis-spaeti-in-die-nacht,dein-innerer-konflikt,frei,nur-der-regen-weint-um-mich,scp-304-de
de	bruderschaft	85	11	unhandled	false	false			bruderschaft,de-299,de-57,die-nachtwache,en-173
de	computer	86	11	jp_tag_alias	true	true	コンピュータ		scp-005-int,scp-010-int,scp-042-de,scp-070-de-j,scp-084-de
de	flüssigkeit	87	11	unhandled	false	false			alpha-beta-delta-kaskade,scp-009-de,scp-009-de-j,scp-014-de-j,scp-038-de
de	kugel	88	11	unhandled	false	false			deleted:scp-010-de-arc,deleted:skp-035,scp-035-de,scp-056-de,scp-087-de
de	realitätsbeugend	89	11	unhandled	false	false			ichabod-fallakte,scp-107-de,scp-193-de,scp-221-de,scp-285-de
de	selbstreparierend	90	11	unhandled	false	false			scp-005-int,scp-009-de,scp-053-de,scp-057-de,scp-089-de
de	spezies	91	11	unhandled	false	false			alpha-beta-delta-kaskade,scp-052-de,scp-061-de,scp-079-de,scp-144-de
de	zwischenfall	92	11	unhandled	false	false			028-de-i2,alpha-beta-delta-kaskade,ereignisbericht-zu-vorfall-124-01-a,protokoll-066-de-i1,schwerer-vorfall-surt
de	artefakt	93	10	unhandled	false	false			scp-014-de,scp-129-de,scp-132-de,scp-157-de,scp-163-de
de	halloween-21-de	94	10	unhandled	false	false			der-beste-uebersetzer-des-sonnensystems,nicht-zum-ersten-mal,realitaetsdichtefluktuationen,scp-232-de,scp-265-de
de	himmel-und-erde	95	10	jp_unused_no_single_replacement	true	false			die-woelfin-und-die-staehlerne-jungfrau,eine-seele-in-der-maschine-portalseite,gestatten-mein-name-ist-ridter,hue-136-de,iris-dark-girls-night-1
de	mobil	96	10	unhandled	false	false			scp-005-int,scp-008-int,scp-050-de,scp-053-de,scp-075-de
de	räumlich	97	10	unhandled	false	false			de-299,scp-050-de,scp-065-de,scp-079-de,scp-136-de
de	spielzeug	98	10	unhandled	false	false			scp-091-de,scp-093-de,scp-122-de,scp-206-de,scp-217-de
de	valentinstag2026	99	10	unhandled	false	false			gedankenspiel,ist-es,liebe-in-dieser-verrueckten-welt,rote-rankende-rosen,schritt-fuer-schritt
de	virus	100	10	jp_tag_alias	true	true	ウイルス		scp-013-de,scp-021-de,scp-037-de,scp-044-de,scp-058-de
de	visuell	101	10	unhandled	false	false			scp-023-de,scp-045-de,scp-100-de,scp-124-de,scp-140-de
de	zwang	102	10	unhandled	false	false			scp-019-de,scp-024-de-j,scp-050-de-j,scp-105-de-j,scp-249-de
de	antihuman-fraktion	103	9	jp_tag_alias	true	true	反ヒト派		a-dokument-128-de,antihuman-fraktion,asp-128-de,das-tagebuch-eines-soldaten,ereignisprotokoll
de	erklärt	104	9	unhandled	false	false			asp-156-de-ex,scp-001-de-ex,scp-003-de-j,scp-004-de-ex,scp-013-de-ex
de	halloween-19-de	105	9	jp_tag_name	true	true	halloween-19-de		historisches-dokument-h1158aue-9,nur-einmal-im-jahr-oder,scp-109-de,scp-112-de,scp-118-de
de	licht	106	9	unhandled	false	false			scp-024-de-j,scp-073-de,scp-079-de,scp-084-de,scp-144-de
de	medien	107	9	unhandled	false	false			goodbye-leninocchio,scp-071-de,scp-076-de,scp-249-de,scp-279-de
de	pflanze	108	9	unhandled	false	false			scp-012-de,scp-012-de-j,scp-081-de,scp-088-de,scp-101-de
de	scp-300-de	109	9	jp_tag_name	true	true	scp-300-de		scp-300-de,scp-301-de,scp-303-de,scp-304-de,scp-305-de
de	serie	110	9	jp_unused_no_single_replacement	true	false			antihelden-hub,das-taegliche-leben-mit-quinnie-und-ihren-mitbewohner,ein-baum-ein-juwel-eine-familie-hub,eine-seele-in-der-maschine-portalseite,mtf-de11-faust
de	wahrnehmungsstörend	111	9	unhandled	false	false			deleted:scp-298-de,scp-004-de,scp-030-de-j,scp-073-de,scp-138-de
de	wandlung	112	9	unhandled	false	false			scp-014-de,scp-022-de,scp-029-de,scp-066-de,scp-082-de
de	ansteckend	113	8	unhandled	false	false			code-name-dr-schwarz-v9-erreger,scp-007-de,scp-037-de,scp-067-de,scp-133-de
de	are-we-cool-yet	114	8	jp_tag_name	true	true	are-we-cool-yet		a-steht-fuer-anfang-oder-so,das-taegliche-leben-mit-quinnie-und-ihren-mitbewohner,projektvorschlag-2014-001,projektvorschlag-2024-001,scp-157-de
de	empathisch	115	8	unhandled	false	false			scp-184-de,scp-196-de,scp-221-de,scp-255-de,scp-276-de
de	experiment	116	8	jp_tag_alias	true	true	実験		133-de-test-interview,dokument-105-de-1-a,scp-276-de,scp-342-de,scp-385-de
de	feuer	117	8	unhandled	false	false			scp-014-de,scp-084-de,scp-086-de,scp-097-de,scp-144-de
de	halloween-23-de	118	8	unhandled	false	false			emily-und-kapitaen-monster,scp-278-de,scp-306-de,scp-316-de,scp-332-de-j
de	informationelle-gefahr	119	8	unhandled	false	false			scp-018-de,scp-019-de,scp-055-de-j,scp-078-de,scp-127-de
de	marshall-carter-and-dark	120	8	jp_tag_alias	true	true	mc&d		belladonna-ballkleid,iris-dark-girls-night-1,nuri-18-1,scp-027-de,scp-202-de
de	metamorphose	121	8	unhandled	false	false			scp-076-de,scp-077-de,scp-081-de,scp-144-de,scp-148-de
de	musikalisch	122	8	unhandled	false	false			scp-015-de-j,scp-041-de,scp-049-de,scp-071-de,scp-193-de
de	nahrung	123	8	unhandled	false	false			scp-002-de-j,scp-014-de-j,scp-027-de-j,scp-044-de-j,scp-055-de-j
de	reanimation	124	8	jp_tag_alias	true	true	蘇生		scp-062-de,scp-134-de,scp-157-de,scp-259-de,scp-296-de
de	religiös	125	8	unhandled	false	false			rattentaufe,scp-010-int,scp-163-de,scp-181-de,scp-240-de
de	vogel	126	8	unhandled	false	false			scp-015-de-j,scp-027-de-j,scp-123-de-j,scp-137-de,scp-142-de
de	archiviert	127	7	unhandled	false	false			am-schluss-bleiben-nur-wir-teil-1-arc,am-schluss-bleiben-nur-wir-teil-2-arc,daemonenzauber-arc,deleted:scp-010-de-arc,goldene-geburt-arc
de	beschriftung	128	7	unhandled	false	false			asp-073,scp-035-de,scp-045-de,scp-177-de,scp-240-de
de	broken-god	129	7	jp_tag_alias	true	true	壊れた神の教会		am-schluss-bleiben-nur-wir-teil-2-arc,goldene-geburt-arc,haeretische-aufzeichnung-11,nexus-9-1,nexus-9-2
de	elektrisch	130	7	unhandled	false	false			scp-009-de,scp-016-de,scp-024-de-j,scp-173-de,scp-183-de
de	empfindungsfähig	131	7	unhandled	false	false			scp-238-de,scp-306-de,scp-312-de,scp-353-de,scp-370-de
de	hive	132	7	jp_tag_alias	true	true	ハイヴ		a-piece-of-his-mind,dinge-die-inspirieren,nexus-18-1,operation-kuckuckskinder,scp-005-int
de	initiative	133	7	jp_tag_alias	true	true	人類復興イニシアチブ		asp-156-de-ex,initiative-zur-wiederherstellung-der-menschheit,nexus-10-1,nexus-10-2,projekt-exodus
de	leichnam	134	7	unhandled	false	false			scp-007-de,scp-134-de,scp-221-de,scp-241-de,scp-340-de
de	meta	135	7	jp_tag_alias	true	true	メタ		pitch-meeting-nexus,scp-055-de-j,scp-071-de,scp-258-de,scp-332-de-j
de	serpents-hand	136	7	jp_tag_alias	true	true	蛇の手		der-legendaere-zauberstab-von-morgan-le-fay,kindergarten-der-schlange,nexus-6-2,nexus-6-3,nicht-zum-ersten-mal
de	spinnentier	137	7	unhandled	false	false			scp-023-de,scp-061-de,scp-069-de,scp-077-de,scp-184-de
de	unterirdisch	138	7	unhandled	false	false			scp-125-de,scp-149-de,scp-172-de,scp-185-de,scp-252-de
de	_ncc	139	6	jp_unused_no_single_replacement	true	false			asp-156-de-ex,asp-173,brief-an-den-o4-rat,persoenliches-log-l7194066,scp-039-de
de	_skp	140	6	unhandled	false	false			028-e2,028-o1,scp-028-de,scp-057-de,scp-188-de
de	akustisch	141	6	unhandled	false	false			scp-039-de,scp-071-de,scp-221-de,scp-297-de,scp-369-de
de	biologische-gefahr	142	6	unhandled	false	false			code-name-dr-schwarz-v9-erreger,scp-002-de-j,scp-133-de,scp-188-de,scp-301-de
de	cc-series	143	6	jp_tag_alias	true	true	ccシリーズ		ein-baum-ein-juwel-eine-familie-hub,ein-baum-kapitel-1-2,ein-baum-kapitel-3-4,ein-baum-kapitel-5-6,ein-baum-kapitel-7-8
de	chaos-insurgency	144	6	jp_tag_alias	true	true	カオス・インサージェンシー		ein-neues-leben,ein-schicksalhafter-tag,nuri-11-1,nuri-11-2,scp-303-de
de	geist	145	6	unhandled	false	false			rote-ruhen-reuevoll,scp-307-de,scp-344-de,scp-365-de,scp-373-de
de	gelb	146	6	unhandled	false	false			scp-184-de,scp-223-de,scp-296-de,scp-303-de,scp-369-de
de	gemeinschaftsarbeit	147	6	unhandled	false	false			die-dinge-die-dr-ore-in-der-deutschen-foundation-nicht-mache,f-a-i-l,projekt-trickster,scp-079-de,scp-157-de
de	halloween-24-de	148	6	unhandled	false	false			nichts-ist-je-voellig-vergangen,nur-der-regen-weint-um-mich,rote-ruhen-reuevoll,scp-361-de,scp-365-de
de	hilfe	149	6	unhandled	false	false			content-creation,glossar,interessengruppen,rabes-kanon-essay,secure-facilities-locations
de	immateriell	150	6	unhandled	false	false			scp-057-de,scp-149-de,scp-187-de,scp-220-de,scp-344-de
de	kanon	151	6	jp_unused_no_single_replacement	true	false			bruderschaft,machina-portal,projekt-trickster,sapphire-portal,scp-foundation-in-deutschland-portal
de	kavaliere	152	6	unhandled	false	false			das-vermaechtnis,ein-notwendiges-uebel,eine-schicksalhafte-nacht,nexus-2-1,nexus-2-2
de	kleidung	153	6	unhandled	false	false			scp-124-de,scp-157-de,scp-184-de,scp-193-de,scp-205-de
de	künstlerisch	154	6	unhandled	false	false			scp-033-de,scp-157-de,scp-163-de,scp-362-de,scp-369-de
de	medizinisch	155	6	unhandled	false	false			scp-171-de,scp-197-de,scp-208-de,scp-219-de,scp-225-de
de	nachtaktiv	156	6	unhandled	false	false			scp-182-de,scp-287-de,scp-307-de,scp-355-de,scp-385-de
de	nagetier	157	6	unhandled	false	false			rattentaufe,scp-050-de-j,scp-070-de-j,scp-133-de,scp-239-de
de	objekt	158	6	unhandled	false	false			scp-213-de,scp-223-de,scp-259-de,scp-337-de,scp-346-de
de	ort	159	6	unhandled	false	false			scp-103-de,scp-160-de,scp-172-de,scp-276-de,scp-310-de
de	psw	160	6	jp_tag_name	true	true	psw		ein-guter-slawe,operation-kuckuckskinder,projekt-morgenpforte,psw-hub,scp-057-de
de	radioaktiv	161	6	unhandled	false	false			scp-002-de,scp-073-de,scp-185-de,scp-201-de,scp-216-de
de	sapphire-u	162	6	jp_tag_alias	true	true	青玉色の空		asp-128-de-el,brv-dokument-blaue-aufruestung,fcs-krk-b3,leben-im-untergrund,sapphire-portal
de	sarkisch	163	6	unhandled	false	false			am-schluss-bleiben-nur-wir-teil-2-arc,ein-mahl-nach-naelkae-art,mitternachtstraum,nuri-10-1,nuri-10-2
de	skulptur	164	6	unhandled	false	false			asp-173,scp-020-de,scp-100-de,scp-179-de,scp-257-de
de	syndikat	165	6	unhandled	false	false			befehlslast,der-restaurator-und-die-soeldnerin,erfolgsquote,scp-147-de,scp-243-de
de	three-moons-initiative	166	6	jp_tag_alias	true	true	三ツ月イニシアチブ		herr-der-traeume,nexus-21-1,nexus-21-2,nexus-21-3,scp-296-de
de	valentinstag2021	167	6	jp_tag_name	true	true	valentinstag2021		ein-geschenk-fuer-eine-loewin,ein-langweiliger-valentinstag,im-auftrag-der-liebe,kantinenfrass-mit-rosa-herzchen,scp-207-de
de	wirbellos	168	6	unhandled	false	false			deleted:skp-035,scp-008-int,scp-035-de,scp-052-de,scp-305-de
de	übersetzt	169	6	unhandled	false	false			a-calculated-risk,a-piece-of-his-mind,scp-008-int,scp-010-int,secure-facilities-locations
de	001-vorschlag	170	5	unhandled	false	false			code-name-dr-ore-der-hoechste-konflikt,code-name-dr-schwarz-v9-erreger,code-name-thielemann-wir-stehen-ueber-justitia,code-name-trabant-ende-einer-aera,code-name:abyssus
de	abhandlung	171	5	unhandled	false	false			abteilung-xxv-zeitlinie,artgerechte-haltung-von-internettrollen,content-creation,rabes-kanon-essay,scp-foundation-und-kis
de	anpassungsfähig	172	5	unhandled	false	false			scp-148-de,scp-276-de,scp-300-de,scp-333-de,scp-348-de
de	antimemetisch	173	5	unhandled	false	false			scp-002-de-j,scp-124-de,scp-178-de,scp-241-de,scp-296-de
de	asp	174	5	jp_tag_name	true	true	asp		asp-073,asp-128-de,asp-128-de-el,asp-156-de-ex,asp-173
de	aufführung	175	5	unhandled	false	false			scp-004-de,scp-193-de,scp-221-de,scp-315-de,scp-369-de
de	bauwerk	176	5	unhandled	false	false			scp-002-de,scp-004-de,scp-010-int,scp-036-de,scp-172-de
de	beobachtung	177	5	unhandled	false	false			beobachtungs-protokoll-069-01,scp-100-de,scp-265-de,scp-276-de,scp-369-de
de	foundation-geschaffen	178	5	unhandled	false	false			scp-089-de-j,scp-129-de,scp-150-de,scp-219-de,scp-296-de
de	gas	179	5	unhandled	false	false			scp-012-de,scp-098-de,scp-099-de,scp-144-de,scp-297-de
de	goi-wettbewerb	180	5	jp_tag_alias	true	true	goiコンテスト		goldene-geburt-arc,scp-074-de,scp-120-de,scp-155-de,scp-188-de
de	halloween-20-de	181	5	jp_tag_name	true	true	halloween-20-de		ein-opfer-der-wechselbaelger,gruselgeschichten-von-opa-karl,praeteritum,scp-154-de,scp-246-de
de	international	182	5	jp_tag_alias	true	true	インターナショナル		a-piece-of-his-mind,scp-005-int,scp-008-int,scp-010-int,test-log-002-int
de	nachahmend	183	5	unhandled	false	false			scp-082-de,scp-148-de,scp-182-de,scp-205-de,scp-265-de
de	oneiroi	184	5	jp_tag_alias	true	true	オネイロイ		ein-seltsamer-tagtraum-so-suess-wie-gift,frei,nexus-14-1,nexus-14-2,nexus-14-3
de	ritual	185	5	jp_tag_alias	true	true	儀式		scp-084-de,scp-237-de,scp-338-de,scp-389-de,test-protokoll-084-de-10
de	rot	186	5	unhandled	false	false			scp-178-de,scp-221-de,scp-305-de,scp-359-de,scp-399-de
de	schatten	187	5	unhandled	false	false			scp-055-de,scp-084-de,scp-282-de,scp-298-de,scp-385-de
de	scp-100-de	188	5	jp_tag_name	true	true	scp-100-de		scp-100-de,scp-104-de,scp-125-de,scp-142-de,scp-199-de
de	scp-200-de	189	5	jp_tag_name	true	true	scp-200-de		scp-200-de,scp-213-de,scp-230-de,scp-296-de,scp-299-de
de	scp-400-de	190	5	unhandled	false	false			scp-400-de,scp-401-de,scp-444-de,scp-473-de,scp-480-de
de	selbstvervielfältigend	191	5	unhandled	false	false			scp-009-de,scp-038-de,scp-279-de,scp-295-de,skp-038
de	sprache	192	5	unhandled	false	false			scp-193-de,scp-200-de,scp-276-de,scp-297-de,scp-311-de
de	süchtig-machend	193	5	unhandled	false	false			scp-071-de,scp-200-de,scp-281-de,scp-291-de,scp-355-de
de	traum	194	5	unhandled	false	false			herr-der-traeume,scp-232-de,scp-242-de,scp-358-de,scp-379-de
de	unsichtbar	195	5	unhandled	false	false			scp-056-de,scp-124-de,scp-271-de,scp-382-de,scp-398-de
de	zukunft	196	5	unhandled	false	false			scp-010-de,scp-065-de,scp-200-de,scp-297-de,scp-299-de
de	aerogen	197	4	unhandled	false	false			scp-161-de,scp-170-de,scp-287-de,scp-397-de
de	ambrose-restaurant	198	4	jp_tag_alias	true	true	アンブローズ・レストラン		nuri-11-1,nuri-11-2,scp-210-de,scp-339-de
de	arthropode	199	4	unhandled	false	false			scp-061-de,scp-287-de,scp-330-de,scp-395-de
de	audio	200	4	jp_tag_alias	true	true	音声添付		alpha-beta-delta-kaskade,scp-071-de,scp-192-de,scp-444-de
de	bakterium	201	4	unhandled	false	false			code-name-dr-schwarz-v9-erreger,scp-067-de,scp-188-de,scp-320-de
de	befragung	202	4	unhandled	false	false			133-de-test-interview,interview-log-084-de-01,scp-310-de,scp-322-de
de	black-queen	203	4	jp_tag_alias	true	true	黒の女王		iris-dark-girls-night-1,kindergarten-der-schlange,nuri-11-1,nuri-11-2
de	chemisch	204	4	unhandled	false	false			scp-030-de-ex,scp-038-de,scp-098-de,skp-038
de	elektromagnetisch	205	4	unhandled	false	false			scp-056-de,scp-097-de,scp-129-de,scp-344-de
de	essen	206	4	unhandled	false	false			scp-224-de,scp-236-de,scp-292-de,scp-366-de
de	ethik-komitee	207	4	unhandled	false	false			scp-030-de-ex,scp-070-de,scp-369-de,scp-399-de
de	fisch	208	4	unhandled	false	false			scp-182-de,scp-227-de,scp-271-de,scp-399-de
de	geschichten2020	209	4	unhandled	false	false			alpenkunst,vorfall-136-de-5,willkommen-in-der-fuenften-dimension,zeitinvarianz-t0
de	giftig	210	4	unhandled	false	false			scp-008-int,scp-012-de,scp-069-de,scp-077-de
de	gravitation	211	4	unhandled	false	false			code-name-trabant-ende-einer-aera,scp-075-de,scp-270-de,scp-285-de
de	halluzination	212	4	unhandled	false	false			scp-296-de,scp-307-de,scp-313-de,scp-382-de
de	haushaltsgerät	213	4	unhandled	false	false			scp-248-de,scp-295-de,scp-307-de,scp-355-de
de	herman-fuller	214	4	jp_tag_alias	true	true	ハーマン・フラー		kindergarten-der-schlange,nuri-8-1,nuri-8-2,scp-122-de
de	katzenartig	215	4	unhandled	false	false			scp-013-de-ex,scp-221-de,scp-273-de,scp-379-de
de	militärisch	216	4	unhandled	false	false			scp-105-de-j,scp-150-de,scp-183-de,scp-240-de
de	mtf-faust	217	4	unhandled	false	false			der-mann-mit-dem-flanierstock,die-finger-der-faust,mtf-de11-faust,unbewohnte-bewohner
de	nach-aleph	218	4	unhandled	false	false			apres-aleph-team-10,ein-unwetter-zieht-ueber-standort-de17-auf,huckepack,willkommen-im-berg
de	online	219	4	jp_tag_alias	true	true	オンライン		goodbye-leninocchio,scp-249-de,scp-332-de-j,scp-342-de
de	pilzartig	220	4	unhandled	false	false			scp-002-de-j,scp-221-de,scp-313-de,scp-333-de
de	primat	221	4	unhandled	false	false			scp-005-de,scp-114-de,scp-135-de,scp-232-de
de	roboter	222	4	unhandled	false	false			scp-089-de,scp-120-de,scp-155-de,scp-275-de
de	schlaf	223	4	unhandled	false	false			scp-048-de,scp-072-de,scp-178-de,scp-355-de
de	schmuck	224	4	unhandled	false	false			scp-014-de,scp-027-de,scp-338-de,scp-344-de
de	schwarmbewusstsein	225	4	unhandled	false	false			scp-010-int,scp-123-de-j,scp-276-de,scp-397-de
de	second-hytoth	226	4	jp_tag_alias	true	true	第二ハイトス教会		das-taegliche-leben-mit-einer-ausserirdischen,ein-langweiliger-valentinstag,nexus-13-2,scp-293-de
de	stadt	227	4	unhandled	false	false			herr-der-traeume,scp-073-de,scp-250-de,scp-276-de
de	valentinstag2025	228	4	unhandled	false	false			bis-spaeti-in-die-nacht,dein-innerer-konflikt,scp-338-de,scp-339-de
de	voraussehend	229	4	unhandled	false	false			scp-010-de,scp-045-de,scp-079-de,skp-045
de	zeit	230	4	unhandled	false	false			scp-030-de-ex,scp-204-de,scp-228-de,scp-362-de
de	übertragung	231	4	unhandled	false	false			scp-019-de,scp-308-de,scp-369-de,scp-444-de
de	_occ	232	3	jp_unused_no_single_replacement	true	false			code-name-dr-schwarz-v9-erreger,nexus-11-1,ueber-das-skp
de	_sonderkommando	233	3	unhandled	false	false			das-tagebuch-eines-soldaten,projekt-morgenpforte,uebernahme-der-scp-foundation-durch-das-skp
de	_sys	234	3	unhandled	false	false			scp-230-de,scp-296-de,task-forces
de	abnormalitäten-institut	235	3	unhandled	false	false			nexus-8-1,nexus-8-2,nexus-8-3
de	antares-gesellschaft	236	3	unhandled	false	false			nexus-11-1,nexus-11-2,nexus-11-3
de	apollyon	237	3	jp_tag_name	true	true	apollyon		code-name:abyssus,scp-044-de-j,scp-de-j
de	archon	238	3	jp_tag_name	true	true	archon		scp-220-de,scp-311-de,scp-364-de
de	auditorisch	239	3	unhandled	false	false			scp-033-de-j,scp-071-de,scp-444-de
de	austausch	240	3	unhandled	false	false			scp-076-de,scp-237-de,scp-245-de
de	bannregel	241	3	unhandled	false	false			de-299,de-57,en-173
de	baum	242	3	unhandled	false	false			scp-008-de,scp-088-de,scp-101-de
de	blau	243	3	unhandled	false	false			scp-148-de,scp-208-de,scp-316-de
de	ccsg	244	3	jp_tag_name	true	true	ccsg		nexus-12-1,nexus-12-2,nexus-12-3
de	datenblatt	245	3	jp_unused_no_single_replacement	true	false			datenblatt-kira,ftcm-modell-c9,laserprojektor-serie-lp-x
de	dinodons-hand	246	3	unhandled	false	false			kindergarten-der-schlange,nexus-6-2,nexus-6-3
de	dread&circuses	247	3	jp_tag_alias	true	true	ドレッド&サーカス		belladonna-ballkleid,kindergarten-der-schlange,scp-122-de
de	end-of-death	248	3	jp_tag_alias	true	true	死の終焉		nexus-3-1,nexus-3-2,nexus-3-3
de	erkundung	249	3	unhandled	false	false			172-de-anhang-b,scp-235-de,scp-276-de
de	factory	250	3	jp_tag_alias	true	true	ファクトリー		nuri-15-1,nuri-15-2,scp-298-de
de	fantasy	251	3	unhandled	false	false			das-taegliche-leben-mit-einer-ausserirdischen,scp-383-de,zwei-ohne-namen-und-titel
de	gamers-against-weed	252	3	jp_tag_alias	true	true	ゲーマーズアゲインストウィード		das-taegliche-leben-mit-quinnie-und-ihren-mitbewohner,scp-122-de,scp-263-de
de	genetisch	253	3	unhandled	false	false			scp-013-de,scp-219-de,scp-320-de
de	geologisch	254	3	unhandled	false	false			scp-144-de,scp-160-de,scp-357-de
de	gottes-magie	255	3	jp_tag_name	true	true	gottes-magie		daemonenzauber-arc,goldene-geburt-arc,gottes-magie-hub-arc
de	gpexpress	256	3	unhandled	false	false			nexus-11-1,nexus-11-2,nexus-11-3
de	hundeartig	257	3	unhandled	false	false			scp-158-de,scp-221-de,scp-375-de
de	insekt	258	3	unhandled	false	false			scp-205-de,scp-287-de,scp-318-de
de	kira	259	3	unhandled	false	false			datenblatt-kira,life-flow-arc,scp-299-de
de	mathematisch	260	3	unhandled	false	false			scp-022-de,scp-193-de,scp-200-de
de	meteorologisch	261	3	unhandled	false	false			scp-137-de,scp-178-de,scp-305-de
de	mujin	262	3	unhandled	false	false			nexus-6-1,nexus-6-2,nexus-6-3
de	neurologisch	263	3	unhandled	false	false			scp-058-de,scp-129-de,scp-139-de
de	nobody	264	3	jp_tag_alias	true	true	何者でもない		amnesie-1,nexus-7-1,notiz-sie-die-jeden-verraten-hat
de	orange	265	3	jp_tag_alias	true	true	橙		scp-317-de,scp-344-de,scp-369-de
de	orden-des-lichts	266	3	unhandled	false	false			a-piece-of-his-mind,scp-010-int,scp-179-de
de	planet	267	3	jp_tag_alias	true	true	惑星		scp-068-de,scp-096-de,scp-193-de
de	poesie-23	268	3	unhandled	false	false			die-schattenfrau,scp-267-de,scp-363-de
de	pvsap	269	3	unhandled	false	false			nexus-15-1,nexus-15-2,nexus-15-3
de	reproduktiv	270	3	unhandled	false	false			scp-081-de,scp-210-de,scp-320-de
de	schlange	271	3	unhandled	false	false			scp-134-de,scp-201-de,scp-383-de
de	schwarz	272	3	unhandled	false	false			scp-203-de,scp-296-de,scp-311-de
de	sensorisch	273	3	unhandled	false	false			scp-009-de-j,scp-023-de,scp-255-de
de	slice-of-life	274	3	unhandled	false	false			das-taegliche-leben-mit-einer-ausserirdischen,ein-mahl-nach-naelkae-art,zwei-ohne-namen-und-titel
de	standort	275	3	unhandled	false	false			einrichtung-dossier-standort-de15,einrichtung-dossier-standort-de19,secure-facilities-locations
de	taktische-theologie	276	3	unhandled	false	false			scp-034-de-ex,scp-221-de,scp-317-de
de	tau-5-samsara	277	3	unhandled	false	false			nexus-16-1,nexus-16-2,nexus-16-3
de	vereinigung-der-anwender-schwarzmagischer-mächte	278	3	unhandled	false	false			nexus-15-1,nexus-15-2,nexus-15-3
de	weihnachten2025	279	3	unhandled	false	false			frohe-verspaetete-weinachten,vorwaerts-durch-kerker,weihnachts-event-2025-ergebnisse
de	weiß	280	3	unhandled	false	false			scp-193-de,scp-204-de,scp-296-de
de	werkzeug	281	3	unhandled	false	false			scp-240-de,scp-248-de,scp-295-de
de	wissen	282	3	unhandled	false	false			scp-032-de,scp-129-de,scp-193-de
de	yokai-zuflucht	283	3	unhandled	false	false			nuri-6-2,nuri-7-1,nuri-7-2
de	_are-we-cool-yet	284	2	jp_tag_name	true	true	_are-we-cool-yet		projektvorschlag-2014-001,projektvorschlag-2024-001
de	_bild_cc	285	2	unhandled	false	false			nuri-hub,scp-222-de
de	amorph	286	2	unhandled	false	false			scp-148-de,scp-370-de
de	anihilismus	287	2	unhandled	false	false			nexus-16-1,nexus-16-3
de	artwork	288	2	jp_tag_alias	true	true	アートワーク		samhain-2019,weihnachts-event-2025-ergebnisse
de	aufzeichnung	289	2	unhandled	false	false			alpha-beta-delta-kaskade,scp-211-de
de	die-skulptur	290	2	unhandled	false	false			asp-173,skp-173-us
de	dinosaurier	291	2	unhandled	false	false			scp-027-de-ex,scp-300-de
de	embargo	292	2	unhandled	false	false			nuri-5-1,nuri-5-2
de	erzählerisch	293	2	unhandled	false	false			scp-374-de,scp-449-de
de	fire-suppression-dept	294	2	jp_tag_alias	true	true	火急鎮静部門		ein-neues-leben,scp-302-de
de	geschmacklich	295	2	unhandled	false	false			scp-009-de-j,scp-395-de
de	goi2019	296	2	jp_tag_name	true	true	goi2019		a-piece-of-his-mind,scp-010-int
de	gruppe	297	2	unhandled	false	false			goi-1995-de-das-wunderkabinett,magierakademie-hub
de	grün	298	2	unhandled	false	false			scp-172-de,scp-380-de
de	grüner-könig	299	2	unhandled	false	false			amnesie-1,ein-seltsamer-tagtraum-so-suess-wie-gift
de	hase	300	2	unhandled	false	false			scp-221-de,scp-292-de
de	iris-dark	301	2	jp_tag_alias	true	true	アイリス・ダーク		belladonna-ballkleid,iris-dark-girls-night-1
de	jagdverein	302	2	unhandled	false	false			nuri-3-1,nuri-3-2
de	kopffüßer	303	2	unhandled	false	false			scp-305-de,scp-348-de
de	krankheit	304	2	unhandled	false	false			scp-013-de,scp-328-de
de	kristallin	305	2	unhandled	false	false			deleted:skp-035,scp-357-de
de	miniatur	306	2	unhandled	false	false			scp-193-de,scp-369-de
de	mister	307	2	jp_tag_name	true	true	mister		scp-122-de,scp-308-de
de	mond	308	2	unhandled	false	false			scp-002-de-j,scp-227-de
de	mystery	309	2	unhandled	false	false			amnesie-1,scp-442-de
de	obskura	310	2	jp_tag_alias	true	true	オブスクラ		reissend-beissend-flehend,reissend-beissend-flehend-2
de	okular	311	2	unhandled	false	false			scp-140-de,scp-327-de
de	paradox	312	2	jp_tag_alias	true	true	パラドックス		scp-065-de,scp-260-de
de	parawatch	313	2	jp_tag_alias	true	true	パラウォッチ		nichts-ist-je-voellig-vergangen,scp-342-de
de	pferdeartig	314	2	unhandled	false	false			forschungs-log-033,scp-376-de
de	portugiesisch	315	2	unhandled	false	false			scp-005-int,scp-008-int
de	protokoll	316	2	unhandled	false	false			interview-log-084-de-01,test-protokoll-084-de-10
de	saiga-fraktionen	317	2	unhandled	false	false			nexus-1-2,nexus-1-3
de	satellit	318	2	unhandled	false	false			scp-075-de,scp-311-de
de	scarlet-king	319	2	jp_tag_name	true	true	scarlet-king		das-ritual-der-reinigung,scp-203-de
de	schmetterling	320	2	unhandled	false	false			scp-287-de,scp-386-de
de	schwarm	321	2	unhandled	false	false			scp-123-de-j,scp-397-de
de	schweineartig	322	2	unhandled	false	false			scp-063-de,scp-550-de-j
de	skeletal	323	2	jp_tag_alias	true	true	骨格		scp-333-de,scp-402-de
de	sushiblade	324	2	unhandled	false	false			nexus-13-2,nexus-13-3
de	uhrwerk	325	2	unhandled	false	false			scp-204-de,scp-355-de
de	wahrscheinlichkeit	326	2	unhandled	false	false			scp-022-de,scp-163-de
de	wanderers-library	327	2	jp_tag_alias	true	true	放浪者の図書館		kindergarten-der-schlange,nicht-zum-ersten-mal
de	währung	328	2	unhandled	false	false			scp-104-de-j,scp-259-de
de	_antihuman-fraktion	329	1	unhandled	false	false			heute-habe-ich-etwas-neues-gelernt
de	_broken-god	330	1	jp_tag_alias	true	true	_壊れた神の教会		haeretische-aufzeichnung-11
de	_chaos-insurgency	331	1	jp_tag_alias	true	true	_カオス・インサージェンシー		ein-schicksalhafter-tag
de	_marshall-carter-and-dark	332	1	jp_tag_alias	true	true	_mc&d		belladonna-ballkleid
de	_mm-wk	333	1	unhandled	false	false			der-legendaere-zauberstab-von-morgan-le-fay
de	_n-series-archive	334	1	unhandled	false	false			interessengruppen
de	_nobody	335	1	jp_tag_alias	true	true	_何者でもない		notiz-sie-die-jeden-verraten-hat
de	_psw	336	1	unhandled	false	false			projekt-morgenpforte
de	_raptor-tec	337	1	unhandled	false	false			lilith-und-samson
de	_serpents-hand	338	1	jp_tag_alias	true	true	_蛇の手		kindergarten-der-schlange
de	_wilsons-wildlife	339	1	jp_tag_alias	true	true	_ウィルソンズ・ワイルドライフ		kreaturenprofil-eden
de	abenteuer	340	1	unhandled	false	false			amnesie-1
de	aces-and-eights	341	1	jp_tag_alias	true	true	死人の手札		nexus-14-1
de	ad-astra	342	1	jp_tag_alias	true	true	アド・アストラ		das-taegliche-leben-mit-einer-ausserirdischen
de	alexylva	343	1	jp_tag_alias	true	true	alexylva大学		scp-276-de
de	alien	344	1	unhandled	false	false			das-taegliche-leben-mit-einer-ausserirdischen
de	ameisenartig	345	1	unhandled	false	false			scp-070-de
de	anomales-ereignis	346	1	unhandled	false	false			alpha-beta-delta-kaskade
de	anonym-augen	347	1	unhandled	false	false			nexus-7-1
de	apokalyptisch	348	1	unhandled	false	false			alpha-beta-delta-kaskade
de	apotheose	349	1	unhandled	false	false			nexus-13-3
de	archäologisch	350	1	unhandled	false	false			scp-402-de
de	ausgemustert	351	1	unhandled	false	false			scp-361-de
de	ausstehend	352	1	unhandled	false	false			scp-382-de
de	autor	353	1	unhandled	false	false			hasis-personalien
de	biene	354	1	unhandled	false	false			scp-221-de
de	bildmaterial	355	1	unhandled	false	false			scp-235-de
de	bär	356	1	unhandled	false	false			scp-388-de
de	caldeira	357	1	unhandled	false	false			mitternachtstraum
de	cfo	358	1	jp_tag_name	true	true	cfo		frivole-fangirls
de	clown	359	1	jp_tag_alias	true	true	道化師		scp-122-de
de	cogwork-orthodoxie	360	1	unhandled	false	false			haeretische-aufzeichnung-11
de	cool-war-2	361	1	jp_tag_alias	true	true	クールな戦争2		projektvorschlag-2014-001
de	daevite	362	1	jp_tag_name	true	true	daevite		scp-389-de
de	dc-al-fine	363	1	jp_tag_alias	true	true	d.c.アルフィーネ		scp-015-de-j
de	deckblatt	364	1	unhandled	false	false			vorfall-142i
de	der-mann-der-nicht-da-war	365	1	unhandled	false	false			amnesie-1
de	der-maschinist	366	1	unhandled	false	false			ein-schicksalhafter-tag
de	dr-wondertainment	367	1	jp_tag_alias	true	true	ワンダーテインメント博士		scp-308-de
de	eliminiert	368	1	unhandled	false	false			asp-128-de-el
de	eric	369	1	jp_tag_alias	true	true	エリック		a-calculated-risk
de	erste-person	370	1	unhandled	false	false			amnesie-1
de	extra-dimensional	371	1	unhandled	false	false			skp-187
de	faeowynn-wilson	372	1	jp_tag_alias	true	true	フェオウィン・ウィルソン		kreaturenprofil-eden
de	foundation-collective	373	1	unhandled	false	false			ein-seltsamer-tagtraum-so-suess-wie-gift
de	foundation4k	374	1	unhandled	false	false			nexus-13-3
de	französisch	375	1	unhandled	false	false			test-log-002-int
de	fuchsartig	376	1	unhandled	false	false			scp-364-de
de	gasförmig	377	1	unhandled	false	false			scp-383-de
de	gendastrerie	378	1	jp_tag_alias	true	true	星警隊		das-vermaechtnis
de	glossar	379	1	unhandled	false	false			glossar
de	goc	380	1	unhandled	false	false			neun-8
de	goc-casefiles	381	1	jp_tag_alias	true	true	goc事件簿		ichabod-fallakte
de	graviert	382	1	unhandled	false	false			deleted:skp-035
de	großer-grüner-gott	383	1	unhandled	false	false			scp-193-de
de	gru-division-p	384	1	jp_tag_alias	true	true	gru-p-部局		scp-161-de
de	hai	385	1	unhandled	false	false			scp-131-de
de	hanged-king	386	1	jp_tag_alias	true	true	吊られた王		nuri-6-1
de	herzerwärmend	387	1	unhandled	false	false			scp-442-de
de	homo-sapiens-sidhe	388	1	jp_tag_name	true	true	homo-sapiens-sidhe		scp-390-de
de	humor	389	1	unhandled	false	false			bis-spaeti-in-die-nacht
de	i-57	390	1	jp_tag_name	true	true	i-57		nexus-7-2
de	instrument	391	1	unhandled	false	false			scp-202-de
de	jenseits	392	1	unhandled	false	false			alpha-beta-delta-kaskade
de	kain	393	1	unhandled	false	false			asp-073
de	kognitive-gefahr	394	1	unhandled	false	false			scp-267-de
de	kollaboration	395	1	unhandled	false	false			scp-075-de-neutralisierungsprotokoll
de	krustentier	396	1	unhandled	false	false			scp-210-de
de	kuh	397	1	unhandled	false	false			scp-372-de
de	künstliche-intelligenz	398	1	unhandled	false	false			lilith-und-samson
de	leichnahm	399	1	unhandled	false	false			scp-396-de
de	letters-entertainment	400	1	unhandled	false	false			dinge-die-inspirieren
de	lgbtq	401	1	unhandled	false	false			bis-spaeti-in-die-nacht
de	linkage	402	1	jp_tag_name	true	true	linkage		lilith-und-samson
de	lorecon2023	403	1	jp_tag_name	true	true	lorecon2023		scp-390-de
de	mental	404	1	unhandled	false	false			scp-057-de
de	mujin-getsudō-shū	405	1	unhandled	false	false			kontrollverlust
de	mythologisch	406	1	unhandled	false	false			herr-der-traeume
de	no-return	407	1	jp_tag_alias	true	true	ノー・リターン		ende-des-einsamen-wanderers
de	noosphäre	408	1	unhandled	false	false			scp-358-de
de	olfaktorisch	409	1	unhandled	false	false			scp-009-de-j
de	pataphysik-abt	410	1	unhandled	false	false			scp-347-de
de	pattern-screamer	411	1	jp_tag_name	true	true	pattern-screamer		scp-358-de
de	pentagram	412	1	jp_tag_alias	true	true	ペンタグラム		scp-367-de
de	pitch-haven	413	1	jp_tag_name	true	true	pitch-haven		zwei-ohne-namen-und-titel
de	primordial	414	1	jp_tag_alias	true	true	プリモルディアル		die-woelfin-und-die-staehlerne-jungfrau
de	prometheus	415	1	jp_tag_alias	true	true	プロメテウス		scp-005-int
de	raptor_tec	416	1	unhandled	false	false			scp-400-de
de	reisen-mit-öffentlichen-mitteln	417	1	unhandled	false	false			ein-langweiliger-valentinstag
de	religious-fiction	418	1	unhandled	false	false			haeretische-aufzeichnung-11
de	reptiloid	419	1	unhandled	false	false			scp-196-de
de	rinderartig	420	1	unhandled	false	false			scp-372-de
de	romance	421	1	unhandled	false	false			das-taegliche-leben-mit-einer-ausserirdischen
de	ruprecht-carter	422	1	jp_tag_name	true	true	ruprecht-carter		belladonna-ballkleid
de	räuberisch	423	1	unhandled	false	false			scp-379-de
de	schafsartig	424	1	unhandled	false	false			scp-112-de
de	schleife	425	1	unhandled	false	false			scp-178-de
de	schule	426	1	unhandled	false	false			scp-193-de
de	science-fiction	427	1	unhandled	false	false			das-taegliche-leben-mit-einer-ausserirdischen
de	seuche	428	1	unhandled	false	false			scp-328-de
de	sexuell	429	1	unhandled	false	false			scp-339-de
de	simonie	430	1	unhandled	false	false			amnesie-1
de	skitter-marshall	431	1	unhandled	false	false			iris-dark-girls-night-1
de	spiel	432	1	unhandled	false	false			scp-220-de
de	sport	433	1	jp_tag_alias	true	true	スポーツ		scp-193-de
de	taktil	434	1	unhandled	false	false			scp-148-de
de	telekinetisch	435	1	unhandled	false	false			scp-321-de
de	thermal	436	1	jp_tag_alias	true	true	温度		scp-043-de
de	thianer	437	1	unhandled	false	false			scp-480-de
de	uhr	438	1	unhandled	false	false			scp-204-de
de	unternehmen	439	1	unhandled	false	false			belladonna-ballkleid
de	vorfall	440	1	unhandled	false	false			scp-049-de
de	wilsons-wildlife	441	1	jp_tag_alias	true	true	ウィルソンズ・ワイルドライフ		kreaturenprofil-eden
de	wissenschaftliche-akademie	442	1	unhandled	false	false			scp-008-int
de	wurm	443	1	unhandled	false	false			scp-182-de
de	zeitreise	444	1	unhandled	false	false			scp-444-de
de	ziegenähnlich	445	1	unhandled	false	false			scp-154-de
de	zähne	446	1	unhandled	false	false			scp-393-de
el	el	1	32	jp_tag_name	true	true	el		attribution-metadata,chat-guide,deleted:protasi-tou-ags,dimioyrgoi-periechomenoy,foundation-tales-el
el	scp	2	14	jp_tag_name	true	true	scp		deleted:protasi-tou-ags,scp-001-el,scp-002-el,scp-010-el,scp-012-el
el	hub	3	8	jp_tag_alias	true	true	ハブ		dimioyrgoi-periechomenoy,foundation-tales-el,goi-formats-el,media-archive,scp-001-el
el	euclid	4	7	jp_tag_name	true	true	euclid		scp-002-el,scp-012-el,scp-025-el,scp-043-el,scp-044-el-arc
el	safe	5	4	jp_tag_name	true	true	safe		scp-010-el,scp-018-el,scp-030-el,scp-046-el-arc
el	Οδηγός	6	4	unhandled	false	false			attribution-metadata,chat-guide,meet-the-staff,task-forces-el
el	διαγωνισμός	7	3	unhandled	false	false			greek-branch-anniversary-2020,halloween-2019,halloween-2020
el	halloween-2019	8	2	jp_tag_name	true	true	halloween-2019		halloween-2019,scp-044-el-arc
el	αρχειοθετημένo	9	2	unhandled	false	false			scp-044-el-arc,scp-046-el-arc
el	admin	10	1	jp_tag_alias	true	true	管理		kratisi-metafraseon
el	archon	11	1	jp_tag_name	true	true	archon		scp-093-el
el	halloween-2020	12	1	unhandled	false	false			halloween-2020
el	keter	13	1	jp_tag_name	true	true	keter		deleted:protasi-tou-ags
el	αγ-φυς-γουιλ	14	1	unhandled	false	false			profil-plasmatos-afrodith
el	δομή	15	1	unhandled	false	false			scp-074-el
el	ελληνικη-θαλασσα	16	1	unhandled	false	false			pyrkagia-tis-stathmos-276
el	εχθρικό	17	1	unhandled	false	false			scp-074-el
el	ζωντανό	18	1	unhandled	false	false			scp-074-el
el	ζώο	19	1	unhandled	false	false			scp-074-el
el	ιστορία	20	1	unhandled	false	false			pyrkagia-tis-stathmos-276
el	μάσκα	21	1	unhandled	false	false			scp-046-el-arc
el	μορφή-goi	22	1	unhandled	false	false			profil-plasmatos-afrodith
el	σε-επανεγγραφή	23	1	unhandled	false	false			pyrkagia-tis-stathmos-276
el	τέχνη	24	1	unhandled	false	false			oi-pinakes-toy-sack
en	_licensebox	1	15857	jp_unused_no_single_replacement	true	false			0-texts-found,0-underture,001-blank-i,01092025,026-exploration-logs
en	scp	2	10348	jp_tag_name	true	true	scp		001-blank-i,abraka-davids-proposal,acidfrog-s-proposal-internal,billiths-proposal,bleep-s-onyx-proposal
en	_cc	3	8873	jp_unused_no_single_replacement	true	false			0-texts-found,0-underture,049-x-minion-x-reader,1-remember-remember,10-under-new-direction
en	tale	4	6533	jp_tag_name	true	true	tale		0-underture,01092025,04-23-87,049-x-minion-x-reader,085-romance-adult
en	euclid	5	3409	jp_tag_name	true	true	euclid		captain-kirby-s-proposal,djoric-dmatix-proposal,dr-clef-s-proposal,dyfscp-001,eberstrom-s-proposal-arc
en	safe	6	3054	jp_tag_name	true	true	safe		nicos-proposal-ii,protected:scp-7156,qntm-s-proposal,queerious-proposal,rounderhouse-jade-proposal
en	sapient	7	2733	jp_tag_alias	true	true	知性		001-blank-i,bleep-s-onyx-proposal,captain-kirby-s-proposal,cimmerian-kaktus-proposal,djkaktus-s-proposal-ii
en	humanoid	8	2691	jp_tag_alias	true	true	人間型		001-blank-i,abraka-davids-proposal,bleep-s-onyx-proposal,calibold-harryblank-nico-proposal,captain-kirby-s-proposal
en	fragment	9	2184	jp_tag_alias	true	true	フラグメント		fragment:001-blank-i-1,fragment:001-blank-i-2,fragment:001-blank-i-3,fragment:001-blank-i-4,fragment:001-blank-i-5
en	alive	10	2141	jp_tag_alias	true	true	生命		bleep-s-onyx-proposal,captain-kirby-s-proposal,djkaktus-s-proposal-j,djoric-dmatix-proposal,dyfscp0012
en	keter	11	1929	jp_tag_name	true	true	keter		001-blank-i,chamomile82-s-proposal,deepwell-proposal,djkaktus-s-proposal-ii,dr-cimmerian-s-proposal
en	mind-affecting	12	1595	jp_tag_alias	true	true	精神影響		dr-cimmerian-s-proposal,dyfscp0013,etc-proposal,lulus-proposal,nagiros-proposal
en	fantasy	13	1411	unhandled	false	false			0-underture,11-mr-feather,11-turnover,17-phoenix-street,1st-cetres-donation
en	horror	14	1382	unhandled	false	false			1,1-001-dark-and-stormy-nights,1-mr-headless,1-remember-remember,1-staar-cuttt-2-5
en	co-authored	15	1197	jp_tag_alias	true	true	共著		12-days-of-christmas-hub,1998-911-hub,3ports-schools,4480-expl-log,61-dividing-time
en	animal	16	1109	jp_tag_alias	true	true	動物		djkaktus-s-proposal-j,nagiros-proposal,plauge-proposal,queerious-proposal,scp-004-it
en	comedy	17	1079	unhandled	false	false			049-x-minion-x-reader,1-800-scp,10-30-a-m,12-angry-penguins,12-aromantic-abatement
en	extradimensional	18	966	jp_tag_alias	true	true	異次元		djkaktus-s-proposal,djkaktus-s-proposal-ii,dyfscp-001,dyfscp0012,dyfscp0013
en	esoteric-class	19	941	jp_tag_name	true	true	esoteric-class		001-blank-i,billiths-proposal,cimmerian-kaktus-proposal,ddd-2034,djkaktus-s-proposal-iii
en	cognitohazard	20	932	jp_tag_alias	true	true	認識災害		daveyoufool-proposal,dr-cimmerian-s-proposal,liz-the-gm-s-proposal,queerious-proposal,scp-002-pt
en	artwork	21	924	jp_tag_alias	true	true	アートワーク		10th-animation,2521-emoji,2k24biatch,4784-va2024-art,a-dodo-mission
en	visual	22	903	jp_tag_alias	true	true	視覚		dr-cimmerian-s-proposal,liz-the-gm-s-proposal,scp-005-it,scp-012,scp-015-it
en	science-fiction	23	869	unhandled	false	false			0-underture,1-remember-remember,16-the-eighth-of-september,2-the-mausoleum-at-ipperwash,22-borrowing-trouble
en	uncontained	24	855	jp_tag_alias	true	true	未収容		cimmerian-kaktus-proposal,director-bold-s-proposal-j,etc-proposal,fishish-s-proposal-j,henzoid-crocket-s-proposal-j
en	mystery	25	847	unhandled	false	false			0-texts-found,10-mr-mission,14-drilling-down,15-11-2012,16-the-eighth-of-september
en	historical	26	829	jp_tag_alias	true	true	歴史		0-underture,001-blank-i,1,a-folklorist-approach-to-myth-case-study-01-the-tuatha-de-da,a-form-to-outlast-time
en	artifact	27	810	jp_tag_alias	true	true	人工		scp-0002-j,scp-001-and-a-half-j,scp-001-j,scp-010,scp-013
en	ectoentropic	28	796	jp_tag_alias	true	true	外部エントロピー		djkaktus-s-proposal-ii,djoric-dmatix-proposal,dr-clef-s-proposal,protasi-tou-ags,sandrewswann-s-proposal
en	building	29	787	jp_tag_alias	true	true	建造物		acidfrog-s-proposal-internal,keter-duty,ralliston-s-proposal,rounderhouse-proposal,scantron-s-proposal
en	bleak	30	774	unhandled	false	false			01092025,1,4-mr-lie,7-beyond-repair,784incident7
en	author	31	767	jp_tag_alias	true	true	著者ページ		102point3lemonsensefm,7eventy7evenfold,8b3,a-certain-veraltanic-author-page,a-fat-ghost-s-dossier
en	slice-of-life	32	755	unhandled	false	false			085-romance-adult,100th-tale,12-aromantic-abatement,13th-23rd-december-2008,15-a-clean-break
en	transfiguration	33	734	jp_tag_alias	true	true	変容		dyfscp0014,henzoid-crocket-s-proposal-j,jjj-jjjj-j,metaphysician-karpin-proposal,not-a-seagull-proposal
en	biological	34	714	jp_tag_alias	true	true	生物学		dr-gears-s-proposal,jack-ike-s-proposal-i,metaphysician-karpin-proposal,protected:scp-2721,rounderhouse-bone-proposal
en	scp-art	35	711	unhandled	false	false			1831-comic-excerpt,2-rhine-2-river,2521-emoji,2521-xxx,2k24biatch
en	goi-format	36	710	jp_tag_name	true	true	goi-format		0-texts-found,1-staar-cuttt-2-5,16th-wondertainment-donation,1st-cetres-donation,3ports-schools
en	location	37	698	jp_tag_alias	true	true	場所		calibold-harryblank-nico-proposal,dr-manns-proposal,eberstrom-s-proposal-arc,scp-006,scp-006-int
en	hub	38	694	jp_tag_alias	true	true	ハブ		12-days-of-christmas-hub,144-hour-jam-contest,144-hour-jam-contest-two,173-anniversary-hub,173-festival
en	illustrated	39	649	unhandled	false	false			001-blank-i,3-halls-of-the-dead,3ports-schools,43-nothing-happens,44-next-to-nothing
en	reality-bending	40	641	jp_tag_alias	true	true	現実改変		001-blank-i,bleep-s-onyx-proposal,djkaktus-s-proposal-iii,dyfscp0012,etc-proposal
en	action	41	637	unhandled	false	false			19-detour-de-force,29-meeting-in-the-middle,35-fire-in-the-hole,784incident5,784incident7
en	bittersweet	42	620	unhandled	false	false			14-mr-brass,25-12-2047,39-double-date,57-the-only-shadow,60-underlogue
en	autonomous	43	608	jp_tag_alias	true	true	自律		jack-ike-s-proposal-i,scp-011,scp-013-arc,scp-015,scp-022
en	meta	44	574	jp_tag_alias	true	true	メタ		calibold-harryblank-nico-proposal,dyfscp-001,dyfscp0012,etc-proposal,gpt-4546-j
en	cadaver	45	564	jp_tag_alias	true	true	死体		abraka-davids-proposal,etc-proposal,scp-006-int,scp-022,scp-069
en	global-occult-coalition	46	561	jp_tag_alias	true	true	世界オカルト連合		1,2521-escaped,38-world-of-difference,5-veil-tiers,5th-global-occult-coalition-donation
en	neutralized	47	558	jp_tag_name	true	true	neutralized		acidfrog-s-proposal-internal,liz-the-gm-s-proposal,queerious-proposal,rounderhouse-golder-proposal,scp-004-it
en	compulsion	48	552	jp_tag_alias	true	true	強制力		protasi-tou-ags,queerious-proposal,scp-001-j,scp-005-it,scp-010
en	temporal	49	550	jp_tag_alias	true	true	時間		001-blank-i,billiths-proposal,dyfscp-001,etc-proposal,jack-ike-s-proposal-ii
en	memory-affecting	50	549	jp_tag_alias	true	true	記憶影響		etc-proposal,mcdoctorate-s-proposal,scp-0000-ex,scp-011-pt,scp-030-vn
en	religious	51	540	jp_tag_alias	true	true	宗教		bleep-s-onyx-proposal,djoric-dmatix-proposal,dr-clef-s-proposal,dyfscp0012,metaphysician-karpin-proposal
en	international	52	536	jp_tag_alias	true	true	インターナショナル		10th-animation,1998-911-hub,2521-emoji,2521-escaped,7-ghost-story-in-the-site-29
en	marshall-carter-and-dark	53	522	jp_tag_alias	true	true	mc&d		1-001-dark-and-stormy-nights,38-world-of-difference,a-bit-more-of-a-plan,a-blessed-day,a-circus-for-mc-d-ltd
en	auditory	54	516	jp_tag_alias	true	true	聴覚		daveyoufool-proposal,metaphysician-karpin-proposal,scp-005-j-ex,scp-058,scp-061
en	teleportation	55	515	jp_tag_alias	true	true	瞬間移動		dr-gears-s-proposal,dyfscp0012,eberstrom-s-proposal-arc,rounderhouse-gold-proposal,scp-014-int
en	document	56	495	jp_tag_alias	true	true	文書		jonathan-ball-s-proposal,mackenzie-s-proposal,scp-000-j,scp-002-pt,scp-009-j
en	spatial	57	493	jp_tag_alias	true	true	空間		billiths-proposal,dr-gears-s-proposal,dr-manns-proposal,dyfscp0013,keter-duty
en	hostile	58	492	jp_tag_alias	true	true	敵対的		djkaktus-s-proposal-j,dr-frueh-s-proposal,nagiros-proposal,scp-001-it-graf,scp-005-it
en	joke	59	488	jp_tag_alias	true	true	ジョーク		173-3-or-less,abraka-davids-proposal,april-fools-2024,aprillipaiva,bearitage-collection
en	memetic	60	483	jp_tag_alias	true	true	ミーム		etc-proposal,gpt-4546-j,jjj-jjjj-j,mcdoctorate-s-proposal,misterfrown-s-proposal-j
en	extraterrestrial	61	477	jp_tag_alias	true	true	地球外		billiths-proposal,dr-cimmerian-s-proposal,dyfscp0013,protected:scp-2721,scp-002-ex
en	media	62	470	jp_tag_alias	true	true	記憶媒体		kate-mctiriss-s-proposal,mcdoctorate-s-proposal,misterfrown-s-proposal-j,scp-011-de,scp-024
en	k-class-scenario	63	467	jp_tag_alias	true	true	k-クラスシナリオ		daveyoufool-proposal,djkaktus-s-proposal-ii,djkaktus-s-proposal-j,dr-clef-s-proposal,dyfscp-001
en	religious-fiction	64	465	unhandled	false	false			0-texts-found,1-staar-cuttt-2-5,37-beggar-belief,a-baptism-of-fire,a-blessed-day
en	featured	65	459	jp_tag_alias	true	true	注目記事		16th-wondertainment-donation,a-brief-explanation-on-demonics,a-calm-evening-at-the-clown-park,a-cosmic-cycle,a-day-in-the-life
en	electronic	66	454	jp_tag_alias	true	true	電子デバイス		dr-frueh-s-proposal,dyfscp0012,k1s10r0d-s-proposal,rounderhouse-proposal,scp-001-d-j
en	spy-fiction	67	450	unhandled	false	false			13-reproduction,14-drilling-down,16th-wondertainment-donation,20-goto-10,22-borrowing-trouble
en	art-exchange	68	448	jp_tag_name	true	true	art-exchange		12-angry-penguins,17-luxemburg-prospekt,17-phoenix-street,a-baptism-of-fire,a-canadian-standoff
en	first-person	69	441	unhandled	false	false			085-romance-adult,10-mr-mission,13-mr-purple,13th-23rd-december-2008,15-ms-sweetie
en	military-fiction	70	440	unhandled	false	false			1914,2-the-mausoleum-at-ipperwash,29-meeting-in-the-middle,34-the-cruelest-fight,35-fire-in-the-hole
en	broken-god	71	438	jp_tag_alias	true	true	壊れた神の教会		1,1-001-dark-and-stormy-nights,20-goto-10,a-baptism-of-fire,a-blessed-day
en	otherworldly	72	437	unhandled	false	false			049-x-minion-x-reader,a-bio-scanner-alone-on-a-dead-world,a-circus-come-to-not,a-circus-of-a-wreck,a-circus-with-paranoia
en	lgbtq	73	431	unhandled	false	false			9-to-5,9-transition,a-box-for-those-people,a-crack-in-the-porcelain,a-ghost-in-the-mechanism
en	_listpages	74	420	unhandled	false	false			2521-xxx,66-kaleidoscope,67-terminal-terminal,a-eulogy-in-eleven-eight-time,a-man-fishes-in-wyoming
en	computer	75	404	jp_tag_alias	true	true	コンピュータ		calibold-harryblank-nico-proposal,director-bold-s-proposal-j,dr-cimmerian-s-proposal,dr-frueh-s-proposal,dyfscp0012
en	hallucination	76	396	jp_tag_alias	true	true	幻覚		queerious-proposal,rounderhouse-proposal,scp-005-it,scp-013-arc,scp-031
en	cel-shaded	77	393	unhandled	false	false			1831-comic-excerpt,2-rhine-2-river,2521-escaped,2k24biatch,4x4x4-cell
en	sarkic	78	390	jp_tag_alias	true	true	サーキック		1,1-001-dark-and-stormy-nights,17-luxemburg-prospekt,a-baptism-of-fire,a-blessed-day
en	acoustic	79	386	jp_tag_alias	true	true	音波		djkaktus-s-proposal-j,liz-the-gm-s-proposal,scantron-s-proposal,scp-037-it,scp-069-ua
en	sensory	80	382	jp_tag_alias	true	true	感覚		etc-proposal,scp-013,scp-018-j,scp-020,scp-031
en	thaumiel	81	380	jp_tag_name	true	true	thaumiel		bleep-s-onyx-proposal,calibold-harryblank-nico-proposal,djkaktus-s-proposal,kate-mctiriss-s-proposal,keter-duty
en	knowledge	82	378	jp_tag_alias	true	true	知識		pickman-blank-proposal,sandrewswann-s-proposal,scp-012-ex,scp-028,scp-030
en	species	83	375	jp_tag_alias	true	true	種族		dyfscp0012,fishish-s-proposal-j,psc-7463,queerious-proposal,scp-012-ex
en	surrealism	84	375	unhandled	false	false			12-angry-penguins,13-mr-purple,4012-the-play,53-those-who-cant,66-kaleidoscope
en	painted	85	370	unhandled	false	false			2521-xxx,acoriander,again-and-again-comic,agente-shuffle-s-art-page,aiko-artpage
en	vehicle	86	368	jp_tag_alias	true	true	乗り物		billiths-proposal,dyfscp-001,dyfscp0013,queerious-proposal,scp-005-int
en	_cc4	87	367	unhandled	false	false			3ports-schools,alex-thorley-goes-offline-for-shabbat,all-eyes-on-silesia-hub,am-i-in-heaven,ambrose-vineta
en	foundation-made	88	363	jp_tag_alias	true	true	財団製		calibold-harryblank-nico-proposal,director-bold-s-proposal-j,djkaktus-s-proposal,djkaktus-s-proposal-ii,jack-ike-s-proposal-i
en	period-piece	89	359	unhandled	false	false			0-underture,30-underlude,32-executive-dysfunction,34-the-cruelest-fight,35-fire-in-the-hole
en	absurdism	90	357	unhandled	false	false			049-x-minion-x-reader,10-30-a-m,a-calm-evening-at-the-clown-park,a-cooler-manifesto,a-disgruntled-fan-letter-on-the-subject-of-clownery
en	bureaucracy	91	348	unhandled	false	false			10-under-new-direction,11-turnover,31-the-lines-are-down,32-executive-dysfunction,33-taking-the-lead
en	romance	92	344	unhandled	false	false			049-x-minion-x-reader,085-romance-adult,13-reproduction,2521-xxx,26-working-wonders
en	telepathic	93	343	jp_tag_alias	true	true	テレパシー		metaphysician-karpin-proposal,scp-001-and-a-half-j,scp-003,scp-013-arc,scp-016-j
en	concept	94	342	jp_tag_alias	true	true	概念		001-blank-i,djkaktus-s-proposal-iii,etc-proposal,jack-ike-s-proposal-iv,k1s10r0d-s-proposal
en	aquatic	95	341	jp_tag_alias	true	true	水中		plauge-proposal,rounderhouse-jade-proposal,scp-005-int,scp-006-int,scp-011-pt
en	chaos-insurgency	96	341	jp_tag_alias	true	true	カオス・インサージェンシー		32-executive-dysfunction,34-the-cruelest-fight,35-fire-in-the-hole,38-world-of-difference,53-those-who-cant
en	plant	97	341	jp_tag_alias	true	true	植物		rounderhouse-proposal,scp-011-pt,scp-030-vn,scp-038,scp-046
en	on-guard-43	98	337	jp_tag_name	true	true	on-guard-43		0-underture,001-blank-i,1-remember-remember,10-under-new-direction,11-turnover
en	food	99	334	jp_tag_alias	true	true	食物		rounderhouse-proposal,scp-002-de-j,scp-002-it-j,scp-007-j,scp-015-j
en	serpents-hand	100	334	jp_tag_alias	true	true	蛇の手		0-texts-found,1,38-world-of-difference,a-discussion-with-l-e-t,a-dreaming-giant-s-chair
en	reviewers-spotlight	101	333	jp_tag_alias	true	true	批評者スポットライト		a-clean-fast-end,a-very-small-eternity,a-wolf-at-the-door,adoption-poster-darius,ambrose-backdoor-soho
en	transmission	102	333	jp_tag_alias	true	true	通信		liz-the-gm-s-proposal,protected:scp-2721,scantron-s-proposal,scp-0002-j,scp-001-d-j
en	inscription	103	332	jp_tag_alias	true	true	記述		rounderhouse-proposal,scp-016-j,scp-031-pt,scp-073,scp-076
en	supplement	104	331	jp_tag_alias	true	true	補足		026-exploration-logs,2117-recovered-materials,2212-archival-class,2212-archival-containment-procedures,2212-archival-cross-test-log
en	observational	105	327	jp_tag_alias	true	true	観測		etc-proposal,scp-007-j,scp-011-j,scp-012-ex,scp-012-j
en	crime-fiction	106	322	unhandled	false	false			10-mr-mission,12-angry-penguins,17-phoenix-street,a-dark-forsaken-candle,a-farewell-to-kings
en	infohazard	107	322	jp_tag_alias	true	true	情報災害		jjj-jjjj-j,mcdoctorate-s-proposal,poufys-proposal,scp-005-j,scp-010-j
en	ritual	108	322	jp_tag_alias	true	true	儀式		scp-072-th,scp-077,scp-089,scp-1036,scp-1089-j
en	post-apocalyptic	109	314	unhandled	false	false			1,18-the-only-constant,19-detour-de-force,20-not-my-day,21-the-short-version
en	portal	110	310	jp_tag_alias	true	true	ポータル		dr-clef-s-proposal,dyfscp-001,scp-004,scp-014-int,scp-028-de
en	predatory	111	310	jp_tag_alias	true	true	捕食		deepwell-proposal,dr-gears-s-proposal,scp-015-it,scp-031,scp-046
en	rewrite	112	310	jp_tag_alias	true	true	改稿		a-semi-comprehensive-list-of-foundation-fronts,a-sort-of-challenge,anime-is-art-too-guys,archived:tag-search-helen,black-queen-hub
en	empathic	113	309	jp_tag_alias	true	true	精神感応		proposition-du-dr-gray,scp-1293,scp-131,scp-132-arc,scp-1353
en	unusual-incidents-unit	114	308	jp_tag_alias	true	true	異常事件課		04-23-87,100th-tale,2521-escaped,38-world-of-difference,a-day-at-the-call-center
en	adventure	115	306	unhandled	false	false			a-chance-at-freedom,a-circus-come-to-not,a-journal-found-in-the-collection-of-the-peabody-museum-of-n,a-long-ways-from-home,a-memory-from-your-lonesome-past-keeps-us-so-far-apart
en	intangible	116	304	jp_tag_alias	true	true	非実体		scp-023,scp-023-j,scp-072,scp-080,scp-1057
en	metamorphic	117	303	jp_tag_alias	true	true	変身		dyfscp0014,scp-003-j,scp-031,scp-038,scp-056
en	antimemetic	118	302	jp_tag_alias	true	true	反ミーム		captain-kirby-s-proposal,scp-002-de-j,scp-050-int,scp-055,scp-055-j
en	structure	119	302	jp_tag_alias	true	true	構造		deepwell-proposal,dr-frueh-s-proposal,scp-002,scp-002-ex,scp-004
en	worldbuilding	120	299	unhandled	false	false			10-30-a-m,15-ms-sweetie,5-veil-tiers,60-underlogue,a-brief-essay-on-human-culture
en	from-120s-archives	121	298	jp_tag_alias	true	true	120の記録書庫より		049-x-minion-x-reader,32-executive-dysfunction,8000-dead-rats-hub,a-baptism-of-fire,a-broken-bookshelf
en	weapon	122	295	jp_tag_alias	true	true	武器		djkaktus-s-proposal,etc-proposal,nagiros-proposal,queerious-proposal,rounderhouse-gold-proposal
en	ethics-committee	123	292	jp_tag_alias	true	true	倫理委員会		38-world-of-difference,49-repent-at-leisure,a-memorandum,a-strange-orientation,agent-in-orange
en	liquid	124	290	jp_tag_alias	true	true	液体		queerious-proposal,scp-006,scp-009,scp-021-j,scp-025-j
en	dr-wondertainment	125	289	jp_tag_alias	true	true	ワンダーテインメント博士		1,1-mr-headless,10-mr-mission,11-mr-feather,13-mr-purple
en	indestructible	126	287	jp_tag_alias	true	true	破壊不可能		djkaktus-s-proposal,dyfscp-001,jack-ike-s-proposal-i,qntm-s-proposal,scp-0001-j
en	self-repairing	127	284	jp_tag_alias	true	true	自己修復		dyfscp0013,jack-ike-s-proposal-i,scp-005-int,scp-006,scp-032-it
en	are-we-cool-yet	128	283	jp_tag_name	true	true	are-we-cool-yet		a-betamax-suicide-note,a-broken-bookshelf,a-cloud-over-lichtenberg,a-cooler-manifesto,a-friendly-guide-to-the-katharsys-music-festival
en	doctor-clef	129	283	jp_tag_alias	true	true	クレフ博士		085-romance-adult,12-angry-penguins,784incident2,784incident3,784incident4
en	mythological	130	280	unhandled	false	false			a-dreaming-giant-s-chair,a-faerie-tale-of-twin-queens,a-folklorist-approach-to-myth-case-study-01-the-tuatha-de-da,a-god-and-a-marine,a-gospel-for-church-mice
en	subterranean	131	280	jp_tag_alias	true	true	地下		keter-duty,rounderhouse-bone-proposal,scp-052,scp-057,scp-057-int
en	psychological-horror	132	276	unhandled	false	false			9-to-5,a-crack-in-the-porcelain,a-dove-in-a-chicken-pen,a-man-at-the-top-of-his-profession,a-matter-of-perception
en	body-horror	133	274	unhandled	false	false			1914,69-red-shift,a-betamax-suicide-note,a-crack-in-the-porcelain,a-delicious-plate-of-olives
en	collaboration	134	272	jp_tag_alias	true	true	合作		1998-911-hub,2117-recovered-materials,603-ft-2012,7416-aldi,8000-dead-rats-hub
en	phenomenon	135	268	unhandled	false	false			lily-s-proposal,scp-027,scp-033,scp-055,scp-1155
en	artistic	136	266	jp_tag_alias	true	true	芸術		protected:scp-2721,scp-021,scp-067,scp-085,scp-095
en	mechanical	137	264	jp_tag_alias	true	true	機械		dr-frueh-s-proposal,jack-ike-s-proposal-i,rounderhouse-gold-proposal,rounderhouse-proposal,scp-044
en	sleep	138	261	jp_tag_alias	true	true	睡眠		jack-ike-s-proposal-i,proposition-du-dr-gray,scp-005-it,scp-026,scp-072
en	third-law	139	258	jp_tag_alias	true	true	第三法則		15-11-2012,3ports-schools,a-confluence-of-clandestine-conferences,a-crooked-brow,a-dark-forsaken-candle
en	online	140	257	jp_tag_alias	true	true	オンライン		protected:scp-2721,queerious-proposal,scp-056-ko,scp-079-it,scp-088-it
en	poetry	141	253	jp_tag_alias	true	true	詩的文学		1-staar-cuttt-2-5,173,a-box-for-those-people,a-completely-normal-employee-initiation-ritual-that-definite,a-continuous-reflection
en	audio	142	250	jp_tag_alias	true	true	音声添付		a-date-which-will-live-in-infamy,a-gally-fellows-lens,a-lone-speaker,a-plague-of-philosophical-zombies,a-real-man-of-action
en	light	143	250	jp_tag_alias	true	true	可視光		henzoid-crocket-s-proposal-j,protasi-tou-ags,scp-017,scp-030,scp-031-pt
en	neurological	144	249	jp_tag_alias	true	true	神経		etc-proposal,lulus-proposal,scp-030-vn,scp-042-it,scp-055-int
en	corporate	145	247	jp_tag_alias	true	true	企業		a-completely-normal-employee-initiation-ritual-that-definite,a-cosmic-cycle,a-day-in-the-balance,a-pound-of-flesh-a-piece-of-meat,a-second-chance-at-today
en	self-replicating	146	245	jp_tag_alias	true	true	自己複製		liz-the-gm-s-proposal,sandrewswann-s-proposal,scantron-s-proposal,scp-001-ex-j,scp-003
en	series-hub	147	238	unhandled	false	false			12-days-of-christmas-hub,1998-911-hub,8000-dead-rats-hub,a-dark-forsaken-candle,above-all-stand-i
en	heartwarming	148	234	unhandled	false	false			4eyes4arms-and-other-conversations,a-containment-proposal,a-day-like-any-other,a-funeral-on-mars,a-gift-from-my-uncles
en	narrative	149	234	jp_tag_alias	true	true	語り		i-h-p-proposal,jack-ike-s-proposal-i,ninth-s-proposal-ii,not-a-seagull-proposal,scp-031-vn
en	reanimation	150	234	jp_tag_alias	true	true	蘇生		calibold-harryblank-nico-proposal,scp-0000-ex,scp-005-vn,scp-008,scp-022
en	metafiction	151	233	unhandled	false	false			1-001-dark-and-stormy-nights,100th-tale,a-christmas-caterwaul,a-failed-two-weeks-notice,a-look-back-on-what-we-accomplished
en	artist	152	230	jp_unused_replacement	true	true		アートワーク	2-rhine-2-river,a-green-squid-kid-s-arts-n-crafts,a1cipher-and-the-failed-arts,abyssal,aethris-art
en	bird	153	230	jp_tag_alias	true	true	鳥類		djkaktus-s-proposal-j,scp-015-de-j,scp-027-de-j,scp-1013,scp-1028
en	insect	154	230	jp_tag_alias	true	true	昆虫		scp-006-cu-ex,scp-006-j,scp-027,scp-097-ko,scp-1131
en	tool	155	230	jp_tag_alias	true	true	道具		dr-frueh-s-proposal,mackenzie-s-proposal,scp-004,scp-014-j,scp-020-j
en	toy	156	225	jp_tag_alias	true	true	玩具		protected:scp-7156,scp-018,scp-063-j,scp-066,scp-067-tl
en	probability	157	222	jp_tag_alias	true	true	確率		etc-proposal,jack-ike-s-proposal-i,plague-s-proposal,scp-008-j,scp-048
en	ghost	158	221	jp_tag_alias	true	true	霊体		50-turning-and-turning,7-ghost-story-in-the-site-29,a-final-dying-ember,a-thin-dangerous-line,abasedebase
en	biohazard	159	218	jp_tag_alias	true	true	生物災害		henzoid-crocket-s-proposal-j,psul-001,scp-002-de-j,scp-008,scp-016
en	_adult	160	217	unhandled	false	false			13-reproduction,37-beggar-belief,39-double-date,42-life-cycled,46-nothing-changes
en	fifthist	161	217	jp_tag_alias	true	true	第五教会		1-staar-cuttt-2-5,a-friendly-guide-to-the-katharsys-music-festival,a-pathetic-attempt-to-explain-fifthism,a-simple-paradigm-shift,a-song-about-serious-information-leaks
en	tactile	162	216	jp_tag_alias	true	true	触覚		scp-049,scp-049-arc,scp-053,scp-093-j,scp-1109
en	contagion	163	213	jp_tag_alias	true	true	伝染性		scp-001-ex-j,scp-008,scp-016,scp-020,scp-027
en	telekinetic	164	213	jp_tag_alias	true	true	念力		scp-092,scp-1031,scp-105,scp-1110,scp-1114
en	apocalyptic	165	211	unhandled	false	false			31-the-lines-are-down,32-executive-dysfunction,69-red-shift,70-parasite,a-hole-for-a-heart-pt-1
en	appliance	166	210	jp_tag_alias	true	true	家電		scp-001-d-j,scp-086,scp-1-800-j,scp-1032,scp-1040
en	black-comedy	167	209	unhandled	false	false			6-66,784incident3,9-mr-clumsy,a-bit-more-of-a-plan,a-circus-with-paranoia
en	sculpture	168	207	jp_tag_alias	true	true	彫像		scp-011,scp-024-j,scp-089,scp-1011,scp-1018
en	theme	169	206	jp_tag_alias	true	true	テーマ		theme:3law,theme:3law-7ow,theme:3law-pride,theme:3lawcracked,theme:5k
en	sketched	170	205	unhandled	false	false			abyssal,aethris-art,agent-carriontrooper-s-personnel-file,amai-s-art-gallery,amindele-s-art-page
en	musical	171	201	jp_tag_alias	true	true	音楽		scp-012,scp-015-de-j,scp-065-j,scp-092,scp-1139-jp
en	_image	172	200	jp_unused_no_single_replacement	true	false			001-blank-i,a-strange-door-in-my-basement,abatement-failure-1966,aglais-io,alto-clef-back-in-action
en	personnel-art	173	199	unhandled	false	false			4x4x4-cell,agent-carriontrooper-s-personnel-file,aiko-artpage,amai-s-art-gallery,art-contest-hub-characters
en	rewritable	174	199	jp_unused_no_single_replacement	true	false			a-concrete-shrine,a-few-more-words-from-the-administrator,acquisitions-training,activity-documentation-file-11-a,alternate-hypotheses
en	game	175	197	jp_tag_alias	true	true	ゲーム		scp-024,scp-1024,scp-1070,scp-1172,scp-1201
en	nobody	176	197	jp_tag_alias	true	true	何者でもない		1,a-continuous-reflection,a-day-notable-to-nobody,a-dove-in-a-chicken-pen,a-nice-waffle-dinner
en	airborne	177	195	jp_tag_alias	true	true	空中		protasi-tou-ags,scp-013-j,scp-037,scp-037-it,scp-051-arc
en	mobile	178	195	jp_tag_alias	true	true	移動		protasi-tou-ags,scp-005-int,scp-072-th,scp-085,scp-1027
en	creepypasta	179	194	jp_tag_alias	true	true	クリーピーパスタ		a-fairy-tale,a-little-bunnys-doctor,a-lost-advertisement,a-need-for-inspiration,a-night-in-the-woods
en	chase	180	188	unhandled	false	false			1-mr-headless,19-detour-de-force,53-those-who-cant,784incident7,a-baptism-of-fire
en	chemical	181	188	jp_tag_alias	true	true	化学		scp-030-vn,scp-037-it,scp-045,scp-049,scp-049-arc
en	meteorological	182	186	jp_tag_alias	true	true	天候		not-a-seagull-proposal,scp-1018,scp-107,scp-1108,scp-111-j
en	no-dialogue	183	186	unhandled	false	false			1914,1st-12th-december-2008,5-veil-tiers,a-bus-ride-to-nowhere,a-fancy-dinosaur
en	wilsons-wildlife	184	186	jp_tag_alias	true	true	ウィルソンズ・ワイルドライフ		38-world-of-difference,a-bearly-thought-out-plan,a-passing-rain,a-strange-orientation,a-transfer-of-responsibility
en	hard-to-destroy-reptile	185	185	jp_tag_alias	true	true	不死身の爬虫類		a-chance-encounter,a-containment-proposal,a-real-humdinger,a-researcher-s-tale,a-world-s-legacy
en	daevite	186	184	jp_tag_name	true	true	daevite		a-completed-chronicle,a-dove-in-a-chicken-pen,a-poem-for-the-mekhanites,a-visitation,a-wandsman-in-the-court-of-the-hanged-king
en	parasitic	187	183	jp_tag_alias	true	true	寄生		scp-002-de-j,scp-021,scp-031,scp-074,scp-097-ko
en	cosmic-horror	188	182	unhandled	false	false			1,1-staar-cuttt-2-5,54-not-ready-for-prime-time,a-pathetic-attempt-to-explain-fifthism,a-thin-dangerous-line
en	parawatch	189	180	jp_tag_alias	true	true	パラウォッチ		a-little-bunnys-doctor,a-lost-advertisement,a-night-in-the-woods,a-strange-door-in-my-basement,abwesenheit
en	predictive	190	180	jp_tag_alias	true	true	予知		bleep-s-onyx-proposal,chamomile82-s-proposal,jack-ike-s-proposal-ii,jonathan-ball-s-proposal,k1s10r0d-s-proposal
en	loop	191	179	jp_tag_alias	true	true	ループ		chamomile82-s-proposal,jack-ike-s-proposal-ii,keter-duty,mcdoctorate-s-proposal,nicos-proposal-ii
en	the-administrator	192	176	jp_tag_alias	true	true	管理者		a-few-more-words-from-the-administrator,a-gullet-made-of-the-flesh-of-a-swan,a-simple-sheaf-of-papers,about-the-scp-foundation,adnan-s-alibi
en	scarlet-king	193	175	jp_tag_name	true	true	scarlet-king		7ring,a-wonderful-world-contingency,abridged-retirement-proposals,ambrose-backdoor-soho,ambrose-makiling
en	city	194	174	jp_tag_alias	true	true	都市		metaphysician-karpin-proposal,rounderhouse-bone-proposal,rounderhouse-gold-proposal,rounderhouse-golder-proposal,rounderhouse-jade-proposal
en	artificial-intelligence	195	173	unhandled	false	false			a-clean-fast-end,a-symphony-of-iron-and-steel,additional-resources,ai-classification-guide,alert-lockdown-initiated
en	political	196	170	unhandled	false	false			4012-the-play,8000-dead-rats-hub,a-folklorist-approach-to-myth-case-study-01-the-tuatha-de-da,ambrose-backdoor-soho,ambrose-dc-restaurant-week
en	electrical	197	169	jp_tag_alias	true	true	電気		liz-the-gm-s-proposal,scp-001-ex,scp-071-ko,scp-078,scp-1021
en	medical	198	169	jp_tag_alias	true	true	医療		rounderhouse-proposal,scp-006,scp-057-pt,scp-103,scp-1096
en	three-portlands	199	166	jp_tag_alias	true	true	スリー・ポートランド		3ports-schools,a-dark-forsaken-candle,a-final-dying-ember,a-pristine-untouched-wick,a-slow-flickering-flame
en	doctor-gears	200	163	jp_tag_alias	true	true	ギアーズ博士		a-day-in-the-life-of-alto-clef,a-keter-kinda-christmas,a-site-19-christmas-carol,a-suicide-note,a-taste-of-theft
en	geological	201	161	jp_tag_alias	true	true	地質		scp-045,scp-1073,scp-110,scp-1102,scp-1238
en	child	202	159	unhandled	false	false			djkaktus-s-proposal,scp-009-j,scp-011-j,scp-018-j,scp-026
en	doctor-lillihammer	203	158	jp_tag_alias	true	true	リリハンメル博士		001-blank-i,1-remember-remember,10-under-new-direction,11-turnover,12-aromantic-abatement
en	wanderers-library	204	158	jp_tag_alias	true	true	放浪者の図書館		1,31-the-lines-are-down,38-world-of-difference,a-dreaming-giant-s-chair,a-library-empty
en	prometheus	205	157	jp_tag_alias	true	true	プロメテウス		38-world-of-difference,a-brief-explanation-on-demonics,all-quiet-on-the-wall-street-front,art:montagueetc-sciptember-2022,as-it-happened
en	amorphous	206	156	jp_tag_alias	true	true	不定形		protected:scp-2721,scp-007-int,scp-031,scp-054,scp-066
en	fire	207	156	jp_tag_alias	true	true	炎		scp-001-ex-j,scp-023,scp-060,scp-069-ua,scp-081
en	military	208	156	jp_tag_alias	true	true	軍事		nagiros-proposal,queerious-proposal,scp-011,scp-016-j,scp-044
en	skeletal	209	154	jp_tag_alias	true	true	骨格		scp-060,scp-077,scp-1049,scp-107,scp-1083
en	unlisted	210	154	unhandled	false	false			unlisted:10576876,unlisted:106-takes-manhattan,unlisted:11502197,unlisted:11709943,unlisted:11832139
en	correspondence	211	153	unhandled	false	false			a-clean-fast-end,a-disgruntled-fan-letter-on-the-subject-of-clownery,a-hrd-day-s-work,a-letter-from-a-undesired,a-lost-advertisement
en	gamers-against-weed	212	153	jp_tag_alias	true	true	ゲーマーズアゲインストウィード		a-hopeless-case,a-new-age-of-magic,a-scene-from-a-meme,a-very-high-holiday,acopalypse
en	halloween	213	153	unhandled	false	false			a-little-mister-s-halloween-special,a-need-for-inspiration,a-nightmare-on-17th-street,a-real-actual-blood-cult,a-very-cool-dude-halloween
en	doctor-blank	214	152	jp_tag_alias	true	true	ブランク博士		0-underture,001-blank-i,1-remember-remember,10-under-new-direction,11-turnover
en	dream	215	152	unhandled	false	false			scp-046,scp-097,scp-1074,scp-1154,scp-1230
en	language	216	152	jp_tag_alias	true	true	言語		scp-003-j,scp-030,scp-050-int,scp-062,scp-078
en	thaumaturgy	217	152	jp_tag_alias	true	true	奇跡術		nagiros-proposal,scp-144-pt,scp-2105,scp-2381,scp-2912-jp
en	9000	218	151	jp_tag_name	true	true	9000		scp-8542,scp-9000,scp-9001,scp-9002,scp-9003
en	radioactive	219	150	jp_tag_alias	true	true	放射能		djkaktus-s-proposal,dr-gears-s-proposal,protasi-tou-ags,qntm-s-proposal,scp-003
en	herman-fuller	220	149	jp_tag_alias	true	true	ハーマン・フラー		a-blessed-day,a-circus-come-to-not,a-circus-milked-dry,a-circus-of-a-wreck,a-circus-with-paranoia
en	canine	221	147	jp_tag_alias	true	true	イヌ		scp-004-it,scp-023,scp-048-arc,scp-1111,scp-1241
en	classiccon2025	222	147	jp_tag_name	true	true	classiccon2025		classic-con,scp-5125,scp-5315,scp-5649,scp-7256
en	departmentcon2022	223	146	jp_tag_name	true	true	departmentcon2022		a-bad-miracle,a-date-which-will-live-in-infamy,a-new-chance-to-explore-life,a-stitch-in-time-saved-mine,a-typical-visit-to-the-dentist
en	mister	224	145	jp_tag_name	true	true	mister		1-mr-headless,10-mr-mission,11-mr-feather,13-mr-purple,14-mr-brass
en	the-sculpture	225	145	jp_tag_alias	true	true	scp-173		173,173-3-or-less,173-anniversary-hub,173-festival,173thankyouletter
en	tree	226	144	jp_tag_alias	true	true	樹木		scp-038,scp-043-j,scp-060,scp-071-ko,scp-1001
en	news	227	143	jp_tag_alias	true	true	ニュース		archived:archived-news,event-calendar,monthly-prompts,news,news-01-2016
en	murder-monster	228	142	unhandled	false	false			173,a-concrete-shrine,a-girl-that-died,anddays,anniversary
en	clothing	229	141	jp_tag_alias	true	true	衣類		queerious-proposal,scp-018-j,scp-025,scp-035,scp-072-th
en	essay	230	140	jp_tag_alias	true	true	エッセイ		173thankyouletter,a-brief-history-of-foundation-rp,a-brief-history-of-scp-ko,a-brief-history-of-scp-ru,a-dime-a-dozen
en	pending	231	140	jp_tag_name	true	true	pending		plague-s-proposal,rounderhouse-gold-proposal,scp-151-it,scp-1622-j,scp-1939-j
en	black-queen	232	138	jp_tag_alias	true	true	黒の女王		1,38-world-of-difference,a-new-age-of-magic,a-taste-of-theft,acopalypse
en	s&c-plastics	233	138	jp_tag_alias	true	true	s&cプラスチック		100th-tale,a-christmas-caterwaul,a-fish-saves-the-day-in-this-one,a-hero-i-would-be,a-modest-proposal-for-a-revised-anomaly-classification-syste
en	exchange	234	137	jp_tag_alias	true	true	交換		scp-1139-jp,scp-1141,scp-1177,scp-1337-ex,scp-1526
en	jam-con2020	235	137	jp_tag_name	true	true	jam-con2020		144-hour-jam-contest-two,a-dark-green-kiss,a-song-that-is-unfortunately-about-toes,adoption-poster-pearl,ambrose-dc-restaurant-week
en	adaptive	236	132	jp_tag_alias	true	true	適応		scp-005,scp-007-int,scp-019,scp-055-pt,scp-079-it
en	component	237	132	jp_tag_alias	true	true	コンポーネント		component:acs-animation,component:acs-horm-lite,component:acs-hybrid-text-bar,component:acs-peppo-lite,component:acs-peppo-split
en	resurrection	238	132	jp_tag_alias	true	true	リザレクション		a-funny-thing-happened-on-the-way-to-the-manor,a-series-of-bad-moves,a-study-in-cinnabar,a-team-you-can-maybe-trust,additional-resources
en	archived	239	129	jp_tag_alias	true	true	アーカイブ済み		archived-incident-076-2-682,archived-scps,archived:a-word-from-the-administrator,archived:about-the-scp-foundation,archived:active-projects
en	nameless	240	129	jp_tag_alias	true	true	名もなきもの		a-faerie-tale-of-twin-queens,a-fellow-scholar,ambrose-backdoor-soho,ambrose-esterberg,anomaly-306-the-silver-alder
en	noosphere	241	129	jp_tag_alias	true	true	ノウアスフィア		54-not-ready-for-prime-time,a-thin-dangerous-line,anomalous-ontology-orientation,autopsy,avian-anthology-i
en	mimetic	242	128	jp_tag_alias	true	true	擬態		deepwell-proposal,scp-031,scp-034,scp-038,scp-069
en	shark-punching-center	243	128	jp_tag_alias	true	true	サメ殴りセンター		10-30-a-m,a-necromantic-prelude,a-taste-of-theft,about-tree-fiddy,after-they-broke-our-fists
en	doctor-wettle	244	127	jp_tag_alias	true	true	ウェトル博士		001-blank-i,1-remember-remember,12-aromantic-abatement,13-reproduction,14-drilling-down
en	goi-art	245	127	unhandled	false	false			agente-shuffle-s-art-page,amindele-s-art-page,art-contest-hub-goi,art:049-but-logos,art:2024-art-exchange-miss-lapis
en	publicdomaincon2025	246	127	jp_tag_name	true	true	publicdomaincon2025		a-photograph-of-isadora-gray,a-user-with-that-username-already-exists,after-the-outing,and-to-the-stars-i-went-with-only-a-name-hub,answers
en	twisted-pines	247	127	jp_tag_alias	true	true	あのヨレハマツの林		15-11-2012,a-dark-forsaken-candle,a-final-dying-ember,a-pristine-untouched-wick,a-slow-flickering-flame
en	goi2014	248	126	jp_tag_name	true	true	goi2014		16th-wondertainment-donation,1st-cetres-donation,20-goto-10,3rd-vesta-donation,5th-global-occult-coalition-donation
en	afterlife	249	124	jp_tag_alias	true	true	死後		4012-the-play,a-deal-with-death,a-good-lights-sleep,a-slumber-did-my-spirit-seal,a-thin-dangerous-line
en	event-featured	250	123	jp_tag_alias	true	true	イベント-注目記事		a-fancy-dinosaur,a-kind-of-christmas,dance-the-danse,december-24th-2011-hub,event-featured-archive
en	robotic	251	123	jp_tag_alias	true	true	自動装置		rounderhouse-gold-proposal,scp-032-it,scp-100,scp-1063,scp-1115
en	doomsday2018	252	122	jp_tag_name	true	true	doomsday2018		0-texts-found,a-farewell-to-arms,a-man-of-clay-and-men-formerly-men,a-new-age-of-magic,a-quiet-night
en	pattern-screamer	253	121	jp_tag_name	true	true	pattern-screamer		a-damned-memory,a-strange-door-in-my-basement,a-world-unto-yourself,an-empty-page,art:angelus-abyss
en	horizon-initiative	254	120	jp_tag_alias	true	true	境界線イニシアチブ		0-texts-found,38-world-of-difference,a-dove-in-a-chicken-pen,adnan-s-alibi,aftermath
en	jam-con2019	255	120	jp_tag_name	true	true	jam-con2019		04-23-87,144-hour-jam-contest,7ring,a-beautiful-machine-i-made,a-bit-more-of-a-plan
en	christmas	256	119	unhandled	false	false			12-days-of-christmas-hub,25-12-2047,a-cackmas-carol,a-christmas-caterwaul,a-day-like-any-other
en	performance	257	118	jp_tag_alias	true	true	芸能		nicos-proposal-ii,scp-021-pt,scp-1241,scp-1274,scp-139-it
en	canon2020	258	117	jp_tag_name	true	true	canon2020		a-memory-from-your-lonesome-past-keeps-us-so-far-apart,a-small-bundle-of-letters,a-sympathetic-thorn-in-the-side-of-the-bookburners,a-symphony-of-iron-and-steel,a-team-you-can-maybe-trust
en	doctor-everwood	259	115	jp_tag_alias	true	true	エバーウッド博士		001-blank-i,31-the-lines-are-down,59-the-foreseeable-future,67-terminal-terminal,8000-dead-rats-hub
en	8000	260	114	jp_tag_name	true	true	8000		oris-proposal,scp-8000,scp-8001,scp-8002,scp-8003
en	logo	261	114	unhandled	false	false			achievement-badges,aethris-art,art:049-but-logos,art:a-art-page-for-mtf-insignias-and-my-other-art-john-hamme,art:alternative-acroamatic-abatement-logo
en	7000	262	113	jp_tag_name	true	true	7000		scp-2001-ex,scp-7000,scp-7001,scp-7002,scp-7003
en	alien	263	113	unhandled	false	false			a-ghost-in-the-mechanism,a-hole-in-mars,adana-protocol,agent-calendars-hot-date-2,aglais-io
en	reproductive	264	113	jp_tag_alias	true	true	生殖		queerious-proposal,scp-051,scp-1010,scp-1088,scp-113
en	sphere	265	113	jp_tag_alias	true	true	球体		not-a-seagull-proposal,protasi-tou-ags,scp-013-arc,scp-018,scp-063-j
en	tactical-theology	266	112	jp_tag_alias	true	true	戦術神学部門		31-the-lines-are-down,47-past-caring,59-the-foreseeable-future,a-brief-introduction-to-thaumaturgical-engineering,a-once-and-future-king
en	admin	267	111	jp_tag_alias	true	true	管理		2014-survey-results,2015-survey-results,2016-survey-results,2017-survey-results,2018-survey-results
en	electromagnetic	268	111	jp_tag_alias	true	true	電磁気		scp-1042,scp-1078,scp-1281,scp-1320,scp-1411
en	jam-con2021	269	111	jp_tag_name	true	true	jam-con2021		a-bed-that-grows-arms-and-deals-drugs,a-disgruntled-fan-letter-on-the-subject-of-clownery,charybdis,clowncon-time-clowns-temporal-tomfoolery,corruption-within-the-clown-industry
en	thermal	270	111	jp_tag_alias	true	true	温度		dyfscp0013,scp-001-ex-j,scp-003,scp-009,scp-026-j
en	broken-masquerade	271	110	jp_tag_alias	true	true	壊された虚構		a-day-notable-to-nobody,a-lesson-in-power,a-new-chance-to-explore-life,all-legends-die-eventually,ambroseinternational-pdf
en	feline	272	110	jp_tag_alias	true	true	ネコ		djkaktus-s-proposal-j,scp-040-jp,scp-088-it,scp-1217,scp-1316
en	anderson	273	109	jp_tag_alias	true	true	アンダーソン		a-lullaby-for-anderson-robotics,a-side-step-forward,a-strange-orientation,administrative-leave,anderson-airlines
en	anomalous-event	274	109	unhandled	false	false			captain-kirby-s-proposal,etc-proposal,lily-s-proposal,nicos-proposal-ii,scp-092-vn
en	hive-mind	275	109	jp_tag_alias	true	true	集団意識		dyfscp-001,scp-097-ko,scp-1253,scp-1362,scp-1478
en	doctor-light	276	108	jp_tag_alias	true	true	ライト博士		a-good-lights-sleep,a-site-19-christmas-carol,a-study-in-cinnabar,a-team-you-can-maybe-trust,altoid-clef
en	homo-sapiens-sidhe	277	108	jp_tag_name	true	true	homo-sapiens-sidhe		a-faerie-tale-of-twin-queens,a-form-to-outlast-time,ambrose-esterberg,and-to-the-stars-i-went-with-only-a-name-hub,anderson-airlines
en	alternate-history	278	107	unhandled	false	false			a-hopper-in-the-offshoot,aar-5950-osaka,acopalypse,address-to-the-students-and-faculty,all-things-considered
en	iris-thompson	279	107	jp_tag_alias	true	true	アイリス・トンプソン		17-phoenix-street,7-levels-of-17,a-memory-from-your-lonesome-past-keeps-us-so-far-apart,a-memory-of-what-never-was,a-moment-captured
en	children-of-the-night	280	106	jp_tag_alias	true	true	夜闇の子ら		a-form-to-outlast-time,about-the-serpent,agricola-in-insula-est-poeta,alma-kyivshchyna,ambrose-esterberg
en	gru-division-p	281	106	jp_tag_alias	true	true	gru-p-部局		a-friend-in-the-cold,all-along,alma-kyivshchyna,ankoshoku,as-on-a-darkling-plain
en	director-mcinnis	282	105	jp_tag_alias	true	true	マッキンス管理官		0-underture,001-blank-i,1-remember-remember,10-under-new-direction,11-turnover
en	factory	283	105	jp_tag_alias	true	true	ファクトリー		1,a-few-memos,a-shift-at-the-factory,anomaly-306-the-silver-alder,art:montagueetc-sciptember-2022
en	doctor-kondraki	284	104	jp_tag_alias	true	true	コンドラキ博士		784incident3,a-suicide-note,altoid-clef,art:a-gaggle-of-doctors-and-others,art:artwork-what-do-they-talk-about
en	_ko	285	103	jp_unused_no_single_replacement	true	false			acidfrog-s-proposal-external,acidfrog-s-proposal-internal,adoption-poster-hx,anyworld666,asdf142857art
en	faeowynn-wilson	286	103	jp_tag_alias	true	true	フェオウィン・ウィルソン		a-bearly-thought-out-plan,a-passing-rain,a-welcome-distraction,adoption-poster-darius,adoption-poster-hx
en	no-return	287	103	jp_tag_alias	true	true	ノー・リターン		a-friendly-guide-to-the-katharsys-music-festival,a-magic-show,a-sarkic-by-any-other-name,a-trip-down-memory-lane,an-assembly-of-sarkics
en	plague-doctor	288	103	jp_tag_alias	true	true	ペスト医師		049-x-minion-x-reader,a-nightmare-on-17th-street,a-romantic-comedy-starring-a-dead-mosquito-guest-starring-th,a-true-account-of-the-events-of-1666,acoriander
en	oneiroi	289	102	jp_tag_alias	true	true	オネイロイ		1,12-angry-penguins,a-breath-of-relief-no-different-from-drowning,a-dead-man-s-dream-of-hot-sauce,a-wandsman-in-the-court-of-the-hanged-king
en	reptile	290	102	jp_tag_alias	true	true	爬虫類		for-all-mankind-to-behold-in-awe,nagiros-proposal,scp-015-j,scp-021,scp-1013
en	sexual	291	102	jp_tag_alias	true	true	性的		djkaktus-s-proposal-j,queerious-proposal,scp-071,scp-096-j,scp-1215
en	fish	292	101	jp_tag_alias	true	true	魚類		queerious-proposal,scp-1057,scp-1092,scp-1238,scp-1340
en	mathematical	293	101	jp_tag_alias	true	true	数学		jack-ike-s-proposal-iv,scp-001-ex,scp-033,scp-048,scp-063-j
en	raisa	294	101	unhandled	false	false			airgap,alex-thorley-confuses-a-guy,autopsy,breakthrough,cimmerian-sends-650-pms
en	able	295	100	jp_tag_alias	true	true	アベル		a-jester-s-tale,a-keter-kinda-christmas,a-memory-of-what-never-was,a-nightmare-on-17th-street,a-real-humdinger
en	faerie	296	100	unhandled	false	false			a-faerie-tale-of-twin-queens,a-fellow-scholar,a-folklorist-approach-to-myth-case-study-01-the-tuatha-de-da,a-form-to-outlast-time,a-foul-storm-in-a-fair-land
en	planet	297	99	jp_tag_alias	true	true	惑星		billiths-proposal,scp-007,scp-067-tl,scp-100-jp,scp-1094-ex
en	chicago-spirit	298	98	jp_tag_alias	true	true	シカゴ・スピリット		adoption-poster-ol-shock,and-his-name-was,art:a-favour-a-deal,art:dinodraws-goitober2023,art:diristine-s-art-avenue
en	gravity	299	98	jp_tag_alias	true	true	重力		djkaktus-s-proposal-ii,dr-gears-s-proposal,gpt-4546-j,scp-1136,scp-123
en	school	300	98	unhandled	false	false			3ports-schools,a-final-dying-ember,a-pristine-untouched-wick,a-s-s-and-other-low-threat-groups-of-interest,a-slow-flickering-flame
en	paradox	301	97	jp_tag_alias	true	true	パラドックス		etc-proposal,jack-ike-s-proposal-iv,k1s10r0d-s-proposal,keter-duty,nagiros-proposal
en	remixcon2023	302	97	jp_tag_name	true	true	remixcon2023		a-matter-of-perception,a-promise-to-live-for,art:049-but-logos,art:a-lack-of-care,art:arachis-statuary
en	deity	303	95	unhandled	false	false			001-blank-i,bleep-s-onyx-proposal,dyfscp0012,kate-mctiriss-s-proposal,liz-the-gm-s-proposal
en	gaseous	304	95	jp_tag_alias	true	true	気体		scp-047,scp-053-de,scp-1169,scp-1362,scp-1474
en	alagadda	305	94	jp_tag_alias	true	true	アラガッダ		a-form-to-outlast-time,a-shadow-over,a-wandsman-in-the-court-of-the-hanged-king,about-the-serpent,an-alchemist-goes-to-war
en	demon	306	94	unhandled	false	false			6-66,a-brief-explanation-on-demonics,a-drink-with-the-devil,a-wandsman-in-a-vegas-cathouse,agent-calendars-hot-date-1
en	chief-ibanez	307	93	jp_tag_alias	true	true	イバニェス主任		001-blank-i,1-remember-remember,10-under-new-direction,11-turnover,12-aromantic-abatement
en	explained	308	93	jp_tag_name	true	true	explained		abraka-davids-proposal,director-bold-s-proposal-j,k1s10r0d-s-proposal,queerious-proposal,scp-0000-ex
en	extremity	309	93	jp_tag_alias	true	true	体肢		scp-072,scp-1151,scp-1193,scp-1319,scp-157-ko
en	second-person	310	93	unhandled	false	false			01092025,14-mr-brass,a-man-who-once-mattered,a-matter-of-perception,a-thorley-little-christmas
en	001-proposal	311	91	jp_tag_alias	true	true	001提言		001-blank-i,abraka-davids-proposal,acidfrog-s-proposal-internal,billiths-proposal,bleep-s-onyx-proposal
en	dystopian	312	91	unhandled	false	false			9-to-5,a-gally-fellows-lens,a-gullet-made-of-the-flesh-of-a-swan,a-moment-captured,altitudes-hub
en	iris-dark	313	91	jp_tag_alias	true	true	アイリス・ダーク		1-001-dark-and-stormy-nights,a-completely-normal-employee-initiation-ritual-that-definite,a-murder-and-relief-in-the-dark,a-vale-of-tears,a-wolf-at-the-door
en	currency	314	90	jp_tag_alias	true	true	貨幣		cimmerian-kaktus-proposal,scp-1015,scp-1168,scp-1289,scp-1442
en	dread&circuses	315	90	jp_tag_alias	true	true	ドレッド&サーカス		a-blessed-day,a-circus-come-to-not,a-fractured-curtain,a-little-lollipop,a-real-humdinger
en	pentagram	316	90	jp_tag_alias	true	true	ペンタグラム		04-23-87,a-crooked-brow,arco,art:dinodraws-goitober2023,art:public-release-of-operation-witness-materials
en	wonderful-world	317	89	jp_tag_alias	true	true	素晴らしき世界		a-welcome-distraction,a-wonderful-world-contingency,alice-oezdemir,amarilla-y-morada-y-maravilla,and-i-m-the-star
en	black-diamond-billions	318	88	unhandled	false	false			a-completely-normal-employee-initiation-ritual-that-definite,a-dance-with-the-devil,a-murder-and-relief-in-the-dark,a-wolf-at-the-door,a-wondertastic-and-splendidly-whimsical-employee-onboarding
en	dado	319	88	jp_tag_name	true	true	dado		a-second-chance-at-today,art:dinodraws-goitober2023,art:helthy-6780-fanart,art:rhineriver-goitober-2023,asmr-by-dado
en	delta-t	320	88	jp_tag_alias	true	true	デルタ-t		001-blank-i,20-goto-10,30-underlude,31-the-lines-are-down,40-waiting-to-happen
en	doctor-reynders	321	88	jp_tag_alias	true	true	レインデルス博士		001-blank-i,10-under-new-direction,16-the-eighth-of-september,17-here-today,25-off-track
en	manna-charitable-foundation	322	88	jp_tag_alias	true	true	マナによる慈善財団		16th-wondertainment-donation,1st-cetres-donation,3rd-vesta-donation,5th-global-occult-coalition-donation,a-disturbance
en	maxwellism	323	88	jp_tag_alias	true	true	マクスウェリズム		20-goto-10,a-symphony-of-iron-and-steel,anderson-robotics-hub,basic-observations,become-like-god
en	gustatory	324	87	jp_tag_alias	true	true	味覚		scp-1117,scp-1255,scp-1622,scp-1798,scp-1838
en	blood	325	86	jp_tag_alias	true	true	血液		rounderhouse-bone-proposal,scp-008,scp-012,scp-016,scp-031-pt
en	comic	326	86	unhandled	false	false			1831-comic-excerpt,2521-escaped,2521-xxx,4x4x4-cell,a-spin-around-the-library
en	6000	327	85	jp_tag_name	true	true	6000		scp-6000,scp-6001,scp-6002,scp-6003,scp-6004
en	doctor-cimmerian	328	85	jp_tag_alias	true	true	シメリアン博士		49-repent-at-leisure,a-memorandum,a-slice-of-life-for-a-man-completely-uncomfortable,a-tale-about-petty-revenge,all-i-know-is-that-i-know-pizza
en	pixel-art	329	85	unhandled	false	false			aethris-art,art-page-of-allerarey,art:4943-pixel-art,art:9kcon-boss-fight,art:angelus-abyss
en	swarm	330	85	jp_tag_alias	true	true	群れ		scp-072-th,scp-097-ko,scp-1028,scp-1105,scp-1115
en	forest	331	84	jp_tag_alias	true	true	森林		scp-060,scp-1009,scp-1075,scp-1358,scp-143
en	xenofiction	332	83	unhandled	false	false			a-chance-at-freedom,a-child-to-teach,a-concrete-shrine,a-ghost-in-the-mechanism,a-love-letter-to-a-lady-mantis
en	doctor-okorie	333	82	jp_tag_alias	true	true	オコリー博士		001-blank-i,1-remember-remember,12-aromantic-abatement,13-reproduction,14-drilling-down
en	forgotten-memories	334	82	jp_tag_alias	true	true	忘れられた記憶		a-funeral-without-a-body,a-gift-from-my-uncles,a-memory-of-grafton,adrift-in-an-ocean-of-memories,alittlepush
en	jam-con2018	335	82	jp_tag_name	true	true	jam-con2018		1-001-dark-and-stormy-nights,72-hour-jam-contest,a-foul-storm-in-a-fair-land,another-rainy-day,bag-man-begins
en	experiment	336	81	jp_tag_alias	true	true	実験		2212-archival-cross-test-log,241-tl02,additional-scp-1420-test-logs-can-be-found-here,disseminated-documentation-1985-alpha,document-096-1
en	orientation	337	81	jp_tag_name	true	true	orientation		10-30-a-m,a-brief-introduction-to-thaumaturgical-engineering,a-new-chance-to-explore-life,a-typical-visit-to-the-dentist,acquisitions-training
en	breakout	338	80	unhandled	false	false			784incident5,784incident6,a-glance-onto-perfection,a-shift-at-the-factory,a-spin-around-the-library
en	director-moose	339	80	jp_tag_alias	true	true	ムース管理官		a-look-back-on-what-we-accomplished,a-new-age-of-magic,a-sarkic-by-any-other-name,a-site-19-christmas-carol,a-trip-down-memory-lane
en	fungus	340	80	jp_tag_alias	true	true	真菌類		scp-002-de-j,scp-020,scp-059,scp-067-ex,scp-1077
en	kain-pathos-crow	341	79	jp_tag_alias	true	true	ケイン・パトス・クロウ		13th-23rd-december-2008,1st-12th-december-2008,24th-december-2008-14th-january-2009,38-world-of-difference,a-day-in-the-life-of-alto-clef
en	nyc2013	342	79	jp_tag_name	true	true	nyc2013		a-child-to-teach,all-things-considered,anno-domino,antediluvian,apakht
en	immobile	343	78	jp_tag_alias	true	true	移動不可能		djkaktus-s-proposal-ii,scp-125-de,scp-1266,scp-1307,scp-1699
en	photographic	344	78	jp_tag_alias	true	true	写真		misterfrown-s-proposal-j,scp-073-ko,scp-105,scp-1110,scp-1278
en	future	345	77	jp_tag_alias	true	true	未来		dyfscp-001,dyfscp0014,jack-ike-s-proposal-ii,nagiros-proposal,scp-110
en	grand-karcist-ion	346	77	jp_tag_alias	true	true	崇高なるカルキスト・イオン		a-baptism-of-fire,a-glimpse-of-imperfection,a-most-contentious-reunion,about-the-serpent,an-assembly-of-sarkics
en	moon	347	77	jp_tag_alias	true	true	月		scp-002-de-j,scp-1233,scp-1282,scp-1284,scp-1426
en	animated	348	76	unhandled	false	false			a-green-squid-kid-s-arts-n-crafts,aethris-art,art:9kcon-boss-fight,art:angelus-abyss,art:art-mycotherapy
en	doctor-mcdoctorate	349	76	jp_tag_alias	true	true	マクドクトラート博士		001-blank-i,37-beggar-belief,38-world-of-difference,47-past-caring,4x4x4-cell
en	foundation-format	350	76	unhandled	false	false			173-3-or-less,32-executive-dysfunction,40-waiting-to-happen,a-funeral-without-a-body,a-once-and-future-king
en	group-hub	351	76	unhandled	false	false			aiad-homescreen,alexylva-university-hub,ambrose-restaurant-hub,anderson-robotics-hub,anomalous-entity-engagement-division-hub
en	virus	352	76	jp_tag_alias	true	true	ウイルス		scp-081,scp-1242,scp-1363,scp-1462,scp-149
en	hanged-king	353	75	jp_tag_alias	true	true	吊られた王		a-selection-of-media-referencing-the-anomalous,a-shadow-over,a-site-19-christmas-carol,a-wandsman-in-the-court-of-the-hanged-king,about-the-serpent
en	journal	354	75	unhandled	false	false			13th-23rd-december-2008,1st-12th-december-2008,a-curious-case-of-botanophobia,a-journal-found-in-the-collection-of-the-peabody-museum-of-n,a-memory-of-grafton
en	second-hytoth	355	75	jp_tag_alias	true	true	第二ハイトス教会		a-man-of-clay-and-men-formerly-men,a-real-actual-blood-cult,and-to-the-stars-i-went-with-only-a-name-hub,das-taegliche-leben-mit-einer-ausserirdischen,divine-dossier
en	_cn	356	74	jp_unused_no_single_replacement	true	false			2521-emoji,2521-escaped,a-battlefield-for-idols,acoriander,art:c2hlaxnozxjl
en	apollyon	357	73	jp_tag_name	true	true	apollyon		daveyoufool-proposal,dyfscp0013,oris-proposal,queerious-proposal,scp-001-and-a-half-j
en	doctor-asheworth	358	73	jp_tag_alias	true	true	アシュワース博士		43-nothing-happens,a-library-empty,a-man-fishes-in-wyoming,all-i-know-is-that-i-know-pizza,and-every-time-we-meet-again-hub
en	poster	359	73	unhandled	false	false			ananomalouswriter-s-wallpaper-place-and-more,art:5001-j-cover,art:a-death-in-containment,art:a-metropolis-amidst-the-sands,art:a-puppet-and-his-puppeteer
en	time-travel	360	73	unhandled	false	false			20-goto-10,a-stitch-in-time-saved-mine,adjustment-period,alpha-double-negative,and-the-winner-is
en	toxic	361	73	jp_tag_alias	true	true	毒性		rounderhouse-proposal,scp-010-j,scp-019-it,scp-088,scp-1010
en	unreality-dept	362	73	jp_tag_alias	true	true	非現実部門		a-thorley-little-christmas,alex-thorley-becomes-a-producer,alex-thorley-confuses-a-guy,alex-thorley-does-lsd,alex-thorley-draws-a-self-portrait
en	archaeological	363	72	unhandled	false	false			rounderhouse-bone-proposal,rounderhouse-gold-proposal,rounderhouse-jade-proposal,scp-089,scp-1050
en	eventyr	364	72	jp_tag_name	true	true	eventyr		a-good-lights-sleep,a-letter-for-mother,a-matter-of-perception,alittlepush,altoid-clef
en	thad-xyank	365	72	jp_tag_alias	true	true	シャンク博士		20-goto-10,31-the-lines-are-down,40-waiting-to-happen,51-stop-the-clock,54-not-ready-for-prime-time
en	vikander-kneed	366	72	jp_tag_alias	true	true	ヴィキャンデル・ニード		43-nothing-happens,53-those-who-cant,9-to-5,a-culinary-broadcast,art:dinodraws-goitober2023
en	_serpents-hand	367	71	jp_tag_alias	true	true	_蛇の手		a-dreaming-giant-s-chair,a-love-letter-to-a-lady-mantis,a-new-age-of-magic,a-quiet-night,a-sympathetic-thorn-in-the-side-of-the-bookburners
en	archon	368	70	jp_tag_name	true	true	archon		i-h-p-proposal,scp-1500-ko,scp-1661,scp-2911,scp-3310
en	contest	369	70	jp_tag_alias	true	true	コンテスト		144-hour-jam-contest,144-hour-jam-contest-two,173-festival,72-hour-jam-contest,an-incredibly-important-announcement
en	deepwell-catalog	370	70	unhandled	false	false			a-hymn-for-pandora,admonition,apas,art:8980anniversary,art:art-mycotherapy-6747-pix
en	guide	371	70	unhandled	false	false			a-laymen-s-guide-to-tagging,about-the-scp-foundation,abuse-awareness-and-resources,accessibility-policy,adult-content-warning-guide
en	legal	372	70	unhandled	false	false			6-66,amnesia-was-fir-name,bigfoot-did-it,calibold-harryblank-nico-proposal,chronicle-of-the-worm
en	ambrose-restaurant	373	69	jp_tag_alias	true	true	アンブローズ・レストラン		a-dove-in-a-chicken-pen,adoption-poster-pearl,ambrose-3ports-soda,ambrose-backdoor-soho,ambrose-dc-restaurant-week
en	arachnid	374	68	jp_tag_alias	true	true	クモ		scp-1006,scp-1326,scp-1470,scp-1506,scp-165
en	but-a-dream	375	68	jp_tag_alias	true	true	ただの夢		a-shadow-over,a-thorley-little-christmas,alex-thorley-draws-a-self-portrait,alex-thorley-unclogs-the-drain,animal-hospital-hub
en	end-of-death	376	68	jp_tag_alias	true	true	死の終焉		a-gullet-made-of-the-flesh-of-a-swan,a-passed-away-pup,a-thousand-times-before-his-death,ambrose-thorn-valley,beware-walter-the-omniversal-rabbit
en	foundation-personnel	377	68	unhandled	false	false			kate-mctiriss-s-proposal,scp-041-6-j,scp-086,scp-139,scp-1669
en	mtf2016	378	68	jp_tag_name	true	true	mtf2016		a-breath-of-relief-no-different-from-drowning,a-convincing-lyre,a-dysfunctional-heist,after-action-report-cover-letter,an-impenitent-thief
en	thermodynamic	379	68	jp_tag_alias	true	true	熱力学		oris-proposal,scp-1411,scp-1718,scp-1814,scp-1995
en	4000	380	67	jp_tag_name	true	true	4000		scp-4001,scp-4002,scp-4003,scp-4004,scp-4005
en	5000	381	67	jp_tag_name	true	true	5000		scp-5000,scp-5000-j,scp-5001,scp-5002,scp-5003
en	deer-college	382	67	jp_tag_alias	true	true	ディア大学		3ports-schools,a-wondertastic-and-splendidly-whimsical-employee-onboarding,about-deer,adoption-poster-darius,art:dinodraws-goitober2023
en	interactive	383	67	jp_tag_alias	true	true	インタラクティブ		alex-thorley-goes-on-a-blind-date,art:happy-halloween2022,cack-simulator,capture-hi-s-heart-m,cat-in-a-box
en	ocular	384	67	jp_tag_alias	true	true	眼		scp-1078,scp-125,scp-134,scp-1344,scp-139
en	video	385	67	jp_tag_alias	true	true	映像添付		10th-animation,aces-and-eights,addendum-to-neutralization-report-ky-2018-dw2,alex-thorley-permashifts-out-of-their-dr,art:079-scp-short-animation
en	aiad	386	66	jp_tag_name	true	true	aiad		31-the-lines-are-down,38-world-of-difference,58-time-flat,a-symphony-of-iron-and-steel,ai-classification-guide
en	polyhedral	387	66	jp_tag_alias	true	true	多面体		protected:scp-7156,scp-024-j,scp-045,scp-090,scp-1125
en	abnormalities	388	65	jp_tag_alias	true	true	怪奇部門		in-the-carpathians,interviews-with-prospective-groups-of-interest,red-pool-superfund-site,scp-1741-jp,scp-186
en	ad-astra	389	65	jp_tag_alias	true	true	アド・アストラ		25-12-2047,a-hole-in-mars,acrophobia,ad-astra-per-aspera-hub,amnesticization
en	alex-thorley	390	65	jp_tag_alias	true	true	アレックス・ソーリー		66-kaleidoscope,a-thorley-little-christmas,alex-thorley-becomes-a-producer,alex-thorley-confuses-a-guy,alex-thorley-does-lsd
en	prize-feature	391	65	jp_tag_alias	true	true	賞典-注目記事		acquisitions-hub,are-we-gentrified-yet,critter-profile-cack-dealer,eventyr-hub,exploration-log-2474-1
en	sun	392	65	jp_tag_alias	true	true	太陽		henzoid-crocket-s-proposal-j,scp-023,scp-037,scp-1008,scp-1246
en	_wilsons-wildlife	393	64	jp_tag_alias	true	true	_ウィルソンズ・ワイルドライフ		adoption-poster-bandit,adoption-poster-bonzo,adoption-poster-cupid,adoption-poster-darius,adoption-poster-friday
en	image-editing	394	64	unhandled	false	false			4784-va2024-art,a-dodo-mission,a-self-portrait,art:2025-art-exchange-bad-data,art:a-basilisk
en	the-trashfire	395	64	jp_tag_alias	true	true	トラッシュファイア		a-cloud-over-lichtenberg,a-crack-in-the-porcelain,a-dove-in-a-chicken-pen,a-eulogy-in-eleven-eight-time,ambrose-backdoor-soho
en	antimemetics-division	396	63	jp_tag_alias	true	true	反ミーム部門		40-waiting-to-happen,43-nothing-happens,a-thin-dangerous-line,antimemetics-division-hub,antimemetics-division-timeline
en	class-of-76	397	63	jp_tag_name	true	true	class-of-76		acts-of-abuse,adrift-in-an-ocean-of-memories,art:montagueetc-sciptember-2022,bicentennial,days-gone-by
en	coldpostcon	398	63	jp_tag_name	true	true	coldpostcon		a-damned-memory,cold-post,coldpostcon,contest-contest,don-t
en	dc-al-fine	399	63	jp_tag_alias	true	true	d.c.アルフィーネ		8000-dead-rats-hub,arco,because,bowegate,breaking-it-all-down-on-me
en	entropic	400	62	jp_tag_alias	true	true	エントロピー		dyfscp0012,k1s10r0d-s-proposal,oris-proposal,psul-001,queerious-proposal
en	genetic	401	62	jp_tag_alias	true	true	遺伝子		scp-065,scp-1106,scp-1156,scp-1209,scp-1237
en	jewelry	402	62	jp_tag_alias	true	true	装飾品		scp-031-pt,scp-1064,scp-1184,scp-1212-j,scp-1385
en	space-opera	403	62	unhandled	false	false			and-to-the-stars-i-went-with-only-a-name-hub,army-dreamers,autonomy-part-ii,autonomy-part-iii,burnin-for-you
en	the-gulf	404	62	jp_tag_alias	true	true	メキシコ湾		a-dove-in-a-chicken-pen,a-slice-of-life-for-a-man-completely-uncomfortable,an-overview-of-foundation-journals-published-in-may-2017,and-to-this-day-she-still-can-t-breathe,anonymous
en	three-moons-initiative	405	62	jp_tag_alias	true	true	三ツ月イニシアチブ		acopalypse,another-xk-another-dollar,art:dinodraws-goitober2023,art:montagueetc-sciptember-2022,art:rhineriver-goitober-2023
en	valravn	406	62	jp_tag_alias	true	true	ヴァルラウン		a-wandsman-in-the-greaze-lands-of-kansas,a-wandsman-in-the-navel-of-the-moon,aar-1087-silesia,aar-1320-chacaltaya,aar-5950-osaka
en	_de	407	61	jp_unused_no_single_replacement	true	false			das-taegliche-leben-mit-einer-ausserirdischen,der-lampes-funke,der-legendaere-zauberstab-von-morgan-le-fay,ein-mahl-nach-naelkae-art,emily-and-captain-monster
en	addictive	408	60	jp_tag_alias	true	true	中毒		scp-1092-ru,scp-1317,scp-1361,scp-1423,scp-1838
en	asci	409	60	jp_tag_name	true	true	asci		anomaly-306-the-silver-alder,burning-scarlet,ghost,interviews-with-prospective-groups-of-interest,parting
en	our-open-veins	410	60	jp_tag_alias	true	true	切り裂かれた我らの脈		a-wandsman-in-the-navel-of-the-moon,aar-1320-chacaltaya,arboles-bajo-la-tierra,art:a-promise-to-the-pale-lady,art:agent-ramirez
en	superhero	411	60	unhandled	false	false			a-hero-i-would-be,a-team-you-can-maybe-trust,being-cactusman,cactus-insurgent,cassandra
en	teenage-gaea	412	60	jp_tag_alias	true	true	年頃のガイア		a-letter-for-mother,art:166-marginalia,art:2024-art-exchange-miss-lapis,art:a-portrait-of-meri-wojciechowski,art:birthday-girl
en	journalism	413	59	unhandled	false	false			3ports-schools,a-form-to-outlast-time,a-friendly-guide-to-the-katharsys-music-festival,a-pathetic-attempt-to-explain-fifthism,a-wandsman-in-a-vegas-cathouse
en	_explosions	414	58	jp_tag_alias	true	true	_大爆発		cool-guys-dont-look-at-explosions,critter-profile-potoooooooo,exe-plosion,five-minutes-to-midnight,focus
en	cephalopod	415	58	jp_tag_alias	true	true	頭足類		queerious-proposal,scp-013-j,scp-1097,scp-1182,scp-1534
en	exploration	416	58	jp_tag_alias	true	true	探査		026-exploration-logs,4480-expl-log,document-087-i,document-087-ii,document-087-iii
en	jude-kriyot	417	58	jp_tag_alias	true	true	ジュード・クライヨット		a-hopeless-case,because-of-the-shame,bong-rip-tendency,broken-masquerade-epistolary,cactuscast
en	olfactory	418	58	jp_tag_alias	true	true	嗅覚		scp-1020-j,scp-1029,scp-1361,scp-1834,scp-1842
en	the-coldest-war	419	58	jp_tag_alias	true	true	極寒の戦争		alma-kyivshchyna,as-on-a-darkling-plain,audio-of-war,being-dzhey-evervud,cleon
en	dinosaur	420	57	jp_tag_alias	true	true	恐竜		scp-1265,scp-1750,scp-178-it,scp-1905,scp-2113
en	esterberg	421	57	jp_tag_alias	true	true	エスターバーグ		a-friendly-guide-to-the-katharsys-music-festival,ambrose-esterberg,anderson-airlines,art:montagueetc-sciptember-2022,brings-the-hunt
en	ijamea	422	57	jp_tag_name	true	true	ijamea		a-bitter-taste,a-date-which-will-live-in-infamy,ankoshoku,commentary-on-selected-items-in-the-seimei-gallery,dai-to-a
en	canon-hub	423	56	unhandled	false	false			aces-and-eights,ad-astra-per-aspera-hub,aiad-homescreen,antarctic-exchange-hub,apotheosis-hub
en	doctor-elstrom	424	56	jp_tag_alias	true	true	エルストロム博士		10-under-new-direction,11-turnover,15-a-clean-break,19-detour-de-force,27-we-stand-divided
en	sigurros	425	56	unhandled	false	false			a-nightmare-on-17th-street,a-suicide-note,and-this-one-explains-humes,aorebar0222,arnven-burns
en	doctor-glass	426	55	jp_tag_alias	true	true	グラス博士		agne-and-their-deer,an-apple-a-day,art:we-die-on-the-dark-so-you-can-live-in-the-light,black-lotus,blue-blooded-blues
en	worm	427	55	jp_tag_alias	true	true	ワーム		scp-1280,scp-1493,scp-1500-ko,scp-153,scp-1682
en	doctor-sokolsky	428	54	jp_tag_alias	true	true	ソコルスキー博士		001-blank-i,22-borrowing-trouble,28-hooking-up,36-face-time,37-beggar-belief
en	island	429	54	jp_tag_alias	true	true	島嶼		scp-1183,scp-1210,scp-1319-j,scp-1864,scp-2095
en	cain	430	53	jp_tag_alias	true	true	カイン		and-then-i-died2,brenzan-s-art-dump,brother-s-keeper,calm,charon-part-1-nekyia
en	doctor-mann	431	53	jp_tag_alias	true	true	マン博士		38-world-of-difference,a-formal-apology,a-site-19-christmas-carol,art:we-die-on-the-dark-so-you-can-live-in-the-light,ask-doctor-mann
en	doctor-rights	432	53	jp_tag_alias	true	true	ライツ博士		a-keter-kinda-christmas,a-site-19-christmas-carol,a-wandsman-in-a-vegas-cathouse,art:revs-art-series-1,art:we-die-on-the-dark-so-you-can-live-in-the-light
en	oria	433	53	jp_tag_name	true	true	oria		ess-why-dee,expert-in-a-dying-field,farhan-s-flame,favors-part-one,favors-part-two
en	project-crossover	434	53	jp_tag_name	true	true	project-crossover		cart-can-can-cart,crossoverprojectindex,dial-s-for-scp,diary-of-an-existential-kid,holding-on
en	rodent	435	53	jp_tag_alias	true	true	齧歯類		scp-027,scp-1013-j,scp-1318,scp-1515,scp-1555
en	satellite	436	53	jp_tag_alias	true	true	衛星		protected:scp-2721,scp-1003-ko,scp-1396,scp-1514,scp-1640
en	_shaggy-dog	437	52	jp_tag_alias	true	true	_シャギードッグ		04-23-87,a-beautiful-machine-i-made,a-bit-more-of-a-plan,canine-communication,canst-thou-draw-out-leviathan-with-an-amortization-or-his-to
en	arcadia	438	52	jp_tag_alias	true	true	アルカディア		6-66,a-cosmic-cycle,a-history-of-the-arcadia-logo,aberrant-factor-manual,arcadia-hub
en	cinema	439	52	jp_tag_alias	true	true	映画		scp-1127,scp-1154,scp-1605,scp-1756,scp-1781
en	equine	440	52	jp_tag_alias	true	true	ウマ		djkaktus-s-proposal-j,scp-042,scp-1156,scp-1194,scp-1556
en	last-hope	441	52	jp_tag_alias	true	true	残された希望		a-funny-thing-happened-on-the-way-to-the-manor,a-study-in-cinnabar,a-team-you-can-maybe-trust,bottom-floor,calm
en	maria-jones	442	52	jp_tag_alias	true	true	マリア・ジョーンズ		a-memory-from-your-lonesome-past-keeps-us-so-far-apart,a-team-you-can-maybe-trust,biweekly,but-some-time-we-cant-erase,capslock-collusion
en	pridefest2024	443	52	jp_tag_name	true	true	pridefest2024		a-shadow-over,alex-thorley-becomes-a-producer,are-you-proud-of-yourself,art:fever-dream-the-clefnikov-experience-art,art:happy-pride-month
en	_genreless	444	51	unhandled	false	false			a-few-more-words-from-the-administrator,a-hymn-for-pandora,a-photograph-of-isadora-gray,acidverse,acquisitions-training
en	_other	445	51	jp_tag_alias	true	true	_その他団体-en		a-form-to-outlast-time,a-friendly-guide-to-the-katharsys-music-festival,black-retribution-scpv-213,collected-item-no1080,daeva-cooking-and-you
en	_shark-punching-center	446	51	jp_tag_alias	true	true	_サメ殴りセンター		captain-kirby-s-holistic-proposal,misterfrown-s-dumb-proposal,misterfrown-s-dumber-proposal,misterfrown-s-dumbest-proposal,nicos-stupid-proposal
en	rats-nest	447	51	jp_tag_alias	true	true	ラッツネスト		1,a-small-bundle-of-letters,a-terrible-thing,agne-and-their-deer,ambrose-vienna
en	robert-bumaro	448	51	jp_tag_alias	true	true	ロバート・ブマロ		a-baptism-of-fire,a-new-age-of-magic,about-the-serpent,are-we-gentrified-yet,art:2024-art-exchange-miss-lapis
en	talecon10	449	51	jp_tag_name	true	true	talecon10		a-chance-encounter,a-fitting-end,all-they-want-is-the-blood,along-came-a-spider,an-average-life
en	tim-wilson	450	51	jp_tag_alias	true	true	ティム・ウィルソン		adoption-poster-bonzo,alice-oezdemir,and-the-endings-thereof,anders-robin,audrey-fuchs
en	war-on-all-fronts	451	51	jp_tag_alias	true	true	全ての戦線で戦え		a-faerie-tale-of-twin-queens,a-foul-storm-in-a-fair-land,about-deer,analysis-of-the-plokamisuchus,anastasis-hub
en	blackwood	452	50	jp_tag_name	true	true	blackwood		a-keter-kinda-christmas,a-most-unfortunate-reunion,a-true-account-of-the-events-of-1666,anachronisms,anomaly-243-the-neamh-mairbh
en	cupid2021	453	50	jp_tag_name	true	true	cupid2021		1001-words-from-a-world-in-love-again,a-round-peg-for-the-square-hole-in-my-heart,ace-of-hearts,belladonna,content-warning-this-is-still-a-foundation-story-after-all
en	philip-deering	454	50	jp_tag_alias	true	true	フィリップ・ディアリング		001-blank-i,10-under-new-direction,11-turnover,15-a-clean-break,16-the-eighth-of-september
en	snake	455	50	jp_tag_alias	true	true	ヘビ		nagiros-proposal,scp-015-j,scp-1132,scp-1420,scp-2129
en	clockwork	456	49	jp_tag_alias	true	true	ぜんまい仕掛け		scp-032-it,scp-1182,scp-1244,scp-1326,scp-1408
en	pataphysics-dept	457	49	jp_tag_alias	true	true	空想科学部門		a-failed-two-weeks-notice,a-scene-from-a-meme,amor-pati-or-love-to-suffer,art:scp-67774777-7777777,blank
en	surrealistics-dept	458	49	jp_tag_alias	true	true	超現実部門		a-study-in-cinnabar,all-is-left-in-the-shivering-kingdom,bottom-floor,found-a-job,guilt-trip
en	_marshall-carter-and-dark	459	48	jp_tag_alias	true	true	_mc&d		a-second-chance-at-today,an-unforgettable-performance-9s15f-fmur9-ay1d9,best-rest-villa-myk7x-br05f-v9902,brian-brayer-brand-pocket-vacations,carter-courier-channel
en	alexylva	460	48	jp_tag_alias	true	true	alexylva大学		address-to-the-students-and-faculty,administrative-leave,alexylva-student-paper,alexylva-university-hub,anima-ex-machina
en	corrosive	461	48	jp_tag_alias	true	true	腐食		scp-007-int,scp-075,scp-088,scp-106,scp-1344-j
en	man-who-wasnt-there	462	48	jp_tag_alias	true	true	存在しなかった者		board-meeting-transcript,carroll-022-the-last-stand,charles-ogden-gears,chiaroscuro,concerto-in-d-major
en	site	463	48	jp_tag_alias	true	true	サイト		awd-hub,experiment-log-914-hub,hecatoncheires-cycle-hub,secure-facility-dossier-area-12,secure-facility-dossier-area-14
en	cogwork-orthodoxy	464	47	jp_tag_alias	true	true	歯車仕掛正教		church-of-the-broken-god-hub,crossing-the-frame,fragments-regarding-legate-trunnion-apostate,haeretische-aufzeichnung-11,implanting-god
en	deus-ex-machina	465	47	jp_tag_alias	true	true	機械仕掛けの神		a-team-you-can-maybe-trust,after-the-lightbulbs-fry,an-approval-for-shadows,apologies-and-redemption,art:deusexmachina
en	kindness	466	47	jp_tag_name	true	true	kindness		a-kind-of-christmas,a-shadow-over,alex-thorley-unclogs-the-drain,because-i-could-not-stop-for-death,from-unknown-admirer-to-unknown-admiree
en	microscopic	467	47	jp_tag_alias	true	true	微視的		scp-118,scp-1235,scp-157,scp-1809,scp-204
en	percival-darke	468	47	jp_tag_name	true	true	percival-darke		38-world-of-difference,a-completely-normal-employee-initiation-ritual-that-definite,a-darke-tale-new-age,a-murder-and-relief-in-the-dark,a-pound-of-flesh-a-piece-of-meat
en	the-old-man	469	47	jp_tag_alias	true	true	オールドマン		a-nightmare-on-17th-street,art:106-doing-106-things,art:gaeldk,art:miku-106-sketch,art:scip-comics
en	_delicious	470	46	jp_tag_alias	true	true	_美味しい		a-dark-green-kiss,adoption-poster-pearl,ambrose-dc-restaurant-week,candy-cat,critter-profile-gabby
en	_pl	471	46	jp_unused_no_single_replacement	true	false			bo-wszyscy-juz-zgineli,cierpienia-noworoczne,cos-tu-smierdzi,czarne-niebo-hub,czas-na-pisanie
en	bear	472	46	jp_tag_alias	true	true	クマ		djkaktus-s-proposal-j,scp-1048,scp-1055,scp-1145,scp-1313
en	cetacean	473	46	jp_tag_alias	true	true	クジラ		scp-1245,scp-1409,scp-1608,scp-1717-ex,scp-1836
en	crustacean	474	46	jp_tag_alias	true	true	甲殻類		scp-074,scp-098,scp-1104,scp-1385,scp-1527
en	miniature	475	46	jp_tag_alias	true	true	ミニチュア		scp-007,scp-100-jp,scp-115,scp-1254,scp-2108
en	nocturnal	476	46	jp_tag_alias	true	true	夜行性		scp-012-ex,scp-1353,scp-1763-ex,scp-1779,scp-2448
en	queen-mab	477	46	jp_tag_alias	true	true	マブ女帝		a-faerie-tale-of-twin-queens,a-form-to-outlast-time,art:not-human-comic,cos-tu-smierdzi,cycle-of-seasons-hub
en	shy-guy	478	46	jp_tag_alias	true	true	シャイガイ		a-lesson-in-power,a-matter-of-perception,art:death-to-the-olden-era,art:dept-artist-page,art:long-arm-guy
en	western	479	46	unhandled	false	false			a-memory-from-your-lonesome-past-keeps-us-so-far-apart,an-explosive-shout-cracks-the-great-empty-sky,and-i-d-let-that-lonesome-whistle-blow-my-blues-away,and-the-cab-passed-at-nine,bubblegum-caper-i
en	marion-wheeler	480	45	jp_tag_alias	true	true	マリオン・ホイーラー		001-blank-i,40-waiting-to-happen,43-nothing-happens,48-unforgettable-too,49-repent-at-leisure
en	obskura	481	45	jp_tag_alias	true	true	オブスクラ		a-man-of-clay-and-men-formerly-men,aboard-the-train-to-berlin,archival-document-hsa-008-advent,black-sunrise,bleep-s-onyx-proposal
en	orcadia	482	45	jp_tag_alias	true	true	オルカディア		all-in-all-you-re-just-a-nother-brick-in-the-wall,art:scp-3703-artex2025,bleep-s-onyx-proposal,burn-baby-burn,cat-got-your-tongue
en	redirect	483	45	jp_tag_alias	true	true	リダイレクト		4000contestpeppersghost,about,an-evening-with-bright,artists-pages,author-pages
en	aces-and-eights	484	44	jp_tag_alias	true	true	死人の手札		a-memory-from-your-lonesome-past-keeps-us-so-far-apart,aces-and-eights,an-explosive-shout-cracks-the-great-empty-sky,and-i-d-let-that-lonesome-whistle-blow-my-blues-away,and-the-cab-passed-at-nine
en	agent-lament	485	44	jp_tag_alias	true	true	エージェント・ラメント		a-formal-apology,a-site-19-christmas-carol,be-a-dali-and-help-a-mann-out-or-the-lamentable-state-of-mod,calm,containing-yourself
en	romcon2023-unofficial	486	44	jp_tag_name	true	true	romcon2023-unofficial		aces-deuces,after-action-report-incident-6118-7513-19-20230214,agent-calendars-hot-date-1,agent-calendars-hot-date-2,agne-and-their-deer
en	the-sharkest-timeline	487	44	jp_tag_alias	true	true	サメきった世界		a-necromantic-prelude,a-taste-of-theft,avian-anthology-i,avian-anthology-ii,bird
en	_jp	488	43	jp_unused_no_single_replacement	true	false			10th-animation,1998-911-hub,aorebar0222,bread,canon-jp-2
en	_marine	489	43	jp_tag_alias	true	true	_海		charybdis,critter-profile-chel,danger-trunko,galabor-exe,manifest-476
en	director-scout	490	43	jp_tag_alias	true	true	スカウト管理官		0-underture,001-blank-i,10-under-new-direction,30-underlude,32-executive-dysfunction
en	doctor-dan	491	43	jp_tag_alias	true	true	ダン博士		001-blank-i,a-study-in-cinnabar,broken-bowe,consequences-and-collarbones,danimals
en	finnfolk	492	43	jp_tag_alias	true	true	フィンフォーク		all-in-all-you-re-just-a-nother-brick-in-the-wall,bleep-s-onyx-proposal,cat-got-your-tongue,divine-dossier,dysthaumia-and-other-dirty-words
en	giftschreiber	493	43	jp_tag_alias	true	true	ギフトシュライバー		0-underture,001-blank-i,14-drilling-down,15-a-clean-break,23-hidden-depths
en	halloweencon2022	494	43	jp_tag_name	true	true	halloweencon2022		a-little-mister-s-halloween-special,a-need-for-inspiration,a-nightmare-on-17th-street,a-real-actual-blood-cult,a-self-portrait
en	hmfscp	495	43	jp_tag_name	true	true	hmfscp		a-folklorist-approach-to-myth-case-study-01-the-tuatha-de-da,a-special-relationship,anomaly-123-the-ember-tea,anomaly-243-the-neamh-mairbh,anomaly-306-the-silver-alder
en	nightfall	496	43	jp_tag_alias	true	true	ナイトフォール		17-phoenix-street,a-deal-with-death,art:forsaken-night,art:phlegmbrick-melted-over-bread-etc-etc,blood-for-a-friend
en	pridefest2025	497	43	jp_tag_name	true	true	pridefest2025		all-s-fair-in-love-and-corpses,and-his-name-was,art:8627-stelly,art:dr-doodleders,art:moment
en	the-critic	498	43	jp_tag_alias	true	true	批評家		a-cooler-manifesto,a-friendly-guide-to-the-katharsys-music-festival,alternate-character-interpretations,are-we-gentrified-yet,ashes-of-babylon
en	unhuman	499	43	jp_tag_alias	true	true	人ならぬもの		beyond-the-rubicon,cinema-chaotique,color-and-light,corporate-dealings-after-the-calamity,cure-for-calamity
en	wandsmen	500	43	jp_tag_alias	true	true	堂守連盟		a-pathetic-attempt-to-explain-fifthism,a-wandsman-in-a-vegas-cathouse,a-wandsman-in-the-court-of-the-hanged-king,a-wandsman-in-the-greaze-lands-of-kansas,a-wandsman-in-the-navel-of-the-moon
en	workbench	501	43	jp_tag_alias	true	true	ワークベンチ		a-random-workbench,cimmerian-s-workbench,decibelle-s-workbench,djkaktus-workbench,dr-groms-ambassador-workbench
en	_are-we-cool-yet	502	42	jp_tag_name	true	true	_are-we-cool-yet		artist-formerly-known-as-chuck,echoes,hatuey,in-the-name-of-purity,mirror-to-america
en	amphibian	503	42	jp_tag_alias	true	true	両生類		scp-084-vn,scp-1325,scp-1371,scp-2394,scp-2454
en	cool-war-2	504	42	jp_tag_alias	true	true	クールな戦争2		a-broken-bookshelf,allegory-of-the-two-bothers,an-armenian-bodybuilder-exercises-his-legal-rights,anime-is-art-too-guys,art:montagueetc-sciptember-2022
en	doctor-garrison	505	42	jp_tag_alias	true	true	ギャリソン博士		alittlepush,anomalous-ontology-orientation,art:epiclillihammermoment,art:garrihammervalentines,art:heather-and-lillian
en	general-bowe	506	42	jp_tag_alias	true	true	バウ将軍		8000-dead-rats-hub,arco,bleep-s-onyx-proposal,blood-in-the-water,bowegate
en	invertebrate	507	42	jp_tag_alias	true	true	無脊椎動物		scp-019-it,scp-111,scp-1158,scp-1773,scp-1867
en	isabel-v	508	42	jp_tag_alias	true	true	イザベル五世		a-funeral-on-mars,a-little-lollipop,adventures-in-capitalism-hub,adventuring-interlude,art:dinodraws-goitober2023
en	lampeter	509	42	jp_tag_alias	true	true	ランピーター		ambrose-lamplight,an-only-child,anelegyfortheend,art:a-gods-eye-view,art:a-light-in-the-fog
en	veil-upon-veil	510	42	jp_tag_name	true	true	veil-upon-veil		5-veil-tiers,a-taste-of-theft,a-working-theory,adjustment-period,bee-swallowed
en	component-backend	511	41	jp_tag_alias	true	true	コンポーネント・バックエンド		component:acs-horm-lite-source,component:acs-hybrid-text-bar-source,component:advanced-navigation-toolbar-source,component:anomaly-class-bar-source,component:audio-player-woed-source
en	undervegas	512	41	jp_tag_alias	true	true	アンダーベガス		31-the-lines-are-down,a-wandsman-in-a-vegas-cathouse,agent-calendars-hot-date-1,agent-calendars-hot-date-2,art:agent-calendar-fanart
en	competitive-eschatology	513	40	jp_tag_alias	true	true	競り合う終末論		apakht,awakenings,cheesus,competitive-eschatology-hub,divine-and-conquer
en	decommissioned	514	40	jp_tag_name	true	true	decommissioned		director-bold-s-proposal-j,scp-001-d-j,scp-1377,scp-2082,scp-268-j
en	dumbcon2026-unofficial	515	40	jp_tag_name	true	true	dumbcon2026-unofficial		dumbcon,scp-7534,scp-8293,scp-8568,scp-8584
en	exquisite-corpse2020	516	40	jp_tag_name	true	true	exquisite-corpse2020		exquisite-corpse-contest,scp-2023-ex,scp-4563,scp-4724,scp-4764
en	lolfoundation	517	40	jp_tag_alias	true	true	たのしいざいだん		2521-escaped,a-broken-record,art:art-mycotherapy-6747-pix,bad-dreams,date-night
en	memoria-adytum	518	40	jp_tag_alias	true	true	追憶のアディトゥム		a-most-contentious-reunion,another-soul-joins-the-halkost,anthropological-report-darkwater,et-ecce,exierunt
en	shadow	519	40	jp_tag_alias	true	true	影		scp-012-ex,scp-017,scp-1002,scp-1045,scp-1058
en	3000	520	39	jp_tag_name	true	true	3000		scp-3000,scp-3001,scp-3002,scp-3003,scp-3004
en	_corruption	521	39	jp_tag_alias	true	true	_腐敗		corruption-within-the-clown-industry,disturbia,fond-memories,in-a-quiet-night,kmean-phnek
en	agent-adams	522	39	jp_tag_alias	true	true	エージェント・アダムス		a-series-of-bad-moves,art:the-king-has-died,art:they-thought-he-was-your-boyfriend,art:we-die-on-the-dark-so-you-can-live-in-the-light,ball-gags-and-scrambled-eggs
en	agent-merlo	523	39	jp_tag_alias	true	true	エージェント・メルロ		all-hallows,assault-on-site-64,bal-chatri,bare-king,bridges-burnt
en	alleged-god	524	39	jp_tag_alias	true	true	scp-343		7-levels-of-17,a-suicide-note,all-fall-down,and-this-one-explains-humes,cast-on
en	fading-stars	525	39	jp_tag_alias	true	true	消えゆく星々		a-brief-essay-on-human-culture,alive,art:fading-stars-doodles,come-find-us,dryadsguide
en	fire-suppression-dept	526	39	jp_tag_alias	true	true	火急鎮静部門		asset-florida-grey,asset-florida-orange,asset-florida-zero,candaulism,every-day-it-gets-easier
en	grabnok	527	39	jp_tag_alias	true	true	グラブノック		a-hopper-in-the-offshoot,a-nightmare-on-17th-street,a-spin-around-the-library,and-then-i-died3,art:dots-junk-drawer-of-art
en	icsut	528	39	jp_tag_name	true	true	icsut		a-dark-forsaken-candle,a-final-dying-ember,a-pristine-untouched-wick,a-slow-flickering-flame,a-strong-steady-burn
en	task-force-art	529	39	unhandled	false	false			aethris-art,art-contest-hub-mtf,art:a-art-page-for-mtf-insignias-and-my-other-art-john-hamme,art:ambush,art:art-exchange-2023-for-a-random-day
en	ticonderoga	530	39	jp_tag_name	true	true	ticonderoga		scp-1994-ko,scp-2828,scp-4270,scp-4444,scp-5494
en	alcohol	531	38	unhandled	false	false			rounderhouse-proposal,scp-1541,scp-1626,scp-1933,scp-195
en	anabasis	532	38	jp_tag_alias	true	true	アナバシス		anabasis-hub,best-as-it-gets,breaking-it-all-down-on-me,breaking-it-down-to-me,burden-of-humanity
en	bobble-the-clown	533	38	jp_tag_alias	true	true	ピエロのボブル		aprillipaiva,art:bobble-the-clown,behind-the-scenes,bobblecon-2018,bobblecon-2020
en	cack-hard	534	38	jp_tag_alias	true	true	カック・ハード		049-x-minion-x-reader,7ring,a-tale-about-petty-revenge,big-dick-chappell,boiled-scrambled-and-fried
en	cliche2019	535	38	jp_tag_name	true	true	cliche2019		4480-expl-log,and-have-fun,assured-loss-of-life,cliche-con-2019,fifthdation
en	eurtec	536	38	unhandled	false	false			5-veil-tiers,a-friendly-guide-to-the-katharsys-music-festival,because,bleep-s-onyx-proposal,breakneck
en	icky	537	38	jp_tag_alias	true	true	イッキィ		a-circus-come-to-not,a-little-lollipop,beating-a-dead-horse-with-a-dead-canon,circus-of-the-disquieting-folie-a-duhh,city-of-wonder
en	sport	538	38	jp_tag_alias	true	true	スポーツ		scp-1271,scp-1291,scp-1413,scp-1733,scp-1737
en	vibration	539	38	jp_tag_alias	true	true	振動		scp-1037,scp-1301,scp-1344-j,scp-1588,scp-2167
en	7th-occult-war	540	37	jp_tag_name	true	true	7th-occult-war		a-man-of-clay-and-men-formerly-men,aboard-the-train-to-berlin,archival-document-hsa-008-advent,bazyliszek,black-sunrise
en	_es	541	37	jp_unused_no_single_replacement	true	false			aumento-de-eficiencia,distracciones,doctor-muerte,dossier-lph,eficiencia-superior
en	_it	542	37	jp_unused_no_single_replacement	true	false			appendice-aggiuntiva-al-documento-scp-250-it,dovere,eventi-paranormali-it,hub-madao,inoculazione
en	_unusual-incidents-unit	543	37	jp_tag_alias	true	true	_異常事件課		dossier-lph,irregularity-proposal-2001-489,make-america-normaler,paralaw,paramax
en	bones	544	37	jp_tag_name	true	true	bones		a-very-high-holiday,art:dinodraws-goitober2023,art:rhineriver-goitober-2023,art:spot-s-goitober-2023-submissions,broken-masquerade-epistolary
en	bovine	545	37	jp_tag_alias	true	true	ウシ		scp-058,scp-1175,scp-2280,scp-3565,scp-3615
en	chaz-ambrose	546	37	jp_tag_alias	true	true	チャズ・アンブローズ		adoption-poster-pearl,ambrose-fair,ambrose-lamplight,ambrose-nyc,ambrose-transylvania
en	collab-con2019	547	37	jp_tag_name	true	true	collab-con2019		administrative-leave,alma-kyivshchyna,an-unforgettable-performance-9s15f-fmur9-ay1d9,another-soul-joins-the-halkost,business-dinner
en	doctor-sinclair	548	37	jp_tag_alias	true	true	シンクレア博士		100th-tale,chapter-11-equinox-s-rise,chapter-11-free-falling,chapter-12-autumn-s-end,chapter-2-here-comes-the-bogeyman
en	goblincon2023	549	37	jp_tag_name	true	true	goblincon2023		goblincon,scp-3775,scp-5257,scp-5257-ex,scp-6109
en	intcanoncon2025	550	37	jp_tag_name	true	true	intcanoncon2025		a-deed-to-be-done,all-quiet-on-the-wall-street-front,ambrose-vineta,amoris,as-it-happened
en	manny	551	37	jp_tag_alias	true	true	マニー		a-scip-or-a-star,amongst-the-clowns,and-i-m-the-star,beating-a-dead-horse-with-a-dead-canon,circus-of-the-disquieting-folie-a-duhh
en	ninth-world	552	37	jp_tag_alias	true	true	第九世界		aar-7890-logovo-volka,broken-wings-and-mended-hearts,bromus-inermis-renovationis,holiday-surprise,lost-souls-broken-toys-chapter-1
en	agent-strelnikov	553	36	jp_tag_alias	true	true	エージェント・ストレルニコフ		a-keter-kinda-christmas,badges-and-scorecards,but-we-do-not-talk-about-that,carlysle-aktus-is-a-prickly-bastard-an-high-school-au,chowderclef
en	bee	554	36	jp_tag_alias	true	true	ハチ		scp-1256,scp-1256-j,scp-1598,scp-1702,scp-1912
en	british-occult-service	555	36	jp_tag_name	true	true	british-occult-service		a-folklorist-approach-to-myth-case-study-01-the-tuatha-de-da,a-special-relationship,black-sunrise,file-no-hkc454,i-never-told-you-what-i-do-for-a-living
en	deer	556	36	jp_tag_alias	true	true	シカ		scp-166,scp-1845,scp-1975,scp-2412-j,scp-2723
en	esther-kogan	557	36	jp_tag_alias	true	true	エスター・コーガン		a-new-age-of-magic,a-very-high-holiday,adoption-poster-darius,bong-rip-tendency,cervine-love
en	ettra	558	36	jp_tag_name	true	true	ettra		a-study-in-cinnabar,broken-bowe,character-development,error-404-database-not-found,guilt-trip
en	game-day	559	36	jp_tag_name	true	true	game-day		discovered-attack,f-u-b-a-r,game-day-1-die-hardest,game-day-1-dr-mause,game-day-1-johannes-sorts
en	pangloss	560	36	jp_tag_alias	true	true	パングロス		about-the-serpent,alexandrine-epyllion-in-dedication-to-our-juncture,art:dinodraws-goitober2023,art:rhineriver-goitober-2023,art:spot-s-goitober-2023-submissions
en	phobia-anthology	561	36	jp_tag_alias	true	true	恐怖症アンソロジー		dr-frueh-s-proposal,scp-3246,scp-8066,scp-8084,scp-8091
en	researcher-talloran	562	36	jp_tag_alias	true	true	タローラン研究員		1-001-dark-and-stormy-nights,art:dots-junk-drawer-of-art,art:iaatcoethtm,art:natcatnhanh-s-art-page,art:talloraven-waltz
en	ruiz-duchamp	563	36	jp_tag_alias	true	true	ルイス・デュシャン		a-betamax-suicide-note,a-cooler-manifesto,a-trip-down-substance-lane,allegory-of-the-two-bothers,alternate-character-interpretations
en	the-serpent	564	36	jp_tag_name	true	true	the-serpent		0-texts-found,a-dreaming-giant-s-chair,a-good-lights-sleep,art:sunny-art-pantheon,at-creation-s-end
en	yaldabaoth	565	36	unhandled	false	false			a-glimpse-of-imperfection,a-life-that-was-simple,a-new-age-of-magic,a-pound-of-flesh-a-piece-of-meat,about-the-serpent
en	_all-a-dream	566	35	jp_tag_alias	true	true	_全ては夢		a-second-chance-at-today,among-the-stars-track-0,clash-of-the-cosmic-comedians,critter-profile-bakugo,critterprofile-otis
en	arthropod	567	35	jp_tag_alias	true	true	節足動物		nagiros-proposal,scp-1353,scp-169,scp-2086,scp-2273
en	doctor-iceberg	568	35	jp_tag_alias	true	true	アイスバーグ博士		art:dots-junk-drawer-of-art,art:natcatnhanh-s-art-page,art:picklemonstiezs-november-sketch-dump,art:pickles-3ds-art,art:pickles-silly-iceberg-fanart
en	hy-brasil	569	35	jp_tag_alias	true	true	ハイ・ブラジル		a-folklorist-approach-to-myth-case-study-01-the-tuatha-de-da,a-foul-storm-in-a-fair-land,about-deer,anomaly-243-the-neamh-mairbh,anomaly-306-the-silver-alder
en	abcs-of-death	570	34	jp_tag_alias	true	true	死のabc		scp-7027,scp-7034,scp-7091,scp-7113,scp-7160
en	director-bold	571	34	jp_tag_alias	true	true	ボールド管理官		50-turning-and-turning,a-bold-choice,all-i-know-is-that-i-know-pizza,anthem-of-the-angels,art:director-bold-portrait
en	doctor-rivera	572	34	jp_tag_alias	true	true	リベラ博士		32-executive-dysfunction,40-waiting-to-happen,a-library-empty,and-every-time-we-meet-again-hub,danimals
en	primate	573	34	jp_tag_alias	true	true	サル		scp-039,scp-1087,scp-1201,scp-1341,scp-2292
en	saint-hedwig	574	34	jp_tag_alias	true	true	聖ヘドウィグ		a-baptism-of-fire,art:2024-art-exchange-miss-lapis,art:art-exchange-miss-lapis,art:as-perfect-as-her-emperor-needs,art:evelyn-s-art-page
en	sc2015	575	34	jp_tag_name	true	true	sc2015		scp-2140,scp-2153,scp-2154,scp-2158,scp-2161
en	_fr	576	33	jp_unused_no_single_replacement	true	false			centre-quand-le-soleil-se-couche,chroniques-de-saphir,dcd-0122,djinn-tonic,humanisme-et-esthetique
en	_murder-mystery	577	33	jp_tag_alias	true	true	_マーダーミステリー		bag-man-begins,clean-up-act,cleaner,conservation-of-bullshit,do-not-stand-at-my-grave-and-cry
en	_ru	578	33	jp_unused_no_single_replacement	true	false			a-broken-machine,class-d-recruiting,document-1092-ru-1,document-48116-88-son-of-the-earth,flash
en	alchemy-department	579	33	jp_tag_alias	true	true	錬金術部門		alchemic-arm-istice,alls-fair-in-love-and-alchemy,an-alchemist-goes-to-war,an-arm-y-of-two,bewitched-bothered-and-bewildered
en	bacteria	580	33	jp_tag_alias	true	true	バクテリア		scp-100000-j,scp-1086,scp-1121,scp-1347-1353-j,scp-1801
en	blue-blooded-alien	581	33	unhandled	false	false			after-action-report-incident-6118-7513-19-20230214,agent-calendars-hot-date-2,alienness-notwithstanding,altitudes-hub,ambrose-kepler
en	butterfly	582	33	jp_tag_alias	true	true	チョウ		scp-097-ko,scp-1443,scp-1457,scp-1641,scp-2023
en	dental	583	33	jp_tag_alias	true	true	歯		scp-1017-ko,scp-127,scp-1885,scp-1994,scp-2211
en	interview	584	33	jp_tag_alias	true	true	インタビュー		2212-archival-interview,2274-interview-1,277interview,662-l1,953-interview-a
en	miscommunications	585	33	jp_tag_alias	true	true	誤伝達部門		domc-hub,jokes-and-you,on-proper-miscommunication,scp-1097,scp-3246
en	resource	586	33	jp_unused_replacement	true	true		世界観	a-semi-comprehensive-list-of-foundation-bots,a-semi-comprehensive-list-of-foundation-fronts,a-semi-comprehensive-list-of-foundation-technology,acs-icon-catalogue,black-market-licensed-resources
en	thilo-zwist	587	33	jp_tag_alias	true	true	ティロ・ツウィスト		001-blank-i,27-we-stand-divided,28-hooking-up,36-face-time,37-beggar-belief
en	_meets-the-eye	588	32	jp_tag_alias	true	true	_見た目以上		a-song-that-is-unfortunately-about-toes,critter-profile-geist,her,nobody-there-but-the-thing-in-itself,scattersomnia
en	doctor-king	589	32	jp_tag_alias	true	true	キング博士		art:chaos-theory,art:we-die-on-the-dark-so-you-can-live-in-the-light,askinate-herr-spankoflex,clef-eats-ass-the-musical,containment-breach-the-musical
en	etdp	590	32	jp_tag_name	true	true	etdp		adnan-s-alibi,agricola-in-insula-est-poeta,bernard-s-ballad,breakfast-for-dinner,crossing-the-streams
en	incident	591	32	jp_tag_alias	true	true	インシデント		document-3853-9,event-log-scp-097,incidence-report-log-567-4012,incident-023-27,incident-096-1-a
en	integration-program	592	32	jp_tag_alias	true	true	統合プログラム		hogslice-makes-a-friend,hogslice-vs-bones,integration-program-art,integration-program-hub,many-last-words
en	sapphire	593	32	jp_tag_alias	true	true	saphir		all-we-were-was-us,art:dinodraws-goitober2023,art:dr-asknes-art,art:rhineriver-goitober-2023,art:spot-s-goitober-2023-submissions
en	sauelsuesor	594	32	jp_tag_alias	true	true	サウエルスエソル		a-star-in-the-night-sky,anomaly-243-the-neamh-mairbh,art:agente-shuffle-s-2021-art-exchange-gifts,art:anomalies-in-water-colour,art:our-wretched-lookout-179-remixcon
en	untitled-series	595	32	unhandled	false	false			a-thorley-little-christmas,alex-thorley-goes-on-a-blind-date,bagel,baroque-unreality,burger
en	2000	596	31	jp_tag_name	true	true	2000		scp-2000,scp-2001,scp-2002,scp-2004,scp-2005
en	_pulp-fiction	597	31	jp_tag_alias	true	true	_パルプ・フィクション		7ring,arson-activism-and-mustaches,barrels-of-prose,crossfire,documents-recovered-in-honshu-japan-1949
en	decommissioning-dept	598	31	jp_tag_alias	true	true	解体部門		50-turning-and-turning,decom-dept-hub,fortune-favors-hub,found-a-job,lte-8686-yellow-kewpie
en	director-aktus	599	31	jp_tag_alias	true	true	アクタス管理官		additional-resources,all-i-know-is-that-i-know-pizza,carlysle-aktus-is-a-prickly-bastard-an-high-school-au,classification-committee-memo,dr-gears-heated-gaming-moment
en	folklore-dept	600	31	jp_tag_alias	true	true	神話・民俗学部門		a-folklorist-approach-to-myth-case-study-01-the-tuatha-de-da,brasilic-folklore-and-mythology,department-of-mythology-and-folkloristics-hub,fae-myths-and-legends,scp-1671-j
en	just-girly-things	601	31	jp_tag_name	true	true	just-girly-things		a-crack-in-the-porcelain,art:dinodraws-goitober2023,art:jgt-character-art,art:justgirlydiary,art:keelee-jgt
en	researcher-rosen	602	31	jp_tag_alias	true	true	ローゼン研究員		airgap,autopsy,bewitched-bothered-and-bewildered,but-we-do-not-talk-about-that,database-error
en	robert-carter	603	31	jp_tag_alias	true	true	ロバート・カーター		a-completely-normal-employee-initiation-ritual-that-definite,arco,austinsterribletime,carter-courier-channel,coda-for-the-capitol
en	robin-thorne	604	31	jp_tag_alias	true	true	ロビン・ソーン		a-dark-forsaken-candle,a-farewell-to-kings,a-final-dying-ember,a-pristine-untouched-wick,a-slow-flickering-flame
en	skitter-marshall	605	31	unhandled	false	false			a-completely-normal-employee-initiation-ritual-that-definite,a-wolf-at-the-door,abasedebase,all-that-glitter-s-is-fool-s-gold,coda-for-the-capitol
en	team-bird	606	31	jp_tag_name	true	true	team-bird		a-given-purpose,avian-anthology-i,avian-anthology-ii,bird,bird-review
en	tickle-monster	607	31	jp_tag_alias	true	true	くすぐりオバケ		a-special-holiday-message-from-scp-999,art:49-and-999-friendship,art:an-awkward-family-dinner,art:art-mycotherapy-999-pix,art:asset-slorp
en	unfounded	608	31	jp_tag_alias	true	true	財団のない世界		a-sympathetic-thorn-in-the-side-of-the-bookburners,all-things-considered,art:dinodraws-goitober2023,art:rhineriver-goitober-2023,asmodeus
en	d-con2016	609	30	jp_tag_name	true	true	d-con2016		a-memorandum,a-personal-connection,a-price-to-be-paid,a-reason-to-die,after-the-end
en	doctor-spanko	610	30	jp_tag_alias	true	true	ドクター・スパンコ		a-cackmas-carol,a-diminished-thing,art:dr-spanko-piece-by-koshi,askinate-herr-spankoflex,cack-hard
en	dragon	611	30	unhandled	false	false			scp-021,scp-111,scp-1154,scp-1762,scp-2454
en	goi2019	612	30	jp_tag_name	true	true	goi2019		aflame-with-the-fires-of-delusion,art-is-boring-but-profitable,back-to-square-one,black-retribution-scpv-213,chimes-broken
en	goldbaker-reinz	613	30	jp_tag_alias	true	true	ゴールドベイカー・ラインツ		a-day-in-the-balance,a-friendly-guide-to-the-katharsys-music-festival,choudhury-insurance,coda-for-the-capitol,disperazione-di-everwood
en	library	614	30	jp_tag_alias	true	true	図書館		nagiros-proposal,scp-1726,scp-1906,scp-1986,scp-2177
en	researcher-james	615	30	jp_tag_alias	true	true	ジェームズ研究員		a-gift-from-my-uncles,art:death-to-the-olden-era,ever-after-hub,i-told-you-that-i-was-afraid,if-they-like-you-i-like-you
en	vincent-anderson	616	30	jp_tag_alias	true	true	ヴィンセント・アンダーソン		anderson-the-alternative,bal-chatri,circumstances,consolidation,dire-wolf
en	aaron-siegel	617	29	jp_tag_name	true	true	aaron-siegel		a-simple-sheaf-of-papers,burning-my-religion,computer-angel,damnatio-memoriae,deer-and-the-overseers
en	alexandra	618	29	jp_tag_alias	true	true	アレクサンドラ		38-world-of-difference,additional-resources,aiad-homescreen,alert-lockdown-initiated,anderson-the-alternative
en	clown	619	29	jp_tag_alias	true	true	道化師		critter-profile-slappy,scp-1379,scp-1799,scp-1921,scp-2094
en	draven-kondraki	620	29	jp_tag_alias	true	true	ドレイヴン・コンドラキ		art:talloraven-waltz,art:we-die-on-the-dark-so-you-can-live-in-the-light,dad-please-it-isnt-funny,dr-kondraki-cut-up-while-thinking,dragandrabbits
en	on-mount-golgotha	621	29	jp_tag_alias	true	true	ゴルゴタの丘で		a-convincing-lyre,an-impenitent-thief,bigger-than-jesus,bloodlines,can-you-show-me-the-way-to-alagadda
en	rabbit	622	29	jp_tag_alias	true	true	ウサギ		djkaktus-s-proposal-j,scp-1282,scp-1284,scp-1640,scp-1793
en	too-spooky	623	29	jp_tag_alias	true	true	おおこわいこわい		chapter-13-but-fear-itself,eddybird-art-page-or-sth,fun-within-fear,in-fear,scp-044-j
en	_black-queen	624	28	jp_tag_alias	true	true	_黒の女王		acopalypse,carnifex-carl,cassandra,corncrake-of-destiny,deer-girl-bq
en	_famouslastwords	625	28	jp_tag_alias	true	true	_有名フラグ		a-bed-that-grows-arms-and-deals-drugs,a-disgruntled-fan-letter-on-the-subject-of-clownery,clowncon-time-clowns-temporal-tomfoolery,exanimis,herman-fuller-presents-peter-cottontail-s-cotton-candy
en	backdoor-soho	626	28	jp_tag_alias	true	true	バックドア・ソーホー		a-betamax-suicide-note,a-eulogy-in-eleven-eight-time,a-farewell-to-kings,a-friendly-guide-to-the-katharsys-music-festival,a-taste-of-theft
en	jockjamsvol6	627	28	jp_tag_name	true	true	jockjamsvol6		a-new-age-of-magic,bong-rip-tendency,diamond-is-not-kush,different-kinds-of-nihilism,fuck-jude
en	mark-kiryu	628	28	jp_tag_alias	true	true	マーク・桐生		christmas-at-kiryu-labs,decompression,gentle-wings-flutter-quietly-in-the-dark,if-you-are-reading-this,impression
en	_global-occult-coalition	629	27	jp_tag_alias	true	true	_世界オカルト連合		archival-document-hsa-008-advent,kte-0154-blackwood-gorgon,kte-0641-white-domino,kte-1221-parallax-nacl-carcinoma,kte-2013-kapala-mendes
en	af2016	630	27	jp_tag_name	true	true	af2016		a-trip-down-substance-lane,agent-imants-plumbing-pool-repair-and-pizza-delivery-service,alto-clef-jr-fins-of-the-father,an-incredibly-important-announcement,carlysle-aktus-is-a-prickly-bastard-an-high-school-au
en	agent-navarro	631	27	jp_tag_alias	true	true	エージェント・ナヴァッロ		15-11-2012,another-goddamn-magic-system,bal-chatri,bridges-burnt,burnt-bridges
en	cernunnos	632	27	jp_tag_name	true	true	cernunnos		scp-2798,scp-4971,scp-5422,scp-5431,scp-5699
en	daybreak	633	27	jp_tag_alias	true	true	破暁		art:survival-in-a-sun-stricken-world,art:when-day-breaks,art:when-day-breaks-fanart,before-twilight,como-fue
en	director-lague	634	27	jp_tag_alias	true	true	ラグー管理官		all-i-know-is-that-i-know-pizza,art:lague-and-house,humint,many-last-words,o4-s-summit
en	doctors-of-the-church	635	27	jp_tag_alias	true	true	教会の博士		a-canticle-for-bright,arnven-burns,art:doctors-of-the-church-hub,body-and-blood,book-of-the-daeva
en	moon-champion	636	27	jp_tag_alias	true	true	ムーン・チャンピオン		a-nightmare-on-17th-street,alto-clef-jr-ecce-farcio,armageddon,assyrian-adventure,broken-bowe
en	nightmarefest	637	27	jp_tag_name	true	true	nightmarefest		blinded-by-white-light,elk-rock-island,elsquibbonator,goodnight-sweet-dreams,kill-nothing-but-time
en	rainer-miller	638	27	jp_tag_alias	true	true	ライナー・ミラー		a-study-in-cinnabar,bottom-floor,gomboc,guilt-trip,i-didn-t-forget-pt-15-something-big
en	shark	639	27	jp_tag_alias	true	true	軟骨魚類		scp-1057,scp-1340,scp-1373,scp-1449,scp-1767
en	_tropical	640	26	jp_tag_alias	true	true	_トロピカル		dr-keith-partridge-and-the-strawberry-banana-smoothie-of-doo,fish-are-friends-not-clowns,found-in-the-journal-of-a-lost-naturalist,life-and-death-of-site-78,nixie-the-nereid
en	doctor-gat	641	26	jp_tag_alias	true	true	ガット博士		66-kaleidoscope,a-funny-thing-happened-on-the-way-to-the-manor,a-study-in-cinnabar,bottom-floor,guilt-trip
en	goc-casefiles	642	26	jp_tag_alias	true	true	goc事件簿		goc-supplemental-arad,goc-supplemental-basic-guide,goc-supplemental-equipment,goc-supplemental-humanoid-guide,goc-supplemental-qandq
en	spicy-crust-pizzeria	643	26	unhandled	false	false			an-action-movie-with-romantic-sub-plots-starring-a-mosquito,april-fools-2024,are-we-gentrified-yet,art:fanart-of-that-time-you-went-to-spicy-crust-pizza,ayla-losing-dogs
en	ten-dots	644	26	jp_tag_alias	true	true	scp-2521		1346-1,2521-emoji,2521-escaped,2521-xxx,agentnightmares-artpage
en	the-engineer	645	26	jp_tag_alias	true	true	エンジニア		armed-with-hell-flames-and-fury,art:dinodraws-goitober2023,art:rhineriver-goitober-2023,bedlam,burned-a-hole-in-my-mind
en	wrong-tomorrow	646	26	unhandled	false	false			18-the-only-constant,19-detour-de-force,20-not-my-day,21-the-short-version,22-borrowing-trouble
en	anafabula	647	25	jp_tag_name	true	true	anafabula		a-quiet-night,acts-of-abuse,altered-by-all-means-necessary,art:scp-2747-the-never-read-end,art:scp-67774777-7777777
en	bellerverse	648	25	jp_tag_alias	true	true	鐘を鳴らす者の詩		addressing-the-second,bellerverse,dreams-of-nothing,fortherepublic,insurance
en	doctor-thereven	649	25	jp_tag_alias	true	true	セレヴン博士		fish-out-of-water,helping-a-caged-bird-fly,humint,man-on-a-mission,miau-miau-asheworth-kun
en	halloween2018	650	25	jp_tag_name	true	true	halloween2018		a-day-notable-to-nobody,a-night-to-remember,a-very-cool-dude-halloween,dining-out,error-field-cannot-be-lloyd
en	lewitt-zairi-family	651	25	jp_tag_alias	true	true	ルウィット・ザイリ・ファミリー		a-christmas-caterwaul,agricola-in-insula-est-poeta,alternate-character-interpretations,breakfast-for-dinner,crossing-the-streams
en	policy	652	25	jp_unused_replacement	true	true		他支部公式	a-laymen-s-guide-to-tagging,accessibility-policy,adult-content-warning-guide,anonymous-articles,anti-harassment-policy
en	the-specter	653	25	jp_tag_name	true	true	the-specter		a-nightmare-on-17th-street,a-study-in-cinnabar,a-team-you-can-maybe-trust,art:sterling-s-doodles-of-the-specter,bottom-floor
en	unusual-cargo	654	25	unhandled	false	false			excerpt-of-the-naelkaen-bestiary-ruensaastilaepsia,excerpt-of-the-naelkaen-bestiary-the-koepiokoerae,excerpt-of-the-naelkaen-bestiary-the-vasasoonenuetae,fish-out-of-water,from-moore
en	_crom-hidden	655	24	unhandled	false	false			an-evening-with-bright,codebrown,dr-bright-s-personnel-file,scp-001-o5,scp-029
en	_herman-fuller	656	24	jp_tag_alias	true	true	_ハーマン・フラー		candy-cat,doctor-muerte,herman-fuller-presents-eucestodiel,herman-fuller-presents-furmanism,herman-fuller-presents-meeting-the-maker
en	brainy-brian	657	24	jp_tag_alias	true	true	ブレイニー・ブライアン		and-i-m-the-star,back-in-habit,be-strange-or-be-forgotten,deceptive-cadence,everything-will-be-okay
en	brothers-of-death	658	24	jp_tag_name	true	true	brothers-of-death		about-the-serpent,art:sunny-art-pantheon,because-i-could-not-stop-for-death,bleep-s-onyx-proposal,death-and-the-doctors-hub
en	eric	659	24	jp_tag_alias	true	true	エリック		a-calculated-risk,art:dinodraws-goitober2023,art:rhineriver-goitober-2023,art:spot-s-goitober-2023-submissions,erics-journal
en	hana-thompson	660	24	unhandled	false	false			adrift-in-an-ocean-of-memories,alittlepush,clouded-judgement,deadgirlwalking,deer-girl-bq
en	la-rue-macabre	661	24	jp_tag_alias	true	true	ラ・リュー・マカーブラー		a-mekhanic-comes-home,anthropological-report-darkwater,brain-stew,first-shots,killing-in-the-name-of
en	metadata	662	24	jp_tag_alias	true	true	メタデータ		archived-scps,archived:attribution-metadata,archived:decommissioned-scps,attribution-metadata,attribution:categories
en	orok	663	24	jp_tag_alias	true	true	オロク		a-baptism-of-fire,arguments-of-ion,et-sanabitur-anima-mea,god-meat-s-back-on-the-menu,laid-in-blood
en	pitch-haven	664	24	jp_tag_name	true	true	pitch-haven		art:pitch-haven-sarah-and-stuart,better-days,f-o-u-r-t-e-e-n-thirteen,no-safe-haven,pissweed
en	possessive-mask	665	24	jp_tag_alias	true	true	取り憑くマスク		addressing-the-second,agentnightmares-artpage,art:anomalies-in-water-colour,art:remember-2-kiss-your-tv,crystlon
en	researcher-rex	666	24	jp_tag_alias	true	true	レックス研究員		a-broken-record,art:rex-alces,change-in-the-weather,fanfa,la-persistencia-de-la-memoria
en	saarn	667	24	jp_tag_alias	true	true	サアルン		a-baptism-of-fire,arguments-of-ion,elae,et-ecce,exierunt
en	saturn-deer	668	24	jp_tag_name	true	true	saturn-deer		alexandrine-epyllion-in-dedication-to-our-juncture,bernard-s-ballad,empire-of-dirt-part-2,letters-to-a-prophet,letters-to-a-prophet-2-scry-harder
en	the-kumiho	669	24	jp_tag_alias	true	true	クミホ		953-interview-a,art:gaeldk,art:sleepydancho-s-art-taqueria,at-dusk-i-will-think-of-you,eddybird-art-page-or-sth
en	totleighsoft	670	24	jp_tag_alias	true	true	トトレイソフト		art:dinodraws-goitober2023,art:rhineriver-goitober-2023,dyfscp-001,dyfscp0012,flores-goitober-submissions-2023
en	half-cat-josie	671	23	jp_tag_alias	true	true	半身猫のジョーシー		applied-crit,art:a-gaggle-of-doctors-and-others,art:chaz-josie-the-cheese-queen-and-marius,art:halloween-submission,art:kaywattys-artist-page
en	news-prompt	672	23	unhandled	false	false			another-xk-another-dollar,blistering-budget,critter-profile-yvette,if-im-being-honest,pigs-is-pigs
en	riven-mercer	673	23	jp_tag_alias	true	true	リーヴィン・マーサー		a-sort-of-challenge,ailier,art:we-die-on-the-dark-so-you-can-live-in-the-light,care-for-you,christmas-at-kiryu-labs
en	samsara	674	23	jp_tag_alias	true	true	サムサラ		a-thin-dangerous-line,art:art-exchange-2023-for-a-random-day,avatara,death-perception,deus-vulture
en	visual-archives2024	675	23	jp_tag_name	true	true	visual-archives2024		4784-va2024-art,art:art-of-the-fall-of-adytum-visual-archives-contest-entry,art:artwork-076,art:dear-little-cassy-visual-archives-art-contest-entry,art:dinodraws-visual-archives-art-con
en	_zh	676	22	jp_unused_no_single_replacement	true	false			file-no-hkc454,k1s10r0d-s-proposal,new-cha-ling,scp-zh-002,scp-zh-024
en	agent-green	677	22	jp_tag_alias	true	true	エージェント・グリーン		a-farewell-to-kings,and-then-what-happened,angel-of-red-and-white,art:crestedheart,brotherhood
en	damien-nowak	678	22	jp_tag_alias	true	true	ダミアン・ノヴァク		and-every-time-we-meet-again-hub,art:not-human-comic,esterberg-city-wikipedia,for-crimes-uncommitted,forgotten-days
en	director-graham	679	22	jp_tag_alias	true	true	グラハム管理官		7-levels-of-17,8000-dead-rats-hub,a-little-mister-s-halloween-special,art:nasty-little-man-art,chronicle-of-the-worm
en	doctor-shaw	680	22	unhandled	false	false			an-ending-is-only-tragic,art:kurtbroppa-s-artwork-hub,come-together-right-now-over-me,containment-breach-the-musical,diary-of-an-adolescent-orange-blob
en	engagement-division	681	22	jp_tag_alias	true	true	交流課		aeed-orientation,anomalous-entity-engagement-division-hub,art:fisher-2689-fanart,friendly-rivalries,inkirbycase1
en	greazeburger	682	22	jp_tag_alias	true	true	グリーズバーガー		9-to-5,a-wandsman-in-the-greaze-lands-of-kansas,after-action-report-incident-6118-7513-19-20230214,back-to-your-irregularly-scheduled-programming,corporate-dealings-after-the-calamity
en	kiryu-labs	683	22	jp_tag_name	true	true	kiryu-labs		a-sort-of-challenge,care-for-you,christmas-at-kiryu-labs,decompression,gentle-wings-flutter-quietly-in-the-dark
en	lombardi	684	22	jp_tag_alias	true	true	ロンバルディ		command-performance,conspiracy-part-x,conspiracy-prologue,gamedaypart1index,goc-tale-sequence-assessment
en	memecon2021-unofficial	685	22	jp_tag_name	true	true	memecon2021-unofficial		memecon-unofficial,scp-5493,scp-5561,scp-5883,scp-6045
en	nadox	686	22	jp_tag_alias	true	true	ナドックス		a-baptism-of-fire,ancestrecall,and-the-fact-it-rains,but-thou-shalt-not-despair,et-ecce
en	researcher-conwell	687	22	jp_tag_alias	true	true	コーンウェル研究員		all-hallows,assault-on-site-64,building-up,calling-on-the-specialist,consolidation
en	ruprecht-carter	688	22	jp_tag_name	true	true	ruprecht-carter		1-001-dark-and-stormy-nights,a-completely-normal-employee-initiation-ritual-that-definite,a-pound-of-flesh-a-piece-of-meat,best-rest-villa-myk7x-br05f-v9902,delendases-f3b3r-x44nm-pll77
en	sheldon-katz	689	22	jp_tag_alias	true	true	シェルドン・カッツ		chronicle-of-the-worm,foundation-unmasked,gamedaypart1index,katz-and-dogs,nexus-hyperline
en	simulacrum	690	22	jp_tag_name	true	true	simulacrum		art:montagueetc-sciptember-2022,art:tattletale,beast,continuous-integration,scp-057-int
en	xia-dynasty	691	22	jp_tag_alias	true	true	夏王朝		about-the-serpent,church-of-the-broken-god-hub,document-2481,hist-327-comparative-mythology-of-mekhanism-and-naelkae,i-see-a-great-beast-within-the-fires
en	173fest	692	21	jp_tag_name	true	true	173fest		173-festival,a-concrete-shrine,anniversary,ars-gratia-artis,blood-is-thicker-than-water
en	8000-dead-rats	693	21	unhandled	false	false			8000-dead-rats-hub,arco,carter-courier-channel,chronicle-of-the-worm,coda-for-the-capitol
en	_dark-and-stormy	694	21	jp_tag_alias	true	true	_暗い嵐の夜		1-001-dark-and-stormy-nights,a-foul-storm-in-a-fair-land,another-rainy-day,crier,hop-on-hop-off
en	agent-laferrier	695	21	jp_tag_alias	true	true	エージェント・ラフェリエール		a-hole-in-the-tapestry,along-for-the-ride,ascension,ascension-hub,dorer-dances
en	collector-tale	696	21	jp_tag_alias	true	true	コレクターtale		1-mr-headless,10-mr-mission,11-mr-feather,13-mr-purple,14-mr-brass
en	director-bohart	697	21	jp_tag_alias	true	true	ボハート管理官		43-nothing-happens,all-i-know-is-that-i-know-pizza,art:kkn-site-333-doodles,art:life-and-death,error-404-database-not-found
en	fred	698	21	jp_tag_alias	true	true	フレッド		clowning-around,experiment-log-423-a,experiments-of-paper-part-1,magnum-opus-or-a-diatribe-in-defence-of-cliche,murphy-law-hub
en	geology-dept	699	21	jp_tag_alias	true	true	地質学部門		amnesia-was-fir-name,black-lungs,faulting-the-leylines-a-geological-examination-of-thaumaturg,garden-of-the-gods,orogenesis-file
en	hecatoncheires-cycle	700	21	jp_tag_alias	true	true	ヘカトンケイレス・サイクル		an-scp-masquerading-as-a-tale,catching-up,cleaning-house,ee-8832,fox-hunt
en	hiscon2017	701	21	jp_tag_name	true	true	hiscon2017		a-journal-found-in-the-collection-of-the-peabody-museum-of-n,another-thursday,history-contest,imperfectly-fossilized-eggs-m4rho-edope-fo5le,make-portland-weirder
en	old-ai	702	21	jp_tag_alias	true	true	オールドai		a-clean-fast-end,art:079-scp-short-animation,art:079gallery,art:insult-unwanted-file-deleted,art:mynamejers-artwork-pile
en	time-after-time-password	703	21	jp_tag_alias	true	true	タイム・アフター・タイム・パスワード		character-development,georgian-gothic,here-i-come,if-you-don-t-know-the-words,lost-in-the-translation
en	w-i-t-c-h	704	21	jp_tag_name	true	true	w-i-t-c-h		a-scene-from-a-meme,an-old-familiar-dream,buggy-hardware,inner-space,like-cats-and-dogs-and-spiders
en	_prometheus	705	20	jp_tag_alias	true	true	_プロメテウス		cierpienia-noworoczne,grant-request-for-a-replacement-keyboard-because-the-caps-lo,grant-request-for-genetically-engineering-low-cost-organic-a,grant-request-for-greene-to-stop-making-fun-of-me,grant-request-for-investigating-the-potential-application-of
en	agent-popescu	706	20	jp_tag_alias	true	true	エージェント・ポペスク		a-funny-thing-happened-on-the-way-to-the-manor,a-study-in-cinnabar,a-team-you-can-maybe-trust,bottom-floor,gomboc
en	ao-tale	707	20	jp_tag_name	true	true	ao-tale		and-when-he-heard-the-clock-he-cried,anomalous-incidents,ao-hub,big-fish-in-the-sky,blue-moon-o-virginia
en	halyna-ieva	708	20	jp_tag_alias	true	true	ハリーナ・イエヴァ		a-song-that-is-unfortunately-about-toes,another-soul-joins-the-halkost,art:karcist-halyna,devotedly-yours,empty-trail
en	maria-johnston	709	20	unhandled	false	false			a-tale-of-two-chugwaters,lost-souls-broken-toys-chapter-1,lost-souls-broken-toys-chapter-2,moving-on,scp-042-int
en	spring-cleaning24	710	20	jp_tag_name	true	true	spring-cleaning24		being-known,critter-profile-corey,dead-man-walking,deer-college-spring-cleaning-event,digital-daemon-revival
en	stillborn-skies	711	20	unhandled	false	false			adnan-s-alibi,all-they-are-is-them,all-they-will-be-is-them,all-we-are-is-us,all-we-were-was-us
en	zyn-kiryu	712	20	jp_tag_alias	true	true	ジン・桐生		ailier,art:pickles-awesome-sauce-zyn-fanart,art:revs-art-series-1,art:we-die-on-the-dark-so-you-can-live-in-the-light,calm
en	agent-rodney	713	19	jp_tag_alias	true	true	エージェント・ロドニー		broken-bowe,junkers-gone-in-stinky-seconds,junkers-trash-cash-tailpipes,junkers-trashcans-eleven,scp-4601
en	amoni-ram	714	19	unhandled	false	false			art:artex-8600,art:holiday-exchange-gold,art:miss-lapis-visual-archives,art:sweetlapiskeyboard-goldproposalfanart,burnt-offerings
en	black-rabbit-company	715	19	jp_tag_alias	true	true	ブラックラビット社		brainstorm,brc-cast-24-a-nice-content-farm-upstate,memebodies,more-cunning-than-any-beast,scp-2085
en	bury-the-survivors	716	19	unhandled	false	false			0-underture,1-remember-remember,10-under-new-direction,11-turnover,12-aromantic-abatement
en	deadlined	717	19	unhandled	false	false			43-nothing-happens,44-next-to-nothing,45-nothing-to-worry-about,46-nothing-changes,47-past-caring
en	director-gillespie	718	19	jp_tag_alias	true	true	ガレスピー管理官		boss-of-me,cells,folly,friend-good,i-hope-that-i-get-old-before-i-die
en	doctor-gerald	719	19	jp_tag_alias	true	true	ジェラルド博士		clean-sweep,deranged-ditties,gfc,if-it-were-the-80s,it-s-a-bird-it-s-a-plane-it-s
en	doctor-scranton	720	19	jp_tag_alias	true	true	スクラントン博士		are-we-flawed-yet,folding-a-red-box,foundations,guess-who-s-coming-to-dinner,mzl-1730
en	hogslice	721	19	jp_tag_name	true	true	hogslice		2-rhine-2-river,a-nightmare-on-17th-street,eddybird-art-page-or-sth,hogslice-makes-a-friend,hogslice-vs-bones
en	olympia	722	19	jp_tag_name	true	true	olympia		13th-23rd-december-2008,1st-12th-december-2008,24th-december-2008-14th-january-2009,experiment-log-040,experiment-log-158-ag
en	silicon-nornir	723	19	jp_tag_name	true	true	silicon-nornir		5th-global-occult-coalition-donation,arco,bleep-s-onyx-proposal,goc-tale-sequence-assessment,gunsight
en	the-twin-sites	724	19	unhandled	false	false			a-tale-of-two-mailrooms,an-approval-for-shadows,art:branches-reaching-home-art,art:sage-west,art:sage-west-s-guide-to-making-dead-men-talk-art
en	_ambrose-restaurant	725	18	jp_tag_alias	true	true	_アンブローズ・レストラン		ambrose-3ports-soda,ambrose-backdoor-soho,ambrose-dc-restaurant-week,ambrose-esterberg,ambrose-gloucester
en	_nobody	726	18	jp_tag_alias	true	true	_何者でもない		arson-activism-and-mustaches,charles-ogden-gears,close-encounter-with-nobody,documents-recovered-in-honshu-japan-1949,fish-song
en	agent-trauss	727	18	jp_tag_alias	true	true	エージェント・トラウス		a-day-notable-to-nobody,autonomy-part-i,autonomy-part-ii,autonomy-part-iii,autonomy-part-iv
en	amos-marshall	728	18	jp_tag_alias	true	true	エイモス・マーシャル		a-completely-normal-employee-initiation-ritual-that-definite,best-rest-villa-myk7x-br05f-v9902,blind-to-the-big-surprise,dead-end-city,dinner-and-a-show
en	continuity-dept	729	18	jp_tag_alias	true	true	継続部門		art:the-foundation-is-not-transphobic-art,department-of-continuity-hub,scp-1377,scp-2911,scp-8263
en	greg-chudley	730	18	unhandled	false	false			a-tale-of-two-chugwaters,a-wyoming-frog-in-pierre,crocosquid-vs-kong,karen-queen-of-the-monsters,lost-souls-broken-toys-chapter-1
en	judith-low	731	18	jp_tag_alias	true	true	ジュディス・ロゥ博士		43-nothing-happens,an-anthropological-approach-to-sarkicism-case-study-02-the-d,document-2481,fragments-regarding-legate-trunnion-apostate,killing-in-the-name-of
en	magnetic	732	18	jp_tag_alias	true	true	磁力		scp-067-tl,scp-2560,scp-2834,scp-3126,scp-3328
en	telecom-office	733	18	jp_tag_alias	true	true	電気通信監視室		1-800-scp,art:respond-tmo-fanart,art:say-it-with-me-everybody,atomic,comdependency
en	world-kept-turning	734	18	jp_tag_alias	true	true	世界は廻り続けた		a-deed-to-be-done,a-passing-rain,because-i-could-not-stop-for-death,change-in-the-weather,dead-draw
en	world-parahealth-organization	735	18	jp_tag_alias	true	true	世界超保健機関		8000-dead-rats-hub,arco,art:public-release-of-operation-witness-materials,bed-breakfast-plague,breaking-it-down-to-me
en	yossarian-leiner	736	18	jp_tag_name	true	true	yossarian-leiner		59-the-foreseeable-future,cimmerian-sends-650-pms,great-cult-escape,here-comes-your-man,humint
en	angle-grinders	737	17	jp_tag_alias	true	true	角度研削者		four-years-later,friday-2200-paul-dimaccios-personal-quarters,monday-6am-escherville-facility-two,mtf-theta-90-character-profiles,mtf-theta-90-hub-page
en	d-11424	738	17	jp_tag_name	true	true	d-11424		numbers-never-die,omega-k,scp-2385,scp-3202,scp-3379
en	florence-thorne	739	17	unhandled	false	false			a-scp-ab,dinner-with-the-thornes,finding-scalpel,florence-thorne-hub,funeral-for-the-phoenix
en	kenneth-spencer	740	17	jp_tag_alias	true	true	ケネス・スペンサー		a-farewell-to-kings,automatic-stop,circumstances,eagle-eye,falcon-flight
en	leslie	741	17	jp_tag_alias	true	true	レスリー		a-romantic-comedy-starring-a-dead-mosquito-guest-starring-th,an-action-movie-with-romantic-sub-plots-starring-a-mosquito,behind-the-scenes-of-reeling-in-the-crocosquid,crocosquid-vs-kong,daddy-s-hands
en	lovataar	742	17	jp_tag_alias	true	true	ロヴァタール		a-most-contentious-reunion,an-assembly-of-sarkics,arguments-of-ion,et-sanabitur-anima-mea,lovataar-throne
en	madao	743	17	jp_tag_name	true	true	madao		a-taste-of-theft,art-is-boring-but-profitable,art:dinodraws-goitober2023,art:rhineriver-goitober-2023,donatello-s-sculpting-tools-circa-1409
en	mages-academy	744	17	jp_tag_alias	true	true	魔術師学会		der-legendaere-zauberstab-von-morgan-le-fay,grant-request-post-mortem-neural-preservation,incident-protocol-149-de,intelligence-agency-data-archive-subject-mages,joey-fucknuts-steals-the-declaration-of-independence
en	midnight-the-cat	745	17	jp_tag_alias	true	true	ミッドナイト		fandation,favoured-son,gdp2-tunneling-between-worlds,goc-supplemental-arad,goc-supplemental-thaumatology
en	more-by	746	17	jp_unused_no_single_replacement	true	false			more-by:a-random-day,more-by:billith,more-by:calibold,more-by:croquembouche,more-by:deadly-bread
en	mr-fish	747	17	jp_tag_alias	true	true	ミスター・おさかな		a-nightmare-on-17th-street,art:dots-junk-drawer-of-art,cack-hard-2-revengeance-reloaded,eddybird-art-page-or-sth,haunting-at-17
en	murphy-law	748	17	jp_tag_alias	true	true	マーフィー・ロゥ		art:murphy-law-in-a-storyboarded-stageplay,art:murphy-law-in-these-red-lights,art:nebulousstar-s-ae-2023,eddybird-art-page-or-sth,happy-birthday-mister-toasty
en	rei2015	749	17	jp_tag_name	true	true	rei2015		excerpts-from-the-medical-tragedy-of-dr-bartholomew-artz-aut,game-manual,hello-i-am-an-eldritch-horror,inside-out,it-s-just-a-dream
en	richard-chappell	750	17	jp_tag_alias	true	true	リチャード・チャペル		art:tuukon-s-submissions-goitober-2023:day-1,big-dick-chappell,carroll-022-the-last-stand,carroll-105-the-jabberwock,carroll-188-gemini
en	veronica-fitzroy	751	17	jp_tag_alias	true	true	ベロニカ・フィッツロイ		a-cicada-s-funeral-dirge,a-eulogy-in-eleven-eight-time,a-friendly-guide-to-the-katharsys-music-festival,baptism-of-the-wandering-jew-by-johnny-the-son,beef-albini-in-fusion-sauce-with-a-side-of-fruit
en	we-meet-again	752	17	jp_tag_alias	true	true	また会う度に		a-library-empty,and-every-time-we-meet-again-hub,for-crimes-uncommitted,forgotten-days,halfway-found-halfway-lost
en	_broken-god	753	16	jp_tag_alias	true	true	_壊れた神の教会		broken-mind,fragments-regarding-legate-trunnion-apostate,galabor-exe,goac-chapter-2-js,gohw-chapter-5-dot-js
en	_chaos-insurgency	754	16	jp_tag_alias	true	true	_カオス・インサージェンシー		sc-02-000-22-000,sc-049-100-049-103,sc-05-321-05-335,sc-10-548-12-893,sc-11-11-1-i
en	_deer-college	755	16	jp_tag_alias	true	true	_ディア大学		3ports-schools,blood-on-the-ice,deer-and-the-overseers,eggplant-election-special,eggplant-heartbreak-edition
en	agent-calendar	756	16	jp_tag_alias	true	true	エージェント・カレンダー		agent-calendars-hot-date-1,agent-calendars-hot-date-2,art:agent-calendar-fanart,director-house-gets-whitewashed,hell-hath-no-fury-like-a-woman-scorned
en	apotheosis	757	16	jp_tag_alias	true	true	アポセオシス		a-farewell-to-arms,a-hole-for-a-heart-pt-1,a-new-age-of-magic,apotheosis-hub,free-bird
en	appliance-war	758	16	jp_tag_alias	true	true	家電戦争		a-sinking-feeling,alight,in-an-attempt-to-feel-something,khaziaprilfools,log-of-deviant-appliances
en	cousin-johnny	759	16	jp_tag_alias	true	true	従兄弟のジョニー		a-cicada-s-funeral-dirge,all-they-will-be-is-them,baptism-of-the-wandering-jew-by-johnny-the-son,book-club,buggy-hardware
en	holly-light	760	16	jp_tag_alias	true	true	ホリィ・ライト		a-welcome-distraction,be-strange-or-be-forgotten,pepper-s-lament,santa-claus-procedures-part-1,santa-claus-procedures-part-2
en	in-rewrite	761	16	jp_unused_no_single_replacement	true	false			scp-116,scp-1282,scp-1526,scp-1608,scp-1636
en	old-foes	762	16	jp_tag_alias	true	true	旧敵たち		blood-in-the-water,broken-bowe,footage-recovered-from-a-private-server,give-it,him-and-the-other-him
en	olivie-gwyneth	763	16	jp_tag_alias	true	true	オリヴィエ・ギネス		a-faerie-tale-of-twin-queens,arco,echoes-of-shattered-erikesh,esterberg-city-wikipedia,hour-zero
en	polaricecraps	764	16	jp_tag_name	true	true	polaricecraps		different-kinds-of-nihilism,gamers-against-war,gamers-against-weed-dossier,mr-doggo,scp-2293
en	project-thaumiel	765	16	jp_tag_name	true	true	project-thaumiel		capitis,clavis,corvus,cygnus,exanimis
en	pseudogenesis	766	16	unhandled	false	false			4012-the-play,bridge,dissonance,pseudogenesis-productions-hub,pseudoguilt
en	sotm	767	16	jp_tag_name	true	true	sotm		all-along,dossier-fsf-delivery,first55,five-years,hamibombard1
en	children-of-the-torch	768	15	jp_tag_alias	true	true	松明の子供達		chimes-broken,house-sparrow,nobody-would-sing-the-rhythm-in-the-wing-again-and-again,non-prophet-organization-hub,scp-1428
en	dc2014	769	15	jp_tag_name	true	true	dc2014		aftermath,cakework,decommissioned,dystopia-contest,enansi-si-gnihtyreve
en	doctor-elliott	770	15	jp_tag_alias	true	true	エリオット博士		a-site-19-christmas-carol,calm,dressing-up,getting-drunk,light-dependent-reactions
en	doctor-roget	771	15	jp_tag_alias	true	true	ロジェ博士		a-site-19-christmas-carol,anomalous-incidents,boss-of-me,i-hope-that-i-get-old-before-i-die,i-was-not-magnificent
en	glacon	772	15	jp_tag_alias	true	true	グラソン		a-symphony-of-iron-and-steel,ai-classification-guide,alert-lockdown-initiated,art:evelyn-s-art-page,clock-multiplier
en	hunters-black-lodge	773	15	jp_tag_alias	true	true	ハンターの黒きロッジ		hid-from-the-presence,oroks-ball,sarkic-heat,sarkicism-hub,scp-2408
en	manhattan-crisis	774	15	unhandled	false	false			1998-911-hub,all-quiet-on-the-wall-street-front,as-it-happened,in-your-heart,koigarezaki-news-911-1998-ver
en	marie-surratt	775	15	jp_tag_alias	true	true	マリー・サラット		art:skeletons-son,four-knights-tango,gaslight-gatekeep-girlboss-hub,hour-zero,human
en	only-game-in-town	776	15	jp_tag_alias	true	true	最上の事		a-child-to-teach,competitive-teleology,interlude-scenes-from-the-fall,on-the-origins,only-game-in-town-hub
en	researcher-smalls	777	15	jp_tag_alias	true	true	スモールズ研究員		a-scene-from-a-meme,buggy-hardware,erics-mega-zine-vol-50-the-cutout-room,nicos-proposal-ii,olicus-art
en	stop-making-sense	778	15	unhandled	false	false			found-a-job,scp-1983-ex,scp-9067,scp-9068,scp-9137
en	_fifthist	779	14	jp_tag_alias	true	true	_第五教会		1-staar-cuttt-2-5,a-song-about-serious-information-leaks,a-song-that-is-unfortunately-about-toes,among-the-stars-track-0,ballad-of-the-fifth-arcadian
en	_int	780	14	jp_unused_no_single_replacement	true	false			lorecon2023,scp-005-int,scp-006-int,scp-007-int,scp-014-int
en	agent-lurk	781	14	jp_tag_alias	true	true	エージェント・ラーク		additional-resources,alert-lockdown-initiated,are-we-there-yet,ball-gags-and-scrambled-eggs,calm
en	cycle-of-seasons	782	14	jp_tag_alias	true	true	四季の円環		brings-the-hunt,cycle-of-seasons-hub,fall-witness-part-1,fall-witness-part-2,nt-4041-nimuedianetic-karhu
en	deletions-dept	783	14	jp_tag_alias	true	true	削除部門		a-place-to-call-your-home,deleted,open-the-gate,scp-6183,scp-6768
en	director-diaghilev	784	14	jp_tag_alias	true	true	ディアギレフ管理官		alchemic-arm-istice,an-alchemist-goes-to-war,an-arm-y-of-two,armageddon,channeling-flows
en	director-richter	785	14	unhandled	false	false			broken-wings-and-mended-hearts,revelations-of-the-author,scp-042-int,scp-2704,scp-6187
en	eternal-mxtape	786	14	unhandled	false	false			being-known,extra-salty,nightmare-on-archer-row-part-2,scp-4581,scp-4784
en	golden-horde	787	14	jp_tag_alias	true	true	金帳汗国		commentary-on-selected-items-in-the-seimei-gallery,golden-horde-blues,golden-horde-funk,interviews-with-prospective-groups-of-interest,parabox-interactive
en	heimdall	788	14	jp_tag_alias	true	true	ヘイムダル		adana-protocol,art:art-mycotherapy-6335-pix,lessons-from-history,on-the-failure-of-the-open-sky-accords,project-heimdall
en	lorecon2023	789	14	jp_tag_name	true	true	lorecon2023		a-tale-of-two-chugwaters,bee-swallowed,dancing-into-the-sun,insignificance,lorecon2023
en	lucas-monaco	790	14	unhandled	false	false			barlowalso,best-rest-villa-myk7x-br05f-v9902,dirty-hands-clean-image,glitterstix-glr032-stx787-ref819,infinite-blood-fountains
en	semiotics	791	14	jp_tag_alias	true	true	記号論		dead-capitalism-theory,poufys-proposal,scp-3169,scp-7419,scp-7575
en	ship-in-a-bottle	792	14	jp_tag_alias	true	true	ボトルシップ		big-weird-dog,coffee-date,electronic-data,every-day-of-my-life-you-test-me,expiration-date
en	yggdrasil-s-surveyor	793	14	jp_tag_alias	true	true	ユグドラシルの測量技師		a-hopper-in-the-offshoot,broken-masquerade-epistolary,gardeners-of-the-orchard,grabnok-the-destroyer,hopping-through-worlds
en	1000	794	13	jp_tag_name	true	true	1000		scp-1000,scp-1001,scp-1010,scp-1013,scp-1024
en	8-ball	795	13	jp_tag_alias	true	true	8-ボール		a-symphony-of-iron-and-steel,ai-classification-guide,fragmented-compiled,hello-world,hello-world-part-ii
en	aldon	796	13	jp_tag_alias	true	true	アルドン		anart-antics,boron-blisters,covert-cursing,divine-demands,exasperated-efforts
en	hadfield-twins	797	13	jp_tag_alias	true	true	ハドフィールド家の双子		art:sketches-made-by-o5-4-the-annalist-during-his-visit-to-s,fragments-regarding-legate-trunnion-apostate,i-never-told-you-what-i-do-for-a-living,manifest-704,o5-command-dossier
en	heather-mason	798	13	jp_tag_alias	true	true	ヘザー・メイソン		a-scene-from-a-meme,art:art-mycotherapy-3090-pix,buggy-hardware,danger-in-the-manger,nats-ants
en	insect-hell	799	13	jp_tag_name	true	true	insect-hell		apologies-and-redemption,arbh-class-debrief-file,arbh-class-hub,beware-walter-the-omniversal-rabbit,critter-profile-genghis
en	joicl	800	13	unhandled	false	false			arco,coda-for-the-capitol,critter-profile-shigastan,drzewa-wolnosci,joicl8kdr
en	judy-papill	801	13	jp_tag_alias	true	true	ジュディ・パピル		art:scp-2983-judy-s-choco-wonder-explosion-marshmallow-bites,be-strange-or-be-forgotten,deceptive-cadence,holding-an-umbrella,i-don-t-get-it-i-functioned-before
en	mari-macphaerson	802	13	jp_tag_alias	true	true	マリ・マクファーソン		art:evelyn-s-art-page,magazine,scp-5571,scp-6123,scp-6549
en	mundus-liberari	803	13	jp_tag_alias	true	true	世界に自由を		collective-punishment,ecce-insurgo,first-shots,mundus-liberari,nalka-union
en	researcher-labelle	804	13	jp_tag_name	true	true	researcher-labelle		a-site-19-christmas-carol,all-of-me-wants-all-of-you,askinate-herr-spankoflex,here-comes-your-man,if-you-are-reading-this
en	run-the-river-red	805	13	jp_tag_alias	true	true	大河は赤に染められる		black-lungs,orogenesis-file,run-the-river-red-hub,scp-2888,scp-5315
en	tales-of-the-mosaic	806	13	jp_tag_name	true	true	tales-of-the-mosaic		a-gally-fellows-lens,bessie-bogan-and-the-crow-road-inn,canvas-fish-fly,juni-writes-a-poem,leasehold-on-daylight
en	tc2013	807	13	jp_tag_name	true	true	tc2013		and-the-winner-is,automata-et-cetera,bronze,faith-and-knighthood,i-ll-see-you-next-time
en	the-archivist	808	13	jp_tag_alias	true	true	記録管理人		a-study-in-cinnabar,broken-bowe,djkaktus-s-proposal-iii,jolly-cooperation,maria-jones-this-is-your-life
en	utopian	809	13	unhandled	false	false			a-faerie-tale-of-twin-queens,chaoskampf-and-creation,his-mighty-snailordship,miau-miau-asheworth-kun,scp-2000-b-the-lonely-cowboy
en	with-the-old-gods	810	13	unhandled	false	false			cat-got-your-tongue,love-across-a-nonbinary-spectrum,medea-filicidium,multi-goddess-drifting,on-the-rails
en	_manna-charitable-foundation	811	12	jp_tag_alias	true	true	_マナによる慈善財団		16th-wondertainment-donation,1st-cetres-donation,3rd-vesta-donation,5th-global-occult-coalition-donation,draft-proposal-for-programme-arduinosis-9001
en	_pt	812	12	jp_unused_no_single_replacement	true	false			incriveis-sapatos-ozwalds,scp-002-pt,scp-011-pt,scp-021-pt,scp-031-pt
en	_wandsmen	813	12	jp_tag_alias	true	true	_堂守連盟		a-pathetic-attempt-to-explain-fifthism,a-wandsman-in-a-vegas-cathouse,a-wandsman-in-the-greaze-lands-of-kansas,a-wandsman-in-the-navel-of-the-moon,arcadia-s-offensive-joke
en	agent-yoric	814	12	jp_tag_alias	true	true	エージェント・ヨリック		carlysle-aktus-is-a-prickly-bastard-an-high-school-au,clef-and-dimitri-hit-the-road,deranged-ditties,one-bad-mother,scp-777-j
en	antarctic-exchange	815	12	jp_tag_alias	true	true	南極の交流		a-merry-fellow,antarctic-exchange-hub,art:art-mycotherapy-6483-pix,collecting,from-on-high
en	cleanliness-guaranteed	816	12	jp_tag_alias	true	true	キレイさっぱりをお約束します		a-wyoming-frog-in-pierre,beau-goes-for-a-run,biweekly,clean-up-for-customer-082,cleanliness-guaranteed-hub
en	creative-destruction	817	12	jp_tag_alias	true	true	創造性の破壊		creative-destruction-hub,dab-orientation,isabel-v-fights-art-block,jensenaleph,parawatch-lost-media-the-lost-creepypastas-of-gungelover
en	director-metanoia	818	12	jp_tag_alias	true	true	メタノイア管理官		aeed-orientation,anomalous-entity-engagement-division-hub,friendly-rivalries,inkirbycase1,people-care-dear
en	finnegan	819	12	jp_tag_alias	true	true	フィネガン		anart-antics,boron-blisters,facetious-fanatics,gray-god,hugo-hijinks
en	five-questions	820	12	jp_tag_name	true	true	five-questions		a-slumber-did-my-spirit-seal,bugs,children-of-doubt,fields-of-green,five-questions
en	green-king	821	12	jp_tag_alias	true	true	翠の王		cast-on,codename-green-king-hub,compromised,duty,fik-ra
en	hc2012	822	12	jp_tag_name	true	true	hc2012		bell-weather,costume-change,ghost-stories,halloween-at-s-c-plastics,halloween-contest
en	in-saffron-sands	823	12	unhandled	false	false			god-i-hate-this,i-miss-you,last-train-home,lo-behold-the-tiger,saffronsands-hub
en	james-harkness	824	12	jp_tag_alias	true	true	ジェームス・ハークネス		humint,jokes-and-you,narrativistics-and-you,scp-3330,scp-3533
en	old-man-in-the-sea	825	12	jp_tag_alias	true	true	老人との海		antediluvian,as-time-draws-near,eden,interlude-drift,manna-draft-leak
en	parawatch-true-crime	826	12	jp_tag_alias	true	true	実録犯罪		bigfoot-did-it,crewtime,death-of-aj-fader,down-the-tracks,flight-4145
en	procurement-liquidation-dept	827	12	jp_tag_alias	true	true	調達・清算部門		just-another-shop-that-wasn-t-there,scp-6117,scp-6237,scp-6261,scp-6318
en	sin-nombre-cartel	828	12	jp_tag_alias	true	true	シン・ノンブレ・カルテル		a-wandsman-in-the-navel-of-the-moon,el-mal-y-el-malo,lost-souls-broken-toys-chapter-2,scp-7712,scp-8360
en	tree-of-life	829	12	jp_tag_alias	true	true	生命の樹		scp-8483,scp-8984,scp-9220,scp-9330,scp-9423
en	westhead-media	830	12	jp_tag_alias	true	true	ウェストヘッド・メディア		bobblecon-2018,isabel-v-fights-art-block,one-more-tomorrow,scp-3135,scp-3149
en	_graveyard-shift	831	11	unhandled	false	false			blinded-by-white-light,elk-rock-island,goodnight-sweet-dreams,muddy-skies,scp-6106
en	_horizon-initiative	832	11	jp_tag_alias	true	true	_境界線イニシアチブ		0-texts-found,book-of-isaac-son-of-zadok,echoes-of-shattered-erikesh,excerpts-regarding-st-sophia,let-my-people-go-let-go-of-me
en	_vn	833	11	jp_unused_no_single_replacement	true	false			interview-billith-narrativistics,me-oi,nexus-13,scp-005-vn,scp-030-vn
en	alexei-belitrov	834	11	jp_tag_alias	true	true	アレクセイ・ベリトロフ		a-nightmare-on-17th-street,a-walk-along-the-riverside,bio-boosted-belitrov,eddybird-art-page-or-sth,friday-afternoon
en	animal-hospital	835	11	jp_tag_name	true	true	animal-hospital		animal-hospital-hub,my-dad-was-stalked-by-a-werewolf-for-a-year-and-a-half,open-season,pavement,portrait-of-cynocephalus-under-desert-sun
en	bailey-brothers	836	11	jp_tag_alias	true	true	ベイリー三兄弟		a-merry-fellow,a-multi-universal-affair,a-very-bailey-christmas,hide-your-pride,holy-crap-this-is-a-long-christmas-tale
en	big-cheese-horace	837	11	jp_tag_alias	true	true	ビッグチーズ・ホレス		ask-lord-blackwood,broadcast,critter-profile-yvette,fifthdation,grape-flavored-cigars-and-funeral-pyres
en	crowne-of-thornes	838	11	unhandled	false	false			calling-on-the-blackbird,crowne-thorne-hub,decryption-by-a-necromancer,foundation-on-trial,funeral-for-the-phoenix
en	department-of-other	839	11	jp_tag_alias	true	true	番外部門		just-misunderstood,scp-12954-j,scp-477-j,scp-5784,scp-6774
en	legate-trunnion	840	11	jp_tag_alias	true	true	レガーテ・トラニオン		a-baptism-of-fire,fragments-regarding-legate-trunnion-apostate,laid-in-blood,rounderhouse-gold-proposal,sfyri-kai-amoni
en	little-havana	841	11	unhandled	false	false			critter-profile-moonstone,deer-girl-bq,dossier-lph,hatuey,insignificance
en	new-faces	842	11	unhandled	false	false			a-team-you-can-maybe-trust,bottom-floor,gomboc,jolly-cooperation,light-and-the-mole
en	obearwatch	843	11	jp_tag_alias	true	true	監督真司令部		bear-flag-republic,carroll-022-the-last-stand,if-a-bear-shits-in-the-woods-does-it-make-a-sound,necessities,project-konkane-kamuy-1905
en	odongo-tejani	844	11	jp_tag_alias	true	true	オドンゴ・テジャニ		scp-3461,scp-5000,scp-5549,scp-6744,scp-6994
en	phoenix-nightingale-magpies	845	11	unhandled	false	false			a-scp-ab,finding-scalpel,florence-thorne-hub,greater-good-necessary-evil,individual-efficacy
en	sandbox	846	11	jp_tag_alias	true	true	サンドボックス		crow-s-note-s-and-to-do-list,dr-kondraki-s-work-log,dr-rights-draft-box,dr-rights-personal-log,lurker-sandbox
en	splash	847	11	jp_tag_alias	true	true	見出し		1231-warning,902-warning,acidfrog-s-proposal-external,attribute-tag-guide,ouroborealis
en	uac2014	848	11	jp_tag_name	true	true	uac2014		a-friend-s-words,anart-antics,animalia,corroded-relations,exit-history
en	_chicago-spirit	849	10	jp_tag_alias	true	true	_シカゴ・スピリット		carroll-022-the-last-stand,carroll-105-the-jabberwock,carroll-188-gemini,chicago-factory,hare-023-the-cheshire-cat
en	django-bridge	850	10	jp_tag_alias	true	true	ジャンゴ・ブリッジ博士		a-site-19-christmas-carol,are-we-there-yet,ball-gags-and-scrambled-eggs,calm,dr-bridge-over-troubled-water
en	harbinger	851	10	jp_tag_alias	true	true	ハービンジャー		scp-6270,scp-6271,scp-6272,scp-6273,scp-6274
en	miracle-liberation-front	852	10	unhandled	false	false			scp-6073,scp-6344,scp-6428,scp-6577,scp-6772
en	palisade	853	10	jp_tag_alias	true	true	防御柵計画		daffodils,good-fences-make-good-neighbors,in-the-end,project-palisade,project-palisade-test-log
en	simon-pietrykau	854	10	jp_tag_alias	true	true	サイモン・ピエトリカウ		deus-vulture,florence-thorne-hub,procurement-orders-hells-heart,scp-2664,scp-2897
en	timjc2026-unofficial	855	10	unhandled	false	false			dark-sushi-file-no-726-under-ice,fish-song,scp-8353,scp-8567,scp-9235
en	wrathcon2024	856	10	unhandled	false	false			a-merciful-end,asset-florida-orange,cooked,nosedive,revel-in-wrath-revived
en	_ijamea	857	9	jp_tag_name	true	true	_ijamea		ankoshoku,kashi-sei,osanshouo,project-ibarahime-1945,project-jumonji-yari-2024
en	_oneiroi	858	9	jp_tag_alias	true	true	_オネイロイ		crushing-your-dreams,is-it-weird-if-i-want-to-fuck-the-shark,midhesia,my-head-is-on-fire-and-im-not-ok,number-27-oneiroi-station
en	_sarkic	859	9	jp_tag_alias	true	true	_サーキック		ancestrecall,excerpt-of-the-naelkaen-bestiary-ruensaastilaepsia,excerpt-of-the-naelkaen-bestiary-the-koepiokoerae,excerpt-of-the-naelkaen-bestiary-the-vasasoonenuetae,internal-document-34
en	_the-bureaucrat	860	9	unhandled	false	false			kill-nothing-but-time,scp-5754,scp-6052,scp-6061,scp-6655
en	accelerate-the-future	861	9	jp_tag_name	true	true	accelerate-the-future		mobile-task-furries,reality-tv-designer-pets-and-fine-dining,scp-3312,scp-3508,scp-3754
en	art2017	862	9	jp_tag_name	true	true	art2017		art-contest-hub-characters,art-contest-hub-goi,art-contest-hub-mtf,art-contest-hub-series-1,art-contest-hub-series-2
en	doctor-edison	863	9	jp_tag_alias	true	true	エジソン博士		ask-lord-blackwood,askinate-herr-spankoflex,experiment-log-826,game-day-1-die-hardest,scenes-from-a-comprehensive-clusterfuck
en	doctor-vang	864	9	unhandled	false	false			gamedaypart1index,gdp2-basking-in-the-light,in-his-own-image-part-4,scenes-from-a-comprehensive-clusterfuck,scp-j
en	geoffrey-quincy-harrison	865	9	jp_tag_alias	true	true	ジェフリー・クインシー・ハリソン		must-one-gumball-machine-put-out-every-fire,mzl-1915,plague-s-proposal,scp-5591,scp-5595
en	marw	866	9	jp_tag_alias	true	true	マーウ		el-gato-y-el-mono,lost-in-the-translation,marw-el-reencarnado,publin,scp-057-int
en	primrose-esquire	867	9	jp_tag_alias	true	true	プリムローズ法務官		art:woaf-wob-crossover-art,scp-6159,scp-6607,scp-7603,scp-7616
en	spook-nico-2024-unofficial	868	9	jp_tag_name	true	true	spook-nico-2024-unofficial		furball,grant-request-for-the-development-of-a-portable-type-blue-co,not-to-look,scp-8386,scp-8824
en	_goblin-76	869	8	jp_tag_alias	true	true	_goblin-76年		scp-3775,scp-7415,scp-7423,scp-7576,scp-7674
en	_goblin-deletions	870	8	jp_tag_alias	true	true	_goblin-削除		scp-6183,scp-7173,scp-7183,scp-7309,scp-7374
en	_goblin-glitch	871	8	jp_tag_alias	true	true	_goblin-バグ		scp-5257,scp-5257-ex,scp-7226,scp-7230,scp-7351
en	_goblin-goblin	872	8	jp_tag_alias	true	true	_goblin-ゴブリン		scp-6467,scp-6796,scp-6945,scp-7131,scp-7178
en	_oria	873	8	jp_tag_name	true	true	_oria		memorandum-001-and-002-regarding-takfir,memorandum-083-regarding-project-guardianship,memorandum-321-regarding-project-707,oria-001,oria-025-117
en	admonition	874	8	jp_tag_alias	true	true	訓戒		admonition,scp-6183,scp-6488,scp-6659,scp-6747
en	adytum	875	8	jp_tag_alias	true	true	アディトゥム		a-baptism-of-fire,a-real-humdinger,immortal,laid-in-blood,metaphysician-karpin-proposal
en	avelar	876	8	jp_tag_alias	true	true	アベラール		critter-profile-jerry,scp-3709,scp-3803,scp-3923,scp-4510
en	doctor-hoygull	877	8	jp_tag_alias	true	true	ホイガル博士		a-given-purpose,avian-anthology-i,avian-anthology-ii,join-the-flock,scp-3570
en	donkman	878	8	jp_tag_alias	true	true	ドンクマン		scp-4768,scp-5307,the-donkman-s-den,ulysses-b-donkman-and-the-clockwork-bandits,ulysses-b-donkman-and-the-foreboding-forest
en	golem-of-prague	879	8	jp_tag_alias	true	true	プラハのゴーレム		a-man-of-clay-and-men-formerly-men,archival-document-hsa-008-advent,finding-scalpel,funeral-for-the-phoenix,obskuracorps-memos
en	laughy-mclaugherson	880	8	jp_tag_alias	true	true	ラフィ・マクラファーソン		disagreements-are-fun,funerals-are-fun,mzl-1730,old-kansas-sector-part-12,one-more-tomorrow
en	red-queens-race	881	8	unhandled	false	false			art:art-exchange-2025:gift-for-intercedent,fallout,greenlight,gunsight,handjob
en	researcher-lloyd	882	8	jp_tag_alias	true	true	ロイド研究員		error-field-cannot-be-lloyd,nicos-proposal-ii,sc-02-000-22-000,scp-2668,scp-3856
en	samara-maclear	883	8	jp_tag_alias	true	true	サマラ・マクレア		like-cats-and-dogs-and-spiders,o4-s-summit,samara-be-the-itsy-bitsy-spider,scp-3739,scp-4190
en	whore-of-blood	884	8	jp_tag_alias	true	true	血の娼婦		fuckhead,scp-6159,scp-6607,scp-7603,scp-7616
en	_factory	885	7	jp_tag_alias	true	true	_ファクトリー		capitalize-key-broken-l-47432,chicago-factory,contract-negotiations-01029,corporate-sabotage-14919,eco-sabotage-s-67789
en	_valravn	886	7	jp_tag_alias	true	true	_ヴァルラウン		aar-1087-silesia,aar-1320-chacaltaya,aar-5950-osaka,aar-7890-logovo-volka,la-llorona-model
en	captain-adrian	887	7	jp_tag_alias	true	true	キャプテン・エイドリアン		art:captain-adrien-are-you-ok,scp-6159,scp-6607,scp-7603,scp-7616
en	deletion-range	888	7	unhandled	false	false			scp-9078,scp-9124,scp-9124-the-probe,scp-9161,scp-9211
en	gbc09	889	7	jp_tag_name	true	true	gbc09		astronomical,gears-birthday-contest-2009,opportunity-knocks,patterns,scratches
en	hong-shing	890	7	unhandled	false	false			i-went-to-hong-shing,reg-profile-s11013387,scp-8086,scp-cn-1921,scp-cn-1997
en	sugarcomb-confectionery	891	7	jp_tag_alias	true	true	シュガーコム製菓		involuntary-isolation,scp-1459,scp-1517,scp-1921,scp-2471
en	_madao	892	6	jp_tag_name	true	true	_madao		donatello-s-sculpting-tools-circa-1409,goliath-circa-1505,la-foi-de-la-paix-circa-2011,mon-amour-et-ma-aide-circa-1518,untitled-jewelry-piece-clarice-s-doom-1480s
en	_parawatch	893	6	jp_tag_alias	true	true	_パラウォッチ		alexandrian-scroll,in-the-carpathians,joey-and-overgang-totally-make-out-but-no-homo,saturn-s-corner,the-king-company-textile-plant
en	_townhouse	894	6	unhandled	false	false			elsquibbonator,scp-2744,scp-6202,scp-6274,scp-6431
en	doctor-fynegan	895	6	jp_tag_alias	true	true	フィネガン博士		arbh-class-debrief-file,do-not-collect-200,kaleidoscope-of-guilt,scp-3709,scp-wow-j
en	professor-aw	896	6	jp_tag_alias	true	true	aw教授		gone,memorandum-083-regarding-project-guardianship,scp-1408,scp-300,scp-4733
en	professor-bjornsen	897	6	jp_tag_name	true	true	professor-bjornsen		can-haz-memes,gamedaypart1index,gdp2-basking-in-the-light,scp-1828,scp-630-j
en	required	898	6	jp_tag_alias	true	true	必読		chat-guide,deletions-guide,faq,guide-for-newcomers,how-to-write-an-scp
en	_th	899	5	jp_unused_no_single_replacement	true	false			7-ghost-story-in-the-site-29,scp-072-th,scp-222-th-j,scp-577-th,scp-901-th
en	_unusual-cargo	900	5	jp_tag_alias	true	true	_異常積荷委員会		manifest-3231,manifest-327,manifest-476,manifest-704,manifest-803
en	agent-kazmarek	901	5	jp_tag_alias	true	true	エージェント・カズマレク		alto-clef-jr-ecce-farcio,if-i-tried-to-run-would-you-give-me-a-shot,scp-4099,scp-4469,tying-the-gordian-knot
en	d-7294	902	5	jp_tag_name	true	true	d-7294		alto-clef-jr-ecce-farcio,d-7294-s-declassified-d-class-survival-guide,scp-2458,scp-847,wriggle-like-a-fucking-eel
en	director-mctiriss	903	5	jp_tag_alias	true	true	マックティリス管理官		a-site-19-christmas-carol,canola-oil-panic,i-double-e,that-s-the-spirit,yesterday
en	doctor-heiden	904	5	jp_tag_name	true	true	doctor-heiden		rough-beast,scp-5723,scp-6178,scp-641,scp-943
en	doctor-sorts	905	5	jp_tag_alias	true	true	ソーツ博士		game-day-1-johannes-sorts,gamedaypart1index,in-his-own-image-part-4,scp-804,that-goddamn-thing
en	_anderson	906	4	jp_tag_alias	true	true	_アンダーソン		anderson-airlines,anderson-ancestor,new-buteo-series-mechanical-exoskeleton,new-purple-series-kaiju-defense-exoskeleton
en	_arcadia	907	4	jp_tag_alias	true	true	_アルカディア		a-cosmic-cycle,aberrant-factor-manual,clean-sweep-manual,muckraker-and-muckraker-deluxe
en	_goblin-royale	908	4	jp_tag_alias	true	true	_goblin-バトロワ		scp-6109,scp-7083,scp-7209,scp-7965
en	_la-rue-macabre	909	4	jp_tag_alias	true	true	_ラ・リュー・マカーブラー		brain-stew,la-rue-posts-willie-s-shine,larue-post-bang,nancy-shoe
en	_pseudogenesis	910	4	unhandled	false	false			4012-the-play,bridge,self-expression-collection,the-color-of-static
en	_second-hytoth	911	4	jp_tag_alias	true	true	_第二ハイトス教会		from-the-sky,questions-and-answers,three-musings,zeyu-eitothan
en	_ua	912	4	jp_unused_no_single_replacement	true	false			external-relations-orientation-annihilism,scp-069-ua,scp-081-ua,scp-2014-ua-ex
en	af2014	913	4	jp_tag_name	true	true	af2014		april-fools-2014,scp-006-cu-ex,scp-2600-cu,scp-682-cu
en	_gru-division-p	914	3	jp_tag_alias	true	true	_gru-p-部局		alma-kyivshchyna,fly-agaric,squid-ispolin
en	_hmfscp	915	3	unhandled	false	false			anomaly-123-the-ember-tea,anomaly-243-the-neamh-mairbh,anomaly-306-the-silver-alder
en	_three-moons-initiative	916	3	jp_tag_alias	true	true	_三ツ月イニシアチブ		pravoslavia,stella-secundus,wielka-altana
en	forum	917	3	jp_tag_alias	true	true	フォーラム		forum:start,forum:thread,forum:thread3
en	_eric	918	2	jp_tag_alias	true	true	_エリック		erics-mega-zine-vol-49-an-intermission-to-keep-you-hanging,erics-mega-zine-vol-50-the-cutout-room
en	_homo-sapiens-sidhe	919	2	unhandled	false	false			spring-again,where-dragons-dwell
en	_icsut	920	2	jp_tag_name	true	true	_icsut		analysis-of-the-plokamisuchus,fate-of-avalon
en	_joicl	921	2	unhandled	false	false			drzewa-wolnosci,joicl8kdr
en	_theme-temp	922	2	jp_unused_no_single_replacement	true	false			component:black-highlighter-theme-dev,component:spirit-theme
en	_alexylva	923	1	jp_tag_alias	true	true	_alexylva大学		alexylva-student-paper
en	_daevite	924	1	jp_tag_name	true	true	_daevite		na-bestyje-przepis-jeden-kranca-wdech
en	_dr-wondertainment	925	1	jp_tag_alias	true	true	_ワンダーテインメント博士		rosy-view-specs
en	_el	926	1	jp_unused_no_single_replacement	true	false			protasi-tou-ags
en	_gamers-against-weed	927	1	jp_tag_alias	true	true	_ゲーマーズアゲインストウィード		the-pale-people
en	_id	928	1	unhandled	false	false			fyahgfox-artworks-page
en	_sapphire	929	1	unhandled	false	false			zetetic-bulletin-wu-xing-iris
en	_totleighsoft	930	1	unhandled	false	false			open-letter
es	es	1	897	jp_tag_name	true	true	es		023-no-es-justo,26-07,9copas,a-donde-fueron-todos,acuacon-2022
es	scp	2	347	jp_tag_name	true	true	scp		bromas-2,but-te-terminan-eliminando,esecepe-eese-dos-jota,la-propuesta-de-nico-j,propuesta-de-labyrin-t
es	relato	3	268	curated_override_only	false	true	tale		023-no-es-justo,26-07,9copas,al-inframundo-y-de-regreso,alcohol-y-fuego
es	seguro	4	109	curated_override_only	false	true	safe		scp-006-int,scp-es-003,scp-es-005,scp-es-006,scp-es-009
es	euclid	5	108	jp_tag_name	true	true	euclid		propuesta-de-kudramla-y-pancho,scp-es-004,scp-es-007,scp-es-008,scp-es-010
es	humanoide	6	93	curated_override_only	false	true	人間型		esecepe-eese-dos-jota,propuesta-de-kudramla-y-pancho,scp-es-004,scp-es-008,scp-es-010
es	consciente	7	91	curated_override_only	false	true	知性		esecepe-eese-dos-jota,scp-es-004,scp-es-007,scp-es-018,scp-es-021
es	inteligente	8	83	curated_override_only	false	true	知性		esecepe-eese-dos-jota,scp-es-003,scp-es-004,scp-es-007,scp-es-014
es	keter	9	79	jp_tag_name	true	true	keter		scp-1290-i57,scp-de-272,scp-es-002,scp-es-012,scp-es-014
es	ficha	10	75	unhandled	false	false			apoqliphort,archivo-de-leonardo2450,aut-viam-inveniam-aut-faciam,buscando-la-biblioteca,caja-de-cartas-escondidas-de-karreg
es	formato-gdi	11	69	unhandled	false	false			a-donde-fueron-todos,ambrose-tlaneyanco,ambrosia-para-ludopatas,archivo-udii-2021-032,archivo-udii-2022-008
es	vivo	12	68	curated_override_only	false	true	生命		scp-es-004,scp-es-007,scp-es-008,scp-es-016,scp-es-023
es	_imagen	13	67	unhandled	false	false			destacamentos-moviles-hispanoparlantes,hub-comisaria,scp-006-int,scp-es-002,scp-es-003
es	hub	14	64	jp_tag_alias	true	true	ハブ		acuacon-2022,acuaticon-2023,adaptaciones-audio-es,archivo-de-concursos,arte-es-hub
es	humorístico	15	60	unhandled	false	false			acuacon-2022,alerta,amor-no-maternal,anti-es-264,aquiyasevienepajeado
es	i-57	16	54	jp_tag_name	true	true	i-57		alcohol-y-fuego,carroll-305-la-pequena-habana,colaboracion,dia-del-astronauta,doctor-muerte
es	vo	17	48	jp_unused_no_single_replacement	true	false			acuacon-2022,alerta,amor-no-maternal,anti-es-264,arca-negra
es	cognito-peligroso	18	46	unhandled	false	false			scp-es-002,scp-es-008,scp-es-010,scp-es-019,scp-es-023
es	psique-alterador	19	46	unhandled	false	false			esecepe-eese-dos-jota,scp-es-010,scp-es-012,scp-es-034,scp-es-055
es	_día-de-las-bromas	20	44	unhandled	false	false			alerta,amor-no-maternal,anti-es-264,arca-negra,boton-comida
es	co-autores	21	44	unhandled	false	false			9copas,antigua-leyenda-sobre-antigua-guerra-1,antigua-leyenda-sobre-antigua-guerra-2,antigua-leyenda-sobre-antigua-guerra-3,colaboracion
es	extradimensional	22	43	jp_tag_alias	true	true	異次元		scp-es-004,scp-es-018,scp-es-020,scp-es-024,scp-es-036
es	animal	23	42	jp_tag_alias	true	true	動物		scp-es-004,scp-es-027,scp-es-042,scp-es-050-h2o-j,scp-es-051
es	hostil	24	40	unhandled	false	false			propuesta-de-kudramla-y-pancho,scp-es-008,scp-es-010,scp-es-021,scp-es-023
es	histórico	25	36	unhandled	false	false			scp-097-int,scp-es-003,scp-es-020,scp-es-031,scp-es-041
es	ectoentrópico	26	34	unhandled	false	false			scp-es-007,scp-es-013,scp-es-014,scp-es-016,scp-es-021
es	edificio	27	33	unhandled	false	false			scp-es-003,scp-es-010,scp-es-027,scp-es-036,scp-es-052
es	localización	28	33	unhandled	false	false			scp-006-int,scp-es-004,scp-es-014,scp-es-043,scp-es-069
es	biológico	29	32	unhandled	false	false			propuesta-de-kudramla-y-pancho,scp-es-022,scp-es-050-h2o-j,scp-es-051,scp-es-056
es	gran-dios-verde	30	32	jp_tag_alias	true	true	偉大なる緑の神		algas,antigua-leyenda-sobre-antigua-guerra-1,antigua-leyenda-sobre-antigua-guerra-2,antigua-leyenda-sobre-antigua-guerra-3,dragones-tonatiuh
es	estrellas-muertas	31	31	jp_tag_alias	true	true	死せる星の観測		dia-del-astronauta,esperanzas-de-resurrecion,hojas-oscuras-de-una-existencia-condenada,imperfecta-creacion,la-ultima-noche-antes-del-comienzo
es	ontoquinético	32	30	unhandled	false	false			propuesta-de-nico,scp-es-004,scp-es-014,scp-es-027,scp-es-052
es	obra-artística	33	29	unhandled	false	false			amor-al-arte-de-rainbow,arte-es-hub,escritorio-de-forecbai,galeria-de-agente-alan,galeria-de-artwolif
es	artefacto	34	27	unhandled	false	false			scp-1290-i57,scp-es-005,scp-es-012,scp-es-013,scp-es-016
es	compulsión	35	27	unhandled	false	false			scp-es-010,scp-es-011,scp-es-019,scp-es-023,scp-es-030
es	extraterrestre	36	27	unhandled	false	false			scp-es-003,scp-es-007,scp-es-023,scp-es-040,scp-es-055
es	coalición-oculta-global	37	25	unhandled	false	false			incoherencias,kte-2272-hogweed-van-allen-viridi,kte-3770-ex-machina-pigmalion,kte-3854-plaga-burrhus-lovelock,kte-7883-velveteen-gris
es	richard-barnard	38	25	unhandled	false	false			cenizas,iconoclasta,peligro-biologico,peligro-cognitivo,peligro-informativo
es	sin-contener	39	25	unhandled	false	false			scp-es-003,scp-es-033,scp-es-064,scp-es-076,scp-es-080
es	subterraneo-con-2021	40	25	unhandled	false	false			el-abismo-de-odosha,exploracion-urbana-al-metro-de-mi-ciudad,kte-3770-ex-machina-pigmalion,la-cueva-entre-dimensiones,las-cuevas-del-bev
es	concurso	41	24	unhandled	false	false			acuacon-2022,concurso-colaborativo-2018,concurso-de-halloween,concurso-de-primavera-2014,concurso-de-relatos-cortos
es	luisa-vander	42	24	jp_tag_alias	true	true	ルイサ・ヴァンデル		carencias,ccdna,dictomia-de-la-hoja-enves,hojas-oscuras-de-una-existencia-condenada,mi-fundacion-scp-es
es	ritual	43	24	jp_tag_alias	true	true	儀式		scp-es-051,scp-es-058,scp-es-063,scp-es-067,scp-es-074
es	dios-roto	44	23	unhandled	false	false			antigua-leyenda-sobre-antigua-guerra-1,antigua-leyenda-sobre-antigua-guerra-2,antigua-leyenda-sobre-antigua-guerra-3,breves-notas-del-doctor-azad-sobre-el-libro-de-echidna,dragones-tonatiuh
es	transfiguración	45	23	unhandled	false	false			scp-es-012,scp-es-029,scp-es-034,scp-es-075,scp-es-075-vo
es	#es_300	46	22	unhandled	false	false			concurso-scp-es-300,scp-es-300,scp-es-301,scp-es-303,scp-es-305
es	cadáver	47	22	unhandled	false	false			scp-006-int,scp-es-044,scp-es-058,scp-es-080,scp-es-128
es	clase-esotérica	48	22	unhandled	false	false			la-propuesta-de-nico-j,propuesta-de-nico,scp-097-int,scp-es-004-j,scp-es-100-ex
es	comida	49	22	unhandled	false	false			scp-es-004-j,scp-es-025,scp-es-049,scp-es-051,scp-es-081
es	planta	50	22	unhandled	false	false			scp-es-010,scp-es-041,scp-es-043,scp-es-049,scp-es-069
es	religioso	51	21	unhandled	false	false			scp-es-015,scp-es-030,scp-es-056,scp-es-063,scp-es-082
es	_marw-secreto	52	20	unhandled	false	false			aut-viam-inveniam-aut-faciam,dc-yerko,documentos-del-dr-klasz,el-cybercorral,escritorio-de-forecbai
es	_primer-lugar	53	20	unhandled	false	false			cogito,doctor-muerte,manifesto793,mcd-fedora-del-fiestero,navidad-antartica-de-gauss-castillo-y-trash
es	conocimiento	54	20	unhandled	false	false			scp-es-003,scp-es-020,scp-es-050,scp-es-059,scp-es-071
es	halloween-con-2020	55	20	unhandled	false	false			conoce-al-papelero,creek-wood-31-de-octubre-de-2018,halloween-con-2020,invitado,james-bones
es	mano-de-la-serpiente	56	20	unhandled	false	false			cartas-del-mundo,doncella-tiempo,dragones-tonatiuh,el-abismo-de-odosha,el-laso
es	subterráneo	57	20	unhandled	false	false			scp-097-int,scp-es-089,scp-es-090,scp-es-115,scp-es-119
es	_segundo-lugar	58	19	unhandled	false	false			camila,eon-de-zaion,mas-alla-de-la-carcasa,noche-tranquila-en-sitio-34,scp-es-073
es	_tercer-lugar	59	19	unhandled	false	false			023-no-es-justo,la-hija-bien-amada,operacion-ambar,peligro-hipopotamos-de-medellin,redada-artistica
es	bio-peligroso	60	19	unhandled	false	false			propuesta-de-kudramla-y-pancho,scp-es-017,scp-es-023,scp-es-029,scp-es-044
es	espacio-tiempo	61	19	unhandled	false	false			scp-es-027,scp-es-055,scp-es-064,scp-es-084,scp-es-139
es	especie	62	19	unhandled	false	false			scp-es-002,scp-es-007,scp-es-023,scp-es-044,scp-es-049
es	indestructible	63	19	jp_tag_alias	true	true	破壊不可能		scp-es-003,scp-es-008,scp-es-010,scp-es-021,scp-es-023
es	empático	64	18	unhandled	false	false			scp-es-023,scp-es-053,scp-es-060,scp-es-090,scp-es-107
es	estructura	65	18	unhandled	false	false			scp-097-int,scp-es-027,scp-es-060,scp-es-088,scp-es-119
es	memético	66	18	unhandled	false	false			scp-es-023,scp-es-071,scp-es-073,scp-es-105,scp-es-148
es	sárkico	67	18	unhandled	false	false			antigua-leyenda-sobre-antigua-guerra-1,antigua-leyenda-sobre-antigua-guerra-2,antigua-leyenda-sobre-antigua-guerra-3,dragones-tonatiuh,el-dia-cuando-dios-pidio-ayuda
es	ultratumba	68	18	unhandled	false	false			scp-es-085,scp-es-145,scp-es-162,scp-es-163,scp-es-179
es	fantasma	69	17	unhandled	false	false			scp-es-024,scp-es-085,scp-es-103,scp-es-107,scp-es-109
es	metálico	70	17	unhandled	false	false			scp-es-003,scp-es-016,scp-es-029,scp-es-035,scp-es-065
es	sueño-nuclear	71	17	jp_tag_alias	true	true	核の夢		al-inframundo-y-de-regreso,ambrose-tlaneyanco,camila,comienza-el-sueno-nuclear,dragones-tonatiuh
es	alucinación	72	16	unhandled	false	false			scp-es-006,scp-es-010,scp-es-050,scp-es-069,scp-es-127
es	mente-colmena	73	16	unhandled	false	false			scp-es-029,scp-es-033,scp-es-048,scp-es-089,scp-es-146
es	ubicon-2022	74	16	unhandled	false	false			al-inframundo-y-de-regreso,alcohol-y-fuego,ambrose-tlaneyanco,hiperborea,kte-8926-negro-parallax-morfo
es	are-we-cool-yet	75	15	jp_tag_name	true	true	are-we-cool-yet		creatividad,dossier-lph,hatuey,propuesta-de-proyecto-2018-005,propuesta-de-proyecto-2024-111
es	dr-von-braun	76	15	unhandled	false	false			ccdna,donde-es-posible-ver-al-creador-en-suma-majestuosidad,el-dinosaurio,entrevistasconposiblesgruposdeinteresramaes,noche-tranquila-en-sitio-34
es	metamórfico	77	15	unhandled	false	false			scp-es-004,scp-es-055,scp-es-078,scp-es-090,scp-es-092
es	sociedad-antares	78	15	jp_tag_alias	true	true	アンタレス協会		el-monolito-del-miedo,entrevistasconposiblesgruposdeinteresramaes,fragmentos-traducidos-del-libro-de-la-vida,informe-sobre-la-sociedad-antares,propuesta-de-kudramla-y-pancho
es	taumiel	79	15	unhandled	false	false			scp-es-026,scp-es-058,scp-es-065,scp-es-129,scp-es-132
es	_mano-de-la-serpiente	80	14	unhandled	false	false			cartas-del-mundo,doncella-tiempo,dragones-tonatiuh,el-abismo-de-odosha,el-laso
es	andrés-mondragón	81	14	jp_tag_alias	true	true	アンドレス・モンドラゴン		dictomia-de-la-hoja-enves,donde-es-posible-ver-al-creador-en-suma-majestuosidad,mi-fundacion-scp-es,ofrendas-34,petalos-de-libertad
es	documento	82	14	unhandled	false	false			propuesta-de-nico,scp-de-272,scp-es-028,scp-es-071,scp-es-073
es	mac	83	14	jp_tag_name	true	true	mac		dossier-lph,hatuey,james-bones,la-promesa,mac-hub
es	marshall-carter-and-dark	84	14	jp_tag_alias	true	true	mc&d		cenizas,dossier-lph,incoherencias,las-cuevas-del-bev,mcd-fedora-del-fiestero
es	neutralizado	85	14	unhandled	false	false			esecepe-eese-dos-jota,scp-es-037,scp-es-111,scp-es-117,scp-es-151
es	portal	86	14	jp_tag_alias	true	true	ポータル		scp-es-027,scp-es-064,scp-es-100,scp-es-163,scp-es-168
es	steffano-gonzález	87	14	unhandled	false	false			9copas,distracciones,enfoque,estrella-blanca,integracion
es	víctor-penz	88	14	unhandled	false	false			casualidad,colaboracion,distracciones,enfoque,estrella-blanca
es	acuático	89	13	unhandled	false	false			scp-006-int,scp-es-022,scp-es-050-h2o-j,scp-es-096,scp-es-139
es	ciudad	90	13	unhandled	false	false			scp-es-029,scp-es-063,scp-es-066,scp-es-133,scp-es-151
es	división-gru-p	91	13	unhandled	false	false			dossier-lph,el-invierno-de-yakutsk,el-ojo-de-asmodeo,kironsk,scp-de-272
es	necronomicon-2024	92	13	unhandled	false	false			aquella-extrana-mujer,aquella-gelida-noche,hatuey,la-rue-marecageuse,manifiesto-719
es	richard-dunwich	93	13	unhandled	false	false			9copas,donde-es-posible-ver-al-creador-en-suma-majestuosidad,gouxuxo,mas-alla-de-la-carcasa,nadie-volvio-al-sitio-34
es	temporal	94	13	jp_tag_alias	true	true	時間		scp-es-035,scp-es-065,scp-es-077,scp-es-078,scp-es-087
es	visual	95	13	jp_tag_alias	true	true	視覚		scp-es-006,scp-es-046,scp-es-050,scp-es-061,scp-es-105
es	#concurso100	96	12	jp_tag_alias	true	true	es100		concurso-scp-es-100,diseccion,scp-es-100,scp-es-101,scp-es-102
es	_amaro	97	12	unhandled	false	false			aut-viam-inveniam-aut-faciam,dc-yerko,documentos-del-dr-klasz,el-cybercorral,ficha-de-autor-de-ronnymodzz
es	_amogus	98	12	unhandled	false	false			buscando-la-biblioteca,creatividad,dc-yerko,documentos-del-dr-klasz,el-cybercorral
es	_hampter	99	12	unhandled	false	false			aut-viam-inveniam-aut-faciam,buscando-la-biblioteca,dc-yerko,documentos-del-dr-klasz,el-cybercorral
es	_int-all	100	12	unhandled	false	false			buscando-la-biblioteca,ficha-alienproof,ficha-de-autor-de-ronnymodzz,ficha-de-shedd,ficha-de-soroborou
es	acústico	101	12	unhandled	false	false			scp-es-002,scp-es-008,scp-es-022,scp-es-043,scp-es-060
es	artístico	102	12	unhandled	false	false			scp-es-037,scp-es-056,scp-es-060,scp-es-113,scp-es-121
es	comisaría	103	12	jp_tag_alias	true	true	特別保安局		entrevistasconposiblesgruposdeinteresramaes,hub-comisaria,propuesta-de-kudramla-y-pancho,scp-es-031,scp-es-073
es	contagioso	104	12	unhandled	false	false			scp-es-053,scp-es-055,scp-es-166,scp-es-176,scp-es-205
es	depredador	105	12	unhandled	false	false			scp-es-023,scp-es-027,scp-es-044,scp-es-224,scp-es-273
es	info-peligroso	106	12	unhandled	false	false			scp-de-272,scp-es-024,scp-es-053,scp-es-073,scp-es-100-ex
es	mecánico	107	12	unhandled	false	false			scp-es-029,scp-es-047,scp-es-047-vo,scp-es-065,scp-es-096
es	mnemónico	108	12	unhandled	false	false			scp-es-049,scp-es-050,scp-es-064,scp-es-079,scp-es-107
es	nadie	109	12	unhandled	false	false			el-nacer-de-nadie,la-casa-de-nadie,lareinadelanadahub,las-reinas-de-nadie,mcd-fedora-del-fiestero
es	orgánico	110	12	unhandled	false	false			scp-es-021,scp-es-027,scp-es-050-h2o-j,scp-es-055,scp-es-177
es	químico	111	12	unhandled	false	false			propuesta-de-kudramla-y-pancho,scp-es-010,scp-es-015,scp-es-023,scp-es-049
es	radioactivo	112	12	unhandled	false	false			scp-097-int,scp-es-003,scp-es-012,scp-es-014,scp-es-097
es	shark-punching-center	113	12	jp_tag_alias	true	true	サメ殴りセンター		algas,discurso-de-emergencia-de-la-scp,payaso-asesino,propuesta-de-nico,pugilizacion-aberrante
es	shrp	114	12	unhandled	false	false			casualidad,comocreerenalgo,distracciones,enfoque,estrella-blanca
es	teletransporte	115	12	unhandled	false	false			scp-1290-i57,scp-es-009,scp-es-027,scp-es-057,scp-es-064
es	vehículo	116	12	unhandled	false	false			scp-es-007,scp-es-077,scp-es-115,scp-es-183,scp-es-185
es	_calaca	117	11	unhandled	false	false			conoce-al-papelero,creek-wood-31-de-octubre-de-2018,james-bones,la-no-carroza-funeraria,los-pirules
es	acuaticon-2023	118	11	jp_tag_name	true	true	acuaticon-2023		acuaticon-2023,algas,azul-y-oro,espera-que-paso,insulto-a-la-obra-del-senor
es	admin	119	11	jp_tag_alias	true	true	管理		centro-de-guias-es,hito:morhadow,hito:morhadow2,hito:morhadow3,hitos
es	autónomo	120	11	unhandled	false	false			scp-es-003,scp-es-043,scp-es-064,scp-es-065,scp-es-096
es	borja-dowell	121	11	jp_tag_alias	true	true	ボルハ・ドゥウェル		donde-es-posible-ver-al-creador-en-suma-majestuosidad,ofrendas-34,plantas-san-valentin,scp-es-132,scp-es-227
es	colaboración	122	11	unhandled	false	false			adaptaciones-audio-es,archivo-061-b,canon-hub-es,dossier-personajes,eventos-extranormales-es
es	marw	123	11	jp_tag_alias	true	true	マーウ		el-gato-y-el-mono,marw-el-reencarnado,nadie-volvio-al-sitio-34,oficina-5-11,ofrendas-34
es	observable	124	11	unhandled	false	false			scp-es-032,scp-es-064,scp-es-105,scp-es-128,scp-es-148
es	parawatch	125	11	jp_tag_alias	true	true	パラウォッチ		asuntodemascaras,elcabezondeatacama,exploracion-urbana-al-metro-de-mi-ciudad,historias-de-abuelos,invitado
es	reanimación	126	11	unhandled	false	false			scp-es-145,scp-es-172,scp-es-194,scp-es-240,scp-es-258
es	suplemento	127	11	unhandled	false	false			archivo-061-b,entrevista-es-128,i-57-linea,informe-de-incidente-es-064-3-2018,registro-de-experimentacion-de-scp-es-092
es	_individual	128	10	unhandled	false	false			exploracion-urbana-al-metro-de-mi-ciudad,las-cuevas-del-bev,mcd-topo-extractor-de-minerales,mis-disculpas,pieza-n3-condena
es	_scp-es-zine	129	10	unhandled	false	false			dc-yerko,ficha-de-guengito,ficha-de-lechuga,ficha-de-shedd,ficha-personal-de-morhadow
es	_scptober	130	10	unhandled	false	false			escritorio-de-forecbai,ficha-de-guengito,ficha-de-the-helmet,galeria-de-agente-alan,galeria-de-artwolif
es	_soluciones-de-wilson	131	10	unhandled	false	false			a-donde-fueron-todos,espiritu-de-ano-nuevo,peligro-hipopotamos-de-medellin,peligro-igniciervos,perfil-de-la-criatura-levi
es	amaro-mondragón	132	10	unhandled	false	false			9copas,mismos-ojos-distinto-paisaje,proyecto-maniqui-arte,samuel-vuelve-para-siempre,scp-de-272
es	festividad-2022	133	10	unhandled	false	false			26-07,concurso-festividades-2022,dia-del-astronauta,el-dia-cuando-dios-pidio-ayuda,la-pesadilla-en-un-viernes-de-halloween
es	intangible	134	10	jp_tag_alias	true	true	非実体		scp-es-002,scp-es-033,scp-es-078,scp-es-162,scp-es-207
es	parásito	135	10	unhandled	false	false			scp-es-002,scp-es-055,scp-es-069,scp-es-070,scp-es-094
es	reina-negra	136	10	unhandled	false	false			evangelio-de-tamar-la-prostituta,la-casa-de-nadie,la-cueva-entre-dimensiones,lareinadelanadahub,las-reinas-de-nadie
es	soluciones-de-wilson	137	10	unhandled	false	false			a-donde-fueron-todos,espiritu-de-ano-nuevo,peligro-hipopotamos-de-medellin,peligro-igniciervos,perfil-de-la-criatura-levi
es	tlaneyanco	138	10	jp_tag_alias	true	true	トラネジャンコ		al-inframundo-y-de-regreso,ambrose-tlaneyanco,comienza-el-sueno-nuclear,dragones-tonatiuh,el-dia-cuando-dios-pidio-ayuda
es	_calabaza	139	9	unhandled	false	false			galeria-de-naoya,invitado,lte-2020-goodrick,scp-es-204,scp-es-228
es	adaptativo	140	9	unhandled	false	false			scp-de-272,scp-es-014,scp-es-044,scp-es-050-h2o-j,scp-es-055
es	amalia-mondragón	141	9	unhandled	false	false			bestiario-expresionista,mismos-ojos-distinto-paisaje,ofrendas-34,proyecto-maniqui-arte,scp-es-060
es	arma	142	9	unhandled	false	false			scp-es-058,scp-es-067,scp-es-112,scp-es-125,scp-es-174
es	auditivo	143	9	unhandled	false	false			scp-es-002,scp-es-008,scp-es-019,scp-es-059,scp-es-068
es	crimen-con-2021	144	9	unhandled	false	false			crimen-con-2021,muerteirrelevante,peligro-hipopotamos-de-medellin,scp-es-211,scp-es-230
es	escenario-clase-k	145	9	unhandled	false	false			scp-es-012,scp-es-014,scp-es-055,scp-es-084,scp-es-147
es	exploracion2019	146	9	jp_tag_name	true	true	exploracion2019		concurso-exploracion-2019,scp-es-080,scp-es-138,scp-es-151,scp-es-152
es	gravedad	147	9	unhandled	false	false			scp-es-046-vo,scp-es-055,scp-es-114,scp-es-149,scp-es-191
es	inmóvil	148	9	unhandled	false	false			scp-es-182,scp-es-187,scp-es-196,scp-es-275,scp-es-277
es	insurgencia-del-caos	149	9	unhandled	false	false			la-caida-del-condor-blanco,operacion-ambar,scp-es-062,scp-es-183,scp-es-270
es	luz	150	9	unhandled	false	false			scp-es-034,scp-es-064,scp-es-148,scp-es-151,scp-es-162
es	meta	151	9	jp_tag_alias	true	true	メタ		esecepe-eese-dos-jota,la-propuesta-de-nico-j,propuesta-de-nico,scp-de-272,scp-es-086
es	militar	152	9	unhandled	false	false			scp-es-016,scp-es-048,scp-es-065,scp-es-109,scp-es-125
es	musical	153	9	jp_tag_alias	true	true	音楽		scp-es-006,scp-es-037,scp-es-060,scp-es-125,scp-es-205
es	sangre	154	9	unhandled	false	false			scp-es-059,scp-es-074,scp-es-231,scp-es-251,scp-es-303
es	sechud	155	9	unhandled	false	false			hojas-oscuras-de-una-existencia-condenada,imperfecta-creacion,la-ultima-noche-antes-del-comienzo,puntos-blancos-etereos-siguen-reinando,scp-es-055
es	_ralsei	156	8	unhandled	false	false			aut-viam-inveniam-aut-faciam,dc-yerko,documentos-del-dr-klasz,el-cybercorral,ficha-de-autor-de-ronnymodzz
es	antimemético	157	8	unhandled	false	false			scp-es-069,scp-es-146,scp-es-148,scp-es-151,scp-es-162
es	ave	158	8	unhandled	false	false			scp-es-093,scp-es-108,scp-es-118,scp-es-153,scp-es-156
es	concepto	159	8	unhandled	false	false			propuesta-de-nico,scp-es-050,scp-es-079,scp-es-108,scp-es-200
es	hecho-por-la-fundación	160	8	unhandled	false	false			scp-es-049,scp-es-058,scp-es-172,scp-es-183,scp-es-185
es	hoiohiña	161	8	jp_tag_alias	true	true	ホイオヒニャ		archivo-udii-2021-032,el-abismo-de-odosha,kte-3770-ex-machina-pigmalion,nx-14,scp-es-089
es	intercambio	162	8	unhandled	false	false			scp-es-038,scp-es-112,scp-es-113,scp-es-123,scp-es-128
es	lenguaje	163	8	unhandled	false	false			esecepe-eese-dos-jota,propuesta-de-nico,scp-es-136,scp-es-172,scp-es-180
es	luna	164	8	unhandled	false	false			scp-1290-i57,scp-es-037,scp-es-143,scp-es-152,scp-es-155
es	_i-57	165	7	unhandled	false	false			peligro-hipopotamos-de-medellin,peligro-igniciervos,scp-es-113,scp-es-120,scp-es-134
es	arbóreo	166	7	unhandled	false	false			scp-es-043,scp-es-049,scp-es-133,scp-es-190,scp-es-212
es	bucle	167	7	unhandled	false	false			scp-es-003,scp-es-077,scp-es-172,scp-es-185,scp-es-194
es	carnívoro	168	7	unhandled	false	false			scp-es-023,scp-es-027,scp-es-042,scp-es-098,scp-es-266
es	concurso-relatos-cortos	169	7	unhandled	false	false			concurso-de-relatos-cortos,la-hija-bien-amada,navidad-antartica-de-gauss-castillo-y-trash,noche-tranquila-en-sitio-34,scp-1millon
es	contenedor	170	7	unhandled	false	false			scp-es-020,scp-es-025,scp-es-085,scp-es-101-j,scp-es-128
es	crc2018	171	7	unhandled	false	false			cogito,concurso-de-relatos-cortos-2018,el-juicio-de-los-herejes,la-zona-del-no-silencio,mas-alla-de-la-carcasa
es	d.i.m.v.	172	7	unhandled	false	false			bestiario-expresionista,colaboracion,laultimadanza,ocho-veladoras,proyecto-maniqui-arte
es	dr-merlín	173	7	unhandled	false	false			mi-fundacion-scp-es,nadie-volvio-al-sitio-34,plantas-san-valentin,scp-es-101-j,scp-es-132
es	felino	174	7	unhandled	false	false			scp-es-128,scp-es-137,scp-es-227,scp-es-234,scp-es-242
es	insecto	175	7	unhandled	false	false			scp-es-060,scp-es-070,scp-es-094,scp-es-130,scp-es-192
es	neurológico	176	7	unhandled	false	false			scp-es-039,scp-es-097,scp-es-118,scp-es-187,scp-es-260
es	pequeña-habana	177	7	unhandled	false	false			alcohol-y-fuego,carroll-305-la-pequena-habana,dossier-lph,hatuey,james-bones
es	sexual	178	7	jp_tag_alias	true	true	性的		scp-es-069,scp-es-070,scp-es-145,scp-es-147,scp-es-169
es	óscar-ibarra	179	7	unhandled	false	false			9copas,comocreerenalgo,enfoque,estrella-blanca,lazos
es	200con	180	6	jp_tag_alias	true	true	es200		concurso-es-200,scp-es-200,scp-es-202,scp-es-223,scp-es-234
es	_participante	181	6	unhandled	false	false			galeria-de-naoya,scp-es-110,scp-es-133,scp-es-135,scp-es-196
es	_synthaxis	182	6	unhandled	false	false			apoqliphort,aut-viam-inveniam-aut-faciam,dc-yerko,documentos-del-dr-klasz,ficha-de-autor-de-ronnymodzz
es	adictivo	183	6	unhandled	false	false			scp-es-010,scp-es-041,scp-es-069,scp-es-178,scp-es-233
es	auto-replicable	184	6	unhandled	false	false			propuesta-de-nico,scp-es-104,scp-es-146,scp-es-192,scp-es-331
es	cangrejo-azulado	185	6	unhandled	false	false			nadie-nadie-y-cangre,nadie-volvio-al-sitio-34,scp-es-264,scp-es-274,un-cangrejo-perdido-en-cuba
es	colaborativo2018	186	6	unhandled	false	false			concurso-colaborativo-2018,mcd-fedora-del-fiestero,redada-artistica,scp-es-160,scp-es-170
es	daevita	187	6	unhandled	false	false			breves-notas-del-doctor-azad-sobre-el-libro-de-echidna,el-monolito-del-miedo,entrevistasconposiblesgruposdeinteresramaes,marw-el-reencarnado,scp-es-133
es	dante	188	6	jp_tag_alias	true	true	ダンテ		entrevistasconposiblesgruposdeinteresramaes,scp-es-020,scp-es-025,scp-es-030,scp-es-082
es	eléctrico	189	6	unhandled	false	false			scp-es-085,scp-es-104,scp-es-107,scp-es-119,scp-es-159
es	gdicon2020	190	6	unhandled	false	false			concurso-gdi-2020,doctor-muerte,operacion-ambar,pastel-de-choclo,somnovacuidad
es	grabado	191	6	unhandled	false	false			scp-es-012,scp-es-074,scp-es-113,scp-es-117,scp-es-155
es	imagen2019	192	6	unhandled	false	false			imagen-con-2019,scp-es-110,scp-es-133,scp-es-135,scp-es-196
es	la-reina-de-la-nada	193	6	unhandled	false	false			el-nacer-de-nadie,la-casa-de-nadie,lareinadelanadahub,las-reinas-de-nadie,tomemos-un-trago-de-verdad-lo-necesitamos
es	nocturno	194	6	unhandled	false	false			scp-es-031,scp-es-037,scp-es-044,scp-es-212,scp-es-263
es	norvelio-medatia	195	6	unhandled	false	false			archivo-udii-2021-032,kte-3770-ex-machina-pigmalion,nx-14,scp-es-089,scp-es-292
es	oneiroi	196	6	jp_tag_alias	true	true	オネイロイ		ambrosia-para-ludopatas,gouxuxo,scp-es-236,scp-es-343,somnovacuidad
es	ordenador	197	6	unhandled	false	false			propuesta-de-nico,scp-es-107,scp-es-122,scp-es-138,scp-es-202
es	pendiente	198	6	unhandled	false	false			scp-es-089,scp-es-171,scp-es-193,scp-es-218,scp-es-279
es	presentación	199	6	unhandled	false	false			ccdna,conferencia-del-dr-valeker-sobre-la-actuacion-de-los-dms,memetica101,orientacion-para-el-departamento-de-vigilancia-de-medios,seminario-niveles-clases
es	rex-turner	200	6	unhandled	false	false			casualidad,enfoque,estrella-blanca,objetivos,preparativos
es	robert-castillo	201	6	unhandled	false	false			cenizas,navidad-antartica-de-gauss-castillo-y-trash,noche-tranquila-en-sitio-34,scp-es-020,un-dia-tranquilo-en-el-sitio-34
es	sol	202	6	unhandled	false	false			scp-es-026,scp-es-139,scp-es-143,scp-es-148,scp-es-155
es	telepático	203	6	unhandled	false	false			scp-es-013,scp-es-039,scp-es-105,scp-es-331,scp-es-379
es	teresa-bárbara	204	6	unhandled	false	false			ambrose-tlaneyanco,comienza-el-sueno-nuclear,el-dia-cuando-dios-pidio-ayuda,scp-es-097,scp-es-159
es	tim-wilson	205	6	jp_tag_alias	true	true	ティム・ウィルソン		nadie-volvio-al-sitio-34,peligro-hipopotamos-de-medellin,peligro-igniciervos,perfil-de-la-criatura-matusalen,perfil-de-la-criatura-thor
es	transmisión	206	6	unhandled	false	false			scp-es-003,scp-es-040,scp-es-077,scp-es-152,scp-es-178
es	_coalición-oculta-global	207	5	unhandled	false	false			kte-2272-hogweed-van-allen-viridi,kte-3770-ex-machina-pigmalion,kte-7883-velveteen-gris,kte-8926-negro-parallax-morfo,lte-2020-goodrick
es	_gracias	208	5	unhandled	false	false			apoqliphort,dc-yerko,galeria-de-nihonio,scp-es-che-ficha-del-agente-alan,zevaxtians
es	alicia-kalafpe	209	5	unhandled	false	false			esperanzas-de-resurrecion,imperfecta-creacion,mori-consumida-volvi-moviendo-las-orejas,scp-es-090,scp-es-299
es	amorfo	210	5	unhandled	false	false			scp-es-022,scp-es-179,scp-es-233,scp-es-366,scp-es-376
es	artrópodo	211	5	unhandled	false	false			scp-es-027,scp-es-139,scp-es-224,scp-es-264,scp-es-314
es	auto-reparable	212	5	unhandled	false	false			scp-es-014,scp-es-021,scp-es-096,scp-es-222,scp-es-310
es	biblioteca-de-los-errantes	213	5	unhandled	false	false			el-rencor-de-aamon,la-piedra-y-la-diosa,marw-el-reencarnado,tarea-de-lenguaje-dulces-y-trucos,una-idea-en-soho
es	bosque	214	5	unhandled	false	false			scp-es-069,scp-es-160,scp-es-161,scp-es-249,scp-es-250
es	butai	215	5	jp_tag_alias	true	true	ブタイ		mismos-ojos-distinto-paisaje,scp-de-272,scp-es-229,scp-es-278,scp-es-293
es	concurso-relatos-2015	216	5	unhandled	false	false			023-no-es-justo,area-11,concurso-oficial-de-relatos-cortos-2015,un-dia-tranquilo-en-el-sitio-34,ver-d-2365
es	creepypasta	217	5	jp_tag_alias	true	true	クリーピーパスタ		elcabezondeatacama,exploracion-urbana-al-metro-de-mi-ciudad,historias-de-abuelos,mis-disculpas,puertas-del-iris
es	cronocon-2025	218	5	unhandled	false	false			cronocon2025,eon-de-zaion,scp-es-031,scp-es-078,scp-es-347
es	dr-wondertainment	219	5	jp_tag_alias	true	true	ワンダーテインメント博士		scp-es-028,scp-es-092,scp-es-198,scp-es-204,una-buena-taza-de-te
es	electromagnético	220	5	unhandled	false	false			scp-es-026,scp-es-149,scp-es-191,scp-es-263,scp-es-292
es	electrónico	221	5	unhandled	false	false			scp-1290-i57,scp-es-003,scp-es-107,scp-es-185,scp-es-253
es	espíritu-de-chicago	222	5	unhandled	false	false			carroll-305-la-pequena-habana,dossier-lph,scp-es-174,scp-es-209,scp-es-290
es	fuego	223	5	unhandled	false	false			scp-es-067,scp-es-101,scp-es-106,scp-es-181,scp-es-350
es	física	224	5	unhandled	false	false			scp-es-046-vo,scp-es-132,scp-es-149,scp-es-159,scp-es-299
es	gdicon-2024	225	5	unhandled	false	false			camila,concurso-gdi-es-2024,la-promesa,manifesto793,testimonio-de-un-contacto-particular
es	hongo	226	5	unhandled	false	false			scp-es-044,scp-es-097,scp-es-110,scp-es-177,scp-es-369
es	idea2018	227	5	unhandled	false	false			idea2018,scp-es-052,scp-es-062,scp-es-064,scp-es-073
es	juego	228	5	unhandled	false	false			scp-es-107,scp-es-128,scp-es-176,scp-es-203,scp-es-294
es	leporino	229	5	unhandled	false	false			scp-es-040,scp-es-090,scp-es-152,scp-es-191,scp-es-292
es	meteorológico	230	5	unhandled	false	false			scp-es-031,scp-es-032,scp-es-084,scp-es-154,scp-es-257
es	mike-patterson	231	5	unhandled	false	false			nadie-volvio-al-sitio-34,ofrendas-34,plantas-san-valentin,scp-es-087,scp-es-239
es	ocular	232	5	jp_tag_alias	true	true	眼		scp-es-018,scp-es-046,scp-es-046-vo,scp-es-230,scp-es-231
es	patrón-screamer	233	5	unhandled	false	false			puntos-blancos-etereos-siguen-reinando,scp-es-152,scp-es-199,scp-es-246,video-home-system
es	predictivo	234	5	unhandled	false	false			scp-es-003,scp-es-026,scp-es-052,scp-es-118,scp-es-162
es	sensorial	235	5	unhandled	false	false			scp-es-005,scp-es-105,scp-es-196,scp-es-282,scp-es-370
es	telequinético	236	5	unhandled	false	false			scp-es-014,scp-es-064,scp-es-107,scp-es-191,scp-es-331
es	táctil	237	5	unhandled	false	false			scp-es-005,scp-es-020,scp-es-050,scp-es-397,scp-es-tok-j
es	_are-we-cool-yet	238	4	jp_tag_name	true	true	_are-we-cool-yet		hatuey,propuesta-de-proyecto-2018-005,propuesta-de-proyecto-2024-111,propuesta-de-proyecto-chupamelo
es	_crc2018manual	239	4	unhandled	false	false			ficha-personal-de-andres2055,ficha-personal-de-jakuwoski,ficha-personal-del-investigador-altair-cervantes,informe-confidencial-doctor-von-braun
es	_ganador-equipo	240	4	unhandled	false	false			planeta-azul,scp-es-260,sonando-despierto-por-ultima-vez,spc-es-260
es	_marshall-carter-and-dark	241	4	jp_tag_alias	true	true	_mc&d		mcd-fedora-del-fiestero,mcd-reisen-traum-train-resort,mcd-tabula-veritatis,mcd-topo-extractor-de-minerales
es	_reina-negra	242	4	unhandled	false	false			evangelio-de-tamar-la-prostituta,la-cueva-entre-dimensiones,reunion-mesa,un-tal-dios-verde
es	_tercer-lugar-grupal	243	4	unhandled	false	false			al-inframundo-y-de-regreso,ambrose-tlaneyanco,scp-es-139,suenos-nacientes-deseos
es	aijeca	244	4	unhandled	false	false			proyecto-amerika-no-shokuminchi,rondas-nocturnas,scp-es-249,scp-es-278
es	autómata	245	4	unhandled	false	false			scp-es-035,scp-es-067,scp-es-109,scp-es-200
es	aéreo	246	4	unhandled	false	false			scp-es-031,scp-es-110,scp-es-114,scp-es-262
es	bacteriano	247	4	unhandled	false	false			propuesta-de-kudramla-y-pancho,scp-es-017,scp-es-212,scp-es-306
es	canino	248	4	unhandled	false	false			scp-es-098,scp-es-152,scp-es-350,scp-es-362
es	cetáceo	249	4	unhandled	false	false			scp-es-152,scp-es-215,scp-es-272,scp-es-367
es	concurso-gdi-es-2017	250	4	unhandled	false	false			concurso-gdi-es-2017,scp-es-092,scp-es-098,un-fantasma-del-pasado
es	concurso-historia-2014	251	4	unhandled	false	false			concurso-de-primavera-2014,scp-es-041,scp-es-067,scp-es-082
es	corrosivo	252	4	unhandled	false	false			propuesta-de-kudramla-y-pancho,scp-es-021,scp-es-074,scp-es-096
es	destacado	253	4	unhandled	false	false			scp-es-052,scp-es-100,scp-es-101,scp-es-199
es	ensayo	254	4	unhandled	false	false			el-ingles-ese-idioma-tan-indomito,lista-de-destacamentos-hispanoparlantes,los-basicos-de-divstyles,ridiculeando
es	estatua	255	4	unhandled	false	false			scp-es-106,scp-es-143,scp-es-155,scp-es-275
es	experimento	256	4	unhandled	false	false			archivo-061-b,registro-de-experimentos-es-050,registro-de-pruebas-scp-es-112,scp-es-122-registro-experimental-extendido
es	futuro	257	4	unhandled	false	false			scp-es-035,scp-es-065,scp-es-247,scp-es-253
es	fábrica	258	4	unhandled	false	false			mcd-tabula-veritatis,scp-es-170,scp-es-261,somnovacuidad
es	guía	259	4	unhandled	false	false			destacamentos-moviles-hispanoparlantes,grupos-de-interes-hispanoparlantes,guia-greenlights,guia-licencias-de-archivos
es	halloween-2013	260	4	jp_tag_name	true	true	halloween-2013		concurso-de-halloween,scp-es-004,scp-es-012,scp-es-099
es	iniciativa-horizonte	261	4	unhandled	false	false			el-monolito-del-miedo,intercambio-de-informacion,ropajes-de-negro-luto,scp-es-306
es	juguete	262	4	unhandled	false	false			scp-es-045,scp-es-106,scp-es-164,scp-es-198
es	lorecon2023	263	4	jp_tag_name	true	true	lorecon2023		aleph-ai,ella-solo-queria-calmarse,scp-es-229,si-es-real-entonces-me-quedare
es	mascarada-rota	264	4	unhandled	false	false			archivo-udii-2022-008,espiritu-de-ano-nuevo,petalos-de-libertad,proyecto-maniqui-arte
es	maximus	265	4	jp_tag_alias	true	true	マクシムス		backdoor,entrevistasconposiblesgruposdeinteresramaes,scp-es-122,scp-es-265
es	mimético	266	4	unhandled	false	false			scp-es-092,scp-es-120,scp-es-290,scp-es-331
es	moneda	267	4	unhandled	false	false			scp-es-038,scp-es-123,scp-es-128,scp-es-150
es	móvil	268	4	unhandled	false	false			scp-es-027,scp-es-059,scp-es-128,scp-es-164
es	obra-dentada	269	4	unhandled	false	false			el-dia-cuando-dios-pidio-ayuda,scp-es-029,scp-es-031,scp-es-294
es	ofidio	270	4	unhandled	false	false			scp-es-150,scp-es-270,scp-es-306,scp-es-350
es	planeta	271	4	unhandled	false	false			scp-es-148,scp-es-173,scp-es-177,scp-es-299
es	probabilidad	272	4	unhandled	false	false			scp-es-058,scp-es-132,scp-es-245,scp-es-254
es	quinta-iglesia	273	4	unhandled	false	false			hojas-oscuras-de-una-existencia-condenada,scp-es-105,uno-con-el-hermoso-mundo,volver-a-casa
es	representación	274	4	unhandled	false	false			scp-es-037,scp-es-099,scp-es-182,scp-es-285
es	reproductivo	275	4	unhandled	false	false			scp-es-023,scp-es-070,scp-es-093,scp-es-147
es	reptil	276	4	unhandled	false	false			scp-es-054,scp-es-143,scp-es-177,scp-es-207
es	roedor	277	4	unhandled	false	false			scp-es-089,scp-es-129,scp-es-143,scp-es-221
es	sueño	278	4	unhandled	false	false			scp-es-223,scp-es-236,scp-es-343,scp-es-393
es	tóxico	279	4	unhandled	false	false			scp-es-015,scp-es-023,scp-es-130,scp-es-307
es	unidad-de-incidentes-inusuales	280	4	unhandled	false	false			archivo-udii-2021-032,archivo-udii-2022-008,dossier-lph,scp-es-105
es	_honor	281	3	unhandled	false	false			mcd-reisen-traum-train-resort,muerteirrelevante,scp-es-196
es	_mac	282	3	unhandled	false	false			hatuey,la-promesa,ya-te-veo
es	_oneiroi	283	3	jp_tag_alias	true	true	_オネイロイ		ambrosia-para-ludopatas,gouxuxo,somnovacuidad
es	_segundo-lugar-grupal	284	3	unhandled	false	false			scp-de-272,scp-es-278,scp-es-293
es	_shark-punching-center	285	3	jp_tag_alias	true	true	_サメ殴りセンター		spc-es-100,spc-es-260,spc-es-330
es	_sociedad-antares	286	3	unhandled	false	false			testimonio-de-un-contacto-particular,testimonio-de-un-iniciado,testimonio-de-viejas-cartas
es	_unidad-de-incidentes-inusuales	287	3	unhandled	false	false			archivo-udii-2021-032,archivo-udii-2022-008,dossier-lph
es	adulto	288	3	unhandled	false	false			pieza-n3-condena,puesta-de-luna,scp-es-069
es	anormalidades	289	3	unhandled	false	false			mcd-reisen-traum-train-resort,scp-es-140,scp-es-279
es	apollyon	290	3	jp_tag_name	true	true	apollyon		scp-es-055,scp-es-147,scp-es-350
es	arcilla	291	3	unhandled	false	false			scp-es-020,scp-es-025,scp-es-155
es	ccsj	292	3	unhandled	false	false			paganos,scp-es-142,scp-es-143
es	concurso-scp-2016	293	3	jp_tag_name	true	true	concurso-scp-2016		scp-es-028,scp-es-066,scp-es-091
es	cristalino	294	3	unhandled	false	false			scp-es-003,scp-es-009,scp-es-260
es	el-administrador	295	3	unhandled	false	false			scp-es-138,scp-es-226,una-buena-taza-de-te
es	electrodoméstico	296	3	unhandled	false	false			scp-es-103,scp-es-205,scp-es-253
es	en-línea	297	3	unhandled	false	false			scp-es-176,scp-es-265,scp-es-337
es	entrópico	298	3	unhandled	false	false			scp-es-055,scp-es-149,scp-es-301
es	equino	299	3	unhandled	false	false			scp-es-067,scp-es-199,scp-es-350
es	escultura	300	3	unhandled	false	false			scp-es-041,scp-es-054,scp-es-206
es	esqueleto	301	3	unhandled	false	false			scp-es-212,scp-es-262,scp-es-266
es	fin-de-la-muerte	302	3	unhandled	false	false			invitado,scp-es-182,scp-es-344
es	fundación-de-caridad-manna	303	3	unhandled	false	false			incoherencias,scp-es-127,septima-donacion-anonima
es	gdi2019	304	3	unhandled	false	false			paganos,scp-es-142,scp-es-143
es	geológico	305	3	unhandled	false	false			scp-es-084,scp-es-165,scp-es-279
es	grabación	306	3	unhandled	false	false			scp-es-061,scp-es-185,scp-es-205
es	inscrito	307	3	unhandled	false	false			scp-es-187,scp-es-206,scp-es-306
es	invertebrado	308	3	unhandled	false	false			scp-es-050-h2o-j,scp-es-266,scp-es-376
es	lepidóptero	309	3	unhandled	false	false			scp-es-070,scp-es-363,scp-es-372
es	mesa-de-trabajo	310	3	unhandled	false	false			dc-yerko-workbench,luis-gm-workbench,sandbox-inwiki-de-andres2055
es	médico	311	3	unhandled	false	false			scp-es-075,scp-es-075-vo,scp-es-114
es	narrativo	312	3	unhandled	false	false			scp-es-141,scp-es-195,scp-es-251
es	paradoja	313	3	unhandled	false	false			scp-es-035,scp-es-211,scp-es-218
es	piedra	314	3	unhandled	false	false			scp-es-082,scp-es-143,scp-es-155
es	pisciforme	315	3	unhandled	false	false			scp-es-139,scp-es-266,scp-es-290
es	poema	316	3	unhandled	false	false			26-07,camila,poesia-luisa-vander
es	prometheus	317	3	jp_tag_alias	true	true	プロメテウス		scp-1290-i57,scp-es-078,scp-es-183
es	propuesta-001	318	3	unhandled	false	false			propuesta-de-almarduk,propuesta-de-kudramla-y-pancho,propuesta-de-nico
es	satélite	319	3	unhandled	false	false			scp-es-039,scp-es-064,scp-es-077
es	sauelsuesor	320	3	jp_tag_alias	true	true	サウエルスエソル		dragones-tonatiuh,la-vigia,scp-es-026
es	scp-regional	321	3	jp_unused_no_single_replacement	true	false			scp-1290-i57,scp-de-272,scp-ru-178
es	segundo-hytoth	322	3	unhandled	false	false			hojas-oscuras-de-una-existencia-condenada,scp-es-152,scp-es-184
es	sushi-oscuro	323	3	unhandled	false	false			scp-es-272,yamizushi-file-no271,yamizushi-file-no995
es	teología-táctica	324	3	unhandled	false	false			purificacion,scp-es-245,scp-es-306
es	torquemada_2025	325	3	unhandled	false	false			scp-es-046,scp-es-047,scp-es-075
es	vermiano	326	3	unhandled	false	false			scp-es-156,scp-es-301,scp-es-357
es	_agente-alan	327	2	unhandled	false	false			scp-es-che-ficha-del-agente-alan,zevaxtians
es	_calaca_729313	328	2	unhandled	false	false			aut-viam-inveniam-aut-faciam,ficha-de-uncle-nicolini
es	_cargas-inusuales	329	2	unhandled	false	false			manifesto793,manifiesto-719
es	_coalición-oculta-global-manuel	330	2	unhandled	false	false			aut-viam-inveniam-aut-faciam,scp-es-che-ficha-del-agente-alan
es	_desempate	331	2	unhandled	false	false			diseccion,una-ultima-obra-de-caridad
es	_nadie	332	2	unhandled	false	false			la-casa-de-nadie,pastel-de-choclo
es	_primer-lugar-grupal	333	2	unhandled	false	false			kte-8926-negro-parallax-morfo,una-idea-en-soho
es	_sushi-oscuro	334	2	unhandled	false	false			yamizushi-file-no271,yamizushi-file-no995
es	anderson	335	2	jp_tag_alias	true	true	アンダーソン		las-cuevas-del-bev,moscas
es	audio	336	2	jp_tag_alias	true	true	音声添付		adaptaciones-audio-es,scp-es-266
es	audiovisual	337	2	unhandled	false	false			scp-es-061,scp-es-141
es	backdoor-soho	338	2	jp_tag_alias	true	true	バックドア・ソーホー		una-idea-en-soho,yo-te-dire-lo-que-es-cine
es	bibliotético	339	2	unhandled	false	false			scp-es-101,scp-es-340
es	bovino	340	2	unhandled	false	false			scp-es-157,scp-es-194
es	cargas-inusuales	341	2	unhandled	false	false			manifesto793,manifiesto-719
es	cefalópodo	342	2	unhandled	false	false			scp-es-027,scp-es-175
es	cnscp2017	343	2	unhandled	false	false			concurso-nacionalista-2017,scp-es-063
es	colegio-deer	344	2	unhandled	false	false			scp-es-187,si-es-real-entonces-me-quedare
es	comité-de-ética	345	2	unhandled	false	false			scp-es-260,scp-es-399
es	concurso-no-oficial	346	2	unhandled	false	false			acuaticon-2023,educacon2024
es	corporativo	347	2	unhandled	false	false			scp-es-052,scp-es-123
es	dc-al-fine	348	2	jp_tag_alias	true	true	d.c.アルフィーネ		scp-es-139,ventanas-a-otro-mundo
es	dinosaurio	349	2	unhandled	false	false			scp-es-072,scp-es-139
es	engranajes	350	2	unhandled	false	false			scp-es-035,scp-es-085
es	enjambre	351	2	unhandled	false	false			scp-es-094,scp-es-275
es	esfera	352	2	unhandled	false	false			scp-es-064,scp-es-149
es	explicado	353	2	unhandled	false	false			propuesta-de-nico,scp-es-100-ex
es	extremidad	354	2	unhandled	false	false			scp-es-005,scp-es-337
es	fotográfico	355	2	unhandled	false	false			scp-es-265,scp-es-357
es	fr	356	2	jp_tag_name	true	true	fr		scp-006-int,scp-097-int
es	gaseoso	357	2	unhandled	false	false			scp-es-257,scp-es-367
es	genético	358	2	unhandled	false	false			scp-es-167,scp-es-295
es	gustativo	359	2	unhandled	false	false			scp-es-127,scp-es-157
es	herman-fuller	360	2	jp_tag_alias	true	true	ハーマン・フラー		doctor-muerte,una-buena-taza-de-te
es	herramienta	361	2	unhandled	false	false			scp-es-011,scp-es-185
es	int	362	2	jp_tag_name	true	true	int		scp-006-int,scp-097-int
es	interactivo	363	2	unhandled	false	false			i-57-linea,tiendita-de-minerales
es	isla	364	2	unhandled	false	false			scp-es-029,scp-es-100-ex
es	líquido	365	2	unhandled	false	false			scp-es-130,scp-es-174
es	mapa	366	2	unhandled	false	false			scp-es-087,scp-es-249
es	microscópico	367	2	unhandled	false	false			scp-es-050-h2o-j,scp-es-055
es	mueble	368	2	unhandled	false	false			scp-es-057,scp-es-171
es	nuestras-venas-abiertas	369	2	unhandled	false	false			hatuey,la-promesa
es	olfativo	370	2	unhandled	false	false			scp-es-010,scp-es-196
es	pentagrama	371	2	unhandled	false	false			scp-es-076,scp-es-194
es	poliedro	372	2	unhandled	false	false			scp-es-012,scp-es-060
es	relato-oa	373	2	unhandled	false	false			esto-no-esta-bien,te-veo-pero-tu-no-me-ves
es	restaurantes-ambrose	374	2	unhandled	false	false			ambrose-tlaneyanco,scp-es-238
es	ropa	375	2	unhandled	false	false			scp-es-006,scp-es-170
es	simio	376	2	unhandled	false	false			scp-es-042,scp-es-345
es	virus	377	2	jp_tag_alias	true	true	ウイルス		scp-es-167,scp-es-295
es	1998	378	1	jp_tag_name	true	true	1998		visita-al-micalet
es	_200con-manual	379	1	unhandled	false	false			ficha-personal-luis-gm
es	_300	380	1	unhandled	false	false			galeria-de-nihonio
es	_aijeca	381	1	unhandled	false	false			proyecto-amerika-no-shokuminchi
es	_amdao	382	1	unhandled	false	false			reloj-de-sol
es	_anorm	383	1	unhandled	false	false			ficha-de-autor-de-ronnymodzz
es	_crc2018-participante	384	1	unhandled	false	false			ficha-personal-del-investigador-altair-cervantes
es	_crc2018_primero	385	1	unhandled	false	false			ficha-personal-de-jakuwoski
es	_crc2018_segundo	386	1	unhandled	false	false			ficha-personal-de-andres2055
es	_crc2018_tercero	387	1	unhandled	false	false			informe-confidencial-doctor-von-braun
es	_división-gru-p	388	1	unhandled	false	false			kironsk
es	_espíritu-de-chicago	389	1	unhandled	false	false			carroll-305-la-pequena-habana
es	_estrellas-muertas-cr831048213	390	1	unhandled	false	false			ficha-externa-de-la-realidad-del-agente-patterson
es	_fundación-de-caridad-manna	391	1	unhandled	false	false			septima-donacion-anonima
es	_ganador-individual	392	1	unhandled	false	false			scp-es-274
es	_gracias_8	393	1	unhandled	false	false			buscando-la-biblioteca
es	_herman-fuller	394	1	jp_tag_alias	true	true	_ハーマン・フラー		doctor-muerte
es	_iniciativa-horizonte	395	1	unhandled	false	false			el-monolito-del-miedo
es	_insurgencia-del-caos	396	1	unhandled	false	false			operacion-ambar
es	_mano-de-la-serpiente-manual	397	1	unhandled	false	false			aut-viam-inveniam-aut-faciam
es	_mención-honrosa	398	1	unhandled	false	false			scp-es-196
es	_parawatch	399	1	jp_tag_alias	true	true	_パラウォッチ		historias-de-abuelos
es	_parawatch-manual	400	1	unhandled	false	false			ficha-personal-del-investigador-altair-cervantes
es	_pepe	401	1	unhandled	false	false			ficha-de-autor-de-ronnymodzz
es	_primer-lugar-individual	402	1	unhandled	false	false			scp-es-255
es	_primer-lugar12342	403	1	unhandled	false	false			galeria-de-ixchel-the-moon
es	_restaurantes-ambrose	404	1	unhandled	false	false			ambrose-tlaneyanco
es	_segundo-lugar-individual	405	1	unhandled	false	false			proyecto-amerika-no-shokuminchi
es	_synthaxis.	406	1	unhandled	false	false			galeria-fungica-de-doc-slash
es	_sys	407	1	unhandled	false	false			la-oda-del-personal-y-revueltas
es	_tercer-lugar-individual	408	1	unhandled	false	false			alcohol-y-fuego
es	_tercero-lugar	409	1	unhandled	false	false			scp-es-135
es	_test	410	1	unhandled	false	false			expediente-personal-del-investigador-merlin
es	_trese	411	1	unhandled	false	false			dc-yerko
es	_udii	412	1	unhandled	false	false			scp-es-che-ficha-del-agente-alan
es	ad-astra	413	1	jp_tag_alias	true	true	アド・アストラ		scp-es-152
es	aleph	414	1	jp_tag_alias	true	true	サイト-aleph		aleph-ai
es	amarillo	415	1	unhandled	false	false			scp-097-int
es	amdao	416	1	unhandled	false	false			reloj-de-sol
es	antófilo	417	1	unhandled	false	false			scp-es-196
es	arácnido	418	1	unhandled	false	false			scp-es-314
es	ases-y-ochos	419	1	unhandled	false	false			penz-gaucho
es	chaz-ambrose	420	1	jp_tag_alias	true	true	チャズ・アンブローズ		mcd-reisen-traum-train-resort
es	cietu	421	1	unhandled	false	false			kte-8926-negro-parallax-morfo
es	cinematográfico	422	1	unhandled	false	false			scp-es-037
es	club-caza	423	1	unhandled	false	false			perfil-de-la-criatura-thor
es	club-medianoche	424	1	unhandled	false	false			si-es-real-entonces-me-quedare
es	club-sekiryu	425	1	unhandled	false	false			ella-solo-queria-calmarse
es	curso-del-76	426	1	unhandled	false	false			scp-es-296
es	cérvido	427	1	unhandled	false	false			scp-es-350
es	dado	428	1	jp_tag_name	true	true	dado		scp-es-114
es	dental	429	1	jp_tag_alias	true	true	歯		scp-es-240
es	doctor-plaga	430	1	unhandled	false	false			doctor-muerte
es	doctora-everwood	431	1	unhandled	false	false			26-07
es	dpto-irrealidad	432	1	unhandled	false	false			esto-no-esta-bien
es	el	433	1	jp_tag_name	true	true	el		scp-006-int
es	el-crítico	434	1	unhandled	false	false			propuesta-de-proyecto-2018-005
es	entrevista	435	1	unhandled	false	false			entrevista-es-128
es	esciúrido	436	1	unhandled	false	false			scp-es-089
es	eurtec	437	1	unhandled	false	false			scp-es-229
es	faeowynn-wilson	438	1	jp_tag_alias	true	true	フェオウィン・ウィルソン		perfil-de-la-criatura-matusalen
es	gamers-against-weed	439	1	jp_tag_alias	true	true	ゲーマーズアゲインストウィード		scp-es-166
es	gran-karcista-ion	440	1	unhandled	false	false			una-buena-taza-de-te
es	hermanos-de-la-muerte	441	1	unhandled	false	false			una-buena-taza-de-te
es	hijos-de-la-noche	442	1	unhandled	false	false			scp-es-367
es	imbw	443	1	jp_tag_name	true	true	imbw		scp-es-229
es	incidente	444	1	unhandled	false	false			informe-de-incidente-es-064-3-2018
es	iniciativa-tres-lunas	445	1	unhandled	false	false			tiendita-de-minerales
es	inscripción	446	1	unhandled	false	false			scp-es-231
es	instrumento	447	1	unhandled	false	false			scp-es-013
es	intcon2023	448	1	jp_tag_name	true	true	intcon2023		scp-097-int
es	inteligencia-artificial	449	1	unhandled	false	false			scp-es-217
es	it	450	1	jp_tag_name	true	true	it		scp-006-int
es	joya	451	1	unhandled	false	false			scp-es-372
es	la-guerra-más-fría	452	1	unhandled	false	false			scp-es-357
es	legalidad	453	1	unhandled	false	false			scp-es-397
es	letters-entertainment	454	1	unhandled	false	false			scp-es-203
es	los-heraldos	455	1	unhandled	false	false			scp-es-249
es	madera	456	1	unhandled	false	false			scp-es-182
es	maestro-yami	457	1	unhandled	false	false			scp-es-272
es	matemático	458	1	unhandled	false	false			scp-es-132
es	maxwellismo	459	1	unhandled	false	false			scp-es-217
es	omnívoro	460	1	unhandled	false	false			scp-es-050-h2o-j
es	ooo	461	1	unhandled	false	false			scp-097-int
es	orai	462	1	unhandled	false	false			scp-es-074
es	pieza-de-relojería	463	1	unhandled	false	false			scp-es-078
es	primordial	464	1	jp_tag_alias	true	true	プリモルディアル		scp-es-229
es	recurso	465	1	unhandled	false	false			dossier-personajes
es	reptil-difícil-de-destruir	466	1	unhandled	false	false			samuel-el-topo
es	rey-escarlata	467	1	unhandled	false	false			scp-es-133
es	robert-bumaro	468	1	jp_tag_alias	true	true	ロバート・ブマロ		una-buena-taza-de-te
es	safiro	469	1	unhandled	false	false			scp-es-306
es	scp-1134-jp	470	1	jp_tag_name	true	true	scp-1134-jp		scp-es-272
es	servicio-oculto-británico	471	1	unhandled	false	false			el-almacen-de-cadaveres
es	sheldon-katz	472	1	jp_tag_alias	true	true	シェルドン・カッツ		scp-es-397
es	sitio	473	1	unhandled	false	false			expediente-de-instalacion-segura-sitio-313
es	sombra	474	1	unhandled	false	false			scp-es-320
es	splash	475	1	jp_tag_alias	true	true	見出し		clasificado
es	sushiblade	476	1	unhandled	false	false			yamizushi-file-no271
es	termodinámico	477	1	unhandled	false	false			scp-es-149
es	thad-xyank	478	1	jp_tag_alias	true	true	シャンク博士		perfil-de-la-criatura-matusalen
es	valravn	479	1	jp_tag_alias	true	true	ヴァルラウン		la-promesa
es	vegetal	480	1	unhandled	false	false			scp-es-381
es	verde	481	1	unhandled	false	false			scp-006-int
es	vidrio	482	1	unhandled	false	false			scp-es-101-j
es	úrsido	483	1	unhandled	false	false			scp-es-050-h2o-j
fr	fr	1	2404	jp_tag_name	true	true	fr		0-de-probabilite,1-m-sans-tete-comic,1-nouveau-message,1882,1975
fr	conte	2	1030	curated_override_only	false	true	tale		0-de-probabilite,1-m-sans-tete-comic,1-nouveau-message,1882,1975
fr	scp	3	841	jp_tag_name	true	true	scp		concours:c14-aloices,concours:c14-charles-magne,concours:c14-dr-bwaaa,concours:c14-felter-finalis,concours:c14-googoo
fr	sûr	4	289	curated_override_only	false	true	safe		concours:c14-henry,fcp-676-fr-vi,scp-002-fr,scp-003-int,scp-004-fr
fr	euclide	5	273	curated_override_only	false	true	euclid		concours:c14-charles-magne,concours:c14-dr-bwaaa,concours:c14-googoo,concours:c14-kams,concours:c14-loupiote
fr	_image	6	222	unhandled	false	false			archirelique-n-24,aussi-lentement-que-possible,document-annexe-177-fr-n-1,dossier-site-beth,dossier-site-yod
fr	orange	7	190	jp_tag_alias	true	true	橙		concours:c14-aloices,proposition-du-pr-f,scp-006-fr,scp-010-fr,scp-011-fr-j
fr	jaune	8	189	jp_tag_alias	true	true	黄		concours:c14-dr-bwaaa,concours:c14-googoo,concours:c14-henry,fcp-676-fr-vi,scp-002-fr
fr	vert	9	166	jp_tag_alias	true	true	緑		concours:c14-kams,scp-005-fr,scp-006-int,scp-009-fr,scp-012-fr
fr	humanoïde	10	152	curated_override_only	false	true	人間型		concours:c14-hona-cauchy,proposition-du-dr-gray,proposition-du-pr-f,scp-003-int,scp-006-fr
fr	conscient	11	148	curated_override_only	false	true	知性		copie-numerique-du-rapport-scp-316-fr-pour-accreditations-4,proposition-des-drs-gemini-et-tesla,proposition-du-pr-f,scp-003-fr,scp-003-int
fr	keter	12	145	jp_tag_name	true	true	keter		concours:c14-felter-finalis,concours:c14-sylvelight,proposition-du-dr-gray,proposition-du-dr-johannes,proposition-du-pr-f
fr	centre	13	135	unhandled	false	false			adaptations-audio,apres-aleph,apres-aleph-equipe-1,apres-aleph-equipe-11,apres-aleph-equipe-2
fr	auteur	14	125	unhandled	false	false			bureau-du-dr-bwaaa,bureaudeleicnecra,dossier-dr-angelos,dossier-personnel-d-alwaid,dossier-personnel-d-aryobarzane
fr	aleph	15	121	jp_tag_alias	true	true	サイト-aleph		aethersehen,ariane-au-bout-du-fil,bolognaise-ou-carbonara,concours:c14-hufor,conference-d-histoire-antique-anormale
fr	après-aleph	16	113	jp_tag_alias	true	true	アレフ、その後		1882,a-toi-mon-frere-a-tous-les-notres-et-a-ceux-d-encore-au-dess,apres-aleph,apres-aleph-010001000110111101101101011011010110000101100111,apres-aleph-after-aleph-t2-2-derniere-visite
fr	rouge	17	109	jp_tag_alias	true	true	赤		concours:c14-charles-magne,concours:c14-googoo,concours:c14-hona-cauchy,concours:c14-hufor,concours:c14-loupiote
fr	artefact	18	108	unhandled	false	false			copie-numerique-du-rapport-scp-316-fr-pour-accreditations-4,proposition-de-henry-von-kartoffen,rapport-d-incident-093-a,scp-008-fr,scp-012-fr
fr	vivant	19	94	unhandled	false	false			concours:c14-hufor,scp-009-fr,scp-010-fr,scp-013-fr,scp-014-fr
fr	animal	20	86	jp_tag_alias	true	true	動物		scp-008-fr,scp-009-fr,scp-009-fr-j,scp-012-fr-j,scp-015-int
fr	non-confiné	21	82	unhandled	false	false			concours:c14-dr-bwaaa,concours:c14-hufor,proposition-du-dr-macro,proposition-du-pr-f,proposition-du-pr-finalis
fr	collaboration-fr	22	78	jp_unused_replacement	true	true		合作	apres-aleph,bsia,centre-fractal,charnier-elegant,chrono-challenge
fr	esprit	23	76	unhandled	false	false			archirelique-n-24,concours:c14-hufor,edc-1742-fidji-bercemorphe,scp-007-fr,scp-014-fr
fr	lieu	24	76	unhandled	false	false			scp-002-fr,scp-006-fr,scp-006-int,scp-007-fr,scp-021-fr
fr	historique	25	73	unhandled	false	false			proposition-des-drs-gemini-et-tesla,proposition-du-dr-johannes,proposition-du-pr-finalis,scp-011-fr-j,scp-014-fr
fr	annexe	26	69	unhandled	false	false			addendum-01,annexe-298-fr-562,autotest-d-alteration-mentale,balade-dans-sept-saisons,briefing-video-destine-a-l-equipe-de-confinement-de-l-objet
fr	religieux	27	67	unhandled	false	false			archirelique-n-24,edc-1742-fidji-bercemorphe,proposition-du-dr-macro,scp-104-fr,scp-137-fr
fr	extra-dimensionnel	28	66	unhandled	false	false			edp-1504-bibelot-burnoutenfant-ebbinghaus,proposition-de-henry-von-kartoffen,proposition-des-drs-gemini-et-tesla,scp-043-fr,scp-047-fr
fr	sapiens	29	64	unhandled	false	false			concours:c14-sylvelight,edc-1742-fidji-bercemorphe,proposition-du-pr-f,scp-003-int,scp-014-fr
fr	c12fr2024	30	63	unhandled	false	false			a-l-abordage,a-la-recherche-du-coeur,ambrose-bretagne,apres-nous-le-deluge,bestiaire-eden
fr	saphir	31	63	jp_tag_name	true	true	saphir		a-mas-carol,a-mon-anoure,alors-comme-ca-vous-voulez-ecrire-sur-saphir,archirelique-n-24,atteindre-la-perfection
fr	format-gdi	32	62	unhandled	false	false			affiche-camille,ambrose-bretagne,ambrose-paris,ambrose-val-de-loire,archirelique-n-24
fr	gazette-aleph	33	61	unhandled	false	false			centre-gda,gda-n-1,gda-n-10,gda-n-11,gda-n-12
fr	mémétique	34	61	unhandled	false	false			kwe-contre-les-ondes,scp-007-fr,scp-011-fr-j,scp-017-fr-j,scp-047-fr
fr	biologique	35	60	unhandled	false	false			concours:c14-hufor,concours:c14-loupiote,scp-005-fr,scp-043-fr,scp-045-fr
fr	bâtiment	36	58	unhandled	false	false			concours:c14-charles-magne,scp-023-fr,scp-028-fr,scp-122-fr,scp-154-fr
fr	bleu	37	57	jp_tag_alias	true	true	青		scp-020-fr,scp-032-fr,scp-044-fr,scp-076-fr,scp-080-fr
fr	autonome	38	56	unhandled	false	false			concours:c14-hufor,scp-003-int,scp-009-fr,scp-015-fr,scp-034-fr
fr	co-écrit	39	54	unhandled	false	false			ambrose-paris,bestiaire-eden,centre-de-primordial,des-rires-et-decheance,equipement-de-la-branche-francophone
fr	neutralisé	40	51	unhandled	false	false			concours:c14-aloices,proposition-des-drs-gemini-et-tesla,scp-015-int,scp-096-fr,scp-149-fr
fr	blanc	41	49	jp_tag_alias	true	true	白		concours:c14-felter-finalis,concours:c14-jtdn,proposition-de-henry-von-kartoffen,scp-018-fr,scp-048-fr
fr	kybian	42	47	jp_tag_alias	true	true	サイト-kybian		apres-aleph-variations-chapitre-1,de-l-origine-de-kybian,doutes,kybian-out,scp-012-fr
fr	danger-cognitif	43	46	unhandled	false	false			concours:c14-felter-finalis,scp-024-fr,scp-039-fr,scp-047-fr,scp-097-fr-j
fr	noir	44	46	jp_tag_alias	true	true	黒		copie-numerique-du-rapport-scp-316-fr-pour-accreditations-4,proposition-de-henry-von-kartoffen,proposition-du-dr-gray,proposition-du-dr-johannes,proposition-lga
fr	cadavre	45	45	unhandled	false	false			concours:c14-charles-magne,concours:c14-felter-finalis,concours:c14-hona-cauchy,scp-006-int,scp-021-int
fr	compulsion	46	45	jp_tag_alias	true	true	強制力		archirelique-n-24,concours:c14-holt,edc-1742-fidji-bercemorphe,scp-014-fr,scp-017-fr-j
fr	document	47	44	jp_tag_alias	true	true	文書		concours:c14-hona-cauchy,concours:c14-hufor,scp-017-fr,scp-099-fr,scp-127-fr
fr	he	48	42	jp_tag_alias	true	true	サイト-he		scp-002-fr,scp-010-fr,scp-040-fr,scp-043-fr,scp-069-fr
fr	hostile	49	42	jp_tag_alias	true	true	敵対的		edc-1742-fidji-bercemorphe,proposition-de-henry-von-kartoffen,proposition-du-pr-f,scp-003-fr,scp-034-fr
fr	espace-temps	50	41	unhandled	false	false			concours:c14-felter-finalis,proposition-de-henry-von-kartoffen,proposition-du-dr-johannes,scp-043-fr,scp-120-fr
fr	la-meute	51	41	unhandled	false	false			adieu-papa-adieu-maman,centre-de-bienvenue-chez-les-ducasse,concours-ravefm-partie-1,concours-ravefm-partie-2,cygnes-amour
fr	cmo	52	40	unhandled	false	false			21e-congres-omp,archirelique-n-24,centre-embargo,cest-donc-ca-nos-vies,diabolus-in-musica
fr	gendastrerie	53	40	jp_tag_alias	true	true	星警隊		a-toi-la-plus-belle-de-mes-histoires,aucun-fluide-ectoplasmique-n-a-coule-cette-nuit,centre-fractal,comment-disparut-le-docteur-belmont,conquete-de-la-foret-sombre
fr	retour-à-l-anormal	54	40	jp_tag_name	true	true	retour-à-l-anormal		0-de-probabilite,a-vous-les-studios,a-vous-les-studios-bd,aethersehen,after-agite
fr	intangible	55	39	jp_tag_alias	true	true	非実体		proposition-de-henry-von-kartoffen,scp-021-fr,scp-069-fr,scp-085-fr,scp-085-fr-arc
fr	rituel	56	39	unhandled	false	false			archirelique-n-24,concours:c14-charles-magne,edc-1742-fidji-bercemorphe,proposition-du-dr-macro,scp-055-fr
fr	essocinétique	57	38	unhandled	false	false			concours:c14-charles-magne,concours:c14-felter-finalis,copie-numerique-du-rapport-scp-316-fr-pour-accreditations-4,kwe-contre-les-ondes,proposition-des-drs-gemini-et-tesla
fr	sarkique	58	38	unhandled	false	false			equipe-d-operation,gastronomie-sarkique-et-anormalite-humaine,histoires-de-viandes,il-ne-restera-que-lui,je-ne-peux-me-sauver-seule
fr	temporel	59	38	unhandled	false	false			concours:c14-felter-finalis,scp-021-int,scp-037-fr,scp-040-fr,scp-041-fr
fr	artistique	60	37	unhandled	false	false			concours:c14-henry,scp-047-fr,scp-098-fr,scp-103-fr,scp-117-fr
fr	et-maintenant-on-est-cool	61	37	unhandled	false	false			art-et-anesthetique,au-dela-de-lecran-noir,ci-gisent-les-cranes,concours-ravefm-partie-1,concours:c14-googoo
fr	classe-ésotérique	62	36	unhandled	false	false			proposition-des-drs-gemini-et-tesla,proposition-du-dr-grym,proposition-du-dr-macro,proposition-lga,scp-000-5-fr-ex
fr	humour	63	36	unhandled	false	false			fcp-676-fr-vi,incidents-provoques-par-le-personnel-1,incidents-provoques-par-le-personnel-2,joke-scps,le-concours-des-douze-sardines
fr	inamovible	64	36	unhandled	false	false			copie-numerique-du-rapport-scp-316-fr-pour-accreditations-4,proposition-du-pr-finalis,scp-079-fr,scp-122-fr,scp-185-fr
fr	mémoire	65	36	unhandled	false	false			edp-1504-bibelot-burnoutenfant-ebbinghaus,scp-019-fr,scp-031-fr,scp-047-fr,scp-090-fr
fr	transfiguration	66	36	jp_tag_alias	true	true	変容		scp-011-fr-j,scp-019-fr-j,scp-040-fr,scp-055-fr,scp-084-fr
fr	dr-wondertainment	67	35	jp_tag_alias	true	true	ワンダーテインメント博士		ce-qu-une-femme-ne-peut-faire,documentation-commune-kleptoy,faux-sang-blanc,je-l-ai-fait-pour-les-enfants,je-serai-bientot-de-retour
fr	indéterminé	68	35	jp_tag_alias	true	true	未定		proposition-des-drs-gemini-et-tesla,proposition-du-dr-grym,proposition-du-dr-macro,proposition-lga,scp-000-5-fr-ex
fr	plante	69	35	unhandled	false	false			archirelique-n-24,scp-005-fr,scp-013-fr,scp-067-fr,scp-107-fr
fr	connaissance	70	34	unhandled	false	false			proposition-de-henry-von-kartoffen,proposition-du-pr-f,scp-028-fr,scp-031-fr,scp-077-fr
fr	hallucination	71	34	jp_tag_alias	true	true	幻覚		scp-004-fr,scp-005-fr,scp-007-fr,scp-070-fr,scp-087-fr
fr	ressources-humaines	72	34	jp_tag_alias	true	true	人的資源		1-nouveau-message,au-fond-du-couloir,celle-qui-observe,celle-qui-s-est-souvenue,celui-qui-a-eu-peur
fr	aquatique	73	33	unhandled	false	false			scp-006-int,scp-012-fr,scp-019-fr,scp-054-fr,scp-057-fr
fr	contagion	74	33	jp_tag_alias	true	true	伝染性		concours:c14-hufor,fcp-676-fr-vi,scp-014-fr,scp-119-fr,scp-133-fr
fr	métallique	75	33	unhandled	false	false			concours:c14-kams,edp-1504-bibelot-burnoutenfant-ebbinghaus,proposition-de-henry-von-kartoffen,scp-009-fr,scp-037-fr
fr	mc&d	76	32	jp_tag_name	true	true	mc&d		a-l-intention-de-la-businesswoman-de-mon-coeur,changer-lor-en-plomb,concours:c14-kams,gamme-d-anormaux,gastronomie-sarkique-et-anormalite-humaine
fr	primordial	77	32	jp_tag_alias	true	true	プリモルディアル		a-la-poursuite-des-etoiles-diurnes,bouffee-d-indochine,ce-qui-ne-me-tue-pas-me-rend-plus-mort,centre-de-primordial,chronologie-associee-a-scp-194-fr
fr	prédateur	78	31	unhandled	false	false			scp-010-fr,scp-023-fr,scp-025-fr,scp-043-fr,scp-059-fr
fr	espèce	79	30	unhandled	false	false			concours:c14-hufor,scp-033-fr,scp-073-fr,scp-124-fr,scp-184-fr
fr	fanart	80	30	unhandled	false	false			1-m-sans-tete-comic,a-la-recherche-d-astro-comic,a-vous-les-studios-bd,adaptations-audio,apres-aleph-equipe-6-partie-2-seul-dehors-bd
fr	crossover	81	29	unhandled	false	false			a-nightmare-on-aleph-site-premier-cauchemar,a-nightmare-on-aleph-site-second-cauchemar,arriere-pensee,bientot-tu-connaitras-la-tragique-etendue-de-mes-echecs,cavalier-seul
fr	gentilshommes	82	29	jp_tag_alias	true	true	貴族たち		amicalite,art-et-anesthetique,concours-ravefm-partie-2,humanisme-et-esthetique,le-vin-des-poitevins
fr	indestructible	83	29	jp_tag_alias	true	true	破壊不可能		archirelique-n-24,scp-079-fr,scp-091-fr,scp-101-fr,scp-105-fr
fr	organique	84	29	unhandled	false	false			scp-052-fr,scp-081-fr,scp-089-fr-j,scp-091-fr,scp-199-fr
fr	acoustique	85	28	unhandled	false	false			scp-025-fr,scp-086-fr,scp-097-fr-j,scp-158-fr,scp-187-fr
fr	adaptatif	86	28	unhandled	false	false			proposition-du-dr-johannes,scp-053-fr,scp-062-fr,scp-069-fr,scp-073-fr
fr	auto-réparant	87	27	unhandled	false	false			scp-010-fr,scp-052-fr,scp-058-fr,scp-081-fr,scp-095-fr
fr	beth	88	27	jp_tag_alias	true	true	サイト-beth		concours:c14-sylvelight,dossier-site-beth,goutte-de-sang,la-rafle-de-beth,les-pretentions-d-un-auteur
fr	classe-k	89	27	unhandled	false	false			proposition-de-henry-von-kartoffen,proposition-du-dr-gray,proposition-du-pr-finalis,scp-042-fr,scp-091-fr
fr	empathique	90	27	unhandled	false	false			proposition-du-dr-gray,scp-034-fr-ex,scp-069-fr-arc,scp-117-fr-ex,scp-148-fr
fr	made-in-foundation	91	27	unhandled	false	false			concours:c14-felter-finalis,concours:c14-sylvelight,proposition-de-henry-von-kartoffen,proposition-du-pr-f,proposition-lga
fr	observable	92	27	unhandled	false	false			concours:c14-felter-finalis,scp-002-fr,scp-003-int,scp-007-fr,scp-047-fr
fr	visuel	93	27	unhandled	false	false			scp-017-fr,scp-041-fr,scp-070-fr,scp-085-fr-arc,scp-098-fr
fr	aile-fr	94	26	unhandled	false	false			vagabonds:cobalt-stab,vagabonds:de-la-persistance-de-l-ombre,vagabonds:deux-cent-cinquante-cinq-deux-cent-cinquante-six,vagabonds:eco-systeme-pileux,vagabonds:emprunt-mutuellement-benefique
fr	bibliothèque-des-vagabonds	95	26	unhandled	false	false			a-la-recherche-d-astro-comic,a-toi-la-plus-belle-de-mes-histoires,chapitre-4-jours-dangereux,chapitre-5-quelques-minutes-avant-minuit,concours-ravefm-partie-1
fr	c10fr2022	96	26	unhandled	false	false			le-concours-des-dix-ans,scp-152-fr,scp-444-fr,scp-500-fr,scp-501-fr
fr	entrée	97	26	unhandled	false	false			vagabonds:cobalt-stab,vagabonds:de-la-persistance-de-l-ombre,vagabonds:deux-cent-cinquante-cinq-deux-cent-cinquante-six,vagabonds:eco-systeme-pileux,vagabonds:emprunt-mutuellement-benefique
fr	portail	98	26	unhandled	false	false			proposition-des-drs-gemini-et-tesla,scp-011-fr,scp-123-fr,scp-184-fr,scp-192-fr
fr	yod	99	26	jp_tag_alias	true	true	サイト-yod		avant-delta-0,ceux-qui-ont-survecu-a-yod,de-l-origine-de-yod,dossier-site-yod,la-pierre-ne-parlait-pas
fr	c5fr2017	100	25	jp_tag_name	true	true	c5fr2017		le-concours-des-cinq-ans,scp-204-fr,scp-205-fr,scp-206-fr,scp-211-fr
fr	conteneur	101	25	unhandled	false	false			edp-1504-bibelot-burnoutenfant-ebbinghaus,proposition-du-pr-finalis,scp-003-int,scp-011-fr,scp-037-fr
fr	dieu-brisé	102	25	unhandled	false	false			bonjjjjjjjjjj,concours:c14-sylvelight,copie-numerique-du-rapport-scp-316-fr-pour-accreditations-4,entretiens-avec-de-potentiels-nouveaux-dieux,il-ne-restera-que-lui
fr	médical	103	25	unhandled	false	false			scp-028-fr,scp-067-fr,scp-080-fr,scp-170-fr,scp-257-fr
fr	réanimation	104	25	unhandled	false	false			concours:c14-dr-bwaaa,proposition-du-dr-macro,scp-060-fr,scp-132-fr,scp-210-fr
fr	téléportation	105	25	unhandled	false	false			scp-009-fr,scp-047-fr,scp-050-fr,scp-056-fr-j,scp-089-fr
fr	concours	106	24	unhandled	false	false			chalete2024,concours-des-trois-ans-de-la-branche-francaise,concours-du-scp-de-moins-de-500-mots,concours-halloween-2019,concours-halloween-2021
fr	informatique	107	24	jp_tag_alias	true	true	情報科学		scp-014-fr,scp-039-fr,scp-085-fr,scp-101-fr,scp-120-fr
fr	mécanique	108	24	unhandled	false	false			proposition-de-henry-von-kartoffen,scp-010-fr,scp-015-fr,scp-039-fr,scp-076-fr
fr	sai	109	24	unhandled	false	false			concours:c14-felter-finalis,de-l-origine-de-yod,des-astres,desastre,document-sai-f-143
fr	sensoriel	110	24	unhandled	false	false			concours:c14-felter-finalis,scp-087-fr,scp-105-fr,scp-109-fr,scp-235-fr
fr	alimentaire	111	23	unhandled	false	false			scp-003-int,scp-006-fr,scp-024-fr,scp-097-fr,scp-102-fr
fr	auditif	112	23	unhandled	false	false			scp-026-fr,scp-056-fr-j,scp-097-fr-j,scp-150-fr,scp-164-fr
fr	auto-répliquant	113	23	unhandled	false	false			scp-015-fr,scp-018-fr,scp-030-fr,scp-052-fr,scp-054-fr
fr	aviaire	114	23	unhandled	false	false			scp-061-fr,scp-080-fr,scp-129-fr,scp-142-fr,scp-143-fr
fr	bois	115	23	unhandled	false	false			scp-151-fr,scp-166-fr,scp-192-fr,scp-202-fr,scp-235-fr
fr	chalete2024	116	23	jp_tag_name	true	true	chalete2024		chalete2024,scp-034-fr-ex,scp-625-fr,scp-629-fr,scp-634-fr
fr	danger-bio	117	23	unhandled	false	false			scp-053-fr,scp-067-fr,scp-193-fr,scp-243-fr,scp-273-fr
fr	danger-info	118	23	unhandled	false	false			proposition-du-pr-f,scp-007-fr,scp-039-fr,scp-047-fr,scp-055-fr
fr	dans-les-coulisses	119	23	jp_tag_alias	true	true	楽屋裏		document-liste-de-contact,dossier-de-l-agent-de-caffran,dossier-de-surveillance-du-leitenant-filippov,dossier-du-detenu-d-2108,dossier-personnel-agent-lylah-dears
fr	main-du-serpent	120	23	unhandled	false	false			a-la-recherche-d-astro-comic,a-la-recherche-du-coeur,chapitre-4-jours-dangereux,chapitre-5-quelques-minutes-avant-minuit,conquete-de-la-foret-sombre
fr	souterrain	121	23	unhandled	false	false			proposition-de-henry-von-kartoffen,proposition-du-pr-finalis,scp-097-int,scp-232-fr,scp-288-fr
fr	thaumiel	122	23	jp_tag_name	true	true	thaumiel		concours:c14-jtdn,proposition-de-henry-von-kartoffen,scp-068-fr,scp-085-fr-arc,scp-101-fr-j
fr	bsia	123	22	jp_tag_name	true	true	bsia		adoucissons-les-moeurs,ancien-monarque-perdu,bsia,conversation-petite-blind,deux-steaks
fr	caldeira	124	22	unhandled	false	false			arriere-pensee,concours-ravefm-partie-2,concours:c14-hona-cauchy,erreur-de-style,infiltration-xperimentee
fr	dos-au-mur	125	22	jp_tag_alias	true	true	壁を背に		21e-congres-omp,aucun-fluide-ectoplasmique-n-a-coule-cette-nuit,comment-disparut-le-docteur-belmont,dos-au-mur,dos-au-mur-a-la-croisee-des-chemins
fr	poésie	126	22	unhandled	false	false			amour-et-mort,balade-dans-sept-saisons,derniers-mots-d-un-condamne,hommage-a-ceux-dont-l-histoire-a-oublie-le-nom,j-ai-donne-mon-ame-parce-qu-on-me-l-a-demandee
fr	télépathique	127	22	unhandled	false	false			archirelique-n-24,edc-1742-fidji-bercemorphe,scp-034-fr,scp-044-fr,scp-048-fr
fr	c9fr2021	128	21	unhandled	false	false			avalon,dans-les-abysses,des-rires-et-decheance,hoshito-et-le-projet-shufuku,indelicatesse-tahitienne
fr	concept	129	21	jp_tag_alias	true	true	概念		concours:c14-felter-finalis,proposition-de-henry-von-kartoffen,proposition-du-pr-finalis,scp-035-fr,scp-114-fr
fr	expérience	130	21	unhandled	false	false			document-189-2-clb,experimentation-162-fr,experimentation-418-fr,journal-d-experience-327-fr,rapport-d-experience-francais-914
fr	extraterrestre	131	21	unhandled	false	false			concours:c14-loupiote,edp-1504-bibelot-burnoutenfant-ebbinghaus,scp-077-fr,scp-112-fr,scp-159-fr
fr	jacobusiers	132	21	unhandled	false	false			a-quoi-sert-on,centre-des-jacobusiers,crise-de-reunion,des-trous-dans-les-arbres,deus-fecit-machina
fr	lumière	133	21	unhandled	false	false			scp-021-fr,scp-022-fr,scp-071-fr,scp-088-fr,scp-099-fr
fr	oneiroi	134	21	jp_tag_alias	true	true	オネイロイ		atteindre-la-perfection,cpp-tea-ac,et-le-monde-cessa-de-rever,froid-forts-fins-feroces-reves-etranges,la-clef-des-reves
fr	parasitaire	135	21	unhandled	false	false			scp-019-fr,scp-089-fr-j,scp-133-fr,scp-199-fr,scp-267-fr
fr	physique	136	21	unhandled	false	false			concours:c14-loupiote,scp-020-fr,scp-037-fr,scp-072-fr,scp-123-fr
fr	xks2018	137	21	jp_tag_name	true	true	xks2018		concours-xkeme-siecle,xks2018:ahurissante-armee-acrobates,xks2018:au-dela-de-xibalba,xks2018:chants-de-dissension,xks2018:chapitre-de-la-pierre-de-sobek-et-du-spoutnik
fr	agent-koop	138	20	unhandled	false	false			chemin-de-memoire,cold-case,comic-halloween-2019,detour-humanitaire,dossier-de-surveillance-du-leitenant-filippov
fr	c4fr2016	139	20	jp_tag_name	true	true	c4fr2016		ceci-n-est-pas-une-tasse,de-l-autre-cote,et-il-continuait-de-sourire,la-fondation-scp-a-un-incroyable-talent,le-concours-des-quatre-ans
fr	dépendance	140	20	unhandled	false	false			scp-005-fr,scp-010-fr,scp-070-fr,scp-100-fr-j,scp-134-fr
fr	insecte	141	20	unhandled	false	false			scp-031-fr,scp-073-fr,scp-109-fr,scp-217-fr,scp-268-fr
fr	némo-et-le-nautilus	142	20	jp_tag_alias	true	true	ネモ・アンド・ノーチラス		dans-les-abysses,incident-000-5-fr,incident-061870-nom-de-code-20-000-lieues-sous-les-memes,incident-113-fr,incident-219-fr
fr	st-val2026	143	20	unhandled	false	false			a-toi-la-plus-belle-de-mes-histoires,amicalite,amours-inoxydables,aujourdhui-le-great-fist-harker-fut-vaincu,confine-moi-dans-tes-bras
fr	véhicule	144	20	unhandled	false	false			concours:c14-holt,scp-015-fr,scp-021-int,scp-051-fr,scp-125-fr
fr	électrique	145	20	unhandled	false	false			proposition-de-henry-von-kartoffen,scp-081-fr,scp-110-fr,scp-211-fr,scp-248-fr
fr	amateurs	146	19	unhandled	false	false			a-l-intention-de-la-businesswoman-de-mon-coeur,amicalite,attache-aide-et-amour,de-bric-et-de-broc,entrevue-au-sommet
fr	amorphe	147	19	unhandled	false	false			scp-023-fr,scp-069-fr,scp-086-fr,scp-087-fr,scp-112-fr
fr	c13fr2025	148	19	unhandled	false	false			scp-099-fr,scp-700-fr,scp-703-fr,scp-704-fr,scp-707-fr
fr	géologique	149	19	unhandled	false	false			proposition-du-pr-finalis,scp-021-fr,scp-088-fr,scp-234-fr,scp-238-fr
fr	liquide	150	19	unhandled	false	false			scp-045-fr,scp-067-fr,scp-246-fr,scp-256-fr,scp-265-fr
fr	méta	151	19	unhandled	false	false			allegories,bouteille-a-la-mer-dpwl,formulaire-requete-orb,page-blanche,proposition-du-pr-f
fr	météorologique	152	19	unhandled	false	false			scp-004-fr,scp-053-fr,scp-059-fr,scp-158-fr,scp-209-fr
fr	neurologique	153	19	unhandled	false	false			concours:c14-hona-cauchy,scp-014-fr,scp-130-fr,scp-136-fr,scp-150-fr
fr	structure	154	19	jp_tag_alias	true	true	構造		proposition-du-pr-finalis,scp-002-fr,scp-022-fr,scp-040-fr,scp-042-fr
fr	aérien	155	18	unhandled	false	false			scp-053-fr,scp-112-fr,scp-150-fr,scp-265-fr,scp-319-fr
fr	campagne-brumeuse	156	18	unhandled	false	false			adieu-papa-adieu-maman,centre-de-bienvenue-chez-les-ducasse,ennui-des-chasses-citadines,geant-de-la-foret,l-heure-ou-blanchit-la-campagne
fr	directeur-garrett	157	18	unhandled	false	false			cessation-dactivite,concours:c14-hufor,dossier-personnel-du-directeur-bruce-garrett,entre-chien-et-loup,if-the-rain-comes-back-it-washes-away-all-your-pain
fr	essai	158	18	unhandled	false	false			alors-comme-ca-vous-voulez-ecrire-sur-saphir,atelier-corriger-les-archives,comment-ecrire-un-conte,de-l-ecriture-d-un-rapport-scp,document-liste-de-contact
fr	essaim	159	18	unhandled	false	false			concours:c14-hufor,scp-214-fr,scp-217-fr,scp-228-fr,scp-232-fr
fr	eurtec	160	18	unhandled	false	false			cathedrale-de-plomb,centre-embargo,cest-donc-ca-nos-vies,diabolus-in-musica,edp-1504-bibelot-burnoutenfant-ebbinghaus
fr	nocturne	161	18	unhandled	false	false			scp-021-fr,scp-162-fr,scp-219-fr,scp-268-fr,scp-297-fr
fr	outil	162	18	unhandled	false	false			scp-037-fr,scp-080-fr,scp-180-fr,scp-191-fr,scp-276-fr
fr	électromagnétique	163	18	unhandled	false	false			scp-016-fr,scp-042-fr,scp-053-fr,scp-123-fr,scp-160-fr
fr	antimémétique	164	17	unhandled	false	false			edp-1504-bibelot-burnoutenfant-ebbinghaus,proposition-du-pr-f,scp-204-fr,scp-266-fr,scp-438-fr
fr	arborescent	165	17	unhandled	false	false			copie-numerique-du-rapport-scp-316-fr-pour-accreditations-4,scp-107-fr,scp-116-fr,scp-171-fr,scp-206-fr
fr	cinquistes	166	17	unhandled	false	false			centre-de-minuit-moins-cinq,chapitre-2-folie-a-deux,chapitre-3-vices-et-vertus,chapitre-4-jours-dangereux,chapitre-5-quelques-minutes-avant-minuit
fr	conscience-collective	167	17	unhandled	false	false			scp-040-fr,scp-052-fr,scp-057-fr,scp-069-fr-arc,scp-087-fr
fr	dr-benji	168	17	unhandled	false	false			apres-aleph-010001000110111101101101011011010110000101100111,apres-aleph-apres-aleph-confrontation-musclee,apres-aleph-chapitre-3-un-probleme-de-taille,apres-aleph-equipe-3,apres-aleph-la-fuite
fr	dr-grym	169	17	unhandled	false	false			a-propos-du-dr-grym,apres-aleph-l-agent-et-le-docteur,apres-aleph-partie-1-le-commencement,apres-aleph-partie-2,apres-aleph-partie-3
fr	jeu	170	17	unhandled	false	false			scp-044-fr,scp-074-fr,scp-079-fr,scp-169-fr,scp-179-fr
fr	jouet	171	17	unhandled	false	false			scp-034-fr,scp-058-fr,scp-151-fr,scp-205-fr,scp-216-fr
fr	militaire	172	17	unhandled	false	false			concours:c14-holt,proposition-des-drs-gemini-et-tesla,scp-125-fr,scp-150-fr-j,scp-193-fr
fr	média	173	17	unhandled	false	false			scp-077-fr,scp-137-fr,scp-155-fr,scp-186-fr,scp-246-fr
fr	métamorphe	174	17	unhandled	false	false			scp-011-fr-j,scp-021-int,scp-052-fr,scp-131-fr,scp-250-fr
fr	pierre	175	17	unhandled	false	false			scp-016-fr,scp-020-fr,scp-021-fr,scp-034-fr-ex,scp-041-fr
fr	électronique	176	17	unhandled	false	false			scp-110-fr,scp-120-fr,scp-168-fr,scp-189-fr,scp-219-fr
fr	agent-vandrake	177	16	unhandled	false	false			a-propos-du-dr-grym,apres-aleph-l-agent-et-le-docteur,apres-aleph-le-depart,apres-aleph-partie-1-le-commencement,apres-aleph-partie-2
fr	boucle	178	16	unhandled	false	false			scp-017-fr-j,scp-022-fr,scp-050-fr,scp-053-fr,scp-090-fr
fr	c6fr2018	179	16	jp_tag_name	true	true	c6fr2018		le-concours-des-six-ans,scp-258-fr,scp-263-fr,scp-278-fr,scp-289-fr
fr	corail	180	16	unhandled	false	false			concours:c14-jtdn,le-reseau-corail,proposition-lga,scp-097-int,scp-531-fr
fr	enregistrement	181	16	unhandled	false	false			concours:c14-hona-cauchy,scp-026-fr,scp-065-fr,scp-077-fr,scp-155-fr
fr	entropique	182	16	unhandled	false	false			proposition-du-dr-johannes,scp-095-fr,scp-102-fr,scp-117-fr,scp-118-fr
fr	feu	183	16	unhandled	false	false			archirelique-n-24,edc-1742-fidji-bercemorphe,scp-008-fr,scp-013-fr,scp-033-fr
fr	introduction	184	16	unhandled	false	false			conference-d-histoire-antique-anormale,goc-supplemental-implantation-fr,intro-aux-anomalies-narratives,introduction-a-la-crd,introduction-au-bfmtv
fr	mayim	185	16	unhandled	false	false			kwe-contre-les-ondes,scp-132-fr,scp-165-fr,scp-334-fr,scp-358-fr
fr	ordre-de-la-lumière	186	16	jp_tag_alias	true	true	リュミエール騎士団		l-ordre-de-la-lumiere,proposition-du-dr-macro,sang-pour-sang,scp-030-fr,scp-038-fr
fr	sommeil	187	16	unhandled	false	false			concours:c14-holt,proposition-du-dr-gray,scp-071-fr,scp-182-fr,scp-207-fr
fr	univers-île	188	16	jp_tag_alias	true	true	ユニヴェルジル		a-archiver,au-ciel-mon-mari,centro-centre-18-20-oct-312,la-danse-des-feuilles-mortes-partie-ii,proposition-du-dr-macro
fr	agent-dears	189	15	unhandled	false	false			apres-aleph-010001000110111101101101011011010110000101100111,apres-aleph-apres-aleph-confrontation-musclee,apres-aleph-equipe-3,apres-aleph-la-fuite,apres-aleph-la-traque
fr	agent-lucy	190	15	unhandled	false	false			comic-halloween-2019,devenir-le-chasseur,dossier-personnel-du-pr-lucy,guimauve,hasard-une-infime-probabilite
fr	arme	191	15	unhandled	false	false			scp-032-fr,scp-147-fr,scp-153-fr,scp-188-fr,scp-281-fr
fr	ch2021	192	15	unhandled	false	false			ambrose-val-de-loire,bois-flotte,bouteille-a-la-mer-dpwl,concours-halloween-2021,dans-l-orbite-de-jack
fr	ch2022	193	15	unhandled	false	false			20-000-lieues-sous-les-reves,arriere-pensee,bien-urbain,centro-centre-18-20-oct-312,ceux-qui-meurent-dans-l-encre
fr	ch2023	194	15	unhandled	false	false			concours-halloween-2023,scp-602-fr,scp-603-fr,scp-613-fr,scp-630-fr
fr	ch25	195	15	unhandled	false	false			decomposee,des-fleurs-pour-dado,faux-sang-blanc,fin-de-la-routine,kwe-contre-les-ondes
fr	gru	196	15	unhandled	false	false			cold-case,dossier-de-la-gru-p-cosmodrome-von-braun,dossier-de-surveillance-du-leitenant-filippov,le-chant-de-la-cigogne,le-renard-et-la-louve-partie-1
fr	langage	197	15	unhandled	false	false			scp-104-fr,scp-130-fr,scp-150-fr,scp-173-fr,scp-262-fr
fr	mobile	198	15	jp_tag_alias	true	true	移動		proposition-du-pr-f,scp-040-fr,scp-050-fr,scp-094-fr,scp-208-fr
fr	musical	199	15	jp_tag_alias	true	true	音楽		scp-026-fr,scp-110-fr,scp-173-fr,scp-187-fr,scp-214-fr
fr	narratif	200	15	unhandled	false	false			proposition-du-pr-finalis,scp-119-fr,scp-161-fr,scp-303-fr,scp-306-fr
fr	statue	201	15	unhandled	false	false			scp-027-fr,scp-047-fr,scp-065-fr,scp-069-fr-arc,scp-081-fr
fr	taillé	202	15	unhandled	false	false			proposition-du-pr-finalis,scp-048-fr,scp-166-fr,scp-182-fr,scp-261-fr
fr	ville	203	15	unhandled	false	false			scp-079-fr,scp-122-fr,scp-365-fr,scp-444-fr,scp-477-fr
fr	automate	204	14	unhandled	false	false			edp-1504-bibelot-burnoutenfant-ebbinghaus,scp-080-fr,scp-122-fr,scp-138-fr,scp-178-fr
fr	c11fr2023	205	14	unhandled	false	false			le-concours-des-onze-ans,scp-558-fr,scp-576-fr,scp-600-fr,scp-601-fr
fr	carnivore	206	14	unhandled	false	false			scp-003-fr,scp-054-fr,scp-228-fr,scp-232-fr,scp-280-fr
fr	ch2019	207	14	jp_tag_name	true	true	ch2019		concours-halloween-2019,condamne,la-chute-du-site-nun,les-ecrits-restent,les-niveaux-inferieurs
fr	chimique	208	14	unhandled	false	false			scp-017-fr,scp-232-fr,scp-246-fr,scp-256-fr,scp-329-fr
fr	embargo	209	14	unhandled	false	false			cathedrale-de-plomb,centre-embargo,cest-donc-ca-nos-vies,diabolus-in-musica,edp-1504-bibelot-burnoutenfant-ebbinghaus
fr	génétique	210	14	unhandled	false	false			scp-121-fr,scp-143-fr,scp-199-fr,scp-202-fr,scp-272-fr
fr	internet	211	14	unhandled	false	false			scp-148-fr,scp-168-fr,scp-240-fr,scp-248-fr,scp-440-fr
fr	paradoxe	212	14	unhandled	false	false			proposition-du-dr-macro,proposition-du-pr-f,proposition-du-pr-finalis,scp-099-fr,scp-282-fr
fr	c14fr2026	213	13	unhandled	false	false			concours:c14-aloices,concours:c14-charles-magne,concours:c14-dr-bwaaa,concours:c14-felter-finalis,concours:c14-googoo
fr	c8fr2020	214	13	jp_tag_name	true	true	c8fr2020		le-concours-des-huit-ans,scp-376-fr,scp-400-fr,scp-401-fr,scp-402-fr
fr	dr-kaze	215	13	unhandled	false	false			apres-aleph-010001000110111101101101011011010110000101100111,apres-aleph-apres-aleph-confrontation-musclee,apres-aleph-equipe-3,apres-aleph-la-fuite,apres-aleph-la-traque
fr	gazeux	216	13	unhandled	false	false			scp-112-fr,scp-1402-fr-j,scp-209-fr,scp-317-fr,scp-335-fr
fr	herman-fuller	217	13	jp_tag_alias	true	true	ハーマン・フラー		concours-ravefm-partie-1,concours-ravefm-partie-2,d-une-famille-a-une-autre,des-cercles-dans-le-sable,il-s-appelait-herman
fr	lorecon2023	218	13	jp_tag_name	true	true	lorecon2023		de-fil-en-aiguille,de-laque-et-d-or,lumiere-a-l-horizon,nettoyer-astiquer,noir-blanc-jaune
fr	possession	219	13	unhandled	false	false			scp-132-fr,scp-324-fr,scp-347-fr,scp-473-fr,scp-544-fr
fr	roi-pendu	220	13	unhandled	false	false			balade-dans-sept-saisons,le-seigneur-de-ionaros-fut-pendu,scp-505-fr,scp-574-fr,scp-599-fr
fr	sexuel	221	13	unhandled	false	false			concours:c14-hona-cauchy,scp-328-fr,scp-373-fr,scp-422-fr,scp-543-fr
fr	skp	222	13	jp_tag_name	true	true	skp		concours-ravefm-partie-2,marlene,scp-423-fr,scp-433-fr,scp-531-fr
fr	virus	223	13	jp_tag_alias	true	true	ウイルス		fcp-676-fr-vi,scp-205-fr,scp-229-fr,scp-240-fr-j,scp-273-fr
fr	adulte	224	12	unhandled	false	false			concours:c14-hona-cauchy,erreur-de-style,hasard-une-infime-probabilite,infiltration-xperimentee,jouets-pour-adultes-spirituels
fr	audio	225	12	jp_tag_alias	true	true	音声添付		adaptations-audio,bender-laxouelta-creations,centre-fanarts,fanart-ema-la-yon,fanarts-oster
fr	baao	226	12	unhandled	false	false			comite-denquete-n-e-7010-1934,scp-349-fr,scp-360-fr,scp-365-fr,scp-458-fr
fr	ectoentropique	227	12	unhandled	false	false			scp-003-int,scp-099-fr,scp-471-fr,scp-476-fr,scp-478-fr
fr	humanité	228	12	unhandled	false	false			archives-de-l-oeil-du-corbeau,entretiens-avec-de-potentiels-nouveaux-dieux,guide-d-ecriture-sur-humanite,la-mort-est-une-illusion,les-danseurs-elegants
fr	inscription	229	12	jp_tag_alias	true	true	記述		scp-144-fr,scp-171-fr,scp-175-fr,scp-231-fr,scp-369-fr
fr	insurrection-du-chaos	230	12	unhandled	false	false			cold-case,experiences,gamme-d-anormaux,goutte-de-sang,les-ennemis-d-hier
fr	mem	231	12	jp_tag_alias	true	true	エリア-mem		an-tad-ar-pesked,dossier-zone-mem,scp-340-fr,scp-385-fr,scp-427-fr
fr	nme2017	232	12	jp_tag_name	true	true	nme2017		art-et-anesthetique,bavure-monumentale,concours-nos-meilleurs-ennemis,de-retour,des-cercles-dans-le-sable
fr	soleil-couche	233	12	jp_tag_alias	true	true	太陽が沈む時		appel-nocturne,centre-quand-le-soleil-se-couche,chat,je-viens-pour-aider,kilometres-avant-l-aube
fr	d-2108	234	11	unhandled	false	false			apres-aleph-demi-tour,apres-aleph-insurrection-au-site-06-03,apres-aleph-les-quatre-cavaliers,apres-aleph-tout-va-rentrer-dans-l-ordre,d-5090-privileges
fr	daleth	235	11	unhandled	false	false			delirium-mori,kwe-contre-les-ondes,reves-de-mondes-lointains,scp-414-fr,scp-439-fr
fr	diaspora	236	11	unhandled	false	false			diaspora-centre,froid-forts-fins-feroces-reves-etranges,scp-610-fr,scp-612-fr,scp-694-fr
fr	dr-gémini	237	11	unhandled	false	false			dans-le-marbre,dossier-personnel-du-dr-gemini,introduction-au-departement-de-censure-et-de-desinformation,lapsus-et-coutumes,les-malheurs-du-sophiste
fr	dr-holt	238	11	unhandled	false	false			apres-aleph-chapitre-3-un-probleme-de-taille,autochtones,diancecht,emission-archive-presentateur-inconnu-annees-60,la-petite-equipe-de-lord-dottinghton
fr	désert-humain	239	11	unhandled	false	false			desert-humain,l-age-du-marbre,la-mort-d-un-reve,la-vraie-valeur-des-choses,le-devoir-de-memoire
fr	expliqué	240	11	unhandled	false	false			ef-5247-turing-gris-nacl,proposition-lga,scp-000-5-fr-ex,scp-034-fr-ex,scp-041-fr-ex-j
fr	lamedh	241	11	unhandled	false	false			concours:c14-felter-finalis,scp-238-fr,scp-290-fr,scp-296-fr,scp-445-fr
fr	minuit-moins-cinq	242	11	unhandled	false	false			a-la-recherche-d-astro-comic,centre-de-minuit-moins-cinq,chapitre-1-la-saison-des-suicides,chapitre-2-folie-a-deux,chapitre-3-vices-et-vertus
fr	patrimoine-fr	243	11	jp_unused_replacement	true	true		殿堂入り	patrimoine-francais-de-la-fondation-scp,proposition-du-dr-grym,scp-006-fr,scp-009-fr,scp-020-fr
fr	personne	244	11	unhandled	false	false			a-toi-mon-frere-a-tous-les-notres-et-a-ceux-d-encore-au-dess,miroir-fumant,mon-vieil-ami,personne-vous-aime-autant-que-moi,proposition-de-henry-von-kartoffen
fr	radioactif	245	11	unhandled	false	false			concours:c14-kams,scp-020-fr,scp-075-fr,scp-091-fr,scp-095-fr
fr	sculpture	246	11	jp_tag_alias	true	true	彫像		scp-041-fr,scp-047-fr,scp-166-fr,scp-243-fr,scp-260-fr
fr	sous-le-monde	247	11	unhandled	false	false			ceux-qui-meurent-dans-l-encre,dossier-site-bayard,hantologies,il-etait-une-fois-l-espace,l-enfant-des-etoiles
fr	échange	248	11	unhandled	false	false			scp-133-fr,scp-286-fr,scp-397-fr,scp-460-fr,scp-500-fr
fr	électroménager	249	11	unhandled	false	false			scp-012-fr,scp-037-fr,scp-041-fr-ex-j,scp-110-fr,scp-120-fr
fr	_centre-contes	250	10	unhandled	false	false			apres-aleph,bsia,centre-de-retranscription-des-dessins-animes,desert-humain,dos-au-mur
fr	arthropode	251	10	unhandled	false	false			concours:c14-loupiote,scp-031-fr,scp-045-fr,scp-217-fr,scp-368-fr
fr	chalété2022	252	10	unhandled	false	false			chalete2022,scp-524-fr,scp-543-fr,scp-551-fr,scp-562-fr
fr	demain-comme-hier	253	10	unhandled	false	false			centre-de-demain-comme-hier,faute-de-temps,juste-un-reve,l-amertume-a-les-couleurs-de-l-ennui-mais-le-piquant-de-l-ai,les-triples-de-monsieur-smith
fr	dr-aloices	254	10	unhandled	false	false			apres-aleph-equipe-9,ariane-au-bout-du-fil,beechanisme,chapitre-1-un-miracle-en-enfer,chapitre-2-six-pieds-sous-terre
fr	dr-haures	255	10	unhandled	false	false			apres-aleph-equipe-9,chapitre-1-un-miracle-en-enfer,chapitre-2-six-pieds-sous-terre,dossier-personnel-du-dr-haures,hasard-une-infime-probabilite
fr	proposition-001	256	10	unhandled	false	false			proposition-de-henry-von-kartoffen,proposition-des-drs-gemini-et-tesla,proposition-du-dr-gray,proposition-du-dr-grym,proposition-du-dr-johannes
fr	rave-fm	257	10	unhandled	false	false			concours-ravefm-partie-1,concours-ravefm-partie-2,kwe-contre-les-ondes,operation-capricorne,quand-kwe-arrive-en-ville
fr	shark-punching-center	258	10	jp_tag_alias	true	true	サメ殴りセンター		20-000-lieues-sous-les-reves,aujourdhui-le-great-fist-harker-fut-vaincu,bavure-monumentale,dragodinde-de-toi,l-oeil-de-la-tempete
fr	thermique	259	10	unhandled	false	false			scp-033-fr,scp-072-fr,scp-091-fr,scp-184-fr,scp-209-fr
fr	transmission	260	10	jp_tag_alias	true	true	通信		proposition-de-henry-von-kartoffen,scp-136-fr,scp-170-fr,scp-381-fr,scp-383-fr
fr	aumn	261	9	unhandled	false	false			en-regardant-les-etoiles,la-femme-et-ses-poupees,le-colosse-et-sa-requete,le-jeune-et-ses-problemes,le-mage-et-ses-droles-de-dames
fr	c404fr	262	9	jp_tag_name	true	true	c404fr		le-concours-des-404-ans,scp-404-fr,scp-409-fr,scp-421-fr,scp-427-fr
fr	daevite	263	9	jp_tag_name	true	true	daevite		ascension,experiences,scp-481-fr,scp-535-fr,scp-550-fr
fr	dr-frog	264	9	jp_tag_alias	true	true	フロッグ博士		apres-aleph-partie-1-le-commencement,apres-aleph-partie-2,apres-aleph-partie-3,apres-aleph-partie-5,apres-aleph-une-ombre-dans-la-neige
fr	gravité	265	9	unhandled	false	false			archirelique-n-24,scp-140-fr,scp-141-fr,scp-172-fr,scp-223-fr
fr	horlogerie	266	9	unhandled	false	false			proposition-de-henry-von-kartoffen,scp-076-fr,scp-131-fr,scp-178-fr,scp-217-fr
fr	hurleur-de-motifs	267	9	unhandled	false	false			ef-5247-turing-gris-nacl,les-triples-de-monsieur-smith,proposition-de-henry-von-kartoffen,scp-410-fr,scp-429-fr
fr	incident	268	9	jp_tag_alias	true	true	インシデント		copie-numerique-du-rapport-scp-316-fr-pour-accreditations-4,document-115-fr-a,document-178-fr-3-a,incident-01-091,projet-renaissance
fr	initiative-horizon	269	9	unhandled	false	false			archirelique-n-24,edc-1742-fidji-bercemorphe,proposition-du-dr-macro,scp-242-fr,scp-242-fr-b
fr	kommissaer-mortarion	270	9	unhandled	false	false			apres-aleph-demi-tour,apres-aleph-insurrection-au-site-06-03,apres-aleph-les-quatre-cavaliers,apres-aleph-partie-1-le-commencement,apres-aleph-partie-3
fr	marawi	271	9	unhandled	false	false			scp-360-fr,scp-365-fr,scp-451-fr,scp-487-fr,scp-514-fr
fr	mimétique	272	9	unhandled	false	false			scp-195-fr,scp-378-fr,scp-387-fr,scp-554-fr,scp-585-fr
fr	mobilier	273	9	unhandled	false	false			scp-072-fr,scp-163-fr,scp-208-fr,scp-279-fr,scp-394-fr
fr	ordinateur	274	9	unhandled	false	false			scp-120-fr,scp-130-fr,scp-168-fr,scp-211-fr,scp-259-fr
fr	probabilité	275	9	unhandled	false	false			proposition-du-pr-finalis,scp-014-fr,scp-074-fr,scp-236-fr,scp-397-fr
fr	protocole-dcd	276	9	unhandled	false	false			centre-du-dcd,dcd-0012,dcd-0122,dcd-1789,dcd-2874
fr	prédictif	277	9	unhandled	false	false			scp-004-fr,scp-099-fr,scp-129-fr,scp-138-fr,scp-191-fr
fr	reproduction	278	9	unhandled	false	false			scp-199-fr,scp-298-fr,scp-328-fr,scp-421-fr,scp-520-fr
fr	restaurants-ambrose	279	9	unhandled	false	false			ambrose-bretagne,ambrose-paris,ambrose-val-de-loire,cessation-dactivite,invitation-a-diner
fr	spé-giacardi	280	9	unhandled	false	false			apres-aleph-de-l-atlantique-a-la-volga,apres-aleph-equipe-6-partie-2-seul-dehors,apres-aleph-equipe-6-partie-3-eveil,apres-aleph-equipe-6-partie-5-cendres,l-age-du-marbre
fr	tactile	281	9	jp_tag_alias	true	true	触覚		scp-218-fr,scp-332-fr,scp-357-fr,scp-594-fr,scp-624-fr
fr	thermodynamique	282	9	unhandled	false	false			concours:c14-loupiote,proposition-de-henry-von-kartoffen,proposition-du-dr-johannes,scp-160-fr,scp-205-fr
fr	u2i	283	9	unhandled	false	false			gamme-d-anormaux,proposition-du-pr-f,scp-541-fr,telephone-de-chaos-sdib2-41x96-d2f7e,tout-acte-a-des-consequences
fr	zayin	284	9	jp_tag_alias	true	true	サイト-zayin		concours:c14-googoo,concours:c14-kams,lours-et-le-requin,proposition-du-pr-f,scp-125-fr
fr	ch2024	285	8	unhandled	false	false			dans-le-sas,dcd-3110,de-compter-mon-cerveau-s-est-arrete,five-nights-at-luigis,les-griffes-du-confiseur
fr	dr-tesla	286	8	unhandled	false	false			comic-halloween-2019,dans-le-marbre,dossier-personnel-du-dr-tesla,la-reincarnation-et-son-role-dans-l-histoire-de-l-humanite-e,les-malheurs-du-sophiste
fr	gdi2019	287	8	unhandled	false	false			en-regardant-les-etoiles,la-femme-et-ses-poupees,la-naissance-d-un-immortel,le-colosse-et-sa-requete,le-jeune-et-ses-problemes
fr	prometheus	288	8	jp_tag_alias	true	true	プロメテウス		de-fil-en-aiguille,demande-reel-mensonges,scp-229-fr,scp-273-fr,scp-500-fr
fr	prose	289	8	unhandled	false	false			scp-542-fr,vagabonds:de-la-persistance-de-l-ombre,vagabonds:deux-cent-cinquante-cinq-deux-cent-cinquante-six,vagabonds:force,vagabonds:memoires-d-un-chene
fr	reptilien	290	8	unhandled	false	false			concours:c14-hona-cauchy,scp-036-fr,scp-103-fr,scp-143-fr,scp-164-fr
fr	second-hytoth	291	8	jp_tag_alias	true	true	第二ハイトス教会		cinq-et-sept,de-tout-mes-coeurs,froid-forts-fins-feroces-reves-etranges,la-danse-des-feuilles-mortes-partie-ii,scp-601-fr
fr	sphère	292	8	unhandled	false	false			edp-1504-bibelot-burnoutenfant-ebbinghaus,scp-131-fr,scp-193-fr,scp-254-fr,scp-274-fr
fr	squelettique	293	8	unhandled	false	false			scp-178-fr,scp-220-fr,scp-242-fr-b,scp-252-fr,scp-270-fr
fr	<500	294	7	unhandled	false	false			concours-du-scp-de-moins-de-500-mots,scp-103-fr,scp-113-fr,scp-119-fr,scp-155-fr
fr	alagadda	295	7	jp_tag_alias	true	true	アラガッダ		froid-forts-fins-feroces-reves-etranges,scp-505-fr,scp-599-fr,scp-672-fr,une-tragedie-acte-5
fr	appareil	296	7	unhandled	false	false			edp-1504-bibelot-burnoutenfant-ebbinghaus,scp-594-fr,scp-644-fr,scp-666-fr,scp-674-fr
fr	ayin	297	7	jp_tag_alias	true	true	サイト-ayin		apres-aleph-chapitre-5-tombe-du-ciel,concours:c14-loupiote,scp-086-fr,scp-341-fr,scp-495-fr
fr	c3fr2015	298	7	jp_tag_name	true	true	c3fr2015		concours-des-trois-ans-de-la-branche-francaise,proposition-du-dr-johannes,scp-069-fr-arc,scp-085-fr-arc,scp-087-fr
fr	canin	299	7	unhandled	false	false			scp-015-int,scp-252-fr,scp-259-fr,scp-284-fr,scp-313-fr
fr	ccsg	300	7	jp_tag_name	true	true	ccsg		proposition-du-dr-macro,scp-423-fr,scp-466-fr,scp-511-fr,scp-535-fr
fr	département-d-alchimie	301	7	unhandled	false	false			scp-471-fr,scp-565-fr,scp-567-fr,scp-575-fr,scp-597-fr
fr	gentleman-dream	302	7	unhandled	false	false			gentleman-dream-centre,gentleman-dream-chapitre-1,gentleman-dream-chapitre-2,gentleman-dream-chapitre-3,gentleman-dream-chapitre-4
fr	ghimel	303	7	jp_tag_alias	true	true	サイト-ghimel		scp-053-fr,scp-166-fr,scp-508-fr,scp-571-fr,scp-680-fr
fr	image	304	7	unhandled	false	false			concours:c14-jtdn,scp-542-fr,scp-565-fr,scp-597-fr,scp-797-fr
fr	instrument	305	7	unhandled	false	false			scp-039-fr,scp-160-fr,scp-315-fr,scp-351-fr,scp-540-fr
fr	invertébré	306	7	unhandled	false	false			scp-019-fr,scp-058-fr,scp-228-fr,scp-471-fr,scp-606-fr
fr	l-administrateur	307	7	unhandled	false	false			confine-moi-dans-tes-bras,proposition-de-henry-von-kartoffen,proposition-du-pr-f,scp-354-fr,scp-552-fr
fr	mathématique	308	7	unhandled	false	false			concours:c14-felter-finalis,proposition-du-dr-grym,scp-039-fr,scp-375-fr,scp-592-fr
fr	mythologique	309	7	unhandled	false	false			scp-542-fr,scp-551-fr,scp-597-fr,scp-642-fr,vagabonds:le-fruit-defendu
fr	oiseaux-de-papier	310	7	unhandled	false	false			concours-ravefm-partie-2,concours:c14-sylvelight,passe-toile,rapport-d-ecoute-du-18-10-2025-mon-cygne-noir,scp-660-fr
fr	omnivore	311	7	unhandled	false	false			scp-058-fr,scp-082-fr,scp-142-fr,scp-203-fr,scp-319-fr
fr	reine-noire	312	7	unhandled	false	false			confine-moi-dans-tes-bras,gamme-d-anormaux,loto-de-l-ombre,maman-me-manque-pas-vous,promenons-nous-dans-les-bois
fr	soleil	313	7	unhandled	false	false			scp-022-fr,scp-099-fr,scp-255-fr,scp-639-fr,scp-662-fr
fr	wilson	314	7	unhandled	false	false			affiche-camille,danger-vampires,monologue-a-deux,profil-de-bestiole-kevin,profil-de-bestiole-swindu
fr	anderson	315	6	jp_tag_alias	true	true	アンダーソン		nx-117,scp-259-fr,scp-457-fr,scp-587-fr,scp-720-fr
fr	chroniques-de-saphir	316	6	unhandled	false	false			chasser-le-mal,chroniques-de-saphir,partager-le-vin,rompre-le-pain,trouver-l-absolution
fr	comité-d-éthique	317	6	unhandled	false	false			diluer-le-sang-dune-vierge,proposition-de-henry-von-kartoffen,scp-291-fr,scp-319-fr,scp-430-fr
fr	corrosif	318	6	unhandled	false	false			fcp-676-fr-vi,scp-034-fr,scp-373-fr,scp-537-fr,scp-591-fr
fr	cube	319	6	unhandled	false	false			scp-037-fr,scp-102-fr,scp-231-fr,scp-467-fr,scp-584-fr
fr	dead-man-s-hand	320	6	unhandled	false	false			if-the-rain-comes-back-it-washes-away-all-your-pain,the-hand-of-fate-is-on-me-now-it-pick-me-up-and-knock-me-dow,two-million-ways-to-lie,what-news-from-the-west-o-wandering-wind,windmill-for-the-land
fr	digestion	321	6	unhandled	false	false			scp-266-fr,scp-418-fr,scp-528-fr,scp-605-fr,scp-687-fr
fr	dr-attano	322	6	unhandled	false	false			conference-d-histoire-antique-anormale,l-age-du-marbre,ombres-post-modernes,page-d-auteur-du-dr-attano,perte-artistique
fr	dr-cendres	323	6	unhandled	false	false			apres-aleph-equipe-6-partie-6-on-m-a-appele,apres-aleph-equipe-6-partie-7-sweet-euphoria,comic-halloween-2019,dossier-personnel-du-dr-cendres,loin-des-yeux-loin-du-coeur
fr	dr-johannes	324	6	unhandled	false	false			apres-aleph-demi-tour,apres-aleph-tout-va-rentrer-dans-l-ordre,dossier-personnel-du-dr-johannes,la-petite-equipe-de-lord-dottinghton,scp-738-fr
fr	dr-sonitrok	325	6	unhandled	false	false			apres-aleph-demi-tour,apres-aleph-insurrection-au-site-06-03,apres-aleph-les-quatre-cavaliers,apres-aleph-tout-va-rentrer-dans-l-ordre,la-petite-equipe-de-lord-dottinghton
fr	esprit-de-chicago	326	6	unhandled	false	false			il-neige-sur-chicago,proposition-du-pr-f,scp-501-fr,service-truand,u2i-document-1973-097
fr	fongique	327	6	unhandled	false	false			scp-361-fr,scp-473-fr,scp-502-fr,scp-755-fr,scp-770-fr
fr	félin	328	6	unhandled	false	false			edc-1742-fidji-bercemorphe,scp-090-fr,scp-225-fr,scp-391-fr,scp-721-fr
fr	guide	329	6	unhandled	false	false			forces-intervention,forces-intervention-mineures,groupes-d-interet-fr,groupes-d-interet-mineurs-fr,guide-de-publication
fr	la-fin-de-la-mascarade	330	6	unhandled	false	false			dda-centre,demande-reel-mensonges,la-librairie,le-pornographe,propriete-intellectuelle
fr	lépidoptère	331	6	unhandled	false	false			scp-214-fr,scp-334-fr,scp-500-fr,scp-589-fr,scp-635-fr
fr	microscopique	332	6	unhandled	false	false			concours:c14-hufor,scp-199-fr,scp-329-fr,scp-353-fr,scp-373-fr
fr	parawatch	333	6	jp_tag_alias	true	true	パラウォッチ		donjon-des-champs,dragodinde-de-toi,ma-verite-est-ailleurs,ne-montez-pas,scp-504-fr
fr	performance	334	6	jp_tag_alias	true	true	芸能		scp-180-fr,scp-470-fr,scp-488-fr,scp-540-fr,scp-544-fr
fr	resh	335	6	unhandled	false	false			defaillance-dans-la-decoherence,scp-725-fr,scp-737-fr,scp-742-fr,scp-789-fr
fr	récit	336	6	unhandled	false	false			vagabonds:cobalt-stab,vagabonds:emprunt-mutuellement-benefique,vagabonds:je-crois-que-je-n-ai-pas-de-corps,vagabonds:juste-derriere-moi,vagabonds:le-ver-salutaire
fr	apcca	337	5	unhandled	false	false			concours-ravefm-partie-2,sai-2001,scp-473-fr,scp-476-fr,scp-502-fr
fr	archives	338	5	unhandled	false	false			scp-527-fr,scp-597-fr,scp-617-fr,vagabonds:deux-cent-cinquante-cinq-deux-cent-cinquante-six,vagabonds:ne-pas-abimer-les-livres
fr	bactérie	339	5	unhandled	false	false			scp-121-fr,scp-329-fr,scp-353-fr,scp-378-fr,scp-417-fr
fr	batracien	340	5	unhandled	false	false			crooaaar-en-l-amour,scp-270-fr,scp-403-fr,scp-727-fr,tomber-dans-les-bras-de-boree
fr	chalete2025	341	5	unhandled	false	false			defaillance-dans-la-decoherence,scp-725-fr,scp-737-fr,scp-742-fr,scp-789-fr
fr	clé	342	5	unhandled	false	false			scp-178-fr,scp-244-fr,scp-259-fr,scp-495-fr,scp-500-fr
fr	dado	343	5	jp_tag_name	true	true	dado		cp-dvcvap,dado-darling,des-fleurs-pour-dado,scp-607-fr,scp-729-fr
fr	dessin-animé	344	5	unhandled	false	false			centre-de-retranscription-des-dessins-animes,gruesome-tale,kid-s-show,kid-s-show-edition-anormal,kid-s-show-shutdown-gouvernemental
fr	dimensionnel	345	5	unhandled	false	false			scp-066-fr,scp-068-fr,scp-100-fr,scp-636-fr,scp-641-fr
fr	dr-hinault	346	5	unhandled	false	false			content-de-l-entendre-encore,dossier-personnel-du-dr-hinault,ma-bubulle-bien-aimee,un-saumon-au-sommet-1,un-saumon-au-sommet-2
fr	elasmobranchii	347	5	unhandled	false	false			scp-248-fr,scp-256-fr,scp-263-fr,scp-504-fr,scp-529-fr
fr	enfants-de-la-nuit	348	5	unhandled	false	false			cinq-et-sept,froid-forts-fins-feroces-reves-etranges,scp-534-fr,scp-689-fr,traite-d-anomalolithisation
fr	int	349	5	jp_tag_name	true	true	int		scp-003-int,scp-006-int,scp-015-int,scp-021-int,scp-097-int
fr	monsieur	350	5	unhandled	false	false			1-m-sans-tete-comic,scp-286-fr,scp-318-fr,scp-410-fr,scp-454-fr
fr	muridé	351	5	unhandled	false	false			scp-232-fr,scp-266-fr,scp-360-fr,scp-391-fr,scp-545-fr
fr	nahuaislean	352	5	unhandled	false	false			scp-439-fr,scp-639-fr,traite-d-anomalolithisation,xks2018:les-ailes-de-demain-voleront-sur-l-europe,xks2018:premieres-notes-et-resultats
fr	olfactif	353	5	unhandled	false	false			scp-005-fr,scp-357-fr,scp-635-fr,scp-690-fr,scp-770-fr
fr	roi-écarlate	354	5	unhandled	false	false			scp-499-fr,scp-601-fr,sympathie-pour-le-devot,un-amour-rouge-comme-le-fer,une-histoire-qui-ne-peut-pas-etre-contee
fr	réponse-amorce	355	5	unhandled	false	false			vagabonds:de-la-persistance-de-l-ombre,vagabonds:deux-cent-cinquante-cinq-deux-cent-cinquante-six,vagabonds:emprunt-mutuellement-benefique,vagabonds:juste-derriere-moi,vagabonds:une-poignee-de-la-foudre-du-ciel
fr	samech	356	5	unhandled	false	false			d-un-pere-a-sa-fille,guimauve,hasard-une-infime-probabilite,scp-370-fr,scp-764-fr
fr	verre	357	5	unhandled	false	false			scp-160-fr,scp-267-fr,scp-391-fr,scp-568-fr,scp-686-fr
fr	_cmo	358	4	unhandled	false	false			edc-1742-fidji-bercemorphe,edl-3512-kewpie-kringle-warhol,edp-1504-bibelot-burnoutenfant-ebbinghaus,ef-5247-turing-gris-nacl
fr	_mc&d	359	4	jp_tag_name	true	true	_mc&d		gamme-d-anormaux,jouets-pour-adultes-spirituels,oliphant-airavata,telephone-de-chaos-sdib2-41x96-d2f7e
fr	alexylva	360	4	jp_tag_alias	true	true	alexylva大学		concours-ravefm-partie-2,scp-219-fr,scp-272-fr,scp-456-fr
fr	argile	361	4	unhandled	false	false			scp-065-fr,scp-248-fr,scp-357-fr,scp-418-fr
fr	bijou	362	4	unhandled	false	false			scp-018-fr,scp-323-fr,scp-348-fr,scp-428-fr
fr	brai	363	4	unhandled	false	false			scp-281-fr,scp-467-fr,scp-509-fr,scp-707-fr
fr	c2fr2014	364	4	jp_tag_name	true	true	c2fr2014		le-concours-des-2-ans-de-la-fondation,scp-021-fr,scp-022-fr,scp-050-fr
fr	carte	365	4	unhandled	false	false			scp-029-fr,scp-258-fr,scp-337-fr,scp-516-fr
fr	cétacé	366	4	unhandled	false	false			scp-247-fr,scp-264-fr,scp-601-fr,scp-718-fr
fr	dentaire	367	4	unhandled	false	false			fcp-676-fr-vi,scp-486-fr,scp-635-fr,scp-665-fr
fr	divin	368	4	unhandled	false	false			scp-542-fr,scp-551-fr,scp-597-fr,scp-642-fr
fr	dr-alwaid	369	4	unhandled	false	false			ci-gisent-les-cranes,dossier-personnel-d-alwaid,revue-es-aw-1921,salut-a-toi
fr	dr-gray	370	4	unhandled	false	false			comic-halloween-2019,dossier-personnel-dr-gray,rapport-d-experience-182-fr-02,what-news-from-the-west-o-wandering-wind
fr	en	371	4	jp_tag_name	true	true	en		archived-scps,joke-scps,scp-015-int,scp-ex
fr	entité	372	4	unhandled	false	false			vagabonds:de-la-persistance-de-l-ombre,vagabonds:juste-derriere-moi,vagabonds:le-ver-salutaire,vagabonds:les-six-seigneurs-de-la-vallee-de-kai
fr	fable	373	4	unhandled	false	false			vagabonds:eco-systeme-pileux,vagabonds:la-lune-le-canal-et-le-renard,vagabonds:le-fruit-defendu,vagabonds:orphee-contre-le-gardien-des-enfers
fr	futur	374	4	unhandled	false	false			scp-077-fr,scp-232-fr,scp-243-fr,scp-282-fr
fr	fécal	375	4	unhandled	false	false			scp-328-fr,scp-439-fr,scp-687-fr,scp-690-fr
fr	grand-dieu-vert	376	4	unhandled	false	false			entretiens-avec-de-potentiels-nouveaux-dieux,phytogenese,scp-425-fr,scp-517-fr
fr	gustatif	377	4	unhandled	false	false			scp-210-fr,scp-408-fr,scp-451-fr,scp-520-fr
fr	les-mots	378	4	unhandled	false	false			j-ai-donne-mon-ame-parce-qu-on-me-l-a-demandee,l-ombre-d-un-echo,les-mots-des-narrateurs,rosa-alba
fr	manne	379	4	unhandled	false	false			scp-275-fr,scp-319-fr,scp-444-fr,seconde-donation-des-gentilshommes-humanistes
fr	orgueil-et-supprimé	380	4	unhandled	false	false			1975,dans-le-marbre,les-malheurs-du-sophiste,ne-en-neant
fr	pangea	381	4	unhandled	false	false			gendastrerie-centre,goc-supplemental-implantation-fr,scp-427-fr,ulia
fr	piscus	382	4	unhandled	false	false			scp-247-fr,scp-331-fr,scp-498-fr,scp-500-fr
fr	planète	383	4	unhandled	false	false			scp-141-fr,scp-281-fr,scp-293-fr,scp-451-fr
fr	site	384	4	jp_tag_alias	true	true	サイト		dossier-site-bayard,dossier-site-beth,dossier-site-yod,dossier-zone-mem
fr	soleil-couche-scp	385	4	jp_tag_alias	true	true	asp		scp-fra31-236,scp-fra93-062,scp-fra94-255,scp-que21-075
fr	tav	386	4	jp_tag_alias	true	true	サイト-tav		concours:c14-hona-cauchy,scp-056-fr,scp-603-fr,scp-796-fr
fr	théologie-tactique	387	4	unhandled	false	false			concours:c14-felter-finalis,scp-551-fr,scp-766-fr,scp-796-fr
fr	toxique	388	4	unhandled	false	false			scp-005-fr,scp-072-fr,scp-286-fr,scp-741-fr
fr	vêtements	389	4	unhandled	false	false			scp-075-fr,scp-132-fr,scp-566-fr,scp-647-fr
fr	_et-maintenant-on-est-cool	390	3	unhandled	false	false			proposition-de-projet-2019-319,proposition-de-projet-2023-011,xks2018:proposition-de-projet-1976-075-chut
fr	_gru	391	3	unhandled	false	false			dossier-de-la-gru-p-cosmodrome-von-braun,xks2018:dossier-du-gru-p-aire-dimensionnelle-a-expansion-con,xks2018:dossier-du-gru-p-foudre-de-marawi
fr	_restaurants-ambrose	392	3	unhandled	false	false			ambrose-bretagne,ambrose-paris,ambrose-val-de-loire
fr	apparition	393	3	unhandled	false	false			scp-522-fr,scp-552-fr,vagabonds:emprunt-mutuellement-benefique
fr	arachnide	394	3	unhandled	false	false			scp-349-fr,scp-523-fr,scp-635-fr
fr	archivé	395	3	unhandled	false	false			scp-069-fr-arc,scp-085-fr-arc,scp-099-fr-arc
fr	avenir	396	3	unhandled	false	false			scp-099-fr,scp-539-fr,scp-621-fr
fr	bovin	397	3	unhandled	false	false			scp-518-fr,scp-671-fr,scp-693-fr
fr	dottinghton	398	3	unhandled	false	false			a-la-recherche-de-scarlet,histoire-d-un-cataclysme,la-petite-equipe-de-lord-dottinghton
fr	espace	399	3	unhandled	false	false			vagabonds:eco-systeme-pileux,vagabonds:le-ver-salutaire,vagabonds:une-bague-dans-un-bout-d-univers
fr	exploration	400	3	jp_tag_alias	true	true	探査		exploration-466-fr,exploration-466-fr-4,xks2018:au-dela-de-xibalba
fr	faeowynn-wilson	401	3	jp_tag_alias	true	true	フェオウィン・ウィルソン		d-une-famille-a-une-autre,le-fabuleux-rendez-vous-galant-du-maitre-des-lieux,monologue-a-deux
fr	ijiepa	402	3	unhandled	false	false			hoshito-et-le-projet-shufuku,nx-117,scp-532-fr
fr	initiative-des-trois-lunes	403	3	unhandled	false	false			avalon,et-le-monde-cessa-de-rever,proposition-du-dr-macro
fr	intcon2023	404	3	jp_tag_name	true	true	intcon2023		scp-015-int,scp-021-int,scp-097-int
fr	iris-dark	405	3	jp_tag_alias	true	true	アイリス・ダーク		a-l-intention-de-la-businesswoman-de-mon-coeur,changer-lor-en-plomb,soyons-fous
fr	isabel-v	406	3	jp_tag_alias	true	true	イザベル五世		scp-003-int,service-truand,toi-et-personne-d-autre
fr	la-fabrique	407	3	unhandled	false	false			proposition-de-henry-von-kartoffen,scp-097-fr,scp-x-fr-j
fr	la-rue-macabre	408	3	jp_tag_alias	true	true	ラ・リュー・マカーブラー		renaitre-en-brisant-la-glace,scp-500-fr,scp-777-fr
fr	lettre	409	3	unhandled	false	false			vagabonds:la-grace-est-un-don-d-amour,vagabonds:le-fruit-defendu,vagabonds:missive-a-classer-rangee-des-cris-du-coeur
fr	moi-et-moi-seul	410	3	unhandled	false	false			scp-102-fr,scp-149-fr,scp-167-fr
fr	nouvelle-génération	411	3	unhandled	false	false			autochtones,diancecht,rentree-en-matiere
fr	ophidien	412	3	unhandled	false	false			proposition-des-drs-gemini-et-tesla,scp-526-fr,scp-635-fr
fr	ovin	413	3	unhandled	false	false			scp-209-fr,scp-418-fr,scp-693-fr
fr	polyédrique	414	3	unhandled	false	false			scp-259-fr,scp-522-fr,scp-700-fr
fr	satellite	415	3	jp_tag_alias	true	true	衛星		scp-159-fr,scp-193-fr,scp-707-fr
fr	spé-arcaël	416	3	unhandled	false	false			apres-aleph-de-l-atlantique-a-la-volga,apres-aleph-equipe-6-partie-1-falling-down,apres-aleph-equipe-6-partie-4-i-will-survive
fr	série-introduction	417	3	unhandled	false	false			introduction-ep-1,introduction-ep-2,introduction-fr
fr	_main-du-serpent	418	2	unhandled	false	false			la-tour-du-candelabre,xks2018:le-cercle-noir-d-ixtab
fr	_reine-noire	419	2	unhandled	false	false			maman-me-manque-pas-vous,xks2018:origines
fr	_u2i	420	2	unhandled	false	false			u2i-document-1973-097,xks2018:u2i-document-1963-11
fr	académie-des-mages	421	2	unhandled	false	false			avalon,xks2018:chapitre-de-la-pierre-de-sobek-et-du-spoutnik
fr	alda	422	2	unhandled	false	false			scp-642-fr,scp-795-fr
fr	anormalités	423	2	unhandled	false	false			scp-561-fr,scp-581-fr
fr	apoïde	424	2	unhandled	false	false			scp-363-fr,scp-635-fr
fr	archon	425	2	jp_tag_name	true	true	archon		proposition-du-pr-finalis,scp-534-fr
fr	bibliothécaire	426	2	unhandled	false	false			scp-500-fr,scp-655-fr
fr	bibliothécaires	427	2	unhandled	false	false			vagabonds:cobalt-stab,vagabonds:gravure-sur-un-panneau-de-bois
fr	chronographe	428	2	unhandled	false	false			scp-348-fr,scp-433-fr
fr	creepypasta	429	2	jp_tag_alias	true	true	クリーピーパスタ		dans-l-orbite-de-jack,ne-montez-pas
fr	cristallin	430	2	unhandled	false	false			scp-392-fr,scp-575-fr
fr	céphalopode	431	2	unhandled	false	false			scp-057-fr,scp-601-fr
fr	diaa	432	2	unhandled	false	false			proposition-de-henry-von-kartoffen,scp-786-fr
fr	es	433	2	jp_tag_name	true	true	es		scp-006-int,scp-097-int
fr	extrémité	434	2	unhandled	false	false			scp-568-fr,scp-594-fr
fr	fondation-de-sa-majesté	435	2	unhandled	false	false			proposition-des-drs-gemini-et-tesla,scp-787-fr
fr	formicidae	436	2	unhandled	false	false			scp-073-fr,scp-459-fr
fr	geôliers	437	2	unhandled	false	false			vagabonds:emprunt-mutuellement-benefique,vagabonds:missive-a-classer-rangee-des-cris-du-coeur
fr	grand-karciste-ion	438	2	unhandled	false	false			proposition-du-dr-maquereau,proposition-du-pr-f
fr	institut-de-l-anormal	439	2	unhandled	false	false			copie-numerique-du-rapport-scp-316-fr-pour-accreditations-4,xks2018:operation-neuvieme-soleil
fr	it	440	2	jp_tag_name	true	true	it		scp-006-int,scp-021-int
fr	joueurs-contre-l-herbe	441	2	unhandled	false	false			tu-m-as-laisse-en-vu-sans-faire-expres-ahah,une-saint-valentin-trop-cool
fr	journal	442	2	unhandled	false	false			scp-542-fr,vagabonds:vivisection-de-l-au-dela
fr	lune	443	2	unhandled	false	false			scp-615-fr,scp-719-fr
fr	mac	444	2	jp_tag_name	true	true	mac		scp-650-fr,tout-acte-a-des-consequences
fr	mm-et-cdm	445	2	unhandled	false	false			scp-003-int,une-sorciere-a-la-mer
fr	oculaire	446	2	unhandled	false	false			scp-632-fr,scp-635-fr
fr	ombre	447	2	unhandled	false	false			scp-676-fr,scp-766-fr
fr	photographique	448	2	unhandled	false	false			scp-629-fr,scp-735-fr
fr	rapport	449	2	unhandled	false	false			vagabonds:l-herbonomicon,vagabonds:note-glissee-au-milieu-des-pages-vertes
fr	religion	450	2	unhandled	false	false			scp-796-fr,scp-797-fr
fr	sans-nom	451	2	unhandled	false	false			l-antre-des-ogres,traite-d-anomalolithisation
fr	singe	452	2	unhandled	false	false			scp-165-fr,scp-445-fr
fr	sport	453	2	jp_tag_alias	true	true	スポーツ		scp-248-fr,scp-622-fr
fr	tou-hei	454	2	unhandled	false	false			scp-714-fr,scp-795-fr
fr	transition	455	2	unhandled	false	false			avertissement,avertissement-scp-001-fr
fr	trois-portlands	456	2	unhandled	false	false			scp-503-fr,scp-514-fr
fr	télékinétique	457	2	unhandled	false	false			scp-334-fr,scp-696-fr
fr	ursidé	458	2	unhandled	false	false			scp-411-fr,scp-729-fr
fr	vedette-fr	459	2	unhandled	false	false			contes-vedettes-archives,scp-vedettes-archives
fr	équin	460	2	unhandled	false	false			scp-603-fr,scp-693-fr
fr	événement	461	2	unhandled	false	false			scp-542-fr,scp-552-fr
fr	_académie-des-mages	462	1	unhandled	false	false			xks2018:chapitre-de-la-pierre-de-sobek-et-du-spoutnik
fr	_baao	463	1	unhandled	false	false			comite-denquete-n-e-7010-1934
fr	_esprit-de-chicago	464	1	unhandled	false	false			xks2018:transaction-n-59
fr	_gendastrerie	465	1	unhandled	false	false			dossier-broch-majax-theodor
fr	_gentilshommes	466	1	unhandled	false	false			xks2018:les-ailes-de-demain-voleront-sur-l-europe
fr	_herman-fuller	467	1	jp_tag_alias	true	true	_ハーマン・フラー		xks2018:ahurissante-armee-acrobates
fr	_initiative-des-trois-lunes	468	1	unhandled	false	false			avalon
fr	_initiative-horizon	469	1	unhandled	false	false			archirelique-n-24
fr	_institut-de-l-anormal	470	1	unhandled	false	false			xks2018:operation-neuvieme-soleil
fr	_sarkique	471	1	unhandled	false	false			xks2018:chants-de-dissension
fr	_second-hytoth	472	1	jp_tag_alias	true	true	_第二ハイトス教会		xks2018:le-naufrage-des-nouvelles-iles
fr	_shark-punching-center	473	1	jp_tag_alias	true	true	_サメ殴りセンター		proposition-du-dr-maquereau
fr	_univers-île	474	1	unhandled	false	false			centro-centre-18-20-oct-312
fr	accoustique	475	1	unhandled	false	false			scp-718-fr
fr	admin	476	1	jp_tag_alias	true	true	管理		vagabonds:premiere-aile-fr
fr	alchimie	477	1	unhandled	false	false			scp-586-fr
fr	aldon	478	1	jp_tag_alias	true	true	アルドン		scp-571-fr
fr	amao	479	1	unhandled	false	false			de-fil-en-aiguille
fr	apollyon	480	1	jp_tag_name	true	true	apollyon		proposition-de-henry-von-kartoffen
fr	après-vie	481	1	unhandled	false	false			proposition-du-dr-macro
fr	arbre	482	1	unhandled	false	false			scp-612-fr
fr	arcadia	483	1	jp_tag_alias	true	true	アルカディア		scp-680-fr
fr	arpenteurs	484	1	unhandled	false	false			concours-ravefm-partie-2
fr	autre-monde	485	1	unhandled	false	false			vagabonds:vivisection-de-l-au-dela
fr	avertissement_épilepsie	486	1	unhandled	false	false			scp-747-fr
fr	blackwood	487	1	jp_tag_name	true	true	blackwood		scp-117-fr-ex
fr	boite	488	1	unhandled	false	false			scp-784-fr
fr	brillant-seigneur	489	1	unhandled	false	false			theologie
fr	cargaisons-insolites	490	1	unhandled	false	false			scp-728-fr
fr	cfo	491	1	jp_tag_name	true	true	cfo		scp-498-fr
fr	cgom	492	1	unhandled	false	false			entretiens-avec-de-potentiels-nouveaux-dieux
fr	chercheur-talloran	493	1	unhandled	false	false			vous-etes-au-centre-de-tout
fr	chélonien	494	1	unhandled	false	false			scp-197-fr
fr	conscience	495	1	unhandled	false	false			scp-626-fr
fr	conte-du-collectionneur	496	1	unhandled	false	false			1-m-sans-tete-comic
fr	cryptozoologique	497	1	unhandled	false	false			vagabonds:une-vache-dans-la-bibliotheque
fr	culte-chopinien	498	1	unhandled	false	false			entretiens-avec-de-potentiels-nouveaux-dieux
fr	danger-sensitif	499	1	unhandled	false	false			concours:c14-felter-finalis
fr	dark-sushi	500	1	unhandled	false	false			scp-622-fr
fr	de	501	1	jp_tag_name	true	true	de		scp-003-int
fr	division-des-affaires-spéciales	502	1	unhandled	false	false			ulia
fr	docteur-de-la-peste	503	1	unhandled	false	false			ce-qu-une-femme-ne-peut-faire
fr	dr-clef	504	1	unhandled	false	false			diabolus-in-musica
fr	dr-everwood	505	1	unhandled	false	false			scp-711-fr
fr	dr-faust	506	1	unhandled	false	false			scp-003-int
fr	dr-macro	507	1	unhandled	false	false			macro-au-micro
fr	dr-wondertainement	508	1	unhandled	false	false			concours-ravefm-partie-2
fr	dynastie-xia	509	1	unhandled	false	false			proposition-du-pr-f
fr	el	510	1	jp_tag_name	true	true	el		scp-006-int
fr	emoec	511	1	unhandled	false	false			scp-702-fr
fr	en-attente	512	1	unhandled	false	false			scp-726-fr
fr	enfer-insectoïde	513	1	unhandled	false	false			scp-571-fr
fr	entropie	514	1	unhandled	false	false			scp-711-fr
fr	espace-dimensionnel	515	1	unhandled	false	false			scp-598-fr
fr	fleurs	516	1	unhandled	false	false			scp-780-fr
fr	fédération-galactique	517	1	unhandled	false	false			entretiens-avec-de-potentiels-nouveaux-dieux
fr	gdg	518	1	unhandled	false	false			entretiens-avec-de-potentiels-nouveaux-dieux
fr	gdi	519	1	unhandled	false	false			une-parade-pour-les-oiseaux
fr	heimdall	520	1	jp_tag_alias	true	true	ヘイムダル		proposition-du-pr-f
fr	histoires-dimensionnelles	521	1	unhandled	false	false			scp-461-fr
fr	horde-d-or	522	1	unhandled	false	false			scp-595-fr
fr	hy-brasil	523	1	jp_tag_alias	true	true	ハイ・ブラジル		traite-d-anomalolithisation
fr	iacs	524	1	unhandled	false	false			concours:c14-felter-finalis
fr	immatériel	525	1	unhandled	false	false			scp-796-fr
fr	insectivore	526	1	unhandled	false	false			scp-780-fr
fr	lampeter	527	1	jp_tag_alias	true	true	ランピーター		scp-695-fr
fr	lepus	528	1	unhandled	false	false			scp-210-fr
fr	liferaft	529	1	unhandled	false	false			noir-blanc-jaune
fr	llumière	530	1	unhandled	false	false			scp-635-fr
fr	magnétique	531	1	unhandled	false	false			scp-631-fr
fr	maria-jones	532	1	jp_tag_alias	true	true	マリア・ジョーンズ		mail-a-un-reve
fr	marion-wheeler	533	1	jp_tag_alias	true	true	マリオン・ホイーラー		scp-500-fr
fr	marw	534	1	jp_tag_alias	true	true	マーウ		un-spectacle-pour-marw
fr	maîtrise-des-foyers	535	1	unhandled	false	false			scp-525-fr
fr	miniature	536	1	jp_tag_alias	true	true	ミニチュア		scp-615-fr
fr	modèle	537	1	unhandled	false	false			concours:placeholder
fr	mort	538	1	unhandled	false	false			scp-760-fr
fr	mu-yi	539	1	unhandled	false	false			scp-529-fr
fr	musique	540	1	unhandled	false	false			scp-784-fr
fr	nornir-de-silicone	541	1	unhandled	false	false			histoires-de-viandes
fr	objet	542	1	unhandled	false	false			scp-713-fr
fr	obskura	543	1	jp_tag_alias	true	true	オブスクラ		rompre-le-pain
fr	paul-kim	544	1	unhandled	false	false			avant-delta-0
fr	pentagramme	545	1	unhandled	false	false			scp-533-fr
fr	pompon-le-clown	546	1	unhandled	false	false			des-rires-et-decheance
fr	pr-nephandi	547	1	unhandled	false	false			dossier-personnel-de-l-agent-nephandi
fr	raptor-tech	548	1	unhandled	false	false			scp-795-fr
fr	reptile	549	1	jp_tag_alias	true	true	爬虫類		scp-780-fr
fr	république-robotique	550	1	unhandled	false	false			scp-579-fr
fr	résurrection	551	1	unhandled	false	false			scp-542-fr
fr	réécriture	552	1	unhandled	false	false			salutations
fr	s&c-plastiques	553	1	unhandled	false	false			les-trois-betes
fr	saint-derringer	554	1	unhandled	false	false			entretiens-avec-de-potentiels-nouveaux-dieux
fr	secret	555	1	unhandled	false	false			concours:jtdntest
fr	shell	556	1	jp_tag_alias	true	true	エリア-shell		scp-123-fr
fr	son	557	1	unhandled	false	false			scp-784-fr
fr	sushiblade	558	1	unhandled	false	false			scp-622-fr
fr	thad-xyank	559	1	jp_tag_alias	true	true	シャンク博士		nettoyer-astiquer
fr	theia	560	1	jp_tag_alias	true	true	テイア		traite-d-anomalolithisation
fr	univers	561	1	unhandled	false	false			scp-686-fr
fr	vermiforme	562	1	unhandled	false	false			scp-687-fr
fr	vibration	563	1	jp_tag_alias	true	true	振動		scp-086-fr
fr	voies	564	1	unhandled	false	false			vagabonds:note-glissee-au-milieu-des-pages-vertes
fr	vulpes	565	1	unhandled	false	false			scp-266-fr
fr	wonderful-world	566	1	jp_tag_alias	true	true	素晴らしき世界		scp-003-int
hu	_hu	1	69	curated_override_only	false	true	hu		075-hu-001-es-interju,a-vilagom-egy-tortaert,aeternum-nexus,atadas,egy-regi-bakelit
hu	scp	2	59	jp_tag_name	true	true	scp		075-hu-001-es-interju,aeternum-nexus,scp-001-j-hu,scp-002-hu,scp-002-j-hu
hu	_licensebox	3	50	unhandled	false	false			075-hu-001-es-interju,aeternum-nexus,nyelvek,scp-002-hu,scp-003-hu
hu	euklid	4	23	curated_override_only	false	true	euclid		scp-002-hu,scp-006-hu,scp-008-hu,scp-010-hu,scp-010-j-hu
hu	biztonságos	5	18	curated_override_only	false	true	safe		aeternum-nexus,scp-003-hu,scp-004-hu,scp-005-hu,scp-007-hu
hu	_cc	6	12	unhandled	false	false			scp-007-hu,scp-008-hu,scp-018-hu,scp-021-hu,scp-023-hu
hu	történet	7	11	curated_override_only	false	true	tale		a-vilagom-egy-tortaert,atadas,egy-regi-bakelit,murphy-torvenye,nyelvek
hu	ektoentrópikus	8	9	unhandled	false	false			scp-002-hu,scp-005-hu,scp-006-hu,scp-015-hu,scp-021-hu
hu	ereklye	9	9	unhandled	false	false			scp-004-hu,scp-006-hu,scp-007-hu,scp-014-hu,scp-023-hu
hu	élő	10	9	curated_override_only	false	true	生命		scp-002-hu,scp-015-hu,scp-019-hu,scp-020-hu,scp-028-hu
hu	tudat-befolyásoló	11	7	unhandled	false	false			scp-010-hu,scp-016-hu,scp-017-hu,scp-019-hu,scp-034-hu
hu	vicc	12	7	unhandled	false	false			scp-001-j-hu,scp-002-j-hu,scp-003-j-hu,scp-004-j-hu,scp-006-j-hu
hu	keter	13	6	jp_tag_name	true	true	keter		scp-022-hu,scp-030-hu,scp-033-hu,scp-048-hu,scp-050-hu
hu	teleportálás	14	5	unhandled	false	false			scp-007-hu,scp-008-hu,scp-009-hu,scp-022-hu,scp-023-hu
hu	vizuális	15	5	unhandled	false	false			scp-004-hu,scp-014-hu,scp-029-hu,scp-032-hu,scp-087-hu
hu	állat	16	5	unhandled	false	false			scp-008-hu,scp-010-hu,scp-017-hu,scp-029-hu,scp-045-hu
hu	épület	17	5	unhandled	false	false			aeternum-nexus,scp-018-hu,scp-055-hu,scp-069-hu,scp-075-hu
hu	értelmes	18	5	unhandled	false	false			scp-012-hu,scp-015-hu,scp-020-hu,scp-050-hu,scp-099-hu
hu	dokumentum	19	4	unhandled	false	false			scp-009-hu,scp-025-hu,scp-032-hu,scp-087-hu
hu	extradimenzionális	20	4	unhandled	false	false			aeternum-nexus,scp-024-hu,scp-069-hu,vegtelen-gyonyor
hu	humanoid	21	4	jp_tag_alias	true	true	人間型		scp-012-hu,scp-020-hu,scp-026-hu,scp-056-hu
hu	kényszer	22	4	unhandled	false	false			scp-007-hu,scp-013-hu,scp-030-hu,scp-032-hu
hu	átírt	23	4	unhandled	false	false			scp-009-hu,scp-023-hu,scp-055-hu,scp-069-hu
hu	biológiai-veszély	24	3	unhandled	false	false			aeternum-nexus,scp-033-hu,scp-075-hu
hu	ellenséges	25	3	unhandled	false	false			scp-034-hu,scp-050-hu,scp-069-hu
hu	fertőzés	26	3	unhandled	false	false			scp-013-hu,scp-029-hu,scp-056-hu
hu	hallási	27	3	unhandled	false	false			scp-010-hu,scp-014-hu,scp-016-hu
hu	jelenség	28	3	unhandled	false	false			scp-013-hu,scp-018-hu,scp-056-hu
hu	kaland	29	3	unhandled	false	false			aeternum-nexus,sosem-felejtve,vegtelen-gyonyor
hu	_cc4	30	2	unhandled	false	false			scp-016-hu,scp-042-hu
hu	_lincesebox	31	2	unhandled	false	false			scp-031-hu,scp-032-hu
hu	amorf	32	2	unhandled	false	false			scp-013-hu,scp-015-hu
hu	antimemetikus	33	2	unhandled	false	false			scp-022-hu,scp-023-hu
hu	csodaszarvas	34	2	unhandled	false	false			scp-008-hu,sosem-felejtve
hu	dinoszaurusz	35	2	unhandled	false	false			scp-002-hu,scp-099-hu
hu	elpusztíthatatlan	36	2	unhandled	false	false			scp-020-hu,scp-059-hu
hu	fegyver	37	2	unhandled	false	false			scp-005-hu,scp-028-hu
hu	ganz	38	2	unhandled	false	false			scp-006-hu,scp-012-hu
hu	időbeli	39	2	unhandled	false	false			scp-006-hu,scp-011-hu
hu	illusztrált	40	2	unhandled	false	false			aeternum-nexus,scp-075-hu
hu	jármű	41	2	unhandled	false	false			scp-022-hu,scp-028-hu
hu	korrozív	42	2	unhandled	false	false			scp-005-hu,scp-045-hu
hu	kutyaféle	43	2	unhandled	false	false			scp-029-hu,scp-045-hu
hu	kémiai	44	2	unhandled	false	false			scp-002-hu,scp-003-hu
hu	lektori-reflektorban	45	2	unhandled	false	false			rozsa-tenger,scp-006-hu
hu	metamorf	46	2	unhandled	false	false			scp-037-hu,scp-055-hu
hu	mindennapok	47	2	unhandled	false	false			a-vilagom-egy-tortaert,vigyazz-mit-kivansz
hu	művészeti	48	2	unhandled	false	false			scp-030-hu,scp-056-hu
hu	portál	49	2	unhandled	false	false			aeternum-nexus,vegtelen-gyonyor
hu	ragadozó	50	2	unhandled	false	false			scp-002-hu,scp-037-hu
hu	rendellenes-esemény	51	2	unhandled	false	false			scp-025-hu,scp-031-hu
hu	tudás	52	2	unhandled	false	false			scp-004-hu,scp-032-hu
hu	téridő	53	2	unhandled	false	false			scp-018-hu,vegtelen-gyonyor
hu	üldözés	54	2	unhandled	false	false			egy-regi-bakelit,vegtelen-gyonyor
hu	_felnőtt	55	1	unhandled	false	false			scp-032-hu
hu	addiktív	56	1	unhandled	false	false			scp-019-hu
hu	akció	57	1	unhandled	false	false			scp-050-hu
hu	akusztikus	58	1	unhandled	false	false			scp-014-hu
hu	befolyásolás	59	1	unhandled	false	false			scp-013-j-hu
hu	creepypasta	60	1	jp_tag_alias	true	true	クリーピーパスタ		nyelvek
hu	dialógus-nélküli	61	1	unhandled	false	false			vegtelen-gyonyor
hu	démon	62	1	unhandled	false	false			scp-050-hu
hu	elme-befolyásoló	63	1	unhandled	false	false			scp-042-hu
hu	elmét-befolyásoló	64	1	unhandled	false	false			scp-087-hu
hu	elzáratlan	65	1	unhandled	false	false			scp-050-hu
hu	entrópikus	66	1	unhandled	false	false			scp-055-hu
hu	erdő	67	1	unhandled	false	false			scp-050-hu
hu	eszköz	68	1	unhandled	false	false			scp-016-hu
hu	faj	69	1	unhandled	false	false			scp-010-hu
hu	feltámasztás	70	1	unhandled	false	false			scp-045-hu
hu	fény	71	1	unhandled	false	false			scp-021-hu
hu	földalatti	72	1	unhandled	false	false			scp-034-hu
hu	geológiai	73	1	unhandled	false	false			scp-034-hu
hu	gyilkos-szörny	74	1	unhandled	false	false			scp-050-hu
hu	gömb	75	1	unhandled	false	false			scp-046-hu
hu	helyszín	76	1	unhandled	false	false			scp-048-hu
hu	horror	77	1	unhandled	false	false			scp-050-hu
hu	időjárási	78	1	unhandled	false	false			scp-048-hu
hu	incidens	79	1	unhandled	false	false			scp-042-hu-incidens-naplo
hu	információveszély	80	1	unhandled	false	false			scp-014-hu
hu	interjú	81	1	unhandled	false	false			075-hu-001-es-interju
hu	intézmény	82	1	unhandled	false	false			scp-010-j-hu
hu	játékszer	83	1	unhandled	false	false			scp-021-hu
hu	lmbtq	84	1	unhandled	false	false			scp-059-hu
hu	megfigyelés	85	1	unhandled	false	false			scp-007-hu
hu	megfoghatatlan	86	1	unhandled	false	false			scp-033-hu
hu	megmagyarázott	87	1	unhandled	false	false			scp-023-ex-hu
hu	memetika	88	1	unhandled	false	false			scp-013-j-hu
hu	mobilis	89	1	unhandled	false	false			scp-020-hu
hu	másvilági	90	1	unhandled	false	false			vegtelen-gyonyor
hu	mérgező	91	1	unhandled	false	false			scp-019-hu
hu	nyelvem-hegyén	92	1	unhandled	false	false			vigyazz-mit-kivansz
hu	növény	93	1	unhandled	false	false			scp-010-j-hu
hu	orvosi	94	1	unhandled	false	false			scp-003-hu
hu	paradox	95	1	jp_tag_alias	true	true	パラドックス		scp-009-hu
hu	parawatch	96	1	jp_tag_alias	true	true	パラウォッチ		nyelvek
hu	parazita	97	1	unhandled	false	false			scp-037-hu
hu	radioaktív	98	1	unhandled	false	false			scp-021-hu
hu	raj	99	1	unhandled	false	false			scp-037-hu
hu	robotikus	100	1	unhandled	false	false			scp-012-hu
hu	románc	101	1	unhandled	false	false			scp-059-hu
hu	rovar	102	1	unhandled	false	false			scp-010-hu
hu	szarvas	103	1	unhandled	false	false			scp-008-hu
hu	szertartás	104	1	unhandled	false	false			scp-027-hu
hu	szobor	105	1	unhandled	false	false			scp-019-hu
hu	tapintás	106	1	unhandled	false	false			scp-042-hu
hu	telepatikus	107	1	unhandled	false	false			scp-017-hu
hu	termikus	108	1	unhandled	false	false			scp-021-hu
hu	tetem	109	1	unhandled	false	false			scp-069-hu
hu	thaumiel	110	1	jp_tag_name	true	true	thaumiel		scp-004-hu
hu	történelmi	111	1	unhandled	false	false			scp-009-hu
hu	valóság-hajlító	112	1	unhandled	false	false			scp-056-hu
hu	valósághajlító	113	1	unhandled	false	false			scp-008-hu
hu	vér	114	1	unhandled	false	false			scp-032-hu
hu	vírus	115	1	unhandled	false	false			scp-013-j-hu
hu	átváltozás	116	1	unhandled	false	false			scp-026-hu
hu	ékszer	117	1	unhandled	false	false			scp-059-hu
hu	élelem	118	1	unhandled	false	false			scp-042-hu
hu	építmény	119	1	unhandled	false	false			scp-011-hu
hu	önjavító	120	1	unhandled	false	false			scp-032-hu
hu	öntudatos	121	1	unhandled	false	false			scp-010-j-hu
id	kisah-id	1	90	curated_override_only	false	true	tale		60eksistensi,60kotak,60kotak-2,60yamaintro-1,60yamaintro-2
id	scp-id	2	63	curated_override_only	false	true	scp		scp-001-id,scp-002-id,scp-003-id,scp-004-id,scp-005-id
id	aman	3	26	curated_override_only	false	true	safe		scp-003-id,scp-004-id,scp-005-id,scp-007-id,scp-008-id
id	euclid	4	16	jp_tag_name	true	true	euclid		scp-009-id,scp-014-id,scp-017-id,scp-018-id,scp-019-id
id	berakal	5	13	curated_override_only	false	true	知性		scp-002-id,scp-003-id,scp-009-id,scp-014-id,scp-017-id
id	humanoid	6	13	jp_tag_alias	true	true	人間型		scp-002-id,scp-003-id,scp-009-id,scp-014-id,scp-017-id
id	keter	7	12	jp_tag_name	true	true	keter		scp-011-j-id,scp-012-id,scp-015-id,scp-030-id,scp-036-id
id	hidup	8	11	curated_override_only	false	true	生命		scp-002-id,scp-007-id,scp-009-id,scp-014-id,scp-018-id
id	widyabaya	9	9	unhandled	false	false			scp-010-id,scp-018-id,scp-019-id,scp-022-id,scp-030-id
id	artefak	10	8	unhandled	false	false			scp-005-id,scp-011-id,scp-016-id,scp-018-j-id,scp-024-id
id	lemrusan	11	7	unhandled	false	false			murni-dan-konsekuen,scp-008-id,scp-020-id,scp-066-id,scp-079-id
id	1stanniv	12	6	jp_tag_name	true	true	1stanniv		pintu-mendung,scp-013-id,scp-018-id,scp-020-id,scp-082-id
id	franz-yan	13	6	unhandled	false	false			kuncup-lestari,orientasi-departemen-pemeliharaan,scp-060-id,scp-085-id,tiada-hari-yayasan-tanpa-masalah
id	pengaruhi-nalar	14	6	unhandled	false	false			scp-011-j-id,scp-019-id,scp-022-id,scp-030-id,scp-044-id
id	unggulan	15	6	unhandled	false	false			scp-005-id,scp-010-id,scp-014-id,scp-098-id,scp-099-id
id	hewan	16	5	unhandled	false	false			scp-007-id,scp-033-id,scp-036-id,scp-048-id,scp-094-id
id	metamorfik	17	5	unhandled	false	false			scp-003-id,scp-009-id,scp-021-id,scp-060-id,scp-077-id
id	thaumiel	18	5	jp_tag_name	true	true	thaumiel		scp-018-j-id,scp-055-id,scp-076-id,scp-077-id,scp-082-id
id	nirkawan	19	4	unhandled	false	false			scp-014-id,scp-031-id,scp-091-id,scp-094-id
id	pertukaran	20	4	unhandled	false	false			scp-002-id,scp-017-id,scp-028-id,scp-077-id
id	ekstradimensi	21	3	unhandled	false	false			scp-021-id,scp-076-id,scp-098-id
id	jenaka	22	3	unhandled	false	false			scp-011-j-id,scp-018-j-id,scp-j-id
id	kebal	23	3	unhandled	false	false			scp-010-id,scp-020-id,scp-071-id
id	kimiawi	24	3	unhandled	false	false			scp-007-id,scp-033-id,scp-060-id
id	komputer	25	3	unhandled	false	false			scp-003-id,scp-010-id,scp-011-id
id	lokasi	26	3	unhandled	false	false			scp-017-id,scp-069-id,scp-071-id
id	tanaman	27	3	unhandled	false	false			scp-031-id,scp-050-id,scp-071-id
id	tuhan-rusak	28	3	unhandled	false	false			60kotak,60kotak-2,scp-060-id
id	akustik	29	2	unhandled	false	false			scp-025-id,scp-065-id
id	anderson	30	2	jp_tag_alias	true	true	アンダーソン		60kotak,scp-060-id
id	bangunan	31	2	unhandled	false	false			scp-004-id,scp-076-id
id	ektoentropik	32	2	unhandled	false	false			scp-071-id,scp-085-id
id	empati	33	2	unhandled	false	false			scp-036-id,scp-044-id
id	inskripsi	34	2	unhandled	false	false			scp-019-id,scp-022-id
id	kelas-esoterik	35	2	unhandled	false	false			scp-060-id,scp-j-id
id	kesenian	36	2	unhandled	false	false			scp-019-id,scp-020-id
id	kolaborasi	37	2	unhandled	false	false			scp-018-j-id,tiada-hari-yayasan-tanpa-masalah
id	kompulsi	38	2	unhandled	false	false			scp-036-id,scp-065-id
id	makanan	39	2	unhandled	false	false			scp-005-id,scp-050-id
id	mengubah-realitas	40	2	unhandled	false	false			scp-031-id,scp-077-id
id	meta	41	2	jp_tag_alias	true	true	メタ		scp-011-j-id,scp-j-id
id	pengaruhi-ingatan	42	2	unhandled	false	false			scp-022-id,scp-077-id
id	pengetahuan	43	2	unhandled	false	false			scp-018-j-id,scp-044-id
id	prediktif	44	2	unhandled	false	false			scp-010-id,scp-020-id
id	sejarah	45	2	unhandled	false	false			scp-016-id,scp-050-id
id	swareparasi	46	2	unhandled	false	false			scp-009-id,scp-011-id
id	swareplikasi	47	2	unhandled	false	false			scp-030-id,scp-050-id
id	transfigurasi	48	2	unhandled	false	false			scp-036-id,scp-060-id
id	tulang	49	2	unhandled	false	false			scp-025-id,scp-036-id
id	unggulan-id	50	2	unhandled	false	false			lupa,scp-008-id
id	unggulan-pengulas	51	2	unhandled	false	false			ketidaktahuan-adalah-kebahagiaan,scp-017-id
id	visual	52	2	jp_tag_alias	true	true	視覚		scp-018-id,scp-036-id
id	21century	53	1	unhandled	false	false			scp-010-id
id	adaptif	54	1	unhandled	false	false			scp-009-id
id	agamawi	55	1	unhandled	false	false			scp-069-id
id	anjing	56	1	unhandled	false	false			scp-048-id
id	antimemetika	57	1	unhandled	false	false			scp-048-id
id	api	58	1	unhandled	false	false			scp-016-id
id	arachnidae	59	1	unhandled	false	false			scp-033-id
id	archon	60	1	jp_tag_name	true	true	archon		scp-002-id
id	asta-ular	61	1	unhandled	false	false			untukmu-dari-dunia-lain
id	auditori	62	1	unhandled	false	false			scp-013-id
id	bahasa	63	1	unhandled	false	false			scp-005-id
id	bapankekai	64	1	unhandled	false	false			scp-050-id
id	beracun	65	1	unhandled	false	false			scp-033-id
id	berkerumun	66	1	unhandled	false	false			scp-014-id
id	bola	67	1	unhandled	false	false			scp-085-id
id	cahaya	68	1	unhandled	false	false			scp-021-id
id	dalam-penulisan-ulang	69	1	unhandled	false	false			scp-060-id
id	daring	70	1	unhandled	false	false			scp-030-id
id	dokumen	71	1	unhandled	false	false			scp-032-id
id	elektrik	72	1	unhandled	false	false			scp-011-id
id	elektromagnetik	73	1	unhandled	false	false			scp-060-id
id	fenomena	74	1	unhandled	false	false			scp-098-id
id	gerak	75	1	unhandled	false	false			scp-050-id
id	hantu	76	1	unhandled	false	false			scp-091-id
id	hub	77	1	jp_tag_alias	true	true	ハブ		scp-001-id
id	ikan	78	1	unhandled	false	false			scp-002-id
id	indrabaya	79	1	unhandled	false	false			scp-011-j-id
id	koalisi-okultisme-global	80	1	unhandled	false	false			scp-065-id
id	komite-etik	81	1	unhandled	false	false			scp-031-id
id	kucing	82	1	unhandled	false	false			scp-007-id
id	kuda	83	1	unhandled	false	false			scp-094-id
id	mainan	84	1	unhandled	false	false			scp-022-id
id	marshall-carter-dan-dark	85	1	unhandled	false	false			monoton
id	mayat	86	1	unhandled	false	false			scp-071-id
id	media	87	1	jp_tag_alias	true	true	記憶媒体		scp-044-id
id	medis	88	1	unhandled	false	false			scp-002-id
id	memetik	89	1	unhandled	false	false			scp-011-j-id
id	menular	90	1	unhandled	false	false			scp-065-id
id	metadata	91	1	jp_tag_alias	true	true	メタデータ		scp-001-id
id	meteorologis	92	1	unhandled	false	false			scp-024-id
id	miniatur	93	1	unhandled	false	false			scp-069-id
id	musik	94	1	unhandled	false	false			scp-013-id
id	nokturnal	95	1	unhandled	false	false			scp-020-id
id	orientasi	96	1	unhandled	false	false			orientasi-departemen-pemeliharaan
id	pemberontakan-chaos	97	1	unhandled	false	false			scp-030-id
id	pengerat	98	1	unhandled	false	false			scp-036-id
id	perabotan	99	1	unhandled	false	false			scp-077-id
id	permainan	100	1	unhandled	false	false			scp-024-id
id	perpustakaan	101	1	unhandled	false	false			scp-076-id
id	pohon	102	1	unhandled	false	false			scp-071-id
id	predator	103	1	unhandled	false	false			scp-033-id
id	primata	104	1	unhandled	false	false			scp-048-id
id	probabilitas	105	1	unhandled	false	false			scp-028-id
id	prometheus	106	1	jp_tag_alias	true	true	プロメテウス		monoton
id	ritual	107	1	jp_tag_alias	true	true	儀式		scp-028-id
id	robot	108	1	unhandled	false	false			scp-060-id
id	safe	109	1	jp_tag_name	true	true	safe		scp-088-id
id	sarkis	110	1	unhandled	false	false			scp-066-id
id	senjata	111	1	unhandled	false	false			scp-065-id
id	skenario-kelas-k	112	1	unhandled	false	false			scp-076-id
id	spesies	113	1	unhandled	false	false			scp-071-id
id	telepatik	114	1	unhandled	false	false			scp-005-id
id	temporal	115	1	jp_tag_alias	true	true	時間		scp-004-id
id	ternetralkan	116	1	unhandled	false	false			scp-084-id
id	transmisi	117	1	unhandled	false	false			scp-091-id
it	it	1	607	jp_tag_name	true	true	it		abbastanza,addio-roma-addio-napoli,alixi,ambrose-goricna,andrea
it	scp	2	258	jp_tag_name	true	true	scp		cfo-l07,molise,scp-001-it-abad,scp-001-it-graf,scp-001-it-heck
it	racconto	3	127	curated_override_only	false	true	tale		abbastanza,addio-roma-addio-napoli,andrea,apocrifo,aracne-salamandra
it	euclid	4	93	jp_tag_name	true	true	euclid		cfo-l07,scp-003-it,scp-006-it,scp-009-it,scp-010-it-arc
it	senziente	5	76	curated_override_only	false	true	知性		bambino-in-fil-dacciaio,cfo-begins,dossier-divina,incidente-black-knight-despirito,pic-gloriosa-j
it	safe	6	72	jp_tag_name	true	true	safe		scp-002-it,scp-002-it-j,scp-004-it-arc,scp-006-int,scp-007-it
it	_p	7	63	jp_unused_no_single_replacement	true	false			abbastanza,benvenuti-alla-divisione-nettezza-e-igiene-dannati,caligula-563,cronaca-di-un-infuocata-discussione-etica,il-tradimento-dei-pini
it	umanoide	8	61	curated_override_only	false	true	人間型		bambino-in-fil-dacciaio,cfo-c4t-g1rl,lincubo-di-pigmalione-sec-vii-a-c-circa,scp-002-it,scp-006-it
it	corriere	9	58	unhandled	false	false			archivio-del-corriere-redatto,corriere-redatto-edizione-agosto-2022,corriere-redatto-edizione-agosto-2023,corriere-redatto-edizione-agosto-2024,corriere-redatto-edizione-aprile-2023
it	altera-mente	10	51	unhandled	false	false			gli-occhi-di-un-padre-gli-occhi-di-una-madre,lincubo-di-pigmalione-sec-vii-a-c-circa,scp-005-it,scp-006-it,scp-031-it
it	sapiente	11	51	curated_override_only	false	true	知性		cfo-begins,dossier-divina,farfalla-di-ossidiana,scp-001-it-graf,scp-002-it
it	keter	12	49	jp_tag_name	true	true	keter		scp-001-it-graf,scp-001-it-j,scp-005-it,scp-005-it-j,scp-007-it-arc
it	canoni-alternativi	13	42	unhandled	false	false			addio-roma-addio-napoli,canta-il-gallo,cenobirma,dossier-del-sito-deus,dossier-luca-spallacci
it	vivo	14	42	unhandled	false	false			bambino-in-fil-dacciaio,caligula-563,cfo-c04,cfo-l07,scp-002-it
it	artefatto	15	37	unhandled	false	false			il-favore-del-pubblico,la-prova-di-dio,lincubo-di-pigmalione-sec-vii-a-c-circa,pic-l-h-o-o-q-j,scp-014-it
it	cfo	16	37	jp_tag_name	true	true	cfo		caligula-563,cfo-c04,cfo-c4t-g1rl,cfo-l07,fasci-oscuri-su-marte
it	_corriere	17	35	unhandled	false	false			abbastanza,benvenuti-alla-divisione-nettezza-e-igiene-dannati,cfo-begins,cfo-c04,due-piu-due
it	storico	18	35	unhandled	false	false			caligula-563,cfo-begins,diluvio-universale,il-tradimento-dei-pini,incidente-black-knight-despirito
it	formato-gdi	19	34	unhandled	false	false			ambrose-goricna,bambino-in-fil-dacciaio,caligula-563,cfo-c04,cfo-c4t-g1rl
it	animale	20	33	unhandled	false	false			cfo-c04,cfo-l07,gli-occhi-di-un-padre-gli-occhi-di-una-madre,scp-004-it,scp-018-it
it	rischio-cognitivo	21	32	unhandled	false	false			diluvio-universale,fanciulla-alla-fonte-antica,lezione-protocolli-rischio-cognitivo,scp-005-it,scp-010-it-arc
it	extradimensionale	22	30	unhandled	false	false			scp-001-it-graf,scp-003-it,scp-005-it-j,scp-006-it,scp-011-it
it	ridia	23	30	jp_tag_name	true	true	ridia		caligula-563,dossier-del-sito-deus,incidente-black-knight-despirito,la-fine-della-segretezza,nero-285
it	autore	24	27	unhandled	false	false			alixi,capo-archivista-giocondo,dossier-arianna,dossier-civil-western,dossier-del-dr-zeno
it	madao	25	27	jp_tag_name	true	true	madao		bambino-in-fil-dacciaio,corazza-elba,diluvio-universale,dono-di-condoglianze,fanciulla-alla-fonte-antica
it	scherzo	26	27	unhandled	false	false			cfo-c4t-g1rl,fasci-oscuri-su-marte,la-lista-delle-cose-che-le-reclute-dell-ulis-non-devono-fare,molise,pic-gloriosa-j
it	ccsg	27	23	jp_tag_name	true	true	ccsg		ascensione-di-acheronthia,farfalla-di-ossidiana,il-crepuscolo-dell-ordine,il-vecchio-e-il-sasso,il-visitatore
it	ostile	28	23	unhandled	false	false			cfo-begins,scp-001-it-graf,scp-001-it-j,scp-005-it,scp-013-it
it	dossier	29	22	unhandled	false	false			dossier-luca-spallacci,dossier:artemia-iadanza,dossier:aurora-gemelli,dossier:battista-bruno,dossier:domenico-iriarte
it	memetico	30	22	unhandled	false	false			hypnos-uno,ibogan,scp-005-it,scp-041-it,scp-070-it
it	allucinazione	31	20	unhandled	false	false			hypnos-uno,scp-005-it,scp-008-it-arc,scp-011-it,scp-011-it-arc
it	classe-esoterica	32	20	unhandled	false	false			scp-001-it-abad,scp-001-it-heck,scp-034-it,scp-093-it,scp-103-it
it	compulsione	33	20	unhandled	false	false			la-secchia,scp-005-it,scp-007-it-arc,scp-031-it,scp-035-it
it	hub	34	20	jp_tag_alias	true	true	ハブ		authors-pages,canoni-alternativi,concorso-halloween-2023,deleted:hub-della-branca-italiana,gdi-it-serie-i
it	biologico	35	19	unhandled	false	false			caligula-563,nero-285,scp-007-it,scp-022-it,scp-033-it
it	ectoentropico	36	19	unhandled	false	false			giara-abbondanza,scp-001-it-abad,scp-004-it-arc,scp-013-it,scp-030-it-arc
it	neutralizzato	37	19	unhandled	false	false			scp-004-it,scp-045-it,scp-067-it,scp-080-it,scp-096-it
it	ordo-iani	38	19	unhandled	false	false			il-crepuscolo-dell-ordine,nero-285,onde-la-serpe-dimora,rena-rossa-membra-nere,scp-001-it-graf
it	edificio	39	18	unhandled	false	false			scp-001-it-abad,scp-008-it-arc,scp-011-it,scp-011-it-arc,scp-024-it
it	chimico	40	17	unhandled	false	false			ibogan,lotusolo,scp-024-it,scp-030-it-arc,scp-037-it
it	predatorio	41	17	unhandled	false	false			cfo-c04,cfo-l07,scp-001-it-j,scp-015-it,scp-055-it
it	trionfo	42	17	unhandled	false	false			espero,ex-tenebris-fluctus,la-tua-detective-preferita,scp-050-it,scp-051-it
it	acquatico	43	16	unhandled	false	false			scp-002-it,scp-006-int,scp-019-it,scp-038-it,scp-044-it
it	gorična	44	16	jp_tag_alias	true	true	ゴリチュニャ		ambrose-goricna,eredi,hypnos-uno,inoculazione,la-flamberga-volante-di-villa-mamurra
it	luogo	45	16	unhandled	false	false			scp-001-it-abad,scp-006-int,scp-045-it,scp-064-it,scp-069-it
it	rituale	46	15	unhandled	false	false			appendice-aggiuntiva-al-documento-scp-250-it,gli-occhi-di-un-padre-gli-occhi-di-una-madre,scp-001-it-abad,scp-045-it,scp-077-it
it	spaziotempo	47	15	unhandled	false	false			scp-001-it-abad,scp-001-it-graf,scp-050-it,scp-055-it,scp-079-it
it	artistico	48	14	unhandled	false	false			diluvio-universale,fanciulla-alla-fonte-antica,giara-abbondanza,pic-gloriosa-j,pic-l-h-o-o-q-j
it	autori-multipli	49	14	unhandled	false	false			i-giorni-peggiori-della-mia-vita,scp-006-int,scp-044-it,scp-068-it,scp-069-it
it	non-contenuto	50	14	unhandled	false	false			cfo-begins,cfo-c04,incidente-black-knight-despirito,scp-005-it,scp-030-it
it	religioso	51	14	unhandled	false	false			scp-001-it-heck,scp-008-it,scp-047-it,scp-066-it,scp-069-it
it	visivo	52	14	unhandled	false	false			diluvio-universale,fanciulla-alla-fonte-antica,scp-005-it,scp-015-it,scp-041-it
it	archiviato	53	13	unhandled	false	false			scp-004-it-arc,scp-007-it-arc,scp-008-it-arc,scp-010-it-arc,scp-011-it-arc
it	artwork	54	13	jp_tag_alias	true	true	アートワーク		dr-placido,galleria-dev,galleria-di-madness,galleria-thatguyrichard,i-disegni-di-aryo
it	cgom	55	13	unhandled	false	false			corazza-elba,rena-rossa-membra-nere,scp-038-it,scp-048-it,scp-057-it
it	febris-farmaceutica	56	13	unhandled	false	false			cardiopatia,ibogan,inoculazione,lotusolo,malattia-professionale
it	immobile	57	13	jp_tag_alias	true	true	移動不可能		scp-001-it-abad,scp-028-it,scp-061-it,scp-064-it-arc,scp-067-it
it	acustico	58	12	unhandled	false	false			scp-007-it-arc,scp-021-it,scp-037-it,scp-039-it,scp-051-it
it	adattativo	59	12	unhandled	false	false			corazza-elba,scp-016-it,scp-024-it,scp-041-it,scp-044-it
it	cadavere	60	12	unhandled	false	false			scp-006-int,scp-007-it,scp-008-it,scp-045-it,scp-046-it
it	città	61	12	unhandled	false	false			scp-001-it-abad,scp-028-it,scp-051-it,scp-057-it,scp-079-it
it	ligneo	62	12	unhandled	false	false			il-favore-del-pubblico,la-secchia,scp-004-it-arc,scp-048-it-arc,scp-081-it
it	meta	63	12	jp_tag_alias	true	true	メタ		molise,pic-gloriosa-j,scp-042-it,scp-064-it,scp-087-it
it	metallico	64	12	unhandled	false	false			bambino-in-fil-dacciaio,corazza-elba,la-prova-di-dio,la-secchia,scp-035-it
it	portale	65	12	unhandled	false	false			scp-001-it-abad,scp-003-it,scp-058-it,scp-070-it,scp-102-it
it	rischio-biologico	66	12	unhandled	false	false			la-branca-italiana-ai-tempi-del-covid,scp-019-it,scp-037-it,scp-043-it,scp-049-it
it	sensoriale	67	12	unhandled	false	false			plotnek,scp-040-it,scp-041-it,scp-049-it,scp-070-it
it	sisma	68	12	unhandled	false	false			in-trappola-come-bestie,la-branca-italiana-ai-tempi-del-covid,scp-073-it,scp-093-it,scp-111-it
it	altera-memoria	69	11	unhandled	false	false			scp-006-it,scp-010-it-arc,scp-051-it,scp-064-it-arc,scp-082-it
it	documento	70	11	unhandled	false	false			cfo-begins,incidente-black-knight-despirito,scp-012-it,scp-014-it,scp-014-it-arc
it	elettronico	71	11	unhandled	false	false			cfo-l07,dossier-divina,scp-016-it,scp-017-it,scp-039-it
it	neurologico	72	11	unhandled	false	false			ibogan,lotusolo,scp-008-it-arc,scp-011-it,scp-042-it
it	autonomo	73	10	unhandled	false	false			bambino-in-fil-dacciaio,la-prova-di-dio,scp-025-it,scp-028-it,scp-066-it
it	capitanata	74	10	unhandled	false	false			dossier-del-sito-deus,dossier-luca-spallacci,epilogo-di-un-assassino,eredi,gian-galeazzo
it	cibo	75	10	unhandled	false	false			scp-002-it-j,scp-005-it-j,scp-107-it,scp-112-it,scp-154-it
it	contagioso	76	10	unhandled	false	false			la-branca-italiana-ai-tempi-del-covid,scp-029-it,scp-052-it,scp-065-it,scp-083-it
it	guida	77	10	unhandled	false	false			deleted:timeline-della-branca-italiana,equipaggiamenti-speciali,fix-bug-email,gruppi-di-interesse,lore-della-branca-italiana
it	ontocinetico	78	10	unhandled	false	false			scp-001-it-graf,scp-001-it-heck,scp-066-it,scp-069-it,scp-079-it
it	alda	79	9	unhandled	false	false			diluvio-universale,la-tua-tomba-e-la-memoria,proprio-come-pensavo,requiem-di-un-pentito,scp-034-it
it	mauro-bellini	80	9	unhandled	false	false			incidente-black-knight-despirito,scp-001-it-abad,scp-032-it,scp-045-it,scp-070-it
it	orientamento	81	9	unhandled	false	false			introduzione-al-ccb,orientamento-al-sito-asclepio-introduzione,orientamento-all-ulis,orientamento-alla-sir-ii,orientamento-alla-spev-ii
it	pesanti-bagagli	82	9	unhandled	false	false			apocrifo,canta-il-gallo,nuova-gestione-e-pesanti-bagagli,scp-it-032,scp-it-077
it	scemc	83	9	unhandled	false	false			dossier-del-sito-deus,scp-076-it,scp-078-it,scp-081-it,scp-087-it
it	scenario-classe-k	84	9	unhandled	false	false			scp-047-it,scp-164-it,scp-173-it,scp-190-it,scp-199-it
it	tattile	85	9	unhandled	false	false			il-favore-del-pubblico,scp-006-it,scp-042-it-arc,scp-059-it,scp-099-it
it	are-we-cool-yet	86	8	jp_tag_name	true	true	are-we-cool-yet		bambino-in-fil-dacciaio,dono-di-condoglianze,pax-anartistica,pic-l-h-o-o-q-j,proposta-progetto-2024-079
it	aviario	87	8	unhandled	false	false			cfo-l07,scp-018-it,scp-067-it,scp-118-it,scp-122-it
it	collaborazione	88	8	unhandled	false	false			elementi-anomali-it,eventi-paranormali-it,la-branca-italiana-ai-tempi-del-covid,la-lista-delle-cose-che-le-reclute-dell-ulis-non-devono-fare,luoghi-inspiegabili-it
it	computer	89	8	jp_tag_alias	true	true	コンピュータ		scp-016-it,scp-042-it,scp-056-it,scp-079-it,scp-152-it
it	concorso	90	8	unhandled	false	false			concorso-anniversario-2021,concorso-anniversario-2022,concorso-anniversario-2026,concorso-estivo-2021,concorso-estivo-2022
it	concorso-estate-2020	91	8	unhandled	false	false			farfalla-di-ossidiana,scp-070-it,scp-071-it,scp-079-it,scp-080-it
it	dipendenza	92	8	unhandled	false	false			scp-040-it,scp-070-it,scp-077-it,scp-104-it,scp-112-it
it	empatico	93	8	unhandled	false	false			la-secchia,scp-034-it-arc,scp-036-it,scp-091-it,scp-109-it
it	extraterrestre	94	8	unhandled	false	false			incidente-black-knight-despirito,scp-042-it,scp-051-it-j,scp-061-it,scp-138-it
it	insetto	95	8	unhandled	false	false			cfo-c04,scp-053-it,scp-068-it,scp-083-it,scp-133-it
it	liquido	96	8	unhandled	false	false			diluvio-universale,scp-036-it,scp-048-it,scp-064-it-arc,scp-069-it-arc
it	musicale	97	8	unhandled	false	false			il-favore-del-pubblico,scp-004-it-arc,scp-109-it,scp-125-it,scp-153-it
it	nicola-rossi	98	8	unhandled	false	false			il-corridoio,l-odore-della-fratellanza,myosotis-sylvatica,primo-giorno-alla-divisione-di-antimemetica,scp-064-it-arc
it	nova-cannae	99	8	jp_tag_alias	true	true	ノヴァ・カンネ		onde-la-serpe-dimora,sciroppo-da-fieno-mcd,scp-008-it,scp-109-it,scp-118-it
it	probabilità	100	8	unhandled	false	false			scp-051-it-j,scp-170-it,scp-171-it,scp-173-it,scp-53550-it-j
it	sarkico	101	8	unhandled	false	false			apocrifo,cucina-e-cultura-fiumerosso-vermiglio-sapore,jahdben-nakrik,nero-285,scp-100-it
it	specie	102	8	unhandled	false	false			scp-033-it,scp-048-it,scp-055-it,scp-065-it,scp-069-it
it	aereo	103	7	unhandled	false	false			scp-013-it,scp-037-it,scp-068-it,scp-122-it,scp-129-it
it	antimemetico	104	7	unhandled	false	false			ibogan,molise,myosotis-sylvatica,scp-126-it,scp-166-it
it	arturo-santilli	105	7	unhandled	false	false			gita-nel-bosco,prima-volta,scp-001-it-abad,scp-045-it,scp-070-it
it	auto-riparante	106	7	unhandled	false	false			scp-009-it,scp-032-it,scp-044-it,scp-064-it-arc,scp-126-it
it	automa	107	7	unhandled	false	false			scp-032-it,scp-066-it,scp-114-it,scp-147-it,scp-159-it
it	compleanno-scp-051	108	7	unhandled	false	false			scp-001-it-abad,scp-001-it-abad-inc,scp-051-it,scp-057-it,scp-064-it-arc
it	conoscenza	109	7	unhandled	false	false			scp-047-it,scp-064-it,scp-073-it,scp-082-it,scp-091-it
it	fatto-dalla-fondazione	110	7	unhandled	false	false			dossier-divina,molise,scp-126-it,scp-175-it,scp-anti090-it-j
it	indistruttibile	111	7	unhandled	false	false			la-secchia,pic-l-h-o-o-q-j,scp-010-it,scp-030-it-arc,scp-077-it
it	intangibile	112	7	unhandled	false	false			scp-030-it,scp-060-it,scp-097-it,scp-144-it,scp-176-it
it	mano-serpente	113	7	unhandled	false	false			apocrifo,onde-la-serpe-dimora,quando-napoli-piange-firenze-ride,scp-069-it,scp-118-it
it	organico	114	7	unhandled	false	false			caligula-563,scp-037-it,scp-094-it,scp-101-it,scp-112-it
it	parassitico	115	7	unhandled	false	false			caligula-563,scp-022-it,scp-026-it,scp-065-it,scp-068-it
it	pianta	116	7	unhandled	false	false			scp-033-it,scp-065-it,scp-083-it,scp-112-it,scp-123-it
it	rianimazione	117	7	unhandled	false	false			scp-009-it,scp-045-it,scp-046-it,scp-073-it,scp-078-it
it	struttura	118	7	unhandled	false	false			scp-024-it,scp-060-it,scp-064-it-arc,scp-109-it,scp-115-it
it	telepatico	119	7	unhandled	false	false			scp-014-it,scp-056-it,scp-063-it,scp-073-it,scp-089-it
it	teletrasporto	120	7	unhandled	false	false			scp-068-it,scp-110-it,scp-111-it,scp-123-it,scp-140-it
it	trasfigurazione	121	7	unhandled	false	false			scp-008-it,scp-011-it,scp-011-it-arc,scp-025-it,scp-056-it
it	virus	122	7	jp_tag_alias	true	true	ウイルス		la-branca-italiana-ai-tempi-del-covid,scp-022-it,scp-037-it,scp-127-it,scp-160-it
it	arboreo	123	6	unhandled	false	false			scp-053-it,scp-065-it,scp-083-it,scp-112-it,scp-119-it
it	arma	124	6	unhandled	false	false			scp-005-it-j,scp-035-it,scp-094-it,scp-299-it,scp-610-it-j
it	concorso-anniversario-2024	125	6	unhandled	false	false			concorso-anniversario-2024ilars,epilogo-di-un-assassino,il-richiamo-del-tramonto,scp-155-it,scp-190-it
it	concorso-estivo-2021	126	6	unhandled	false	false			concorso-estivo-2021,i-fiori-d-estate,scp-069-it,scp-121-it,scp-144-it
it	giocattolo	127	6	unhandled	false	false			scp-025-it,scp-086-it,scp-106-it-arc,scp-128-it,scp-141-it
it	in-riscrittura	128	6	unhandled	false	false			scp-007-it-arc,scp-008-it-arc,scp-038-it,scp-083-it-arc,scp-106-it-arc
it	linguaggio	129	6	unhandled	false	false			pic-gloriosa-j,scp-087-it,scp-131-it,scp-187-it,scp-190-it
it	maureen-callassi	130	6	unhandled	false	false			gita-nel-bosco,prima-volta,scp-106-it-arc,scp-111-it,scp-136-it
it	mobile	131	6	jp_tag_alias	true	true	移動		incidente-black-knight-despirito,scp-010-it,scp-106-it-arc,scp-137-it,scp-144-it
it	online	132	6	jp_tag_alias	true	true	オンライン		scp-041-it,scp-079-it,scp-088-it,scp-092-it,scp-192-it
it	pietra	133	6	unhandled	false	false			corazza-elba,incidente-black-knight-despirito,scp-038-it,scp-089-it,scp-110-it
it	rischio-informativo	134	6	unhandled	false	false			molise,scp-007-it,scp-157-it,scp-176-it,scp-187-it
it	roberto-demichelis	135	6	unhandled	false	false			dossier:roberto-demichelis,giorni-da-ricordare,lo-yeti-del-monviso,orientamento-alla-ssm-x,scp-135-it
it	sara-ferri	136	6	unhandled	false	false			giorni-da-ricordare,lo-yeti-del-monviso,orientamento-alla-ssm-x,scp-135-it,ssm-x-speciale-di-san-valentino
it	thaumiel	137	6	jp_tag_name	true	true	thaumiel		scp-030-it,scp-047-it,scp-173-it,scp-183-it,scp-196-it
it	tossico	138	6	unhandled	false	false			scp-007-it-arc,scp-019-it,scp-083-it-arc,scp-097-it,scp-173-it
it	tullio-cruciani	139	6	unhandled	false	false			cronaca-di-un-infuocata-discussione-etica,incidente-black-knight-despirito,incidente-vela-cuore-d-inchiostro,scp-001-it-abad,scp-086-it
it	uno-olistico	140	6	unhandled	false	false			la-secchia,scp-001-it-abad,scp-020-it,scp-121-it,scp-146-it
it	veggente	141	6	unhandled	false	false			scp-032-it,scp-048-it,scp-051-it,scp-084-it,scp-173-it
it	acqua-luna	142	5	unhandled	false	false			fanciulla-alla-fonte-antica,gli-occhi-di-un-padre-gli-occhi-di-una-madre,scp-010-it,scp-169-it,scp-198-it
it	alice-molinari	143	5	unhandled	false	false			prima-volta,scp-009-it,scp-049-it,scp-051-it,scp-112-it
it	apollyon	144	5	jp_tag_name	true	true	apollyon		scp-042-it,scp-164-it,scp-it-001,scp-it-003,scp-it-004
it	apparecchio	145	5	unhandled	false	false			scp-039-it,scp-056-it,scp-141-it,scp-163-it,scp-172-it
it	artropode	146	5	unhandled	false	false			cfo-c04,scp-001-it-abad,scp-052-it,scp-173-it,scp-it-003
it	cadmo	147	5	unhandled	false	false			ricordi-di-un-nessuno,scp-109-it,scp-125-it,scp-153-it,scp-it-077
it	canino	148	5	unhandled	false	false			caligula-563,cfo-c04,scp-004-it,scp-021-it,scp-023-it
it	concorso-anniversario-2021	149	5	unhandled	false	false			concorso-anniversario-2021,espero,i-giorni-peggiori-della-mia-vita,un-compito-difficile,uno-spaventapasseri
it	contenitore	150	5	unhandled	false	false			giara-abbondanza,scp-048-it-arc,scp-078-it,scp-173-it,ute-1661-ingranaggio-spirito
it	dio-frantumato	151	5	unhandled	false	false			raminghi-e-fuggiaschi,scp-066-it,scp-108-it,scp-114-it,scp-172-it
it	elettromagnetico	152	5	unhandled	false	false			dossier-divina,incidente-black-knight-despirito,scp-018-it,scp-072-it,scp-090-it
it	elia-contadi	153	5	unhandled	false	false			prima-volta,scp-060-it,scp-063-it,scp-078-it,scp-135-it
it	emanuele-bigotti	154	5	unhandled	false	false			benvenuti-alla-divisione-di-ricerca-memetica,incidente-vela-cuore-d-inchiostro,scp-082-it,scp-092-it,scp-101-it
it	ennio-fanucci	155	5	unhandled	false	false			giorni-da-ricordare,lo-yeti-del-monviso,orientamento-alla-ssm-x,scp-135-it,ssm-x-speciale-di-san-valentino
it	fuoco	156	5	unhandled	false	false			scp-029-it,scp-069-it,scp-124-it,scp-136-it,scp-176-it
it	inciso	157	5	unhandled	false	false			corazza-elba,il-favore-del-pubblico,scp-068-it,scp-071-it,scp-it-098
it	inscritto	158	5	unhandled	false	false			la-secchia,scp-035-it,scp-048-it-arc,scp-080-it,scp-116-it
it	lurkon23	159	5	unhandled	false	false			scp-088-it,scp-116-it,scp-130-it,scp-141-it,scp-157-it
it	meccanico	160	5	unhandled	false	false			dossier-divina,scp-108-it,scp-126-it,scp-196-it,scp-200-it
it	media	161	5	jp_tag_alias	true	true	記憶媒体		scp-016-it,scp-017-it,scp-041-it,scp-189-it,scp-192-it
it	metamorfico	162	5	unhandled	false	false			scp-062-it,scp-121-it,scp-150-it,scp-156-it,scp-180-it
it	militare	163	5	unhandled	false	false			corazza-elba,scp-073-it,scp-117-it,scp-150-it,una-giornata-tranquilla
it	rebar	164	5	unhandled	false	false			bambino-in-fil-dacciaio,incidente-vela-cuore-d-inchiostro,scp-024-it,scp-065-it,scp-108-it
it	rettile	165	5	unhandled	false	false			scp-001-it-j,scp-011-it,scp-046-it,scp-072-it,scp-115-it
it	sottoterra	166	5	unhandled	false	false			scp-001-it-abad,scp-045-it,scp-080-it,scp-113-it,scp-121-it
it	statua	167	5	unhandled	false	false			bambino-in-fil-dacciaio,lincubo-di-pigmalione-sec-vii-a-c-circa,scp-028-it,scp-075-it,scu-eww-j
it	supplemento	168	5	unhandled	false	false			appendice-aggiuntiva-al-documento-scp-250-it,incidente-z-144,intervista-087-it,scp-001-it-abad-inc,scp-it-098-documentazione-addizionale
it	tommaso-passini	169	5	unhandled	false	false			nemesi,scp-018-it,scp-027-it,scp-076-it,scp-110-it
it	tutore-a-l	170	5	unhandled	false	false			pic-gloriosa-j,pic-l-h-o-o-q-j,quando-napoli-piange-firenze-ride,scp-051-it,scu-eww-j
it	uditorio	171	5	unhandled	false	false			scp-039-it,scp-041-it,scp-056-it,scp-it-077,scp-m05kah-it-j
it	zombieverso	172	5	unhandled	false	false			l-ultimo-della-linea-15,sette-rintocchi,ultimo-in-vita,un-ultimo-saluto,vittoria-di-pirro
it	173-con	173	4	unhandled	false	false			scp-126-it,scp-166-it,scp-173-it,scp-175-it
it	amorfo	174	4	unhandled	false	false			scp-013-it,scp-030-it-arc,scp-036-it,scp-it-003
it	auto-replicante	175	4	unhandled	false	false			caligula-563,scp-029-it,scp-094-it,scp-112-it
it	carnivoro	176	4	unhandled	false	false			scp-023-it,scp-064-it,scp-122-it,scp-178-it
it	concetto	177	4	unhandled	false	false			scp-151-it,scp-156-it,scp-170-it,scp-195-it
it	concorso-anniversario-2022	178	4	unhandled	false	false			concorso-anniversario-2022,la-fine-della-segretezza,pax-anartistica,scp-122-it
it	concorso-estivo-2023	179	4	unhandled	false	false			scp-150-it,scp-153-it,scp-170-it,scp-182-it
it	concorso-estivo-2024	180	4	unhandled	false	false			gombloddo,la-tua-detective-preferita,scp-131-it,scp-191-it
it	concorso-halloween-2021	181	4	unhandled	false	false			concorso-halloween-2021,scp-008-it,scp-113-it,scp-135-it
it	cristallino	182	4	unhandled	false	false			scp-043-it,scp-059-it,scp-080-it,scp-142-it
it	fragment	183	4	jp_tag_alias	true	true	フラグメント		annuncio-sulla-questione-duksin,offset:scp-166-it-0,offset:scp-166-it-1,offset:scp-166-it-3
it	gioco	184	4	unhandled	false	false			scp-016-it,scp-077-it,scp-085-it,scp-144-it
it	heck-o-ween2025	185	4	unhandled	false	false			apocrifo,aracne-salamandra,scp-201-it,scp-202-it
it	il-corriere	186	4	unhandled	false	false			diluvio-universale,scp-067-it,scp-105-it,uno-spaventapasseri
it	interattivo	187	4	unhandled	false	false			scp-001-it-abad,scp-051-it,scp-088-it,scp-173-it
it	medico	188	4	unhandled	false	false			ibogan,lotusolo,scp-034-it,scp-it-116
it	mente-alveare	189	4	unhandled	false	false			scp-022-it,scp-044-it,scp-063-it,scp-080-it
it	oc-m	190	4	unhandled	false	false			corazza-elba,la-flamberga-volante-di-villa-mamurra,scp-064-it-arc,scp-115-it
it	oneiroi	191	4	jp_tag_alias	true	true	オネイロイ		hypnos-uno,penumbra,scp-126-it,una-nave-naufragata-1819
it	pending	192	4	jp_tag_name	true	true	pending		scp-134-it,scp-151-it,scp-187-it,scp-215-it
it	performance	193	4	jp_tag_alias	true	true	芸能		il-favore-del-pubblico,scp-004-it-arc,scp-125-it,scp-139-it
it	proposta-001	194	4	unhandled	false	false			scp-001-it-abad,scp-001-it-graf,scp-001-it-heck,scp-sexooo-it-j
it	scheletrico	195	4	unhandled	false	false			scp-045-it,scp-046-it,scp-138-it,scp-143-it
it	solis-custodes	196	4	unhandled	false	false			scp-006-it,scp-008-it,scp-125-it,scp-159-it
it	summercon	197	4	unhandled	false	false			ex-tenebris-fluctus,scp-299-it,sette-rintocchi,ute-1661-ingranaggio-spirito
it	svelati	198	4	unhandled	false	false			addio-roma-addio-napoli,quando-napoli-piange-firenze-ride,tutto-il-mondo-e-paese,vedi-napoli-e-poi-muori
it	temporale	199	4	unhandled	false	false			scp-043-it,scp-050-it,scp-098-it,scp-142-it
it	trasmissione	200	4	unhandled	false	false			scp-009-it,scp-085-it,scp-177-it,scp-299-it
it	valeria-cattaneo	201	4	unhandled	false	false			scp-060-it,scp-072-it,scp-098-it,scp-118-it
it	veicolo	202	4	unhandled	false	false			scp-050-it,scp-061-it,scp-109-it,scp-142-it
it	vestiario	203	4	unhandled	false	false			corazza-elba,scp-071-it,scp-082-it,scp-117-it
it	articolo-evento	204	3	unhandled	false	false			scp-047-it,scp-050-it,scp-201-it
it	audio	205	3	jp_tag_alias	true	true	音声添付		scp-051-it,scp-071-it,scp-119-it
it	bovino	206	3	unhandled	false	false			scp-090-it,scp-160-it,scp-anti090-it-j
it	coalizione-globale-occulto	207	3	unhandled	false	false			scp-059-it,tutto-il-mondo-e-paese,ute-1661-ingranaggio-spirito
it	concorso-anniversario-2026	208	3	unhandled	false	false			scp-064-it,scp-211-it,scp-233-it
it	concorso-estivo-2022	209	3	unhandled	false	false			concorso-estivo-2022,scp-it-068-arc,scp-it-096
it	concorso-halloween-2020	210	3	unhandled	false	false			scp-100-it,scp-119-it,scp-143-it
it	consigliato	211	3	unhandled	false	false			espero,orientamento-all-ulis,scp-010-it-arc
it	corrosivo	212	3	unhandled	false	false			scp-030-it-arc,scp-069-it,scp-069-it-arc
it	elettrico	213	3	unhandled	false	false			scp-042-it-arc,scp-072-it,scp-106-it-arc
it	equino	214	3	unhandled	false	false			nero-285,scp-020-it,scp-146-it
it	felino	215	3	unhandled	false	false			cfo-c4t-g1rl,scp-088-it,scp-g4tt0-it-j
it	fisico	216	3	unhandled	false	false			scp-044-it,scp-048-it,scp-142-it
it	fungo	217	3	unhandled	false	false			plotnek,scp-053-it,scp-070-it
it	homo-sapiens-sidhe	218	3	jp_tag_name	true	true	homo-sapiens-sidhe		intervista-087-it,scp-116-it,scp-it-120
it	invertebrato	219	3	unhandled	false	false			scp-019-it,scp-173-it,scp-m05kah-it-j
it	lepidottero	220	3	unhandled	false	false			farfalla-di-ossidiana,scp-053-it,scp-068-it
it	magnetico	221	3	unhandled	false	false			scp-003-it,scp-038-it,scp-108-it
it	marshall-carter-dark	222	3	unhandled	false	false			sciroppo-da-fieno-mcd,scp-191-it,tagliato-a-pezzettini-e-servito-crudo
it	meteorologico	223	3	unhandled	false	false			scp-013-it,scp-048-it,scp-118-it
it	muride	224	3	unhandled	false	false			scp-093-it,scp-147-it,scp-154-it
it	narrativo	225	3	unhandled	false	false			scp-007-it,scp-014-it-arc,scp-091-it
it	ovino	226	3	unhandled	false	false			scp-098-it,scp-143-it,scp-160-it
it	parawatch	227	3	jp_tag_alias	true	true	パラウォッチ		la-tua-detective-preferita,scp-135-it,scp-164-it
it	risolto	228	3	unhandled	false	false			scp-131-it,scp-164-it,scp-173-it
it	saggio	229	3	unhandled	false	false			come-non-perdersi-durante-la-traduzione,guida-alla-vita-e-all-impiego-dei-classe-d,sul-sito-della-fondazione-italiana
it	satellite	230	3	jp_tag_alias	true	true	衛星		incidente-black-knight-despirito,scp-054-it,scp-061-it
it	sole	231	3	unhandled	false	false			scp-009-it,scp-047-it,scp-054-it
it	sonno	232	3	unhandled	false	false			hypnos-uno,scp-005-it,scp-031-it
it	telecinetico	233	3	unhandled	false	false			scp-048-it-arc,scp-163-it,scp-aaaa-it-j
it	valuta	234	3	unhandled	false	false			scp-078-it,scp-081-it,scp-186-it
it	200-con	235	2	unhandled	false	false			scp-200-it,scp-250-it
it	_cfo	236	2	unhandled	false	false			cfo-c04,cfo-l07
it	arredamento	237	2	unhandled	false	false			scp-031-it,scp-109-it
it	attrezzo	238	2	unhandled	false	false			scp-109-it,una-giornata-tranquilla
it	aziendale	239	2	unhandled	false	false			scp-it-003,scp-it-004
it	classe-del-76	240	2	unhandled	false	false			scp-it-032,vomito
it	compleanno-it-2019	241	2	unhandled	false	false			scp-047-it,scp-050-it
it	component	242	2	jp_tag_alias	true	true	コンポーネント		sheet-code,timeline-della-branca-italiana-2
it	concorso-halloween-2022	243	2	unhandled	false	false			la-secchia,scp-it-003
it	concorso-halloween-2024	244	2	unhandled	false	false			l-ultimo-della-linea-15,scp-it-080
it	fabbrica	245	2	unhandled	false	false			scp-108-it,scp-147-it
it	gamer-contro-erba	246	2	unhandled	false	false			scp-088-it,scp-152-it
it	gassoso	247	2	unhandled	false	false			scp-013-it,scp-084-it
it	genetico	248	2	unhandled	false	false			scp-160-it,scp-anti090-it-j
it	gustativo	249	2	unhandled	false	false			scp-154-it,scp-163-it
it	ingranaggi	250	2	unhandled	false	false			la-prova-di-dio,scp-032-it
it	iniziativa-orizzonte	251	2	unhandled	false	false			onde-la-serpe-dimora,raminghi-e-fuggiaschi
it	la-scultura	252	2	unhandled	false	false			dono-di-condoglianze,pax-anartistica
it	loop	253	2	jp_tag_alias	true	true	ループ		scp-085-it,scp-it-003
it	lorecon2023	254	2	jp_tag_name	true	true	lorecon2023		un-diario-di-guerra-datato-1943,uwucazione
it	mimetico	255	2	unhandled	false	false			scp-106-it,scp-144-it
it	miniatura	256	2	unhandled	false	false			scp-054-it,scp-075-it
it	notturno	257	2	unhandled	false	false			scp-053-it,scp-098-it
it	osservativo	258	2	unhandled	false	false			scp-085-it,scp-091-it
it	pianeta	259	2	unhandled	false	false			scp-054-it,scp-aaaa-it-j
it	quintista	260	2	unhandled	false	false			l-astro-nascente,vide-cassiopea
it	radioattivo	261	2	unhandled	false	false			scp-043-it,scp-142-it
it	registrazione	262	2	unhandled	false	false			scp-109-it,scp-159-it
it	riproduttivo	263	2	unhandled	false	false			scp-010-it-arc,scp-160-it
it	riscrittura	264	2	unhandled	false	false			dossier:francesco-valtieri,dossier:napoleone-bernini
it	saffiro	265	2	unhandled	false	false			apocrifo,jahdben-nakrik
it	sciame	266	2	unhandled	false	false			scp-083-it,scp-178-it
it	scultura	267	2	unhandled	false	false			scp-051-it,scp-089-it
it	senza-classe	268	2	jp_unused_replacement	true	true		esoteric-class	scp-503-it-j,scp-quaqua-it-j
it	sessuale	269	2	unhandled	false	false			scp-051-it,scp-198-it
it	sfera	270	2	unhandled	false	false			scp-003-it,scp-173-it
it	strumento	271	2	unhandled	false	false			scp-056-it,scp-155-it
it	template	272	2	unhandled	false	false			inc:picture,inc:picture-backend
it	vermesco	273	2	unhandled	false	false			scp-128-it,scp-188-it
it	vetro	274	2	unhandled	false	false			scp-040-it,scp-083-it-arc
it	vibrazione	275	2	unhandled	false	false			scp-130-it,scp-144-it
it	wilsons-wildlife	276	2	jp_tag_alias	true	true	ウィルソンズ・ワイルドライフ		scp-088-it,scp-103-it
it	admin	277	1	jp_tag_alias	true	true	管理		attribution-metadata
it	adulto	278	1	unhandled	false	false			una-giornata-tranquilla
it	alagadda	279	1	jp_tag_alias	true	true	アラガッダ		scp-139-it
it	aldilà	280	1	unhandled	false	false			scp-201-it
it	ambrose	281	1	unhandled	false	false			ambrose-goricna
it	annihilismo	282	1	unhandled	false	false			scp-164-it
it	aracnide	283	1	unhandled	false	false			scp-027-it
it	archivi-120	284	1	unhandled	false	false			scp-it-120
it	auditivo	285	1	unhandled	false	false			scp-168-it
it	batterio	286	1	unhandled	false	false			scp-299-it
it	biblioteca-del-viandante	287	1	unhandled	false	false			sul-tetto-del-mondo
it	cactaceo	288	1	unhandled	false	false			scp-123-it
it	camelide	289	1	unhandled	false	false			scp-105-it
it	campione-lunare	290	1	unhandled	false	false			scp-it-004
it	carichi-insoliti	291	1	unhandled	false	false			giara-abbondanza
it	cefalopode	292	1	unhandled	false	false			scp-068-it
it	cervino	293	1	unhandled	false	false			scp-071-it
it	chelonio	294	1	unhandled	false	false			scp-103-it
it	cosciente	295	1	unhandled	false	false			bambino-in-fil-dacciaio
it	cubo	296	1	unhandled	false	false			scp-173-it
it	dado	297	1	jp_tag_name	true	true	dado		sciroppo-da-fieno-mcd
it	ddd	298	1	unhandled	false	false			un-diario-di-guerra-datato-1943
it	dinosauro	299	1	unhandled	false	false			scp-178-it
it	divisione-gru-p	300	1	unhandled	false	false			un-diario-di-guerra-datato-1943
it	el	301	1	jp_tag_name	true	true	el		scp-006-int
it	es	302	1	jp_tag_name	true	true	es		scp-006-int
it	esterberg	303	1	jp_tag_alias	true	true	エスターバーグ		scp-it-120
it	estremità	304	1	unhandled	false	false			scp-158-it
it	evento	305	1	unhandled	false	false			secret-santa-2025
it	fisica	306	1	unhandled	false	false			scp-095-it
it	fr	307	1	jp_tag_name	true	true	fr		scp-006-int
it	futuro	308	1	unhandled	false	false			scp-105-it
it	geologico	309	1	unhandled	false	false			scp-070-it
it	gravità	310	1	unhandled	false	false			scp-610-it-j
it	incidente	311	1	unhandled	false	false			scp-001-it-abad-inc
it	infettivo	312	1	unhandled	false	false			scp-053-it
it	insorgenza-caos	313	1	unhandled	false	false			sul-tetto-del-mondo
it	int	314	1	jp_tag_name	true	true	int		scp-006-int
it	intervista	315	1	unhandled	false	false			intervista-087-it
it	iscrizione	316	1	unhandled	false	false			scp-205-it
it	luce	317	1	unhandled	false	false			scp-074-it
it	manipola-realtà	318	1	unhandled	false	false			scp-153-it
it	matematico	319	1	unhandled	false	false			scp-001-it-abad
it	mentale	320	1	unhandled	false	false			scp-215-it
it	microscopico	321	1	unhandled	false	false			scp-160-it
it	nessuno	322	1	unhandled	false	false			ricordi-di-un-nessuno
it	o	323	1	unhandled	false	false			scp-006-int
it	olfattivo	324	1	unhandled	false	false			scp-040-it
it	onnivoro	325	1	unhandled	false	false			scp-160-it
it	pamwac	326	1	jp_tag_name	true	true	pamwac		uwucazione
it	paradosso	327	1	unhandled	false	false			scp-149-it
it	poesia	328	1	unhandled	false	false			la-mosca-l-angelo-l-anima
it	poliedrico	329	1	unhandled	false	false			scp-105-it
it	pzga	330	1	jp_tag_name	true	true	pzga		plotnek
it	ranino	331	1	unhandled	false	false			scp-106-it
it	re-impiccato	332	1	unhandled	false	false			scp-139-it
it	re-scarlatto	333	1	unhandled	false	false			vedete-da-lassu
it	regina-nera	334	1	unhandled	false	false			sul-tetto-del-mondo
it	riscrivibile	335	1	unhandled	false	false			scp-046-it
it	risorsa	336	1	unhandled	false	false			inc:highlighter
it	scambio	337	1	unhandled	false	false			scp-092-it
it	scimmiesco	338	1	unhandled	false	false			scp-093-it
it	secondo-hytoth	339	1	unhandled	false	false			scp-138-it
it	senza-nome	340	1	unhandled	false	false			scp-116-it
it	skp	341	1	jp_tag_name	true	true	skp		scp-061-it
it	sondaggione	342	1	unhandled	false	false			rapporto-sondaggione-2020
it	sotterraneo	343	1	unhandled	false	false			scp-it-019
it	splash	344	1	jp_tag_alias	true	true	見出し		scp-102-it
it	sport	345	1	jp_tag_alias	true	true	スポーツ		scp-083-it-arc
it	termico	346	1	unhandled	false	false			scp-074-it
it	ursino	347	1	unhandled	false	false			scp-128-it
it	verde	348	1	unhandled	false	false			scp-006-int
it	vestario	349	1	unhandled	false	false			scp-158-it
it	video	350	1	jp_tag_alias	true	true	映像添付		scp-148-it
it	volpesco	351	1	unhandled	false	false			scp-062-it
it	wilson-wildlife	352	1	unhandled	false	false			apocrifo
ko	en	1	4780	jp_tag_name	true	true	en		1-mr-headless,10-30-a-m,10-mr-mission,11-mr-feather,1231-warning
ko	scp	2	4721	jp_tag_name	true	true	scp		acidfrog-s-proposal-arc,acidfrog-s-proposal-internal,archive:scp-105,archive:scp-2317,b-bone-s-proposal
ko	ko	3	4280	jp_tag_name	true	true	ko		036-note,0ne-last-k1ss,1-5-51-cloudy,100-won,11thanniversarycontest
ko	이야기	4	2941	curated_override_only	false	true	tale		0ne-last-k1ss,1-5-51-cloudy,1-m-sans-tete-comic,1-mr-headless,10-30-a-m
ko	유클리드	5	1549	curated_override_only	false	true	euclid		acidfrog-s-proposal-arc,asp-173,captain-kirby-s-proposal,deleted:scp-009,deleted:scp-037
ko	안전	6	1547	curated_override_only	false	true	safe		archive:scp-105,b-bone-s-proposal,consilium-fulminis,deleted:scp-031,deleted:scp-032
ko	연작	7	1192	unhandled	false	false			0ne-last-k1ss,1-5-51-cloudy,1-mr-headless,10-mr-mission,11-mr-feather
ko	jp	8	1097	jp_tag_name	true	true	jp		10second-hide-and-seek,10thannivpages,11thannivpages,1200-taletale-hub,131-137
ko	인간형	9	1056	curated_override_only	false	true	人間型		archive:scp-105,archive:scp-2317,captain-kirby-s-proposal,cimmerian-kaktus-proposal,deleted:scp-037-vn
ko	케테르	10	888	curated_override_only	false	true	keter		archive:scp-2317,chamomile82-s-proposal,deleted:scp-122,deleted:scp-139,deleted:scp-1548
ko	지성	11	878	curated_override_only	false	true	知性		archive:scp-105,archive:scp-2317,captain-kirby-s-proposal,cimmerian-kaktus-proposal,deleted:scp-032
ko	_cc	12	832	unhandled	false	false			12thanniversarycontest,13thanniversarycontest,1st-unofficial-c-bonefish-contest,2018-crime-contest,21k-poi-intru
ko	허브	13	777	unhandled	false	false			10thannivpages,11thanniversarycontest,11thannivpages,1200-taletale-hub,12thanniversarycontest
ko	생물	14	774	unhandled	false	false			archive:scp-105,archive:scp-2317,captain-kirby-s-proposal,deleted:scp-032,deleted:scp-037-vn
ko	특집	15	684	unhandled	false	false			12talesaboutafactory,13th-yurika-donation,17minutes,21,63-24
ko	정신조작	16	607	unhandled	false	false			deleted:scp-1019,deleted:scp-139,deleted:scp-1444,deleted:scp-1799,deleted:scp-2188
ko	조각문서	17	545	unhandled	false	false			deleted:fragment:scp-1550-ko-0,deleted:scp-2601-chi,deleted:scp-2601-cze,deleted:scp-2601-eng,deleted:scp-2601-heb
ko	요주의단체-서식	18	471	unhandled	false	false			13th-yurika-donation,16th-wondertainment-donation,1st-sakura-hime-donation,1st-star-donation,2025-07-12
ko	인공물	19	449	unhandled	false	false			deleted:roget-s-proposal,deleted:scp-1019,deleted:scp-138-arc,deleted:scp-1507,deleted:scp-1822
ko	동물	20	443	unhandled	false	false			deleted:scp-039,deleted:scp-1166,deleted:scp-1926,deleted:scp-2008,deleted:scp-2082
ko	인식재해	21	412	unhandled	false	false			daveyoufool-proposal,deleted:scp-031,deleted:scp-1444,deleted:scp-1654,scp-007-jp
ko	시각	22	385	unhandled	false	false			deleted:roget-s-proposal,deleted:scp-031,deleted:scp-8480,scp-007-jp,scp-012
ko	공저	23	384	unhandled	false	false			835aarfull,835revised,a-a-0111,aces-and-eights,additional-resources
ko	비격리	24	375	unhandled	false	false			b-bone-s-proposal,cimmerian-kaktus-proposal,crssk-s-proposal,deleted:scp-1548,deleted:scp-2117
ko	외부차원	25	332	unhandled	false	false			archive:scp-2317,deleted:scp-2117,deleted:scp-2354,deleted:scp-3084,djkaktus-s-proposal
ko	외부엔트로피	26	331	unhandled	false	false			deleted:scp-040,deleted:scp-1019,deleted:scp-138-arc,deleted:scp-1908,deleted:scp-2117
ko	난해한-등급	27	319	unhandled	false	false			cimmerian-kaktus-proposal,consilium-fulminis,crssk-s-proposal,ddd-2034,deleted:scp-2601
ko	메타	28	314	unhandled	false	false			b-bone-s-proposal,deleted:scp-cn-994,director-bold-s-proposal-la,hoyaas-proposal,la-propuesta-de-nico-j
ko	변형	29	310	unhandled	false	false			deleted:scp-040,deleted:scp-2689,deleted:scp-3691,not-a-seagull-proposal,scp-002
ko	위치	30	298	unhandled	false	false			deleted:scp-1162,deleted:scp-1538,deleted:scp-1699,deleted:scp-186,deleted:scp-238
ko	건물	31	279	unhandled	false	false			acidfrog-s-proposal-internal,deleted:scp-2303,deleted:scp-2354,deleted:scp-655,fuban-s-proposal
ko	아트워크	32	272	unhandled	false	false			1-m-sans-tete-comic,131-137,2016-illust-contest,2521-xxx,548-40
ko	세계-오컬트-연합	33	247	unhandled	false	false			13th-yurika-donation,2521-escaped,5th-global-occult-coalition-donation,a-suicide-note,agent-ukelele
ko	강박	34	245	unhandled	false	false			deleted:scp-643,scp-001-j,scp-002-ko,scp-006-ko,scp-008-ko
ko	자율	35	244	unhandled	false	false			asp-173,deleted:scp-122,deleted:scp-1377,deleted:scp-1507,deleted:scp-1926
ko	농담	36	243	unhandled	false	false			allspice-curry-system-guide,april-fools-2013,april-fools-2019,april-fools-2020,april-fools-2021
ko	순간이동	37	231	unhandled	false	false			deleted:scp-1162,deleted:scp-1822,dr-gears-s-proposal,eberstrom-s-proposal-arc,rounderhouse-gold-proposal
ko	역사적	38	231	unhandled	false	false			deleted:scp-186,deleted:scp-2082,deleted:scp-2601,deleted:scp-900,keter-duty
ko	문서	39	228	unhandled	false	false			b-bone-s-proposal,deleted:scp-1538,deleted:scp-1654,document-451-a,jonathan-ball-s-proposal
ko	보충	40	228	unhandled	false	false			028-de-i2,028-de-p1,028-de-p2,036-note,129-ko-sucidetest
ko	k급-시나리오	41	224	unhandled	false	false			archive:scp-2317,daveyoufool-proposal,deleted:roget-s-proposal,deleted:scp-1654,deleted:scp-1984
ko	생물학	42	221	unhandled	false	false			deleted:scp-1377,dr-gears-s-proposal,rounderhouse-gold-proposal,scp-003,scp-006-j
ko	무효	43	219	unhandled	false	false			acidfrog-s-proposal-internal,deleted:scp-2082,deleted:scp-4430,deleted:scp-8045,proposition-des-drs-gemini-et-tesla
ko	작가	44	218	unhandled	false	false			2018,90-s-reminiscence,a-fat-ghost-s-dossier,a-sunny-day-at-the-clockwork-gallery,abyshroom
ko	테마	45	216	unhandled	false	false			archive:theme:basalt,component:2206092-13-d9af,component:af2019theme,component:af2024theme,component:darkbodytheme
ko	밈적	46	210	unhandled	false	false			crssk-s-proposal,deleted:scp-2303,mcdoctorate-s-proposal,misterfrown-s-proposal-j,pickman-blank-proposal
ko	감각	47	208	unhandled	false	false			deleted:roget-s-proposal,deleted:scp-031,deleted:scp-2722,deleted:scp-2798,deleted:scp-8480
ko	사체	48	207	unhandled	false	false			deleted:scp-4509,scp-022,scp-049-ko,scp-069,scp-076-ko
ko	기억조작	49	204	unhandled	false	false			deleted:scp-2798,mcdoctorate-s-proposal,scp-004-ko,scp-013-jp,scp-017-cs
ko	음식	50	191	unhandled	false	false			deleted:scp-643,rounderhouse-proposal,scp-002-it-j,scp-004-th,scp-006-fr
ko	공간	51	188	unhandled	false	false			deleted:roget-s-proposal,deleted:scp-2669,dr-manns-proposal,keter-duty,navlas-proposal
ko	매체	52	186	unhandled	false	false			deleted:scp-3006,deleted:scp-3084,hal-aki-s-proposal,kate-mctiriss-s-proposal,mcdoctorate-s-proposal
ko	도구	53	184	unhandled	false	false			deleted:scp-649,mackenzie-s-proposal,scp-004,scp-004-jp,scp-005
ko	정보재해	54	182	unhandled	false	false			mcdoctorate-s-proposal,scp-005-j,scp-010-j,scp-014-ko,scp-022-j
ko	현실조작	55	182	unhandled	false	false			deleted:scp-3326,deleted:scp001-kln,djkaktus-s-proposal-iii,mcdoctorate-s-proposal,navlas-proposal
ko	식물	56	178	unhandled	false	false			deleted:scp-032,rounderhouse-proposal,scp-002-jp,scp-030-vn,scp-031-jp
ko	외계	57	178	unhandled	false	false			acidfrog-s-proposal-arc,deleted:scp-037,deleted:scp-1548,deleted:scp-1822,deleted:scp-2395
ko	fr	58	177	jp_tag_name	true	true	fr		1-m-sans-tete-comic,alors-comme-ca-vous-voulez-ecrire-sur-saphir,appel-nocturne,archives-de-la-fondation-saint-claude-de-la-paroisse,aussi-lentement-que-possible
ko	적대적	59	177	unhandled	false	false			deleted:scp-122,deleted:scp-1984,deleted:scp-4509,deleted:scp-500-j,deleted:scp001-kln
ko	시간	60	168	unhandled	false	false			deleted:scp-2003,deleted:scp-3326,hal-aki-s-proposal,hoyaas-proposal,jack-ike-s-proposal-ii
ko	청각	61	168	unhandled	false	false			daveyoufool-proposal,deleted:scp-1799,deleted:scp-649,scp-013-ko,scp-040-ko
ko	종교	62	163	unhandled	false	false			deleted:scp-1444,deleted:scp-6961,djoric-dmatix-proposal,dr-clef-s-proposal,kate-mctiriss-s-proposal
ko	환각	63	160	unhandled	false	false			rounderhouse-proposal,scp-003-ko,scp-004-fr,scp-015-ko,scp-031
ko	공동작업	64	158	unhandled	false	false			1998-911-hub,1998-hub,499-ko,603-ft-2012,886-ko
ko	음향	65	157	unhandled	false	false			deleted:scp-031,deleted:scp-1507,scantron-s-proposal,scp-006-jp,scp-010-ko
ko	전자	66	156	unhandled	false	false			scp-001-ex,scp-001-ex-ko-j,scp-004-jp,scp-010,scp-010-jp
ko	뱀의-손	67	154	unhandled	false	false			a-black-leaf,a-suicide-note,absolute-requirement-for-dawn,agglomeration-spieldose,another-goddamn-magic-system
ko	명문	68	152	unhandled	false	false			deleted:scp-138-arc,deleted:scp-1822,deleted:scp-2722,deleted:scp-900,rounderhouse-proposal
ko	뉴스	69	151	unhandled	false	false			archived-news,hot-potato-2017-01-4th,hot-potato-2017-02-1st,hot-potato-2017-02-2nd,hot-potato-2017-02-3rd
ko	부서진-신	70	150	unhandled	false	false			a-faerie-tale-of-twin-queens,about-the-serpent,archival-document-hsa-008-advent,basic-observations,brocken-machine-and-samsara-of-spider
ko	파괴불가능	71	150	unhandled	false	false			consilium-fulminis,deleted:scp-1654,djkaktus-s-proposal,meshiochislash-s-proposal,qntm-s-proposal
ko	are-we-cool-yet	72	145	jp_tag_name	true	true	are-we-cool-yet		1st-star-donation,a-cooler-manifesto,a-letter-taped-to-a-pipe-bomb-found-in-the-site-19-break-roo,a-resonance-of-some-white-wavelength,adjhfl
ko	컴퓨터	73	145	unhandled	false	false			director-bold-s-proposal-j,k-cal-s-proposal,scp-001-ex,scp-001-ex-ko-j,scp-003
ko	액체	74	143	unhandled	false	false			deleted:scp-009,deleted:scp-1908,deleted:scp-4430,scp-002-ko,scp-006
ko	지식	75	142	unhandled	false	false			deleted:scp-1548,deleted:scp-1654,deleted:scp-2303,deleted:scp-2722,deleted:scp-2911
ko	탈것	76	142	unhandled	false	false			deleted:scp-2722,hoyaas-proposal,kwana-s-proposal,scp-036,scp-047-ko
ko	기계	77	141	unhandled	false	false			deleted:scp-1538,k-cal-s-proposal,meshiochislash-s-proposal,rounderhouse-gold-proposal,rounderhouse-proposal
ko	타우미엘	78	140	unhandled	false	false			deleted:roget-s-proposal,deleted:scp-2003,deleted:scp-2798,deleted:scp-3326,djkaktus-s-proposal
ko	경연	79	139	unhandled	false	false			10thannivpages,11thanniversarycontest,11thannivpages,12thanniversarycontest,13thanniversarycontest
ko	종	80	139	unhandled	false	false			deleted:scp-039,deleted:scp-8045,fishish-s-proposal-j,scp-016,scp-020
ko	텔레파시	81	137	unhandled	false	false			deleted:scp-031,deleted:scp-1162,deleted:scp-2303,deleted:scp-2669,deleted:scp-2798
ko	재단이-만듦	82	136	unhandled	false	false			deleted:scp-2003,deleted:scp-2669,deleted:scp-2798,director-bold-s-proposal-j,djkaktus-s-proposal
ko	구성요소	83	135	unhandled	false	false			component:achievement-de-module,component:achievement-de-module-base,component:achievement-en-module,component:achievement-en-module-base,component:achievement-jp-module
ko	전송	84	134	unhandled	false	false			deleted:scp-1548,deleted:scp-2303,deleted:scp-900,scp-001-ex,scp-001-ex-ko-j
ko	마셜-카터&다크	85	133	unhandled	false	false			a-circus-for-mc-d-ltd,a-wandsman-in-the-court-of-the-hanged-king,agglomeration-spieldose,all-that-glisters,an-average-life
ko	삭제	86	129	unhandled	false	false			deleted:8000-bingo,deleted:a-night-at-the-movies,deleted:after-action-2272,deleted:beneath-two-trees,deleted:birthday-cheer
ko	원더테인먼트-박사	87	129	unhandled	false	false			1-mr-headless,10-mr-mission,11-mr-feather,13-mr-purple,14-mr-brass
ko	온라인	88	128	unhandled	false	false			deleted:scp-3006,profoundabyss-proposal,scp-028-ko,scp-040-ko,scp-056-ko
ko	크리피파스타	89	128	unhandled	false	false			100-won,10second-hide-and-seek,1963-to-2024,a-little-bunnys-doctor,a-lunch
ko	변성	90	126	unhandled	false	false			deleted:scp-361-arc,scp-003-j,scp-027-ko,scp-038,scp-054-ko
ko	자가수복	91	126	unhandled	false	false			deleted:scp-1166,deleted:scp-2117,scp-005-ko,scp-006,scp-021-ko
ko	포식성	92	126	unhandled	false	false			dr-gears-s-proposal,scp-002-ko,scp-023-fr,scp-025-fr,scp-026-ko
ko	의식	93	125	unhandled	false	false			archive:scp-2317,scp-007-vn,scp-035-ko,scp-072-th,scp-077
ko	무기	94	124	unhandled	false	false			consilium-fulminis,deleted:scp-1444,deleted:scp-186,djkaktus-s-proposal,rounderhouse-gold-proposal
ko	빛	95	124	unhandled	false	false			deleted:scp-122,scp-017,scp-022-fr,scp-029,scp-030
ko	항밈적	96	124	unhandled	false	false			captain-kirby-s-proposal,scp-055,scp-1003-ko,scp-1038-ru,scp-1066-ko
ko	자가복제	97	123	unhandled	false	false			deleted:scp-009,deleted:scp-1926,sandrewswann-s-proposal,scantron-s-proposal,scp-001-ex-j
ko	현상	98	121	unhandled	false	false			lily-s-proposal,scp-027,scp-033,scp-055,scp-1013-ko
ko	구조	99	120	unhandled	false	false			deleted:roget-s-proposal,deleted:scp-238,scp-002,scp-002-fr,scp-004
ko	파운데이션-스토리	100	120	unhandled	false	false			17minutes,casedefectivewoman,casehippie-kay-yay,chessboard,d-escape-recovery-record
ko	cn	101	119	jp_tag_name	true	true	cn		2521-escaped,2521-xxx,a-special-containment-procedure,alive,canon-hub-cn
ko	개념	102	119	unhandled	false	false			director-bold-s-proposal-la,djkaktus-s-proposal-iii,hoyaas-proposal,mcdoctorate-s-proposal,pickman-blank-proposal
ko	사르킥	103	119	unhandled	false	false			63-24,6332,a-wandsman-in-the-court-of-the-hanged-king,about-deer,about-the-serpent
ko	예술	104	118	unhandled	false	false			deleted:scp-1019,deleted:scp-2188,deleted:scp-2911,deleted:scp-3084,kyougoku-s-proposal
ko	공중	105	115	unhandled	false	false			deleted:scp-037,deleted:scp-2008,scp-037,scp-042-ko,scp-069-ua
ko	파라워치	106	115	unhandled	false	false			10second-hide-and-seek,a-little-bunnys-doctor,af2021kanesousuba,along-the-piece,at-the-abandoned-building
ko	통로	107	113	unhandled	false	false			deleted:scp-2689,dr-clef-s-proposal,proposition-des-drs-gemini-et-tesla,scp-004,scp-011-fr
ko	안내	108	110	unhandled	false	false			about-the-scp-foundation,about-the-scp-foundation-arc,achievements,archived:groups-of-interest-jp,author-page-template
ko	게임	109	108	unhandled	false	false			deleted:scp-2117,scp-024,scp-024-ko,scp-068-ko,scp-079-fr
ko	수면	110	108	unhandled	false	false			deleted:scp-122,deleted:scp-3969,deleted:scp-4430,deleted:scp-8045,scp-011-ko
ko	수중	111	104	unhandled	false	false			rounderhouse-jade-proposal,scp-019-it,scp-054-fr,scp-1057,scp-1066-ko
ko	서술	112	103	unhandled	false	false			deleted:scp-1538,not-a-seagull-proposal,scp-014-ko,scp-056-ko,scp-066-ko
ko	혼돈의-반란	113	102	unhandled	false	false			another-goddamn-magic-system,awaken-sushi,chaos-insurgency-hub,chaos-praxis,counting-six-to-one
ko	곤충	114	101	unhandled	false	false			scp-006-cu-ex,scp-006-j,scp-026-ko,scp-027,scp-030-jp
ko	이자메아	115	100	unhandled	false	false			analysis-of-ao-01935a,art-and-the-dead-artist,cage-of-null,collected-item-no0723,dialogue-at-toono
ko	장난감	116	100	unhandled	false	false			deleted:scp-1926,scp-018,scp-027-jp,scp-033-jp,scp-035-jp
ko	감정이입	117	99	unhandled	false	false			scp-003-ko,scp-007-jp,scp-009-ko,scp-028-ko,scp-047-ko
ko	전염성	118	99	unhandled	false	false			deleted:scp-3006,scantron-s-proposal,scp-001-ex-j,scp-004-ko,scp-006-ko
ko	클레프-박사	119	99	unhandled	false	false			784incident2,784incident3,784incident4,784incident5,784incident6
ko	새	120	98	unhandled	false	false			deleted:scp-1507,scp-005-jp,scp-020-jp,scp-080-fr,scp-1013
ko	반복성	121	97	unhandled	false	false			chamomile82-s-proposal,jack-ike-s-proposal-ii,keter-duty,mcdoctorate-s-proposal,nicos-proposal-ii
ko	관찰	122	94	unhandled	false	false			asp-173,deleted:scp-3006,kyougoku-s-proposal,scp-002-fr,scp-007-jp
ko	생물재해	123	93	unhandled	false	false			deleted:scp-238,scp-002-jp,scp-008,scp-008-jp,scp-016
ko	의약학	124	93	unhandled	false	false			rounderhouse-proposal,scp-006,scp-040-jp-j,scp-044-ko,scp-080-fr
ko	무형	125	92	unhandled	false	false			deleted:scp-1984,deleted:scp-5812,scp-002-vn,scp-02-ko-j,scp-023
ko	조각품	126	91	unhandled	false	false			asp-173,deleted:scp-8480,scp-005-jp,scp-011,scp-050
ko	소생	127	88	unhandled	false	false			deleted:scp-2082,scp-006-jp,scp-008,scp-019-jp,scp-022
ko	윤리위원회	128	88	unhandled	false	false			17minutes,captain-kirby-s-proposal,deleted:scp-1166,diplomacy-party,djkaktus-s-proposal-iii
ko	기상학	129	87	unhandled	false	false			deleted:scp-649,not-a-seagull-proposal,scp-004-fr,scp-036-ko,scp-091-ko
ko	능구렁이-손	130	85	jp_tag_alias	true	true	赤斑蛇の手		a-city-of-corruption-and-pleasure,a-day-of-npes-agents,a-tea-perfume,abnormal-powerful-disorderly-spiritual,adoption-poster-hx
ko	기생성	131	84	unhandled	false	false			deleted:scp-103,scp-005-ko,scp-008-ko,scp-021,scp-026-it
ko	예측성	132	83	unhandled	false	false			chamomile82-s-proposal,deleted:scp-361-arc,jack-ike-s-proposal-ii,jonathan-ball-s-proposal,lily-s-proposal
ko	확률	133	83	unhandled	false	false			navlas-proposal,scp-008-j,scp-048,scp-1040-ru,scp-1100-ko
ko	에세이	134	82	unhandled	false	false			a-brief-history-of-scp-ko,a-brief-history-of-scp-ru,abolish-the-no-vote-downvote-your-friends-and-other-scp-crit,about-3333,alors-comme-ca-vous-voulez-ecrire-sur-saphir
ko	가전	135	81	unhandled	false	false			scp-056-jp,scp-075-ko,scp-086,scp-1032,scp-1040
ko	카논	136	81	unhandled	false	false			absinthiana-dream,ad-astra-per-aspera-hub,aiad-homescreen,alive,anomalympic-hub
ko	나무	137	80	unhandled	false	false			scp-038,scp-044-jp,scp-060,scp-071-ko,scp-1001
ko	145k-협력사	138	79	unhandled	false	false			a-journal-of-principal-researcher,ad-undas,adoption-poster-sqeeze,after-all-winter,atellif-s-holiday-special
ko	신경학	139	79	unhandled	false	false			deleted:scp-1984,lulus-proposal,navlas-proposal,scp-030-vn,scp-039-ko
ko	음성첨부	140	79	unhandled	false	false			aiad-homescreen,also-this-all-happened-on-the-same-day,audio-adaptations,birthday-devan-12,cimmerian-kaktus-proposal
ko	무리	141	78	unhandled	false	false			deleted:scp-1507,scp-026-ko,scp-044-jp,scp-049-ko,scp-059-ko
ko	군사	142	77	unhandled	false	false			deleted:scp-186,deleted:scp-2601,proposition-des-drs-gemini-et-tesla,scp-007-ko,scp-011
ko	미스터	143	77	unhandled	false	false			1-m-sans-tete-comic,1-mr-headless,10-mr-mission,11-mr-feather,13-mr-purple
ko	이동	144	77	unhandled	false	false			deleted:scp-2669,scp-031-ko,scp-039-jp,scp-072-th,scp-079-ko
ko	프로메테우스	145	77	unhandled	false	false			a-brief-explanation-on-demonics,ambrose-wildcat-house,att-chapter-five,att-chapter-four,att-chapter-one
ko	염력	146	76	unhandled	false	false			archive:scp-105,deleted:scp-1019,scp-019-jp,scp-075-ko,scp-092
ko	작품교환	147	76	unhandled	false	false			a-josie-holiday,a-long-dream-or-a-short-life,a-pietro-wilson-christmas,alex-thorley-does-lsd,alex-thorley-goes-on-a-blind-date
ko	관리	148	74	unhandled	false	false			_404,april-fools-2013,april-fools-2019,april-fools-2021,april-fools-2022
ko	기어스-박사	149	74	unhandled	false	false			a-site-19-christmas-carol,a-suicide-note,about-1128,and-the-winner-is,annon
ko	언어	150	73	unhandled	false	false			director-bold-s-proposal-la,scp-003-j,scp-030,scp-062,scp-078
ko	지하	151	73	unhandled	false	false			deleted:scp-238,keter-duty,scp-038-ko,scp-052,scp-057
ko	001-제안	152	72	unhandled	false	false			acidfrog-s-proposal-internal,b-bone-s-proposal,captain-kirby-s-proposal,chamomile82-s-proposal,cimmerian-kaktus-proposal
ko	무진	153	72	jp_tag_alias	true	true	霧津		a-dense-fog,ac-309-blue-mermaid-lady,agent-yuri-5,agent-yuri-6-1,agent-yuri-6-2
ko	심야클럽	154	72	jp_tag_alias	true	true	深夜クラブ		aoi-sangoshou,aoi-sangoshou-001,bomeun-kkaeonago-3,bongjosang1,bongjosang2
ko	윌슨-야생	155	72	unhandled	false	false			adoption-poster-bandit,adoption-poster-bonzo,adoption-poster-cupid,adoption-poster-darius,adoption-poster-hx
ko	음악	156	71	unhandled	false	false			scp-012,scp-065-j,scp-092,scp-099-ko,scp-099-ko-ex
ko	골목길	157	70	jp_tag_alias	true	true	路地道		2025-07-12,alley-chuseok-legend,alley-costume,alley-hunting,alley-maze
ko	떡갈나무	158	70	jp_tag_alias	true	true	樫の木		13-cowbell,a-man-walking-the-road,anchor-moongazers-rhapsody,art-and-the-dead-artist,candy-wrapper
ko	어둠의-초밥	159	70	unhandled	false	false			21k-poi-intru,ambrose-shigastan,ambrose-valentine,awaken-sushi,can-you-feel-yamizushi-file-555
ko	엔트로피를-넘어서	160	70	jp_tag_alias	true	true	エントロピーを越えて		ac-309-blue-mermaid-lady,ac-315-cruelty-free,ac-705-flag-bearer-of-hamelin,agent-yuri,att-chapter-five
ko	적응	161	69	unhandled	false	false			deleted:scp-8045,scp-005,scp-005-ko,scp-019,scp-045-ko
ko	삼대천	162	68	jp_tag_alias	true	true	サムデチョン		255kolang432ko,artmoney,beyond-state,bongjosang1,bongjosang2
ko	김철현	163	67	unhandled	false	false			a-day-of-npes-agents,a-tea-perfume,analysis-of-ao-01935a,arogadagyunmunrok,bomeun-kkaeonago-1
ko	cb	164	66	unhandled	false	false			cb:chaos-insurgency,cb:class-d-personnel,cb:console,cb:customdrink,cb:death-messages
ko	고양이	165	66	unhandled	false	false			scp-040-jp,scp-040-jp-j,scp-068-jp,scp-083-jp,scp-1013-ko
ko	촉각	166	66	unhandled	false	false			scp-049,scp-049-arc,scp-057-ko,scp-113,scp-1353
ko	다에바인	167	65	unhandled	false	false			a-look-back-on-what-we-accomplished,a-visitation,a-wandsman-in-the-court-of-the-hanged-king,about-the-serpent,addressing-the-second
ko	불	168	65	unhandled	false	false			deleted:scp-2117,deleted:scp-3691,scp-001-ex-j,scp-008-fr,scp-016-ko
ko	어린이	169	63	unhandled	false	false			djkaktus-s-proposal,scp-009-j,scp-011-j,scp-026,scp-040
ko	지질학	170	63	unhandled	false	false			deleted:scp-1538,deleted:scp-1699,scp-045,scp-088-fr,scp-110
ko	윤성재	171	62	unhandled	false	false			a-tea-perfume,aoi-sangoshou,aoi-sangoshou-001,aoi-sangoshou-0010,aoi-sangoshou-0011
ko	교환	172	61	unhandled	false	false			scp-014-ko,scp-088-jp,scp-092-ko,scp-1139-jp,scp-1407-ko
ko	비정형	173	60	unhandled	false	false			deleted:scp-031,deleted:scp-1984,scp-002-ko,scp-018-ko,scp-031
ko	생식	174	60	unhandled	false	false			deleted:scp-2888,scp-044-jp,scp-051,scp-067-ko,scp-069-ko
ko	수집원	175	60	unhandled	false	false			collected-item-no0025,collected-item-no0091,collected-item-no0723,collected-item-no0724,collected-item-no0914
ko	죽일-수-없는-파충류	176	60	unhandled	false	false			a-containment-proposal,a-world-s-legacy,addressing-the-second,alley-hunting,archived-incident-076-2-682
ko	특이사건반	177	60	unhandled	false	false			2521-escaped,adoption-poster-darius,ambrose-wildcat-house,canaria-7th,captain-kirby-s-proposal
ko	1998년	178	59	unhandled	false	false			1998-911-hub,1998-hub,2039-speech,absolute-requirement-for-dawn,chopin-godzilla-98-movie-poster
ko	_이미지	179	59	unhandled	false	false			climate-prophecy-report,critter-profile-ruben,department-of-pharmaceutics,diplomacy-2020-03,fsgko
ko	다섯째	180	59	unhandled	false	false			1st-star-donation,a-pathetic-attempt-to-explain-fifthism,a-song-about-serious-information-leaks,a-thin-dangerous-line,acidverse
ko	도시	181	59	unhandled	false	false			deleted:scp-2188,deleted:scp-900,rounderhouse-gold-proposal,rounderhouse-jade-proposal,scp-063-ko
ko	성적	182	59	unhandled	false	false			deleted:scp-031,scp-034-ko,scp-068-ko,scp-071,scp-090-ko
ko	2024-별칭경연	183	57	jp_tag_alias	true	true	2024-メタタイトルコンテスト		scp-1010-ko,scp-1015-ko,scp-1020-ko,scp-1021-ko,scp-1028-ko
ko	구체	184	57	unhandled	false	false			not-a-seagull-proposal,scp-018,scp-080-ko,scp-087-cs,scp-093-ko
ko	의복	185	57	unhandled	false	false			deleted:scp-2601,scp-025,scp-031-ko,scp-035,scp-037-ko
ko	물고기	186	56	unhandled	false	false			scp-012-jp,scp-1057,scp-108-jp,scp-1092,scp-1188-ko
ko	전기	187	56	unhandled	false	false			rounderhouse-proposal,scp-001-ex,scp-071-ko,scp-078,scp-1021
ko	허먼-풀러	188	56	unhandled	false	false			a-sct-003,circus-child,circus-recruit-in-the-pool,clown-breeding-101-with-prof-richard-c-normus,clown-town
ko	관리자	189	55	unhandled	false	false			a-tea-perfume,about-the-scp-foundation,after-the-end,awakenings,captain-kirby-s-proposal
ko	국가초상방재원	190	55	jp_tag_alias	true	true	国家超常防災院		a-day-of-npes-agents,crossroad,donation-of-star,ecstasy-waves,equal4363
ko	스시블레이드	191	55	unhandled	false	false			awaken-sushi,black-white-sushi-chef,can-you-feel-yamizushi-file-555,component:2206092-13-d9af,even-such-incandescent-totters
ko	왕하십삼검	192	55	unhandled	false	false			a-sct-001,a-sct-002,a-sct-003,a-sct-004,a-sct-005
ko	노래마인-관리이사관	193	54	unhandled	false	false			a-tea-perfume,and-both-worlds-are,and-there-will-be-cake,bail-amnesty-and-return,birthday-and-chocolate
ko	부활	194	54	unhandled	false	false			additional-resources,are-we-there-yet,back-alley-deals,ball-gags-and-scrambled-eggs,but-some-time-we-cant-erase
ko	뼈	195	54	unhandled	false	false			deleted:scp-139,scp-060,scp-077,scp-086-ko,scp-1049
ko	유령	196	54	unhandled	false	false			scp-1020-ko,scp-1036,scp-1090-ko,scp-1110-ko,scp-1111
ko	2014-요주의단체-en	197	52	unhandled	false	false			16th-wondertainment-donation,5th-global-occult-coalition-donation,a-song-about-serious-information-leaks,are-we-cool-yet-hub,birth-of-the-cool
ko	일본생류창연	198	52	unhandled	false	false			a-a-0111,ambrose-wildcat-house,cage-of-null,f-a-1030,foundation-or-goi-logo
ko	개	199	51	unhandled	false	false			scp-023,scp-070-jp,scp-1022-ko,scp-1111,scp-112-ko
ko	방사성	200	51	unhandled	false	false			deleted:scp-1444,deleted:scp-2395,djkaktus-s-proposal,dr-gears-s-proposal,qntm-s-proposal
ko	브라이트-박사	201	51	unhandled	false	false			a-site-19-christmas-carol,a-suicide-note,an-evening-with-bright,annon,crushedbanana-art
ko	오리엔테이션	202	50	unhandled	false	false			10-30-a-m,21k-muisme-orientation,aju-pyeongbum-ui-yeonae,another-goddamn-magic-system,beyond-entropy-orientation
ko	_뱀의-손	203	49	unhandled	false	false			absolute-requirement-for-dawn,agglomeration-spieldose,artificial-dragons-gate,bareusareum,blue-lily-chains
ko	조선	204	49	jp_tag_alias	true	true	朝鮮		a-ink-reader,abnormal-powerful-disorderly-spiritual,bareusareum,beokoyugo-soeulchongi,darkness
ko	플러그소프트	205	49	jp_tag_alias	true	true	プラグソフト		birthday,colorof-the-darkest-spring,component:plugwiki,dasutgarak,dokidoki-secure-contain-school
ko	로봇	206	48	unhandled	false	false			deleted:scp-629,kwana-s-proposal,rounderhouse-gold-proposal,scp-059-ko,scp-080-fr
ko	수학	207	48	unhandled	false	false			navlas-proposal,proposition-du-dr-grym,scp-001-ex,scp-004-jp,scp-033
ko	실험	208	48	unhandled	false	false			377-ko,deleted:scp-1162-log,document-096-1,document-1005-01478,document-130-1
ko	2023-기지경연-ko	209	47	unhandled	false	false			again-again-again-not-much,aju-botongui-yeonae,burning-culture,chanmi-what-the-hack,circle-of-propaganda
ko	2025-단편경연-ko	210	47	jp_tag_alias	true	true	2025-短編コンテスト		2025-07-12,ddd-death,i-a-black-bear-hiding-in-darkness,jogaksang-proposal,lostwave-foundation-always
ko	모방	211	47	unhandled	false	false			deleted:scp-361-arc,scp-031,scp-038,scp-061-ko,scp-069
ko	보존	212	47	unhandled	false	false			about-the-scp-foundation-arc,acidfrog-s-proposal-arc,active-issue-arc,archive:scp-105,archive:scp-2317
ko	주홍왕	213	47	unhandled	false	false			archive:scp-2317,art-and-the-dead-artist,atellif-s-holiday-special,deleted:beneath-two-trees,deleted:dust-and-blood
ko	화학	214	47	unhandled	false	false			deleted:scp-2689,scp-030-vn,scp-045,scp-049,scp-049-arc
ko	공장	215	46	unhandled	false	false			12talesaboutafactory,a-shift-at-the-factory,contract-negotiations-01029,factory-hub,most-beautiful-things
ko	역설적	216	46	unhandled	false	false			keter-duty,scp-047-ko,scp-081-ko,scp-1044,scp-1316-ko
ko	코이가레자키신문사	217	46	unhandled	false	false			ambrose-wildcat-house,component:koigare-header,component:koigare-header-base,component:koigare-hirosue,component:koigare-hirosue-base
ko	군체의식	218	45	unhandled	false	false			scp-026-ko,scp-044-jp,scp-050-ko,scp-059-ko,scp-097-ko
ko	아무도-아닌-자	219	45	unhandled	false	false			ambrose-seoul,brotherhood,captain-kirby-s-proposal,critter-profile-vizzie,empty-unmarked-grave
ko	열	220	45	unhandled	false	false			deleted:scp-009,deleted:scp-1444,deleted:scp-2082,deleted:scp-649,scp-001-ex-j
ko	의담	221	45	unhandled	false	false			anenoshitai,cemetery-telephone-box,dentyudyuron,dharma,dictionary-0
ko	청록학교	222	45	unhandled	false	false			a-stage-of-loss,b-1213-yibiui,brutalism,cheongnokschool,cheongrok-school-book-thaumatology
ko	파충류	223	45	unhandled	false	false			scp-021,scp-036-fr,scp-1013,scp-103-fr,scp-1108
ko	검은-여왕	224	44	unhandled	false	false			absolute-requirement-for-dawn,ambrose-shigastan,ambrose-wildcat-house,black-queen-hub,dadoiscoming
ko	고정	225	44	unhandled	false	false			deleted:scp-1162,djkaktus-s-proposal-ii,scp-079-fr,scp-1208-ko,scp-1242-jp
ko	두술사	226	44	unhandled	false	false			a-day-of-npes-agents,adeukhan-gyebo,arogadagyunmunrok,beokoyugo-soeulchongi,chubangja-02
ko	_윌슨-야생	227	43	unhandled	false	false			adoption-poster-bandit,adoption-poster-bonzo,adoption-poster-cupid,adoption-poster-darius,adoption-poster-hx
ko	de	228	43	jp_tag_name	true	true	de		028-de-i2,028-de-p1,028-de-p2,4r-hub,abteilung-xxv-hub
ko	gru-p-부서	229	43	unhandled	false	false			awol-of-fedorov,axe-and-whip,diplomacy-party,gru-p-hub,odss-series5-kar
ko	보류	230	43	unhandled	false	false			rounderhouse-gold-proposal,scp-1016-ko,scp-1308-ko,scp-1370-ko,scp-1377-jp
ko	성인향	231	43	unhandled	false	false			404-4,835aarfull,835revised,but-some-time-we-cant-erase,deleted:breakcalendar
ko	tf급-시나리오	232	42	unhandled	false	false			tf-5-base-maze,tf-at-27-base,tf-betrayal,tf-betrayer-one,tf-black-march
ko	변칙-사건	233	42	unhandled	false	false			captain-kirby-s-proposal,deleted:scp-186,deleted:scp-6961,lily-s-proposal,nicos-proposal-ii
ko	2018-최후의-날-en	234	41	unhandled	false	false			amnesticization,arbh-class-debrief-file,arbh-class-hub,archival-document-hsa-008-advent,artist-formerly-known-as-chuck
ko	무속학부	235	41	jp_tag_alias	true	true	巫俗部門		21k-muisme-orientation,bailho-christmas,bongjosang3,changbaekhan-mal,gg-guests-11
ko	알라가다	236	40	unhandled	false	false			1st-star-donation,49-day-fullmoon-shinju,a-city-of-corruption-and-pleasure,a-wandsman-in-the-court-of-the-hanged-king,about-the-serpent
ko	재작성	237	40	jp_unused_no_single_replacement	true	false			a-sort-of-challenge,black-queen-hub,critter-profile-jupiter,keter-duty,nexus-series
ko	존재학부	238	40	jp_tag_alias	true	true	存在論部門		collab-scp-491-ko,department-of-ontology,ego-reconstruction,existence-and-non-existence,korea-mundus-liberari
ko	2025-부서경연-ko	239	39	unhandled	false	false			21k-muisme-orientation,57k-parents-day,child-and-young,code-blue,department-of-research-against-transcendental-ancient-entity
ko	pl	240	39	jp_tag_name	true	true	pl		archived-scps-pl,bo-wszyscy-juz-zgineli,chwasty-hub,evviva-l-arte,foundation-tales-pl
ko	분석심리학부	241	39	unhandled	false	false			bailho-christmas,damgi-got-mad-at-your-fucking-sandwich,department-of-analytical-psychology,doap-orientation,hello-me
ko	세을가	242	39	jp_tag_alias	true	true	世乙加		afterdeath-football-semifinal-scp-vs-5th,beokoyugo-soeulchongi,cheoga-bangmoon,chubangja-02,chubangja-03
ko	호야	243	39	unhandled	false	false			a-city-of-corruption-and-pleasure,a-day-of-npes-agents,a-tea-perfume,adoption-poster-hx,dialogue-at-toono
ko	woi연구과	244	38	jp_tag_alias	true	true	woi研究課		alleys-404,bailho-christmas,birthday,dasutgarak,fightgolrule
ko	무척추동물	245	38	unhandled	false	false			scp-019-it,scp-038-ko,scp-098,scp-110-ko,scp-111
ko	신체말단	246	38	unhandled	false	false			scp-072,scp-1151,scp-1193,scp-1230-ko,scp-1319
ko	해명	247	38	unhandled	false	false			director-bold-s-proposal-j,scp-001-ex,scp-001-ex-j,scp-099-ko-ex,scp-100-ko-ex
ko	2020-팀경연-jp	248	36	unhandled	false	false			abandoning-death,conceive-a-shuriken,critter-profile-garuda,dialogue-department-hub,dialogue-department-orientation
ko	2022-별칭경연	249	36	unhandled	false	false			scp-241-ko,scp-251-ko,scp-279-ko,scp-319-ko,scp-328-ko
ko	바이러스	250	36	unhandled	false	false			scp-009-ko,scp-039-ko,scp-075-pt-j,scp-081,scp-086-jp
ko	타로-이야기	251	36	unhandled	false	false			bullet-of-trial,ex-falso-quodlibet-1,ex-falso-quodlibet-2,ex-falso-quodlibet-3,ex-falso-quodlibet-4
ko	토헤이중공업	252	36	unhandled	false	false			ambrose-wildcat-house,aoi-sangoshou-001,foundation-or-goi-logo,kanshin-ryoiki-koigarezaki,koigarezaki-news-1224
ko	화폐	253	36	unhandled	false	false			cimmerian-kaktus-proposal,scp-009-ua-arc,scp-1015,scp-1113-ko,scp-119-ko
ko	2013-신년경연-en	254	35	unhandled	false	false			all-things-considered,apakht,awakenings,board-meeting-transcript,broken-masquerade-hub
ko	2019-요주의단체ko	255	35	unhandled	false	false			13-cowbell,ac-309-blue-mermaid-lady,ac-705-flag-bearer-of-hamelin,anchor-moongazers-rhapsody,bareusareum
ko	만나-자선재단	256	35	unhandled	false	false			13th-yurika-donation,16th-wondertainment-donation,1st-sakura-hime-donation,1st-star-donation,5th-global-occult-coalition-donation
ko	제3법칙	257	35	unhandled	false	false			archival-document-hsa-008-advent,avatara,black-sunrise,critter-profile-sandra-and-george,dig-u-better-dead
ko	탐사	258	35	unhandled	false	false			document-087-i,document-087-ii,document-087-iii,document-860-i-and-ii,document-860-iii-and-iv
ko	토오노-요괴보호구	259	35	unhandled	false	false			ambrose-wildcat-house,collected-item-no0723,dialogue-at-toono,dreamlandiwate,fengsuiguangbao
ko	항성	260	35	unhandled	false	false			acidfrog-s-proposal-arc,deleted:scp-037,scp-022-fr,scp-023,scp-037
ko	기지	261	34	unhandled	false	false			dossier-site-yod,secure-facility-dossier-area-12,secure-facility-dossier-area-14,secure-facility-dossier-area-19k,secure-facility-dossier-complex-13k
ko	대마초를-반대하는-게이머들	262	34	unhandled	false	false			adoption-poster-darius,dairy-calamity,gamers-against-weed-hub,hello-i-am-an-nameless-aodaisho,mr-doggo
ko	신격	263	34	unhandled	false	false			scp-089,scp-1329-ko,scp-1343-ko,scp-1440,scp-1541
ko	패턴-스크리머	264	34	unhandled	false	false			critter-profile-chel,i-had-a-dream,interviews-with-prospective-groups-of-interest,iram-s-tale,keter-duty
ko	_코이가레자키신문사	265	33	unhandled	false	false			koigarezaki-news-0130,koigarezaki-news-0517,koigarezaki-news-1224,koigarezaki-news-19980714-veil,koigarezaki-news-20010825-1998-ver
ko	고고학	266	33	unhandled	false	false			rounderhouse-gold-proposal,rounderhouse-jade-proposal,scp-063-ko,scp-089,scp-1050
ko	스리포틀랜즈	267	33	unhandled	false	false			about-deer,adoption-poster-bandit,adoption-poster-bonzo,adoption-poster-cupid,adoption-poster-lloyd
ko	앤더슨	268	33	unhandled	false	false			anderson-robotics-hub,austringers,building-up,electo-com-news-namba-sky-sale,koigarezaki-news-20200818-double-hometown-ver
ko	작파토	269	33	unhandled	false	false			after-party-hub,axe-and-whip,bureau-country-birdsroar-1,bureau-country-birdsroar-2,emperor-s-february-1
ko	제비꽃	270	33	jp_tag_alias	true	true	スミレ		anti-tontata-in-alagada-kingdom,dokidoki-secure-contain-school-1,flame-serpent,gaya-golden-sword,get-into-the-jiris-forest2
ko	_어둠의-초밥	271	32	unhandled	false	false			can-you-feel-yamizushi-file-555,dark-sushi-file-no-1221,even-such-incandescent-totters,meat-vs-chungmugong-vs-sushi,wilsonvssushi
ko	기체	272	32	unhandled	false	false			deleted:scp-4430,scp-093-ko,scp-1282-ko,scp-1362,scp-1474
ko	다면체	273	32	unhandled	false	false			scp-042-ko,scp-045,scp-090,scp-111-ko,scp-1125
ko	방랑자의-도서관	274	32	unhandled	false	false			anart-antics,another-goddamn-magic-system,birds,djkaktus-s-proposal-iii,family
ko	상어-죽빵-센터	275	32	unhandled	false	false			10-30-a-m,april-fools-2013,bird,critter-profile-wobbles,how-the-spc-ruined-halloween
ko	이강수-이사관	276	32	unhandled	false	false			a-tea-perfume,adoption-poster-hx,bailho-christmas,black-white-sushi-chef,canaria-8th
ko	중력	277	32	unhandled	false	false			djkaktus-s-proposal-ii,dr-gears-s-proposal,scp-009-jp,scp-013-ko,scp-1136
ko	최신해	278	32	unhandled	false	false			1st-sakura-hime-donation,a-long-dream-or-a-short-life,between-two-worlds,collab-scp-695-ko,even-if-you-wander-alone-in-such-a-dark-land-a-thousand-time
ko	콘드라키-박사	279	32	unhandled	false	false			784incident3,a-suicide-note,always-love-you-ben,dr-cimmerian-is-no-longer-allowed-to-use-temporal-anomalies,duke-till-dawn
ko	팀-글래시즈	280	32	unhandled	false	false			1-5-51-cloudy,12-30-50-little-cloudy,6-10-2011-rainy,agent-yuri,agent-yuri-1
ko	포-올-러브	281	32	unhandled	false	false			ex-falso-quodlibet-1,ex-falso-quodlibet-2,ex-falso-quodlibet-3,ex-falso-quodlibet-4,ex-falso-quodlibet-5
ko	es	282	31	jp_tag_name	true	true	es		archivo-061-b,concurso-exploracion-2019,foundation-tales-es,fragment:scp-es-138-1,fragment:scp-es-138-2
ko	미각	283	31	unhandled	false	false			deleted:scp-2689,scp-017-ko,scp-057-ko,scp-086-ko,scp-121-ko
ko	배일호-박사	284	31	unhandled	false	false			bailho-christmas,chawonhagbu,chawonhagbu2,clara-with-scp-5648,department-of-dimensionality
ko	사후	285	31	unhandled	false	false			scp-030-vn,scp-1075-ko,scp-1090-ko,scp-1283-jp,scp-1528-ko
ko	서천컨트리클럽	286	31	unhandled	false	false			bomeun-kkaeonago-1,bomeun-kkaeonago-2,bomeun-kkaeonago-3,daeboreum-songpyeon-meokgi-daejakjeon,dawn-scc-prajna
ko	수신도	287	31	unhandled	false	false			a-day-of-npes-agents,dawn-scc-prajna,ecstasy-waves,garigi-02,garigi-04
ko	악마학과	288	31	unhandled	false	false			ackumasolution,christmas-site-145k-cafeteria,demonology-with-007-vn,division-of-demonology-well-actually-stocks-hub,mare-shipping
ko	재단-인원	289	31	unhandled	false	false			scp-086,scp-1013-ko,scp-1110-ko,scp-1329-ko,scp-139
ko	절지동물	290	31	unhandled	false	false			scp-1186,scp-120-jp,scp-1353,scp-1529-ko,scp-1629-ko
ko	템플릿	291	31	unhandled	false	false			cb:_template,cb:template:gallery,cb:template:scp-infobox,cb:template:spolier,cb:template:video
ko	풍소경-박사	292	31	unhandled	false	false			a-long-dream-or-a-short-life,adjhfl,anart-dep-exhibition,artmoney,at-the-niche-of-dream-and-life
ko	히로스에-타카유키	293	31	unhandled	false	false			ambrose-wildcat-house,gekkan-sushiblade,hirosuetakayuki,kanshin-ryoiki-koigarezaki,koigarezaki-news-0130
ko	미래	294	30	unhandled	false	false			deleted:scp-2003,deleted:scp-2911,jack-ike-s-proposal-ii,scp-1009-ko,scp-110
ko	비현실부	295	30	unhandled	false	false			alex-thorley-does-lsd,alex-thorley-draws-a-self-portrait,alex-thorley-goes-offline-for-shabbat,alex-thorley-goes-on-a-blind-date,disintegration
ko	스포츠	296	30	unhandled	false	false			deleted:scp-2117,scp-1091-ko,scp-1134-jp,scp-1291,scp-1622-ko
ko	조요의-인도자	297	30	unhandled	false	false			between-two-worlds,even-if-you-wander-alone-in-such-a-dark-land-a-thousand-time,even-such-incandescent-totters,foreign-affairs-2023-13,garak-gavage
ko	행성	298	30	unhandled	false	false			scp-007,scp-009-jp,scp-100-jp,scp-1144-jp,scp-1770-ko
ko	2016-기특대-en	299	29	unhandled	false	false			another-goddamn-magic-system,avatara,deleted:lltc-x-17,deleted:lltc-y-23,deleted:long-live-the-cake-1
ko	2016-일러스트경연-jp	300	29	unhandled	false	false			131-137,2016-illust-contest,548-40,akasima,arayashiki
ko	zh	301	29	jp_tag_name	true	true	zh		at-that-day-you-still-wish-me-a-good-dream,component:site-zh-44,foundation-tales-zh,groups-of-interest-zh,joke-scps-zh
ko	공연	302	29	unhandled	false	false			nicos-proposal-ii,scp-098-ko,scp-1071-ko,scp-1241,scp-1286-jp
ko	다도	303	29	unhandled	false	false			asmr-by-dado,dado-hub,dadoiscoming,goc-or-that-guy-with-a-gun-fetish,image-in-mail-by-dado
ko	박예지-요원	304	29	unhandled	false	false			alley-costume,bumaro-parkyaeji,carnotaurus,diplodocus,erebia-embla
ko	조각상	305	29	unhandled	false	false			173,an-epitaph-for-scp-173,asp-173,crunch,hint-the-thing-is-173
ko	죽음의-끝	306	29	unhandled	false	false			deleted:scp-4430,digging-up-the-past,do-you-remember-funerals,end-of-death-hub,from-the-clutches-of-life
ko	강윤상-이사관	307	28	unhandled	false	false			black-white-sushi-chef,boaxandpancia,burning-culture,but-thou-shalt-not-eat-it,cheo-dul
ko	오네이로이	308	28	unhandled	false	false			a-wandsman-in-the-court-of-the-hanged-king,activity-documentation-file-11-a,ambrose-shigastan,ambrose-wildcat-house,ansikjeong
ko	의사불통학부	309	28	unhandled	false	false			domc-hub,scp-1097,scp-1504-ko,scp-1608-ko,scp-1682-ko
ko	항밈학과	310	28	unhandled	false	false			a-thin-dangerous-line,antimemetics-division-hub,antimemetics-division-timeline,ara-orun,blood-brain
ko	2015-단편경연-en	311	27	unhandled	false	false			deleted:scp-2911,scp-2140,scp-2154,scp-2158,scp-2165
ko	4000	312	27	jp_tag_name	true	true	4000		scp-4001,scp-4002,scp-4003,scp-4004,scp-4006
ko	_세계-오컬트-연합	313	27	unhandled	false	false			archival-document-hsa-008-advent,compound-614,goc-casefile-plugsoft,goc-facility-dossier-geohae,kte-1222-untouchable-yorufather
ko	곰	314	27	unhandled	false	false			scp-073-cs,scp-1048,scp-1048-jp,scp-1055,scp-1105-ko
ko	독성	315	27	unhandled	false	false			rounderhouse-proposal,scp-010-j,scp-019-it,scp-088,scp-1010
ko	러멘트-요원	316	27	unhandled	false	false			a-site-19-christmas-carol,annon,calm,containing-yourself,djkaktus-s-proposal-iii
ko	명천구	317	27	unhandled	false	false			adjhfl,art-and-the-dead-artist,dasutgarak,election-for-people-hub,fall-among-the-thorn-2
ko	미시적	318	27	unhandled	false	false			navlas-proposal,scp-042-ko,scp-043-ko,scp-061-ko,scp-084-ko
ko	밤의-아이들	319	27	unhandled	false	false			about-the-serpent,absolute-requirement-for-dawn,collected-item-no19316,crssk-s-proposal,deleted:beneath-two-trees
ko	셀레스트	320	27	jp_tag_alias	true	true	セレスト		a-day-of-npes-agents,chamdoen-gyoyukja,expelled,npes-2019c025m01,scp-1009-ko
ko	아벨	321	27	unhandled	false	false			archived-incident-076-2-682,deleted:beneath-two-trees,djoric-dmatix-proposal,dr-clef-s-proposal,experiment-log-447-a
ko	지키리라-43기지	322	27	unhandled	false	false			acroamatic-abatement,it-s-real-i-swear,on-guard-43-hub,pickman-blank-proposal,scp-1900-ko
ko	천문학부	323	27	unhandled	false	false			code-blue,grad-student,hey-friend,lets-eat-star,lunar-halo
ko	12년-작전	324	26	unhandled	false	false			2012-op-hub,clean-up,cp-111-op,cp-end-times,cp-interrogation
ko	스완-요원	325	26	unhandled	false	false			6332,adjhfl,adlfklffff,awaken,crawldear
ko	시나노중앙신문	326	26	unhandled	false	false			kitei-disease,koigarezaki-news-20200908,r-sinano-chuo-co-jp-2007-09-09-pj621b,r-sinano-chuo-co-jp-2014-3-26-5hda4t7y,r-sinano-chuo-co-jp-2015-07-21-c6kf4
ko	야행성	327	26	unhandled	false	false			deleted:scp-8045,scp-034-ko,scp-1049-ko,scp-127-jp,scp-1353
ko	열역학	328	26	unhandled	false	false			deleted:scp-2722,deleted:scp-3691,scp-016-ko,scp-078-jp,scp-104-jp
ko	유아청소년부	329	26	unhandled	false	false			a-good-kid,ackumasolution,b-1213-yibiui,brutalism,cheongnokschool
ko	지평선-구상	330	26	unhandled	false	false			djoric-dmatix-proposal,empty-unmarked-grave,etdp-hub-page,fire-on-the-horizon,horizon-initiative-hub
ko	후각	331	26	unhandled	false	false			deleted:scp-643,scp-008-de-j,scp-057-ko,scp-1008-ko,scp-1029
ko	1000ko	332	25	jp_tag_name	true	true	1000ko		scp-1000-ko,scp-1001-ko,scp-1002-ko,scp-1003-ko,scp-1004-ko
ko	2000	333	25	jp_tag_name	true	true	2000		deleted:scp-2003,scp-2000,scp-2001,scp-2002,scp-2004
ko	구성요소-백엔드	334	25	unhandled	false	false			component:acs-hybrid-text-bar-source,component:anomaly-class-bar-source,component:audio-player-woed-source,component:author-label-source,component:cbone-scp-block-base-1
ko	눈	335	25	unhandled	false	false			deleted:scp-cn-994,kyougoku-s-proposal,scp-080-ko,scp-126-ko,scp-134
ko	라이트-박사	336	25	unhandled	false	false			a-site-19-christmas-carol,annon,calm,deals-with-the-devil,gamedaypart1index
ko	목매달린-왕	337	25	unhandled	false	false			a-city-of-corruption-and-pleasure,a-site-19-christmas-carol,a-wandsman-in-the-court-of-the-hanged-king,about-the-serpent,anti-tontata-in-alagada-kingdom
ko	무진기담	338	25	unhandled	false	false			a-dense-fog,atombofsomeoneelse,baron-munchausen,cheer,dead-on-the-scene-but-together-forever
ko	사진술	339	25	unhandled	false	false			misterfrown-s-proposal-j,scp-054-ko,scp-073-ko,scp-105,scp-119-ko
ko	심시영-연구원	340	25	unhandled	false	false			anart-dep-exhibition,bailho-christmas,birthday,damgi-got-mad-at-your-fucking-sandwich,hello-2022-world
ko	아이리스-톰슨	341	25	unhandled	false	false			calm,devils-advocate-hub,dressing-up,getting-drunk,hawaiian-shirts
ko	아이스버그-박사	342	25	unhandled	false	false			about-1128,ask-lord-blackwood,calm,color-of-sea,color-of-sea-2
ko	아폴리온	343	25	unhandled	false	false			daveyoufool-proposal,scp-100-vn-j,scp-1357-ko,scp-1503-ko,scp-1682-ko
ko	유전자	344	25	unhandled	false	false			deleted:scp-1166,deleted:scp-2888,scp-039-ko,scp-065,scp-095-ko
ko	장신구	345	25	unhandled	false	false			scp-016-jp,scp-045-ko,scp-1212-j,scp-1270-ko,scp-1300-ko
ko	전술신학부	346	25	unhandled	false	false			deleted:scp-6961,nx-666,one-hundred-and-fifty-thousand,scp-1012-ko,scp-1464-ko
ko	전자기	347	25	unhandled	false	false			scp-02-ko-j,scp-055-ko,scp-110-fr,scp-1548,scp-179
ko	중독	348	25	unhandled	false	false			scp-032-jp,scp-041-ko,scp-058-ko,scp-1052-ko,scp-1317
ko	케인-파토스-크로우	349	25	unhandled	false	false			a-suicide-note,archived-incident-076-2-682,calm,cimmerian-sends-650-pms,deleted:the-things-dr-bright-is-not-allowed-to-do-at-the-fou
ko	파무왁	350	25	unhandled	false	false			additional-document-099-vn-2611,collected-item-no2020,hello-i-am-an-nameless-aodaisho,kanshin-ryoiki-koigarezaki,news4pamwac-confessionyuck
ko	함필규-연구원	351	25	unhandled	false	false			about-the-funeral-of-bugs,ad-undas,bells-and-ghosts-in-dreams,betta-halfmoon,cheongchunsang
ko	혈액	352	25	unhandled	false	false			scp-008,scp-012,scp-016,scp-035,scp-094-jp
ko	형이초학부	353	25	unhandled	false	false			hoyaas-proposal,never-metafictional-character-i-liked,scp-1140-ko,scp-1164-ko,scp-1222-ko
ko	2020-별칭경연	354	24	jp_tag_alias	true	true	2020-メタタイトルコンテスト		scp-100-ko-ex,scp-168-ko,scp-174-ko,scp-196-ko,scp-220-ko
ko	3000	355	24	jp_tag_name	true	true	3000		deleted:scp-3006,deleted:scp-3969,scp-3000,scp-3001,scp-3002
ko	만-박사	356	24	unhandled	false	false			a-site-19-christmas-carol,annon,calm,clean-sweep,conviction
ko	변칙예술학부	357	24	unhandled	false	false			adjhfl,anart-dep-exhibition,at-the-niche-of-dream-and-life,bucheon,bucheon2
ko	시카고-스피릿	358	24	unhandled	false	false			a-piece-of-betrayal,adoption-poster-ol-shock,ambrose-wildcat-house,black-as-night,chicago-spirit
ko	위성	359	24	unhandled	false	false			scp-079-ko,scp-1003-ko,scp-1514,scp-1640,scp-1739-ko
ko	유산	360	24	unhandled	false	false			heritage-collection-jp,patrimoine-francais-de-la-fondation-scp,proposition-du-dr-grym,scp-006-fr,scp-009-fr
ko	즈소-연구원	361	24	unhandled	false	false			black-white-sushi-chef,dumb-way-to-die,gta-foundation,in-the-confusing-sea,ldoavtea
ko	지속가능격리개발과	362	24	unhandled	false	false			chanmi-what-the-hack,demonology-with-007-vn,division-of-sustainable-containment-development-hub,division-of-sustainable-containtment-development-s-radio,how-to-survive-in-07k
ko	팡글로스	363	24	unhandled	false	false			3410eul-wihan-requiem,a-city-of-corruption-and-pleasure,about-the-serpent,chonghaejin,deserted-island
ko	2020-거짓경연-jp	364	23	unhandled	false	false			collected-item-no2525,dreamlandiwate,hanen,his-name-is,japanese-area-directors-dossier
ko	raisa	365	23	unhandled	false	false			cimmerian-sends-650-pms,i-thought-you-died-alone,maria-jones-this-is-your-life,mcdoctorate-s-proposal,obskuracorps-memos
ko	겁과-서커스	366	23	unhandled	false	false			all-that-glisters,circus-child,circus-recruit-in-the-pool,clown-breeding-101-with-prof-richard-c-normus,clown-town
ko	극한	367	23	unhandled	false	false			blue-dots-on-the-sky,climate-prophecy-report,ice-hub,pole,red-pine-forever
ko	뒤틀린-솔밭	368	23	unhandled	false	false			austringers,building-up,last-meetings,make-portland-weirder,off-the-hook
ko	멕시코만	369	23	unhandled	false	false			dixieland-nightmare-magic-hub,green-thumb,rammer-jammer-yellow-hammer-hub,scp-1692,scp-2072
ko	뱀	370	23	unhandled	false	false			proposition-des-drs-gemini-et-tesla,scp-1132,scp-1653-ko,scp-1799-ko,scp-2225
ko	별을-향해서	371	23	unhandled	false	false			25-12-2047,ad-astra-per-aspera-hub,amnesticization,excerpt-from-the-astrolabe-institute-journal,faster-than-light-prelude
ko	사피르	372	23	unhandled	false	false			alors-comme-ca-vous-voulez-ecrire-sur-saphir,bobblecon-2020,for-all-love-10,for-all-love-16,for-all-love-7
ko	이상성부	373	23	unhandled	false	false			scp-1319-ko,scp-1404-ko,scp-1440-ko,scp-1504-ko,scp-2678
ko	진균	374	23	unhandled	false	false			scp-005-ko,scp-020,scp-042-ko,scp-057-ko,scp-059
ko	진동	375	23	unhandled	false	false			scp-006-jp,scp-065-ko,scp-100-ko-ex,scp-1037,scp-1409-jp
ko	2018-단편경연	376	22	jp_tag_alias	true	true	2018-短編コンテスト		answer-of-life,atashi-merisa,dream,dreamer,go-to-bed-if-you-re-tired
ko	2021-즉흥경연-ko	377	22	jp_tag_alias	true	true	2021-即興コンテスト		3day-writting-hub,scp-016-ko,scp-215-ko,scp-248-ko,scp-252-ko
ko	2022-등장인물ko	378	22	unhandled	false	false			2022-character-contest,adjhfl,anart-dep-exhibition,donation-of-star,gaya-golden-sword
ko	2026-시빌워경연-ko	379	22	unhandled	false	false			ackumasolution,civilwarcon2026,hunter-shepherd-guard,korea-mundus-liberari,red-pine-forever
ko	나비목	380	22	unhandled	false	false			scp-097-ko,scp-1618-ko,scp-1804-ko,scp-2023,scp-2097
ko	달	381	22	unhandled	false	false			scp-034-ko,scp-1208-ko,scp-1233,scp-1633-jp,scp-1812
ko	라이츠-박사	382	22	unhandled	false	false			a-site-19-christmas-carol,clean-sweep,containing-yourself,deleted:foundation-rhymes,deleted:the-things-dr-bright-is-not-allowed-to-do-at-the-fou
ko	무스-이사관	383	22	unhandled	false	false			a-look-back-on-what-we-accomplished,a-site-19-christmas-carol,annon,another-goddamn-magic-system,asset-florida-grey
ko	수집가-이야기	384	22	unhandled	false	false			1-m-sans-tete-comic,1-mr-headless,10-mr-mission,11-mr-feather,13-mr-purple
ko	앰브로즈-레스토랑스	385	22	unhandled	false	false			adoption-poster-pearl,ambrose-at-home,ambrose-restaurant-hub,ambrose-seoul,ambrose-shigastan
ko	이사나기-일족	386	22	unhandled	false	false			ambrose-wildcat-house,collected-item-no1091,fusouki,hunaki-eiyah,isanagi-makgan
ko	중정-제10국	387	22	jp_tag_alias	true	true	中情第十局		component:kcia10-signbox,component:kcia10-signbox-backend,fragment:kcia10-0018,kcia10,kcia10-0018
ko	차원학부	388	22	unhandled	false	false			chawonhagbu,chawonhagbu2,clara-with-scp-5648,department-of-dimensionality,empty-shell
ko	클라라-박사	389	22	unhandled	false	false			chawonhagbu,chawonhagbu2,clara-with-scp-5648,department-of-dimensionality,metamorphosis
ko	태엽장치	390	22	unhandled	false	false			deleted:scp-629,scp-083-ko,scp-1182,scp-1661,scp-172
ko	2010-이야기경연-en	391	21	unhandled	false	false			along-came-a-spider,an-average-life,and-it-starts-with-a-song,clef-dies,collected-data
ko	2019-즉흥경연-en	392	21	unhandled	false	false			144-hour-jam-contest,critter-profile-bakugo,critter-profile-midas,critterprofile-otis,deleted:scp-4430
ko	2021-밤경연-jp	393	21	unhandled	false	false			bakekuzira,dropping-into-the-night,junen,koigarezaki-news-19980714-veil,koigarezaki-news-20210809
ko	공안부-특사과	394	21	unhandled	false	false			after-party-hub,ambrose-wildcat-house,axe-and-whip,bureau-country-birdsroar-1,bureau-country-birdsroar-2
ko	뇌수종-박사	395	21	unhandled	false	false			dokidoki-secure-contain-school-3,gg-guests-12,gg-guests-15,letters-to-the-dead,scp-1099-ko
ko	매리언-휠러	396	21	unhandled	false	false			a-thin-dangerous-line,antimemetics-division-hub,ara-orun,case-colourless-green,fresh-hell
ko	사건	397	21	unhandled	false	false			028-de-i2,incident-023-27,incident-096-1-a,incident-370-a,incident-517-1997-m
ko	사슴대학	398	21	unhandled	false	false			6332,about-deer,adoption-poster-darius,crawldear,critter-profile-sandra-and-george
ko	알렉스-톨리	399	21	unhandled	false	false			alex-thorley-does-lsd,alex-thorley-draws-a-self-portrait,alex-thorley-goes-offline-for-shabbat,alex-thorley-goes-on-a-blind-date,disintegration
ko	이상교화국	400	21	unhandled	false	false			389-ko-tragedy,doom-republic,enterprise-of-underground-tunnel-1,enterprise-of-underground-tunnel-2,enterprise-of-underground-tunnel-hub
ko	청대장	401	21	unhandled	false	false			aodaisho-artwork-kota-2,aodaisho-hub,aodaisho-kaidanbanashi,bomeun-kkaeonago-3,dialogue-at-toono
ko	최산해	402	21	unhandled	false	false			1st-sakura-hime-donation,a-long-dream-or-a-short-life,anart-dep-exhibition,at-the-niche-of-dream-and-life,department-of-anart
ko	04k-논스톱	403	20	unhandled	false	false			black-white-sushi-chef,boaxandpancia,burning-culture,but-thou-shalt-not-eat-it,counterpart
ko	2021-2인3각	404	20	unhandled	false	false			2g3a-contest-hub,awol-of-fedorov,hide,i-wont-forget-you,operation-alcatraz
ko	2025-클래식경연-en	405	20	unhandled	false	false			scp-5315,scp-7256,scp-7687,scp-7823,scp-8242
ko	aiad	406	20	jp_tag_name	true	true	aiad		ai-classification-guide,aiad-homescreen,alert-lockdown-initiated,basic-observations,clock-multiplier
ko	s&c-플라스틱스	407	20	unhandled	false	false			and-i-feel-fine,attack-of-the-keter-skeeters,four-seconds-low-pitched,friday,halloween-at-s-c-plastics
ko	경쟁적-종말론	408	20	unhandled	false	false			apakht,awakenings,competitive-eschatology-hub,ganymede,hand-to-hand-combat
ko	두레원	409	20	unhandled	false	false			a-day-of-npes-agents,bomeun-kkaeonago-3,crossroad,garigi-02,garigi-04
ko	두족류	410	20	unhandled	false	false			scp-083-jp,scp-1066-ko,scp-1097,scp-1182,scp-1587-jp
ko	맥스웰교	411	20	unhandled	false	false			basic-observations,church-of-the-broken-god-hub,do-you-know-wan,goac-chapter-2-js,gohw-chapter-5-dot-js
ko	면담	412	20	unhandled	false	false			036-note,277interview,300krr1,300krr2,953-interview-a
ko	부상기	413	20	unhandled	false	false			cage-of-null,collected-item-no0724,dialogue-at-toono,fusouki,fusouki-shatougyou
ko	석류구락부	414	20	unhandled	false	false			63-24,ambrose-shigastan,ambrose-wildcat-house,awaken,fishpomegranate
ko	숲	415	20	unhandled	false	false			scp-060,scp-1009,scp-1358,scp-143,scp-1638
ko	시	416	20	unhandled	false	false			705s-militant-daily-life,an-epitaph-for-scp-173,foundation-s-death,ghost-story,hint-the-thing-is-173
ko	에버우드-박사	417	20	unhandled	false	false			before-the-storm,cimmerian-sends-650-pms,i-told-you-that-i-was-afraid,ms-voice,nicos-proposal-ii
ko	영화	418	20	unhandled	false	false			deleted:scp-3084,scp-1127,scp-1154,scp-1605,scp-1756
ko	인공지능	419	20	unhandled	false	false			scp-001-ex,scp-079,scp-1045-ko-ex,scp-1370,scp-1633-ko
ko	임찬미-박사	420	20	unhandled	false	false			black-white-sushi-chef,chanmi-what-the-hack,demonology-with-007-vn,division-of-sustainable-containment-development-hub,division-of-sustainable-containtment-development-s-radio
ko	초월적-고대-독립체-연구부	421	20	unhandled	false	false			department-of-research-against-transcendental-ancient-entity,i-am-chris-cherno,korea-mundus-liberari,scp-1329-ko,scp-1343-ko
ko	카인	422	20	unhandled	false	false			calm,deleted:beneath-two-trees,djoric-dmatix-proposal,his-name-is,i-thought-you-would-come-back-if-i-made-it-well
ko	2023-한가위축연	423	19	jp_tag_alias	true	true	2023-ハンガウィ祝典		midautumn-festival-2023,scp-1074-ko,scp-1221-ko,scp-1381-ko,scp-1504-ko
ko	76년도-졸업반	424	19	unhandled	false	false			bicentennial,days-gone-by,in-symphony,lonwood,looking-back
ko	it	425	19	jp_tag_name	true	true	it		foundation-tales-it,gruppi-di-interesse,hub-della-branca-italiana,hub-madao,inc:mappa
ko	거미	426	19	unhandled	false	false			scp-023-de,scp-082-ko,scp-1006,scp-1044-ko,scp-140-ko
ko	권사단	427	19	unhandled	false	false			a-city-of-corruption-and-pleasure,a-pathetic-attempt-to-explain-fifthism,a-wandsman-in-the-court-of-the-hanged-king,anti-tontata-in-alagada-kingdom,arogadagyunmunrok
ko	글라스-박사	428	19	unhandled	false	false			clef-and-dimitri-hit-the-road,color-of-sea,color-of-sea-2,deleted:breakcalendar,dying-out-west
ko	델타-t	429	19	unhandled	false	false			aa-kaseki-ni-nacchimau-yo,chronicles-of-the-irreal-hub,document-1780-wl,scp-1297,scp-1323-ko
ko	마리아-존스	430	19	unhandled	false	false			but-some-time-we-cant-erase,i-thought-you-died-alone,maria-jones-this-is-your-life,mcdoctorate-s-proposal,scp-005-j
ko	무진월도중	431	19	unhandled	false	false			collected-item-no0723,conceive-a-shuriken,critter-profile-garuda,iwayurubakuhatsuochitteyatsudayone,kimitsu-no-yaiba
ko	크로스오버	432	19	unhandled	false	false			cart-can-can-cart,crossoverprojectindex,crossoverprojectindex-ko,deleted:dr-ikari-i-presume,deleted:keters-with-hats
ko	톱니장치-정교	433	19	unhandled	false	false			church-of-the-broken-god-hub,kte-961-ko,locomo,scp-2273-f,scp-2474
ko	2020-즉흥경연-en	434	18	unhandled	false	false			144-hour-jam-contest-two,adoption-poster-pearl,cool-guys-dont-look-at-explosions,just-desserts,scp-5031
ko	2023-쇼트경연-jp	435	18	unhandled	false	false			dharma,evidence-of-being-a-person,mortal-emulator,psychopathy-test,scent-of-a
ko	그림자	436	18	unhandled	false	false			deleted:scp-122,scp-017,scp-031-ko,scp-1002,scp-1045
ko	금속	437	18	unhandled	false	false			scp-009-fr,scp-012-jp,scp-072-th,scp-092-fr,scp-1110-ko
ko	기적술	438	18	unhandled	false	false			scp-1225-ko,scp-1439-ko,scp-1630-ko,scp-1652-ko,scp-1655-ko
ko	루이즈-뒤샹	439	18	unhandled	false	false			a-cooler-manifesto,allegory-of-the-two-bothers,and-then-what-happened,brotherhood,cool-war-2-hub
ko	미니어처	440	18	unhandled	false	false			scp-007,scp-011-jp,scp-100-jp,scp-115,scp-1392-ko
ko	알렉실바	441	18	unhandled	false	false			alexylva-university-hub,deleted:nje-4097,empty-unmarked-grave,goc-or-that-guy-with-a-gun-fetish,lost-in-crossing
ko	유인원	442	18	unhandled	false	false			deleted:scp-039,scp-019-jp,scp-039,scp-050,scp-1001-ko
ko	이름없음	443	18	unhandled	false	false			a-faerie-tale-of-twin-queens,bumaro-parkyaeji,hoyaas-proposal,matriarchs-parkyaeji,most-beautiful-things
ko	정신권	444	18	unhandled	false	false			a-thin-dangerous-line,bird,champions-of-nothing,in-the-trenches-with-the-dead,mountainous-essophysics
ko	카르카로프	445	18	unhandled	false	false			blizzard-hunting,burial-notification,cemetery-telephone-box,duga-radar,efreetsoud
ko	통계예언학과	446	18	unhandled	false	false			climate-prophecy-report,marine-love-goodbye,scp-1021-ko,scp-1216-ko,scp-1488-ko
ko	6000	447	17	jp_tag_name	true	true	6000		scp-6000,scp-6001,scp-6002,scp-6003,scp-6005
ko	_시나노중앙신문	448	17	unhandled	false	false			r-sinano-chuo-co-jp-2007-09-09-pj621b,r-sinano-chuo-co-jp-2014-3-26-5hda4t7y,r-sinano-chuo-co-jp-2015-07-21-c6kf4,r-sinano-chuo-co-jp-2015-11-04-6o10s8sa,r-sinano-chuo-co-jp-2018-07-14-tum22zok1
ko	vn	449	17	jp_tag_name	true	true	vn		additional-document-099-vn-2611,art:vnxzh-khoquaday,deleted:scp-037-vn,foundation-tales-vn,joke-scps-vn
ko	공룡	450	17	unhandled	false	false			scp-1201-ko,scp-1265,scp-250,scp-2944-jp,scp-317
ko	방화부	451	17	unhandled	false	false			asset-florida-grey,asset-florida-orange,asset-florida-zero,fire-suppression-department-hub,i-want-resignation
ko	부서진-가장무도회	452	17	unhandled	false	false			a-lesson-in-power,broken-masquerade-hub,ethical,joseon,main-page-wikipedia
ko	세균	453	17	unhandled	false	false			scp-100000-j,scp-183-ko,scp-2376,scp-3536,scp-417-fr
ko	스플래시	454	17	unhandled	false	false			1231-warning,805-ko-hidden-page-entrance,acidfrog-s-proposal-external,avertissement,avertissement-scp-001-fr
ko	시귀로스	455	17	unhandled	false	false			a-suicide-note,birds,da-capo-al-fine,dream,family
ko	엔트로피	456	17	unhandled	false	false			navlas-proposal,scp-117-fr,scp-118-fr,scp-1225,scp-1282-ko
ko	영상첨부	457	17	unhandled	false	false			aces-and-eights,asmr-by-dado,hoyaa2367,manhattan-crisis-fake-movie,mujininradio
ko	오행결사	458	17	unhandled	false	false			ambrose-wildcat-house,bureau-country-birdsroar-1,bureau-country-birdsroar-2,collected-item-no0723,from-busan-to-tono-2020
ko	전면전쟁	459	17	unhandled	false	false			a-faerie-tale-of-twin-queens,a-foul-storm-in-a-fair-land,analysis-of-the-plokamisuchus,anastasis-hub,awakening
ko	초상올림픽	460	17	jp_tag_alias	true	true	アノマリンピック		afterdeath-football-semifinal-scp-vs-5th,anomalympic-hub,boaxandpancia,figghhting-fire-with-fire,flame-serpent
ko	치의학	461	17	unhandled	false	false			deleted:scp-8045,scp-1008-ko,scp-1017-ko,scp-1077-ko,scp-127
ko	_능구렁이-손	462	16	unhandled	false	false			abnormal-powerful-disorderly-spiritual,dirty-and-clean,gaya-golden-sword,guests,gumiho
ko	asci	463	16	jp_tag_name	true	true	asci		interviews-with-prospective-groups-of-interest,mishary-s-proposal,poczatki-normalnosci-i-jej-przyszlosc,scp-1037,scp-1512-ko
ko	갑각류	464	16	unhandled	false	false			scp-074,scp-098,scp-1104,scp-1611-ko,scp-1634-ko
ko	광흥전자	465	16	unhandled	false	false			21th-memori,21thmemories-1,gwangheung-bicheon,gwangheung-pale-king,gwangsaeng-life
ko	꿈일-뿐	466	16	unhandled	false	false			alex-thorley-draws-a-self-portrait,animal-hospital-hub,but-a-dream,michael-the-kiler,scp-3682-jp
ko	사슴	467	16	unhandled	false	false			scp-166,scp-177-ko,scp-1845,scp-2412-j,scp-263-ko
ko	삼천리-경기	468	16	unhandled	false	false			bucheon,crashing-down,samcheonri-contest-gyeonggi,scp-1049-ko,scp-1201-ko
ko	소	469	16	unhandled	false	false			deleted:scp-2008,scp-0522-ko-j,scp-058,scp-101-ko,scp-123-ko-j
ko	아르콘	470	16	unhandled	false	false			scp-1500-ko,scp-1661,scp-4494,scp-462-ko,scp-491-ko
ko	애덤스-요원	471	16	unhandled	false	false			ball-gags-and-scrambled-eggs,calm,contingency,devils-advocate-hub,dressing-up
ko	정찰총국-p국	472	16	unhandled	false	false			doom-republic,enterprise-of-underground-tunnel-hub,foreign-affairs-2023-13,fragment:scp-987-ko-1968,fragment:scp-987-ko-1998
ko	하왕조	473	16	unhandled	false	false			about-the-serpent,church-of-the-broken-god-hub,document-2481,hist-327-comparative-mythology-of-mekhanism-and-naelkae,scp-1480-ko
ko	2025-연말경연-ko	474	15	unhandled	false	false			13thanniversarycontest,bloodstream,heartfulness,hermanfuller-has-no-humanity,kategorischer-imperativ
ko	7000	475	15	jp_tag_name	true	true	7000		scp-7000,scp-7008,scp-7009,scp-7015,scp-7100
ko	_기타	476	15	unhandled	false	false			92nd-maneuver-brigade-wikipedia,beokoyugo-soeulchongi,devilstock,equal4363,gwangmyeong-115-to-117
ko	고래	477	15	unhandled	false	false			scp-1608,scp-1836,scp-1942-jp,scp-2146,scp-244-ko
ko	공포증-앤솔로지	478	15	unhandled	false	false			scp-3246,scp-8066,scp-8091,scp-8109,scp-8356
ko	나데시코-연구원	479	15	unhandled	false	false			i-am-chris-cherno,isanagi-makgan,scp-1343-ko,scp-1480-ko,scp-1499-ko
ko	늙은이	480	15	unhandled	false	false			deleted:scp001-kln,gamedaypart1index,he-sees-you,in-his-own-image-part-5,in-his-own-image-part-6
ko	무제-연작	481	15	unhandled	false	false			alex-thorley-goes-on-a-blind-date,disintegration,haunt-me,its-not-real-it-never-was-you-pathetic-fools,scp-5863
ko	백연서-연구원	482	15	unhandled	false	false			a-journal-of-principal-researcher,about-the-funeral-of-bugs,ansikjeong,body-recovery,bullet-of-trial
ko	법인	483	15	unhandled	false	false			scp-1709-ko,scp-2557,scp-2630,scp-2749,scp-2791
ko	부식성	484	15	unhandled	false	false			scp-061-ko,scp-075,scp-088,scp-106,scp-1837
ko	스트렐니코프-요원	485	15	unhandled	false	false			but-we-do-not-talk-about-that,clef-and-dimitri-hit-the-road,deleted:breakcalendar,deleted:foundation-rhymes,deleted:this-is-always-a-horrible-idea
ko	악투스-이사관	486	15	unhandled	false	false			additional-resources,classification-committee-memo,folly,hello-world,integrity-project
ko	위대한-카르시스트-이온	487	15	unhandled	false	false			about-the-serpent,dokidoki-secure-contain-school-2,interviews-with-prospective-groups-of-interest,matriarchs-parkyaeji,memoria-adytum
ko	재단-서식	488	15	unhandled	false	false			bell-weather,fmaf-hub,how-the-spc-ruined-halloween,job-opportunities,red-lily-church-hub
ko	제120기지-보존기록관	489	15	unhandled	false	false			a-faerie-tale-of-twin-queens,chronicles-of-the-irreal-hub,critter-profile-sparky,its-not-real-it-never-was-you-pathetic-fools,pickman-blank-proposal
ko	쥐	490	15	unhandled	false	false			deleted:scp-1166,scp-008-ko,scp-027,scp-1515,scp-1845
ko	페오윈-윌슨	491	15	unhandled	false	false			adoption-poster-darius,adoption-poster-hx,critter-profile-bakugo,critter-profile-chuck,critter-profile-sandra-and-george
ko	1000	492	14	jp_tag_name	true	true	1000		scp-1000,scp-1001,scp-1010,scp-1013,scp-1024
ko	2012-할로윈경연-en	493	14	unhandled	false	false			bell-weather,costume-change,deleted:guiser-s-night,ghost-stories,halloween-at-s-c-plastics
ko	2022-부서경연-en	494	14	unhandled	false	false			department-contest,entomology-intro-tale,hanging-on-the-telephone,life-insurance-policy,scp-6208
ko	2024-공포경연-jp	495	14	unhandled	false	false			crevasse-of-trap,dictionary-0,harukiharukiharuki,ideas,inspiration-exam
ko	5000	496	14	jp_tag_name	true	true	5000		scp-5000,scp-5000-j,scp-5002,scp-5004,scp-5005
ko	_부서진-신	497	14	unhandled	false	false			broken-mind,goac-chapter-2-js,gohw-chapter-17-py,gohw-chapter-5-dot-js,hist-327-comparative-mythology-of-mekhanism-and-naelkae
ko	ttt사	498	14	unhandled	false	false			ambrose-shigastan,ambrose-valentine,can-you-feel-yamizushi-file-555,collected-item-no0723,koigarezaki-news-1224
ko	가락겨루기	499	14	unhandled	false	false			dasutgarak,garak-critic,garak-critic-bulgeunsesang,garak-gavage,garak-the-beginning
ko	블랙우드	500	14	unhandled	false	false			ask-lord-blackwood,found-in-a-dusty-corner-of-the-library,goc-tale-sequence-strike,lord-blackwood-in-amon-iram,lord-blackwood-in-the-land-of-wonder
ko	알레프-기지	501	14	unhandled	false	false			bolognaise-ou-carbonara,introduction-au-departement-de-censure-et-de-desinformation,introduction-aux-theories-fondamentales-de-l-anormalite,scp-006-fr,scp-020-fr
ko	죽음의-abc	502	14	unhandled	false	false			scp-7027,scp-7034,scp-7113,scp-7179,scp-7303
ko	키사라기-공무점	503	14	unhandled	false	false			ambrose-wildcat-house,complete-oblivion,foundation-or-goi-logo,fusouki,koigarezaki-news-1224
ko	토끼	504	14	unhandled	false	false			scp-1640,scp-1793,scp-1818,scp-198-ko,scp-2036
ko	2017-세계멸망경연	505	13	jp_tag_alias	true	true	2017-世界滅亡コンテスト		cell-division,choice,circulate,destruction1,eow-contest
ko	2018-즉흥경연-en	506	13	unhandled	false	false			72-hour-jam-contest,a-foul-storm-in-a-fair-land,rainier-night,scp-049-d,scp-3154
ko	2020-08경연	507	13	jp_tag_alias	true	true	2020-08コンテスト		bimonthly-contests-2020,fish-between-tree-shadows,fishpomegranate,scp-157-ko,scp-187-ko
ko	2024-멘토&멘티	508	13	unhandled	false	false			mentor-mentee-contest-s2,scp-1331-ko,scp-1799-ko,scp-1804-ko,scp-1850-ko
ko	2025-즉흥경연-ko	509	13	unhandled	false	false			2025-2weeks-writing-hub,scp-1024-ko,scp-1042-ko,scp-1142-ko,scp-1223-ko
ko	8000	510	13	jp_tag_name	true	true	8000		scp-8000,scp-8001,scp-8010,scp-8100,scp-8140
ko	goc-사건파일	511	13	unhandled	false	false			goc-supplemental-arad,goc-supplemental-basic-guide,goc-supplemental-equipment,goc-supplemental-humanoid-guide,goc-supplemental-qandq
ko	ru	512	13	jp_tag_name	true	true	ru		class-d-recruiting,foundation-tales-ru,groups-of-interest-of-the-russian-branch,list-of-foundation-s-internal-departments,scp-1003-ru
ko	〈odss〉	513	13	unhandled	false	false			axe-and-whip,bureau-country-birdsroar-1,bureau-country-birdsroar-2,emperor-s-february-1,emperor-s-february-2
ko	간지럼-괴물	514	13	unhandled	false	false			art:asset-slorp,asset-florida-grey,asset-florida-orange,asset-florida-zero,cell-division
ko	깊은우물-카탈로그	515	13	unhandled	false	false			admonition,scp-4855,scp-5097,scp-6183,scp-6488
ko	로버트-부마로	516	13	unhandled	false	false			about-the-serpent,bumaro-parkyaeji,church-of-the-broken-god-hub,interregnum-everest,matriarchs-parkyaeji
ko	말	517	13	unhandled	false	false			scp-042,scp-1556,scp-198-ko,scp-2872,scp-2965
ko	삼천리-전북	518	13	unhandled	false	false			kte-961-ko,news4pamwac-snail,ride-on-reclamation,salty,samcheonri-contest-jeonbuk
ko	상호작용식	519	13	unhandled	false	false			alex-thorley-goes-on-a-blind-date,cack-simulator,how-to-survive-in-07k,scp-001-and-a-half-j,scp-185-ko
ko	스올	520	13	unhandled	false	false			ackumasolution,devilstock,division-of-demonology-well-actually-stocks-hub,how-to-invest-feat-satan,mare-shipping
ko	유물환수	521	13	unhandled	false	false			deleted:scp-139,not-a-seagull-proposal,oria-025-117,oria-hub,prichard-hs-outline-of-veil-history
ko	이외연	522	13	unhandled	false	false			collected-item-no0724,fusouki,koigarezaki-news-0517,koigarezaki-news-20080103-1998ver,koigarezaki-news-201x05-seikatsu
ko	자줏빛-궁정	523	13	unhandled	false	false			bound-by-the-golden-chain,in-the-flames-of-byzantion,night-and-dawn-day-and-dusk,nika-riots,on-the-border-of-the-purple-court
ko	초현실학부	524	13	unhandled	false	false			resurrection-new-faces-hub,scp-1333-ko,scp-1464-ko,scp-1820-ko,scp-4923
ko	칠흑의-안식처	525	13	unhandled	false	false			f-o-u-r-t-e-e-n-thirteen,pitch-haven-hub,scp-1530,scp-1619,scp-1903
ko	코우가-대원	526	13	unhandled	false	false			beyond-state,koigarezaki-news-20200602-1998ver,kouga-taiin-no-aisatu-mawari,ms-halloween,muj-a
ko	타이콘데로가	527	13	unhandled	false	false			scp-1555-ko,scp-1633-jp,scp-189-ko,scp-1994-ko,scp-2102-jp
ko	프레드	528	13	unhandled	false	false			murphy-law-hub,naneun-soseol-sogui-sichedeureul-araboji-motanda,never-metafictional-character-i-liked,recovered-media-the-hard-boiled-adventures-of-murphy-law,scp-1140-ko
ko	2020-06경연	529	12	unhandled	false	false			bimonthly-contests-2020,lady-of-domokoro,mr-key-sighed,scp-216-ko,scp-224-ko
ko	2020-카논부흥-en	530	12	unhandled	false	false			ai-classification-guide,anastasis-hub,awakening,canon-renaissance-contest,finding-asmodeus-hub
ko	2021-연말경연-ko	531	12	unhandled	false	false			9thanniversarycontest,ac-315-cruelty-free,birds,scp-076-ko,scp-426-ko
ko	2023-개구라경연	532	12	unhandled	false	false			2026-year-end-awards-ko,bullsht-contest-hub-2023,department-of-psycho-analysis,druggirlshub,everyone-do-not-know-hub
ko	2024-연말경연-ko	533	12	jp_tag_alias	true	true	2024-年末コンテスト-ko		12thanniversarycontest,climate-prophecy-report,devilstock,higaisha-zura-de-dokka-wo-mata-neriaruketara-na,mogimogifu-travel
ko	_골목길	534	12	unhandled	false	false			2025-07-12,alley-chuseok-legend,alley-hunting,alleys-404,dark-thinig-ssul
ko	_이자메아	535	12	unhandled	false	false			okjung-001,project-aodake,project-katou,project-koza,project-saigo
ko	_일본생류창연	536	12	unhandled	false	false			a-a-0111,f-a-1030,g-b-0134,g-b-0183,g-e-1370
ko	_특이사건반	537	12	unhandled	false	false			paralaw,three-portlands-hub,uiu-file-1933-001,uiu-file-1941-016,uiu-file-1948-019
ko	광대-보블	538	12	unhandled	false	false			behind-the-scenes,bobblecon-2018,bobblecon-2020,deleted:scp001-kln,extended-scp-420-j-experiment-log
ko	데우스-엑스-마키나	539	12	unhandled	false	false			after-the-lightbulbs-fry,incident-zero-part-1,incident-zero-part-2,incident-zero-part-3,incident-zero-part-4
ko	돌	540	12	unhandled	false	false			scp-008-jp,scp-020-fr,scp-1265-jp,scp-1618-jp,scp-2050-jp
ko	벌	541	12	unhandled	false	false			scp-1408-ko,scp-1625-ko,scp-2324,scp-2339,scp-2491
ko	복리후생부	542	12	unhandled	false	false			department-of-employee-wellness-hub,scp-1341-ko,scp-1431-ko,scp-1528-ko,scp-1662-ko
ko	부호부대	543	12	unhandled	false	false			archives-f,foundation-or-goi-logo,fusouki,goc-far-east-orientation,japanese-area-directors-dossier
ko	비칸데르니드	544	12	unhandled	false	false			scp-1871-ko,scp-1900-ko,scp-4619-j,scp-5479,scp-5681
ko	빛의-수도회	545	12	unhandled	false	false			component:ordre-de-la-lumiere-theme,kanshin-ryoiki-koigarezaki,l-ordre-de-la-lumiere,ordre-de-la-lumiere,scp-030-fr
ko	사이가파	546	12	unhandled	false	false			ambrose-shigastan,collected-item-no1091,geomeun-hyeoltong,goi2015-saiga,japanese-area-directors-dossier
ko	삼천리-울산	547	12	unhandled	false	false			samcheonri-contest-ulsan,scp-207-ko,scp-238-ko,scp-244-ko,scp-257-ko
ko	술	548	12	unhandled	false	false			rounderhouse-proposal,scp-112-ko,scp-1541,scp-1626,scp-1865-ko
ko	시메리안-박사	549	12	unhandled	false	false			cimmerian-sends-650-pms,dr-cimmerian-is-no-longer-allowed-to-use-temporal-anomalies,lending-a-hand,scp-4444,scp-4971
ko	어둠-어르신	550	12	unhandled	false	false			koigarezaki-news-20220521-thanatomania-ver,scp-1134-jp,yamizushi-file-no041,yamizushi-file-no042,yamizushi-file-no052
ko	엘마외교	551	12	unhandled	false	false			eden-leap-001,eden-leap-391,elma-hub,geomeun-hyeoltong,scp-2650-jp
ko	옵스쿠라	552	12	unhandled	false	false			archival-document-hsa-008-advent,black-sunrise,interviews-with-prospective-groups-of-interest,obskuracorps-memos,orange-eat-how-orange
ko	재번역	553	12	unhandled	false	false			archive:scp-105,archive:scp-2317,archive:theme:basalt,document-096-1,gears-is-totally-not-a-robot-guys
ko	제럴드-박사	554	12	unhandled	false	false			annon,clean-sweep,deleted:breakcalendar,deranged-ditties,ecceperago
ko	청해진	555	12	jp_tag_alias	true	true	清海鎮		chonghaejin,deserted-island,garak-the-beginning,lte-4796-blit-cetus,ride-on-whale-submarine
ko	초전구조대-히어로	556	12	unhandled	false	false			hyper-electric-rescue-organization-hub,kanshin-ryoiki-koigarezaki,koigarezaki-news-20010825-1998-ver,scp-1099-jp,scp-1790-jp
ko	코이가레자키	557	12	unhandled	false	false			kanshin-ryoiki-koigarezaki,koigarezaki-news-20190415,koigarezaki-news-20190503,koigarezaki-news-20200818-double-hometown-ver,koigarezaki-news-20231022
ko	탈로란-연구원	558	12	unhandled	false	false			always-love-you-ben,crushedbanana-art,drtara-artwork,dying-out-west,golden-dawn
ko	통합-프로그램	559	12	unhandled	false	false			hogslice-makes-a-friend,integration-program-art,integration-program-hub,scp-5104,scp-5175
ko	팀-윌슨	560	12	unhandled	false	false			adoption-poster-bonzo,critter-profile-alvin,critter-profile-boksun,critter-profile-chel,critter-profile-midas
ko	학교	561	12	unhandled	false	false			scantron-s-proposal,scp-026,scp-069-j,scp-1380,scp-1833
ko	2009-기어스생일-en	562	11	unhandled	false	false			astronomical,deleted:birthday-cheer,deleted:the-rearguard,deleted:the-siberian-well,deleted:waxxentry
ko	2017-재건경연	563	11	unhandled	false	false			and-both-worlds-are,dedekind-cut,financial-orientation,last-stand,nobody-would-know
ko	2020-루키경연-jp	564	11	unhandled	false	false			collected-item-no2020,meshiochislash-s-proposal,mishary-s-proposal,ryogen,scp-2048-jp
ko	2021-즉흥경연-en	565	11	unhandled	false	false			corruption-within-the-clown-industry,critter-profile-chel,deleted:one-hour-left,jam-con-2021,scp-5192
ko	_마셜-카터&다크	566	11	unhandled	false	false			imperfectly-fossilized-eggs-m4rho-edope-fo5le,kaiju-caviar-ocn39-t5fg6-7hjl2,mcd-bloodbaths,night-s-collection,parasite-for-diet
ko	dc-알-피네	567	11	unhandled	false	false			a-tea-perfume,gamedaypart1index,goc-tale-sequence-assessment,gwontae-0118,passing-notes-in-class
ko	고유무기대응부	568	11	unhandled	false	false			meat-hub,meat-meet-corn,meat-orientation,meat-vs-chungmugong-vs-sushi,scp-1316-ko
ko	넥서스-연작	569	11	unhandled	false	false			nexus-6-1,nexus-6-2,nexus-6-3,nexus-hub,nuri-1-1
ko	대화방-릴레이	570	11	unhandled	false	false			collab-december-5-5st,collab-once-mechane-was-oiled,collab-scp-1235-ko,collab-scp-1423-ko,collab-scp-1555-ko
ko	비설립	571	11	unhandled	false	false			1st-sakura-hime-donation,all-things-considered,da-capo-al-fine,finding-asmodeus-hub,interlude-excerpt-from-an-auction-catalog-marshall-carter-an
ko	사미오말리에	572	11	unhandled	false	false			beyond-state,koigarezaki-news-20200602-1998ver,m-81-0020,r-sinano-chuo-co-jp-2018-07-14-tum22zok1,report-samiomalie
ko	삼천리-대전-세종	573	11	unhandled	false	false			koigarezaki-news-20220718,project-proposal-2026-042,samcheonri-contest-daejeon-sejong,scp-1038-ko,scp-1426-ko
ko	서지학	574	11	unhandled	false	false			scp-1635-ko,scp-1726,scp-1906,scp-1986,scp-2602
ko	섬	575	11	unhandled	false	false			scp-1020-ko,scp-1989-ko,scp-2095,scp-2217,scp-2312
ko	알렉산드라	576	11	unhandled	false	false			additional-resources,alert-lockdown-initiated,are-we-there-yet,clock-multiplier,command-query-separation
ko	얄다바오트	577	11	unhandled	false	false			about-the-serpent,document-2481,hist-327-comparative-mythology-of-mekhanism-and-naelkae,lord-goran,of-dragons-and-serpents
ko	웨틀-박사	578	11	unhandled	false	false			gameofdeath,nicos-proposal-ii,scp-5056-tests,scp-5243,scp-5243-video-transcripts
ko	타데우스-크샹크	579	11	unhandled	false	false			audio-transcript-2400-2700-anborough-xyank,document-1780-wl,rounderhouse-proposal,scp-049-d,scp-1780
ko	2016-d계급-en	580	10	unhandled	false	false			after-the-end,d-class-contest,deleted:scp-2669,history,insertjokeinurlhere
ko	2024-등장인물-ko	581	10	unhandled	false	false			2024-character-contest,about-the-funeral-of-bugs,alleys-404,haewon,money-is-power
ko	_are-we-cool-yet	582	10	jp_tag_name	true	true	_are-we-cool-yet		anart-dep-exhibition,artist-formerly-known-as-chuck,nevermore-said-the-jackdaw,project-proposal-1939-210,project-proposal-1964-238
ko	_수집원	583	10	unhandled	false	false			collected-item-no0025,collected-item-no0091,collected-item-no0723,collected-item-no0724,collected-item-no0914
ko	pt	584	10	jp_tag_name	true	true	pt		artes-in-completas-de-silvacrest,foundation-tales-pt,grupos-de-interesse,joke-scps-pt,nao-de-o-peixe-ensine-a-pescar
ko	그린-요원	585	10	unhandled	false	false			and-then-what-happened,angel-of-red-and-white,brotherhood,detained,eulogy-for-the-living
ko	다이쇼150년	586	10	unhandled	false	false			goi-balls-03,orangeandsummer,restaurant-ambrose-haikara,scp-2061-jp,shikiandshiki
ko	부끄럼쟁이	587	10	unhandled	false	false			a-lesson-in-power,art:long-arm-guy,document-096-1,hides-the-face-lies-the-snake-the-sun-in-my-disgrace,incident-096-1-a
ko	빙의-가면	588	10	unhandled	false	false			a-city-of-corruption-and-pleasure,addressing-the-second,arogadagyunmunrok,crystlon,everyone-wears-a-mask
ko	삼중달-구상	589	10	unhandled	false	false			afterdeath-football-semifinal-scp-vs-5th,bumaro-parkyaeji,mother-who-demands-ones-toes,operation-galahad,scp-1690-ko
ko	삼천리-강원	590	10	jp_tag_alias	true	true	三千里-江原コンテスト		foreign-affairs-2023-13,noru-is-week,pathfinders-episode-landslide,samcheonri-contest-gangwon,scp-1432-ko
ko	삼천리-경북	591	10	unhandled	false	false			npes-2923a000c14,samcheonri-contest-gyeongbuk,scp-1105-ko,scp-1444-ko,scp-1605-ko
ko	삼천리-대구	592	10	unhandled	false	false			new-hunt,samcheonri-contest-daegu,scp-1102-ko,scp-1240-ko,scp-1590-ko
ko	상어	593	10	unhandled	false	false			scp-1057,scp-1373,scp-1449,scp-194-ko,scp-601-ko
ko	스팽코-박사	594	10	unhandled	false	false			a-cackmas-carol,a-diminished-thing,cack-simulator,deleted:scp001-kln,scp-2337
ko	엘리엇-박사	595	10	unhandled	false	false			a-site-19-christmas-carol,calm,dressing-up,getting-drunk,light-dependent-reactions
ko	옥수수교	596	10	unhandled	false	false			church-of-maize-hub,corn-in-korea,cornvasion,good-luck-queen-of-corn,into-the-bottomless-pit
ko	요릭-요원	597	10	unhandled	false	false			annon,clef-and-dimitri-hit-the-road,deleted:this-is-always-a-horrible-idea,deranged-ditties,one-bad-mother
ko	이사벨-5세	598	10	unhandled	false	false			adventures-in-capitalism-hub,assistance-for-the-boss-lady,cool-war-2-hub,empty-unmarked-grave,miss-heir
ko	제2하이토스	599	10	unhandled	false	false			bumaro-parkyaeji,faster-than-light-prelude,glittering-horizon-hub,scp-1548,scp-1655-ko
ko	제50넥서스	600	10	unhandled	false	false			enterprise-of-underground-tunnel-1,enterprise-of-underground-tunnel-2,enterprise-of-underground-tunnel-hub,hello-my-microflora,nexus-dossier-50
ko	펜타그램	601	10	unhandled	false	false			koigarezaki-news-911-1998-ver,paralaw,scp-1856-jp,scp-2911-jp,scp-3874
ko	홍익사	602	10	unhandled	false	false			hongiksa-43rd-meeting,juche113-0424-shred,parkyeji-goc-yamizushi,scp-016-ko,scp-233-ko
ko	1000jp	603	9	jp_tag_name	true	true	1000jp		scp-1000-jp,scp-1010-jp,scp-1111-jp,scp-1200-jp,scp-1618-jp
ko	2014-800자-jp	604	9	unhandled	false	false			800-taletale,collected-item-no19316,hirose-tale02,mary-tale09,takamata-chili-sauce
ko	2017-아트워크경연-en	605	9	unhandled	false	false			art-contest-hub-characters,art-contest-hub-goi,art-contest-hub-mtf,art-contest-hub-series-1,art-contest-hub-series-2
ko	2020-04경연	606	9	jp_tag_alias	true	true	2020-04コンテスト		bimonthly-contests-2020,scp-416-ko,scp-530-ko,scp-552-ko,scp-581-ko
ko	2021-언령경연-jp	607	9	unhandled	false	false			collected-item-no0723,decay,frozen-flowers-for-the-farewell,kotodama-contest-2021,r-sinano-chuo-co-jp-2030-05-28-t971039
ko	2022-즉흥경연-ko	608	9	unhandled	false	false			2022-3day-writting-hub,scp-242-ko,scp-266-ko,scp-395-ko,scp-420-ko
ko	2023-x경연-jp	609	9	unhandled	false	false			nameless-weeds,night-road,postoperativedelirium-jp,quarantine-vacation-rental,scp-3099-jp
ko	2023-연말경연-ko	610	9	unhandled	false	false			11thanniversarycontest,destruction-log-t-98816-oc109-682,scp-1199-ko,scp-1399-ko,scp-1499-ko
ko	2025-에스테틱경연-ko	611	9	unhandled	false	false			aesthetic-contest,atlas-vol-1,circus-recruit-in-the-pool,jirai-ni-notte-bokutachi-wa,scp-1210-ko
ko	_검은-여왕	612	9	unhandled	false	false			hirosuetakayuki,imperialist-punishment,lambda-killer,maman-me-manque-pas-vous,mr-normie
ko	_상어-죽빵-센터	613	9	unhandled	false	false			peppersghosts-stupid-proposal,spc-001,spc-1418-ko-ex,spc-169-j,spc-2000
ko	hea	614	9	unhandled	false	false			crossroad,jae-wa-gumjeong,koigarezaki-news-20210816,muj-b,narasi-s-3rd-brother-02
ko	hmfscp	615	9	jp_tag_name	true	true	hmfscp		djoric-dmatix-proposal,mishary-s-proposal,nx-03,poczatki-normalnosci-i-jej-przyszlosc,proposition-des-drs-gemini-et-tesla
ko	th	616	9	jp_tag_name	true	true	th		foundation-tales-th,groups-of-interest-th,microwave,scp-004-th,scp-072-th
ko	도서관의-뱀	617	9	unhandled	false	false			deleted:beneath-two-trees,djkaktus-s-proposal-iii,everyone-knows,found-in-a-dusty-corner-of-the-library,hello-i-am-an-nameless-aodaisho
ko	드레이븐-콘드라키	618	9	unhandled	false	false			always-love-you-ben,drtara-artwork,every-day-of-my-life-you-test-me,golden-dawn,just-fuck-it-up-irl
ko	러크-요원	619	9	unhandled	false	false			additional-resources,alert-lockdown-initiated,are-we-there-yet,ball-gags-and-scrambled-eggs,calm
ko	로젠-연구원	620	9	unhandled	false	false			but-we-do-not-talk-about-that,deleted:foundation-rhymes,rounderhouse-proposal,scp-000,scp-2505
ko	명정가	621	9	unhandled	false	false			ambrose-wildcat-house,collected-item-no1091,complete-oblivion,fengsuiguangbao,kanshin-ryoiki-koigarezaki
ko	병-속의-배	622	9	unhandled	false	false			always-love-you-ben,every-day-of-my-life-you-test-me,group-date,i-want-to-dream,just-fuck-it-up-irl
ko	블랭크-박사	623	9	unhandled	false	false			scp-5056,scp-5056-tests,scp-5243,scp-5243-video-transcripts,scp-5956
ko	비회전초밥협회	624	9	unhandled	false	false			koigarezaki-news-20180803,koigarezaki-news-20210809,koigarezaki-news-20220521-thanatomania-ver,sushi-3-2-1-hey-rassyai,yamizushi-file-no052
ko	삼천리-경남	625	9	unhandled	false	false			samcheonri-contest-gyeongnam,scp-271-ko,scp-302-ko,scp-408-ko,scp-437-ko
ko	삼천리-관서	626	9	unhandled	false	false			parkyeji-goc-yamizushi,samcheonri-contest-gwanseo,scp-1427-ko,scp-1591-ko,scp-1943-ko
ko	삼천리-해서	627	9	unhandled	false	false			21k-poi-intru,garak-the-origin,samcheonri-contest-haeseo,scp-1241-ko,scp-1490-ko
ko	아론-시걸	628	9	unhandled	false	false			deer-and-the-overseers,djkaktus-s-proposal-iii,document-001-o5,dokidoki-secure-contain-school-2,o5-command-dossier
ko	아르카디아	629	9	unhandled	false	false			arcadia-hub,arcadia-kingdom,scp-1070,scp-1640-ko,scp-2600
ko	아이리스-다크	630	9	unhandled	false	false			all-that-glisters,dark-sushi-file-no-1221,iris-dark,kingfamily,parasite-for-diet
ko	연충	631	9	unhandled	false	false			scp-038-ko,scp-153,scp-1695,scp-1755,scp-2191
ko	이사나기-야부	632	9	unhandled	false	false			ambrose-wildcat-house,dreamlandiwate,from-busan-to-tono-2020,kanshin-ryoiki-tono,koigarezaki-news-1224
ko	이와나가-미용조합	633	9	unhandled	false	false			business-time,koigarezaki-news-0517,risounobokuninaritai,scp-1801-jp,scp-1963-ko
ko	주디스-로우	634	9	unhandled	false	false			an-anthropological-approach-to-sarkicism-case-study-02-the-d,document-2481,sarkic-case-study-01-the-vas-n-a-of-sarvi,sarkic-case-study-05-korean-seulga,sarkicism-hub
ko	죽음-형제들	635	9	unhandled	false	false			about-the-serpent,deleted:dust-and-blood,joseon-three-years-hill,letters-to-the-dead,manja-ui-stradivarius
ko	타우-5-윤회	636	9	unhandled	false	false			a-thin-dangerous-line,avatara,grant-request-for-investigating-the-potential-application-of,operation-azure-peregrine,samsara
ko	2015-요주의단체-jp	637	8	unhandled	false	false			archives-f,goi2015-saiga,r-g-b-planning,sadahiko-s-homepage-html,scp-509-jp
ko	2017-역사경연-en	638	8	unhandled	false	false			history-contest,imperfectly-fossilized-eggs-m4rho-edope-fo5le,make-portland-weirder,scp-2238,scp-2624
ko	2018-범죄경연	639	8	jp_tag_alias	true	true	2018-犯罪コンテスト		2018-crime-contest,a-piece-of-betrayal,one-month-after-christmas,scp-211-ko,scp-387-ko
ko	2019-성탄경연	640	8	unhandled	false	false			bimonthly-contests-2020,contest-ko-christmas-2019,present-for-christmas-eve,scp-164-ko,scp-425-ko
ko	2019-요주의단체-int	641	8	unhandled	false	false			donatello-s-sculpting-tools-circa-1409,goliath-circa-1505,international-goi-contest-2019,non-prophet-organization-hub,scp-4161
ko	2022-잠들-수-없는-밤	642	8	unhandled	false	false			arcadia-kingdom,dream-of-merry-go-round,jaeui-jungreok,scp-267-ko,scp-306-ko
ko	2023-리믹스경연-en	643	8	unhandled	false	false			art:arachis-statuary,art:hand-drawn-cassy,scp-7165,scp-7342,scp-7409
ko	2024-만우절	644	8	unhandled	false	false			a-strange-deliverer,april-fools-2024-ko,component:af2024theme,futariha-scip,oyakunin-daisensei-samurai-shinobi-hub
ko	888ko	645	8	unhandled	false	false			scp-184-ko,scp-397-ko,scp-616-ko,scp-666-ko,scp-799-ko
ko	_파무왁	646	8	unhandled	false	false			news4pamwac-confessionyuck,news4pamwac-fox,news4pamwac-horse-racing,news4pamwac-kaguya,news4pamwac-meme
ko	_허먼-풀러	647	8	unhandled	false	false			icky-the-magic-clown,summer-onomatopoeia,the-amazing-sluggo,the-birth-of-a-miracle,the-dread-behemoth
ko	alleged-god	648	8	jp_tag_alias	true	true	scp-343		revelation,scp-343,scp-3434,scp-6666,tales-from-the-bright-side-chapter-one
ko	etdp	649	8	jp_tag_name	true	true	etdp		etdp-hub-page,just-a-word-to-me,shepherds,the-horizon-blues,the-man-comes-around
ko	icsut	650	8	jp_tag_name	true	true	icsut		analysis-of-the-plokamisuchus,another-goddamn-magic-system,black-sunrise,compound-614,goc-supplemental-thaumatology
ko	lol재단	651	8	unhandled	false	false			2521-escaped,dr-cimmerian-is-no-longer-allowed-to-use-temporal-anomalies,interviews-with-prospective-groups-of-interest,lolfoundation-hub-page,long-live-the-king
ko	skp	652	8	jp_tag_name	true	true	skp		component:skptheme,psw-hub,scp-028-de,scp-357-ko,scp-417-ko
ko	ua	653	8	jp_tag_name	true	true	ua		archived-scps-ua,external-relations-orientation-annihilism,foundation-tales-ua,groups-of-interest-ua,scp-009-ua-arc
ko	거기-없었던-남자	654	8	unhandled	false	false			board-meeting-transcript,hello-my-name-isnt,postlude-nobody,prelude-nobody,snippetsfromtheserpent
ko	게임데이	655	8	unhandled	false	false			game-day-1-die-hardest,game-day-1-johannes-sorts,gamedayindex,gamedaypart1imago,gamedaypart1index
ko	깨액-하드	656	8	unhandled	false	false			cack-hub,cimmerian-sends-650-pms,critter-profile-wobbles,project-koza,scp-2944-jp
ko	나루건설	657	8	unhandled	false	false			collab-scp-491-ko,goc-facility-dossier-geohae,naru-and-factory,scp-094-ko,scp-381-ko
ko	롬바르디	658	8	unhandled	false	false			gamedaypart1index,goc-tale-sequence-assessment,in-his-own-image-part-1,nobody-knows,orientation
ko	보위-장군	659	8	unhandled	false	false			hippocampus-of-triton,hoyaas-proposal,in-harm-s-way,incident-zero-part-3,new-tricks
ko	삭제부	660	8	unhandled	false	false			deleted,scp-1820-ko,scp-6183,scp-6768,scp-7079
ko	삼천리-관북	661	8	unhandled	false	false			hongiksa-43rd-meeting,juche113-0424-shred,samcheonri-contest-gwanbuk,scp-1075-ko,scp-1202-ko
ko	삼천리-광주	662	8	unhandled	false	false			samcheonri-contest-gwangju,scp-464-ko,scp-518-ko,scp-558-ko,scp-634-ko
ko	삼천리-전남	663	8	unhandled	false	false			garak-the-beginning,hourounotouken,ride-on-jindo-island,samcheonri-contest-jeonnam,scp-429-ko
ko	삼천리-충북	664	8	unhandled	false	false			how-to-survive-in-07k,monday-of-07k-h-u-b,samcheonri-contest-chungbuk,scp-1238-ko,scp-1601-ko
ko	설정집	665	8	unhandled	false	false			aodaisho-hub,brothers-restaurant-hub,hyper-electric-rescue-organization-hub,jagpato-hub,kamikase-ichizoku
ko	스크랜턴-박사	666	8	unhandled	false	false			guess-who-s-coming-to-dinner,maybe-artwork-im-not-sure,scp-055-ko-j,scp-3001,scp-3812
ko	양서류	667	8	unhandled	false	false			scp-1371,scp-258,scp-5133,scp-8401,scp-8558
ko	언더베가스	668	8	unhandled	false	false			haunt-me,scp-007-vn,scp-4661,scp-4967,scp-5383
ko	여명	669	8	unhandled	false	false			daybreak,heart-and-sol,scp-1012-ko,scp-1074-ko,scp-7941
ko	영국-오컬트-사무국	670	8	unhandled	false	false			black-sunrise,obskuracorps-memos,paralaw,scp-3931,scp-4918
ko	이키	671	8	unhandled	false	false			former-assets,fuller-than-full,herman-fuller-can-shove-it-up-his-ass,icky-ichabod,icky-the-magic-clown
ko	지도	672	8	unhandled	false	false			scp-055-ko,scp-096-ko,scp-1053,scp-175,scp-2332
ko	친절	673	8	unhandled	false	false			scp-1353,scp-2353,scp-2662,scp-2772,scp-2909
ko	타나토마니아	674	8	unhandled	false	false			abandoning-death,goi-balls-03,koigarezaki-news-20220521-thanatomania-ver,please-kill-me,r-sinano-chuo-co-jp-2030-05-28-t971039
ko	토성사슴	675	8	unhandled	false	false			scp-1298-ko,scp-1710,scp-2312,scp-2710,scp-404-j
ko	퇴역	676	8	unhandled	false	false			scp-2082,scp-268-j,scp-4456,scp-4955,scp-6469
ko	트래쉬파이어	677	8	unhandled	false	false			project-proposal-2014-1221,scp-2677,scp-378,scp-3874,scp-4495
ko	파라워치-범죄실록	678	8	unhandled	false	false			bigfoot-did-it,crewtime,death-of-aj-fader,flight-4145,impossible-murder
ko	흑사병-의사	679	8	unhandled	false	false			everyone-wears-a-mask,going-home,lust-in-the-time-of-anomalous-cholera,sc-17-035-20-462,scp-049
ko	히브라실	680	8	unhandled	false	false			a-foul-storm-in-a-fair-land,about-deer,lte-0851-cetus,nx-03,rounderhouse-proposal
ko	2015-500단어-fr	681	7	unhandled	false	false			concours-du-scp-de-moins-de-500-mots,scp-103-fr,scp-113-fr,scp-119-fr,scp-155-fr
ko	2018-악경연-jp	682	7	unhandled	false	false			collected-item-no1091,scp-1078-jp,scp-1374-jp,scp-1868-jp,scp-1970-jp
ko	2019-무경연-jp	683	7	unhandled	false	false			cage-of-null,collected-item-no0914,koigarezaki-news-911,m-a-2407,mucon19
ko	2019-즉흥경연-jp	684	7	unhandled	false	false			efreetsoud,hotel-kgb,scp-1581-jp,scp-1892-jp,scp-1898-jp
ko	2020-10경연	685	7	jp_tag_alias	true	true	2020-10コンテスト		bimonthly-contests-2020,languagemen-of-galleria,on-the-border-of-the-purple-court,question-exclamation-exclamation,scp-191-ko
ko	2021-십오야경단-jp	686	7	unhandled	false	false			kitei-disease,narkissos-glare,pile-up-dumplings-2021,prichard-hs-outline-of-veil-history,short-pieces-of-the-frozen-world
ko	2021-악몽축연-en	687	7	unhandled	false	false			scp-6061,scp-6106,scp-6274,scp-6427,scp-6502
ko	2022-q경연-jp	688	7	unhandled	false	false			dentyudyuron,hinankunren,koigarezaki-news-20220819-poorfoundation-ver,nishihama,project-yaegaki-1933
ko	2023-콜드포스트-en	689	7	unhandled	false	false			hawaiian-shirts,kill-the-feeling,scp-7311,scp-7313,scp-7441
ko	2024-곤봉경연-jp	690	7	unhandled	false	false			scp-1539-jp,scp-1662-jp,scp-3514-jp,scp-3562-jp,scp-3774-jp
ko	2024-신성경연-jp	691	7	unhandled	false	false			islamic-complex-economy,kaima,koigarezaki-news-20010825-1998-ver,midsummer-ded-moroz,scp-3055-jp
ko	9000	692	7	jp_tag_name	true	true	9000		scp-9000,scp-9004,scp-9019,scp-9300,scp-9433
ko	_가락겨루기	693	7	unhandled	false	false			garak-critic,garak-critic-bulgeunsesang,garak-gavage,garak-the-echo,garak-the-origin
ko	_앰브로즈-레스토랑스	694	7	unhandled	false	false			ambrose-at-home,ambrose-seoul,ambrose-shigastan,ambrose-temecula,ambrose-valentine
ko	cs	695	7	jp_tag_name	true	true	cs		foundation-tales-cs,scp-017-cs,scp-073-cs,scp-082-cs,scp-087-cs
ko	광대	696	7	unhandled	false	false			scp-1379,scp-1799,scp-1921,scp-2094,scp-2170
ko	기호학	697	7	unhandled	false	false			scp-7419,scp-7575,scp-7783,scp-7793,scp-7794
ko	김서방	698	7	unhandled	false	false			ginagin-guihyang,jeomulsera-1,jeomulsera-2,milhang,scp-1610-ko
ko	누리	699	7	unhandled	false	false			nuri-1-1,nuri-1-2,nuri-2-1,nuri-2-2,nuri-3-1
ko	매니	700	7	unhandled	false	false			former-assets,herman-fuller-can-shove-it-up-his-ass,icky-ichabod,icky-the-magic-clown,scp-2094
ko	메모리아-아뒤툼	701	7	unhandled	false	false			anthropological-report-darkwater,memoria-adytum,mother-who-demands-ones-toes,scp-2095,scp-2408
ko	민속학부	702	7	unhandled	false	false			scp-1602-jp,scp-1642-jp,scp-3000-jp,scp-6078,scp-6132
ko	법적	703	7	unhandled	false	false			scp-2221,scp-2944-jp,scp-393-ko,scp-4703,scp-5721
ko	벨러버스	704	7	unhandled	false	false			addressing-the-second,bellerverse,scp-one-million,the-list-of-wonders,the-word
ko	삼천리-부산	705	7	unhandled	false	false			gwanganli-incident,samcheonri-contest-busan,scp-398-ko,scp-733-ko,scp-904-ko
ko	삼천리-충남	706	7	unhandled	false	false			meat-vs-chungmugong-vs-sushi,samcheonri-contest-chungnam,scp-1044-ko,scp-1497-ko,scp-1652-ko
ko	성-헤트비히	707	7	unhandled	false	false			basic-observations,church-of-the-broken-god-hub,gohw-chapter-17-py,gohw-chapter-5-dot-js,interregnum-everest
ko	셸든-카츠	708	7	unhandled	false	false			gamedaypart1index,scp-2911-jp,scp-4703,scp-6987,scp-738
ko	시가스탄	709	7	unhandled	false	false			ambrose-shigastan,foundation-or-goi-logo,koigarezaki-news-20190503,koigarezaki-news-911-1998-ver,restaurant-ambrose-haikara
ko	알파-9-최후-희망	710	7	unhandled	false	false			calm,hellomuddah,no-joke,resurrection-new-faces-hub,scp-105
ko	용기	711	7	unhandled	false	false			scp-111-jp,scp-1144-jp,scp-2211-jp,scp-242-jp,scp-2434-jp
ko	운노-요원	712	7	unhandled	false	false			emperor-s-february-1,emperor-s-february-2,japanese-area-directors-dossier,odss-series4-2-kar,odss-series4-kar
ko	이바노프-요원	713	7	unhandled	false	false			axe-and-whip,emperor-s-february-1,emperor-s-february-2,odss-series4-2-kar,odss-series4-kar
ko	장고-브리지	714	7	unhandled	false	false			a-site-19-christmas-carol,are-we-there-yet,ball-gags-and-scrambled-eggs,calm,rounderhouse-proposal
ko	제임스-연구원	715	7	unhandled	false	false			i-told-you-that-i-was-afraid,recording-stuff-or-whatever,scp-078-j,scp-682-j,scp-682-j-james-coloring-book
ko	프로젝트-타우미엘	716	7	unhandled	false	false			clavis,corvus,cygnus,flos,pila
ko	헤임달	717	7	unhandled	false	false			deleted:scp-1822,deleted:scp-2669,deleted:scp-2722,project-heimdall,project-heimdall-prologue
ko	횃불의-아이들	718	7	unhandled	false	false			absolute-requirement-for-dawn,church-of-the-broken-god-hub,non-prophet-organization-hub,scp-1428,scp-1548
ko	희미해져-가는-별들	719	7	unhandled	false	false			fading-stars-hub,scp-6404,scp-7529,scp-7999,scp-8401
ko	2013-노래마인-생일축전	720	6	unhandled	false	false			birthday-and-chocolate,birthday-box,birthday-shfoakdls,interview-with-shfoakdls,let-s-make-a-cake
ko	2019-클리셰-en	721	6	unhandled	false	false			scp-1322-j,scp-3871,scp-4205,scp-4310,scp-4955
ko	2020-외부문서경연	722	6	unhandled	false	false			external-documents-contest-2020,project-saigo,sept-scc-barbarossa,the-finale-of-the-broken-things,the-lizard-adapting-endlessly-6gjqg-jt8xh-wobu2
ko	2023-즉흥경연-jp	723	6	unhandled	false	false			burial-notification,memories-of-petrichor,scp-3595-jp,scp-3844-jp,storm-gaps
ko	2025-시간경연-jp	724	6	unhandled	false	false			immortality-dreamer,practical-examination-173,scp-2526-jp,scp-3046-jp,scp-3680-jp
ko	_국가초상방재원	725	6	unhandled	false	false			narasi-s-7th-sister,npes-2004he00r07,npes-2018lc003,npes-2019c025m01,npes-2024a38d02
ko	_심야클럽	726	6	unhandled	false	false			diplomacy-2012-03,diplomacy-2020-03,foreign-affairs-2019-11,foreign-affairs-2023-13,like-dancer
ko	_엔트로피를-넘어서	727	6	unhandled	false	false			ac-309-blue-mermaid-lady,ac-315-cruelty-free,ac-705-flag-bearer-of-hamelin,beyond-entropy-organization-and-personnel-dossier,cc-319-ursula
ko	_토오노-요괴보호구	728	6	unhandled	false	false			fengsuiguangbao,tono-1031,tono-158,toyoho-202004,toyoho-202401
ko	_프로메테우스	729	6	unhandled	false	false			grant-request-for-a-replacement-keyboard-because-the-caps-lo,grant-request-for-investigating-the-potential-application-of,grant-request-for-the-construction-of-an-interstellar-scienc,grant-request-for-using-tontata-and-ect,grant-request-for-utilization-of-electro-thaumic-computers-t
ko	d-11424	730	6	jp_tag_name	true	true	d-11424		omega-k,scp-3379,scp-3689,scp-371-j,scp-3984
ko	int	731	6	jp_tag_name	true	true	int		int-contest-archive,international-collaboration-contest-2023,international-goi-contest-2019,joke-scps-int,macro-7happy7-proposal
ko	고양이입니다	732	6	unhandled	false	false			neko-sagashi,nekodegozaimasu,nekoyori,scp-040-jp,scp-040-jp-j
ko	골고타-산정에서	733	6	unhandled	false	false			empedocles,on-mount-golgotha-hub,primae-formae,scp-012,scp-2458
ko	공역	734	6	unhandled	false	false			calm,scp-5175,scp-700-j,scp-7999,scp-anthology-hub
ko	글라송	735	6	unhandled	false	false			ai-classification-guide,alert-lockdown-initiated,clock-multiplier,command-query-separation,null-terminating-string
ko	나쁜-재단	736	6	unhandled	false	false			canon-jp-2,dclass-search,goi-balls-03,holy-nova-tale-wordfromdominator,scp-4000-jp
ko	노틸러스호	737	6	unhandled	false	false			koigarezaki-news-20231022,scp-1300-ko,scp-177-fr,scp-264-fr,scp-299-fr
ko	레이그-이사관	738	6	unhandled	false	false			scp-5595,scp-6594,scp-7591,scp-7597,scp-8000
ko	리븐-머서	739	6	unhandled	false	false			a-sort-of-challenge,kiryu-labs-hub,scp-2175,scp-723-j,scp-8333
ko	마다라자-요원	740	6	unhandled	false	false			muj-a,muj-f1,muj-s2,muj-t3,soya-001-artwork-01
ko	마크-키류	741	6	unhandled	false	false			kiryu-labs-hub,scp-2225,scp-2332,scp-5004,scp-723-j
ko	맥닥터러트-박사	742	6	unhandled	false	false			scp-5241,scp-5242,scp-5956,scp-6416,scp-6659
ko	맨하탄-위기	743	6	unhandled	false	false			1998-911-hub,koigarezaki-news-911-1998-ver,manhattan-crisis-fake-movie,scp-2910-jp,scp-2911-jp
ko	머피-로	744	6	unhandled	false	false			murphy-law-hub,never-metafictional-character-i-liked,recovered-media-the-hard-boiled-adventures-of-murphy-law,scp-3043,scp-3143
ko	사이토-요원	745	6	unhandled	false	false			axe-and-whip,emperor-s-february-1,emperor-s-february-2,odss-series4-2-kar,odss-series4-kar
ko	삼천리-제주	746	6	unhandled	false	false			samcheonri-contest-jeju,scp-205-ko,scp-270-ko,scp-605-ko,scp-725-ko
ko	세이메이원	747	6	unhandled	false	false			fusouki,japanese-area-directors-dossier,mishary-s-proposal,project-yaegaki-1933,ryogen
ko	아리무라구미	748	6	unhandled	false	false			arimura-daimon,fusouki,kanshin-ryoiki-koigarezaki,scp-1336-jp,scp-2655-jp
ko	애시워스-박사	749	6	unhandled	false	false			critter-profile-sparky,scp-6747,scp-6832,scp-7999,scp-8000
ko	에릭	750	6	unhandled	false	false			scp-066,scp-168,scp-4046,scp-6080,scp-683
ko	여름새사상연맹	751	6	unhandled	false	false			koigarezaki-news-19980714-veil,koigarezaki-news-20200602-1998ver,r-sinano-chuo-co-jp-2019-12-19-na37u538,r-sinano-chuo-co-jp-2025-02-10-alt85yo,r-sinano-chuo-co-jp-2038-05-18-1730hk1
ko	올림피아	752	6	unhandled	false	false			deleted:olympia-integration-experiment-omega,experiment-log-914-theta,olympia-integration-experiment-alpha,olympia-integration-experiment-beta,olympia-integration-experiment-gamma
ko	요드-기지	753	6	unhandled	false	false			dossier-site-yod,scp-025-fr,scp-181-fr,scp-377-fr,scp-698-fr
ko	이매지내니멀	754	6	unhandled	false	false			ambrose-wildcat-house,critter-profile-randy,harukiharukiharuki,hello-i-am-an-nameless-aodaisho,scp-083-jp
ko	이테기리-요우	755	6	unhandled	false	false			a-a-0111,g-b-0183,japanese-area-directors-dossier,project-joicle-1272,scp-1637-jp
ko	작업용	756	6	unhandled	false	false			workbench:aiken-drum-workbench,workbench:salamander724,workbench:salamander724-sandbox,workbench:shaftmetal-exp,workbench:thd-glasses
ko	주드-크리요트	757	6	unhandled	false	false			manhattan-crisis-fake-movie,scp-3012,scp-4669,scp-7112,stormsite19
ko	최악의-냉전	758	6	unhandled	false	false			matryoshka,matryoshka-prologue,scp-2664,the-coldest-war-hub,the-woodvale-incident
ko	카미카세-일족	759	6	unhandled	false	false			collected-item-no0723,kamikase-ichizoku,scp-1630-ko,scp-2326-jp,theme:kamikase
ko	콥스-코퍼스	760	6	unhandled	false	false			corpse-corpus-hub,scp-3024-jp,scp-3324-jp,scp-3415-jp,scp-3823-jp
ko	키비안-기지	761	6	unhandled	false	false			de-l-origine-de-kybian,scp-134-fr,scp-204-fr,scp-227-fr,scp-351-fr
ko	킹-박사	762	6	unhandled	false	false			game-day-1-die-hardest,interval-2,long-live-the-king,scp-6747,scp-978-extended-test-logs
ko	퇴역부	763	6	unhandled	false	false			lte-8686-yellow-kewpie,scp-2082,scp-280-ko,scp-4456,scp-515-ko
ko	프로젝트	764	6	unhandled	false	false			active-issue-arc,great-short-story-concepts,inactive-issue-arc,scp-cb,the-great-short-story-contest
ko	필수	765	6	unhandled	false	false			chat-guide,deletions-guide,faq,guide-for-newbies,how-to-write-an-scp
ko	훈계	766	6	unhandled	false	false			admonition,scp-6183,scp-6488,scp-6659,scp-6747
ko	히로스에-서맨서	767	6	unhandled	false	false			hirosuetakayuki,koigarezaki-news-20080103-1998ver,koigarezaki-news-20200602-1998ver,koigarezaki-news-20200818-double-hometown-ver,koigarezaki-news-911-1998-ver
ko	2015-재단방송경연	768	5	jp_tag_alias	true	true	2015財団放送コンテスト		altar-broadcasting-company,dumb-way-to-die,foundation-broadcast-conest-temp,professional-program,sounds-good-radio-0
ko	2016-1200자-jp	769	5	unhandled	false	false			1200-taletale-hub,as-an-agent,dancingkanahebi,micro-heroic-tale,nekoyori
ko	2017-1600자-jp	770	5	unhandled	false	false			1600con17,chicken-or-cake,shark-of-sappho,the-continue,uoaaaaa
ko	2017-173페스티벌-en	771	5	unhandled	false	false			173-festival,it-s-just-paint-right,now-watch-and-learn-heres-the-deal,scp-173-d,what-am-i
ko	2017-5주년-fr	772	5	unhandled	false	false			le-concours-des-cinq-ans,scp-204-fr,scp-206-fr,scp-214-fr,scp-264-fr
ko	2020-우아한-시체-en	773	5	unhandled	false	false			exquisite-corpse-contest,scp-4563,scp-5270,scp-5545,scp-5993
ko	2021-만우절	774	5	unhandled	false	false			af2021kanesousuba,april-fools-2021,electo-com-news-namba-sky-sale,ningu-tyo-401,spc-287-jp-ko-j
ko	2021-비평-클리셰-ko	775	5	unhandled	false	false			critique-cliche-contest,scp-357-ko,scp-681-ko,scp-789-ko,scp-897-ko
ko	2021-주먹다짐경연-jp	776	5	unhandled	false	false			hey-teacher,scp-2211-jp,scp-2430-jp,scp-2581-jp,sutegorocontest-2021-hub
ko	2021-큐피드-en	777	5	unhandled	false	false			critter-profile-max,cupid-contest-2021,heart-and-sol,scp-3809,scp-5596
ko	2023-절대평가	778	5	jp_tag_alias	true	true	2023-絶対コンテスト		2023-jd-contest-hub,a-good-kid,scp-1242-ko,scp-1747-ko,scp-1993-ko
ko	4-r	779	5	jp_tag_name	true	true	4-r		4r-hub,brief-an-den-o4-rat,scp-1512-jp,scp-1517-jp,scp-750-ko
ko	4000jp	780	5	jp_tag_name	true	true	4000jp		scp-4000-jp,scp-4001-jp,scp-4008-jp,scp-4800-jp,scp-4999-jp
ko	_만나-자선재단	781	5	unhandled	false	false			13th-yurika-donation,16th-wondertainment-donation,1st-sakura-hime-donation,1st-star-donation,5th-global-occult-coalition-donation
ko	_아무도-아닌-자	782	5	unhandled	false	false			memories-of-petrichor,nobody-s-observations-on-temporal-displacement-family-and-wa,note-a-part-of-nobody,note-immortality-amulet,note-nobodyhadname
ko	_오네이로이	783	5	unhandled	false	false			ansikjeong,la-quinta-corda,oneiroi-chulpuc,the-black-dream,tontata-dreamed-tontata-dream
ko	_이야기-허브	784	5	unhandled	false	false			antimemetics-division-hub,crossoverprojectindex,murphy-law-hub,new,rammer-jammer-yellow-hammer-hub
ko	la	785	5	unhandled	false	false			consilium-fulminis,director-bold-s-proposal-la,other-hub,scp-la-001,scp-la-002
ko	가구	786	5	unhandled	false	false			scp-1475-jp,scp-1974-jp,scp-2251-jp,scp-397-jp,scp-729-jp
ko	가난한-재단	787	5	unhandled	false	false			goi-balls-03,koigarezaki-news-20220819-poorfoundation-ver,koigarezaki-news-20240316,scp-4599-jp,theme:poor-foundation
ko	개구라경연-3-경연	788	5	unhandled	false	false			amongus-imposter-level-bullsht-contest-hub-2026,bullsht-contest-3-contest,civilwarcon2026,reference-contest-hub-2026,vicious-symphony-contest
ko	골드베이커-라인츠	789	5	unhandled	false	false			scp-1011-ko,scp-6987,scp-7000,scp-7529,secure-facility-dossier-site-81tg
ko	그래브녹	790	5	unhandled	false	false			document-507-3b,interview-507-g,scp-2273-f,scp-507,yggdrasils-surveyor
ko	누에-재궁	791	5	unhandled	false	false			japanese-area-directors-dossier,miyageubusuna-kechien,nubatama-kota-2,nue-hub,xmas-of-150min
ko	다람쥐	792	5	unhandled	false	false			scp-184-j,scp-1845,scp-2050,scp-2707,scp-2797
ko	댄-박사	793	5	unhandled	false	false			document-096-1,incident-096-1-a,scp-096,scp-7000,scp-7376
ko	독일어권-재단	794	5	unhandled	false	false			nuri-1-1,nuri-1-2,nuri-2-1,nuri-2-2,scp-foundation-in-deutschland-portal
ko	랭데르스-박사	795	5	unhandled	false	false			chronicles-of-the-irreal-hub,i-told-you-that-i-was-afraid,pickman-blank-proposal,scp-6183,scp-6416
ko	메디치-한림원	796	5	unhandled	false	false			copy-of-midas-dismegistus-circa-1532,donatello-s-sculpting-tools-circa-1409,goliath-circa-1505,hub-madao,theme:ars-aeterna
ko	미드나이트	797	5	unhandled	false	false			goc-supplemental-arad,goc-supplemental-thaumatology,scp-4000-jp,searching-for-the-demon-foxes-1,the-grove-of-exiles
ko	박사	798	5	unhandled	false	false			kanshin-ryoiki-koigarezaki,koigarezaki-news-0130,scp-033-jp,scp-345-jp,scp-683-ko
ko	뱅-박사	799	5	unhandled	false	false			gamedaypart1index,in-his-own-image-part-4,scp-j,the-last-word,why-change
ko	벌레지옥	800	5	unhandled	false	false			arbh-class-debrief-file,arbh-class-hub,critter-profile-genghis,end-of-the-world-livestream,scp-4991
ko	보하트-이사관	801	5	unhandled	false	false			scp-4999-jp,scp-7529,scp-7703,scp-7769,secure-facility-dossier-site-333
ko	볼드-이사관	802	5	unhandled	false	false			scp-2082,scp-4456,scp-6183,scp-6469,scp-6488
ko	빙아기	803	5	unhandled	false	false			frozen-flowers-for-the-farewell,his-color-collar,hyogaki-hub,scp-2203-jp,short-pieces-of-the-frozen-world
ko	선박	804	5	unhandled	false	false			scp-1342-jp,scp-1942-jp,scp-2627-jp,scp-3001-jp,scp-4999-jp
ko	스몰스-연구원	805	5	unhandled	false	false			nicos-proposal-ii,scp-3309,scp-4031,scp-4955,scp-5309
ko	시몬-피에트리카우	806	5	unhandled	false	false			scp-2664,scp-2897,scp-3930,scp-6183,scp-pl-273
ko	실기시험	807	5	unhandled	false	false			immortality-dreamer,practical-examination-173,practical-examination-3199,practical-examination-hub,time-is-up
ko	에스더-코간	808	5	unhandled	false	false			adoption-poster-darius,scp-2433,scp-7112,stormsite19,the-deniers
ko	연금학부	809	5	unhandled	false	false			chronicles-of-the-irreal-hub,homunculus-of-takwin,scp-3615,scp-732-ko,the-alchemy-department-hub
ko	원더풀-월드	810	5	unhandled	false	false			lord-blackwood-in-the-land-of-wonder,nobody-s-observations-on-temporal-displacement-family-and-wa,scp-4046,wonder-world,wonder-world-dossier
ko	이학회	811	5	unhandled	false	false			koigarezaki-news-911-1998-ver,project-yaegaki-1933,scp-cn-296,wrong-proposal,yakubyo-gami
ko	진-키류	812	5	unhandled	false	false			calm,kiryu-labs-hub,requiem-for-ice-spider,scp-4498,snakes-and-ladders
ko	콘웰-연구원	813	5	unhandled	false	false			building-up,last-meetings,scp-978-extended-test-logs,simple-sketches,tearing-down
ko	쿠루스-요원	814	5	unhandled	false	false			emperor-s-february-1,emperor-s-february-2,odss-series4-2-kar,odss-series4-kar,winter-day-201x
ko	타코아시폐선	815	5	unhandled	false	false			ambrose-wildcat-house,scp-083-jp,scp-1587-jp,scp-1782-jp,scp-1923-jp
ko	토틀리소프트	816	5	unhandled	false	false			scp-024-ko,scp-2219,scp-2527,scp-2803,skeeve-online
ko	05	817	4	jp_tag_name	true	true	05		koigarezaki-news-1224,koigarezaki-news-20220819-poorfoundation-ver,news4pamwac-fox,scp-131-jp
ko	2000jp	818	4	jp_tag_name	true	true	2000jp		scp-2000-jp,scp-2040-jp,scp-2101-jp,scp2000jp-contest-hub
ko	2013-다섯개의질문-en	819	4	unhandled	false	false			a-slumber-did-my-spirit-seal,five-questions,for-elise,playing-god
ko	2013-시간경연-en	820	4	unhandled	false	false			and-the-winner-is,i-ll-see-you-next-time,time-contest,worn
ko	2014-디스토피아-en	821	4	unhandled	false	false			cakework,deleted:i-autarch,dystopia-contest,stop-me-if-youve-heard-this-one-before
ko	2016-재단방송경연	822	4	unhandled	false	false			foundation-broadcast,gta-foundation,o5quiz-s05e12,qkdthdwpszpf1
ko	2017-재활용경연-jp	823	4	unhandled	false	false			scp-1083-jp,scp-1801-jp,scp-789-jp,scp-890-jp
ko	2017-죽음경연-jp	824	4	unhandled	false	false			deathcontest,scp-1283-jp,scp-233-jp-ex,solvex-s-proposal
ko	2018-6주년-fr	825	4	unhandled	false	false			le-concours-des-six-ans,scp-300-fr,scp-303-fr,scp-333-fr
ko	2019-공동작업-en	826	4	unhandled	false	false			collaboration-contest,mother-who-demands-ones-toes,off-the-hook,scp-4733
ko	2019-멘토&멘티	827	4	unhandled	false	false			mentor-mentee-contest,scp-156-ko,scp-463-ko,scp-823-ko
ko	2019-재활용경연-jp	828	4	unhandled	false	false			scp-1086-jp,scp-1598-jp,scp-1637-jp,scp-1988-jp
ko	2021-밈경연-en	829	4	unhandled	false	false			scp-6363,scp-6599,scp-6777,scp-6820
ko	2022-떡잎경연-jp	830	4	unhandled	false	false			isogasii-zaidan,scp-1422-jp,scp-1602-jp,stairs-in-dream
ko	2023-팀경연-jp	831	4	unhandled	false	false			scp-3173-jp,scp-3339-jp,the-pit-viper,toyoho-202401
ko	2024-자긍심축연-en	832	4	unhandled	false	false			pridefest,scp-8818,the-squirrel,theme:eventyr
ko	2024-침묵단편경연-cn	833	4	unhandled	false	false			maybe-artwork-im-not-sure,scp-cn-2938,scp-cn-3055,scp-cn-3811
ko	_공안부-특사과	834	4	unhandled	false	false			kanshin-ryoiki-koigarezaki,kanshin-ryoiki-tono,record-reiwa-01-191,record-reiwa-06-aoi-sangoshou
ko	_다섯째	835	4	unhandled	false	false			a-song-about-serious-information-leaks,chilly-the-space-trucker,the-book-of-dave,you-and-me
ko	_떡갈나무	836	4	unhandled	false	false			flos-festival-1460,melody-of-beginning,song-of-the-sea-stars-and-sharks,the-finale-of-the-broken-things
ko	_사슴대학	837	4	unhandled	false	false			deer-and-the-overseers,lotus-eater-pho,rogues-of-the-april-deer,scry-the-future
ko	_청대장	838	4	unhandled	false	false			dreamlandiwate,from-busan-to-tono-2020,hello-i-am-an-nameless-aodaisho,surface-to-air-bamboo
ko	_혼돈의-반란	839	4	unhandled	false	false			deleted:sc-48-71-15-5013,op-001,sc-17-035-20-462,tontata-butter
ko	cn1000	840	4	jp_tag_name	true	true	cn1000		scp-cn-1000,scp-cn-1001,scp-cn-1021,scpcn1000contesthub
ko	imbw	841	4	jp_tag_name	true	true	imbw		nuri-1-1,nuri-1-2,nuri-2-1,nuri-2-2
ko	sotm	842	4	jp_tag_name	true	true	sotm		deleted:scp-1822,scp-2047,scp-6555,sotmhub
ko	ten-dots	843	4	jp_tag_alias	true	true	scp-2521		2521-escaped,keter-duty,scp-2521,silent-forest-ikuragunkan
ko	금장칸국	844	4	unhandled	false	false			golden-horde-blues,interviews-with-prospective-groups-of-interest,ute-1919-discofather,wikipedia-shigastan
ko	네거리-희극	845	4	unhandled	false	false			collected-item-no2020,goi-balls-03,koigarezaki-news-20170723,toyoho-202401
ko	라-뤼-마카브르	846	4	unhandled	false	false			anthropological-report-darkwater,la-rue-posts-willie-s-shine,larue-hub,nancy-shoe
ko	마술사한림원	847	4	unhandled	false	false			brief-an-den-o4-rat,honbabtwobab,magierakademie-hub,scp-4684
ko	바다의-노인	848	4	unhandled	false	false			interlude-drift,old-man-in-the-sea-hub,shadow-in-the-wake,strange-things-happen-at-sea
ko	붉게-물든-강	849	4	unhandled	false	false			scp-5315,scp-8411,scp-8852,scp-8988
ko	샌드박스	850	4	unhandled	false	false			crow-s-note-s-and-to-do-list,quikngruvn-sandbox,the-pair-of-duck-s-file,warning-labels
ko	성배를-받드는-그늘	851	4	unhandled	false	false			goi-balls-03,scp-1856-jp,tale-1921-jp,tale-1921-jp-3
ko	소츠-박사	852	4	unhandled	false	false			game-day-1-johannes-sorts,gamedaypart1index,in-his-own-image-part-4,scp-804
ko	쇼-박사	853	4	unhandled	false	false			scp-4444,scp-4498,scp-5004,scp-6871
ko	스파이시-크러스트-피제리아	854	4	unhandled	false	false			excerpts-from-training-seminars-for-lesser-known-foundation,scp-378,scp-5228,uiu-orientation
ko	아우의-식료품	855	4	unhandled	false	false			ambrose-shigastan,brothers-restaurant-hub,koigarezaki-news-20190415,little-brothers-groceries-logo
ko	압생트의-꿈	856	4	unhandled	false	false			absinthe-dream,absinthiana-dream,goi-balls-03,notyetdr-minthe
ko	에디슨-박사	857	4	unhandled	false	false			ask-lord-blackwood,game-day-1-die-hardest,scp-777-j,scp-foundation-the-movie
ko	에번튀아	858	4	unhandled	false	false			before-the-storm,scp-1841,scp-5726,theme:eventyr
ko	엔지니어	859	4	unhandled	false	false			djkaktus-s-proposal-iii,koigarezaki-news-20220819-poorfoundation-ver,scp-7000,scp-the-conquerer
ko	오돈고-테하니	860	4	unhandled	false	false			scp-5000,scp-5549,scp-7545,tanhony-s-proposal
ko	이바네즈-계장	861	4	unhandled	false	false			scp-5056,scp-5243,scp-5243-video-transcripts,scp-5956
ko	이사나기-아카네	862	4	unhandled	false	false			collected-item-no0723,collected-item-no1091,collected-item-no2020,unce-opon-a-time
ko	이중의-고향	863	4	unhandled	false	false			double-hometown-hub,goi-balls-03,koigarezaki-news-20200818-double-hometown-ver,scp-2627-jp
ko	재단탐정	864	4	unhandled	false	false			die-freikugel,foundation-detective-hub,murder-on-d-house,sushiwithoutneta
ko	제57시설	865	4	unhandled	false	false			japanese-area-directors-dossier,peligro-hipopotamos-de-medellin,peligro-igniciervos,rescate-pozo-espantozo
ko	제7차-오컬트-대전	866	4	unhandled	false	false			archival-document-hsa-008-advent,scp-3457,scp-3878,three-portlands-hub
ko	채즈-앰브로즈	867	4	unhandled	false	false			dark-sushi-file-no-1221,do-you-like-huey-lewis-and-the-news,oh-i-wouldn-t-worry-about-flaky-os,scp-4619-j
ko	청둔색-하늘	868	4	unhandled	false	false			aonibiiro-hub,catcatcatcatcatcatcat,greedy-and-unbalanced-diet-dull-blue,r-sinano-chuo-co-jp-2018-5-24-914yfe5
ko	카이	869	4	unhandled	false	false			scp-1134-jp,sushi-3-2-1-hey-rassyai,sushiblade,yamizushi-file-no1000
ko	칼데라	870	4	unhandled	false	false			scp-1569-ko,scp-569-fr,scp-569-ko,will-read-this-will
ko	타카오	871	4	unhandled	false	false			scp-1134-jp,sushi-3-2-1-hey-rassyai,sushiblade,yamizushi-file-no1000
ko	태양의-자매	872	4	unhandled	false	false			death-of-sister,scp-179,scp-258-ko,scp-7941
ko	특이화물	873	4	unhandled	false	false			compound-614,manifest-1446,scp-6987,unusual-cargo-hub
ko	함정본부-대초상과	874	4	unhandled	false	false			fusouki,mishary-s-proposal,scp-1942-jp,scp-417-ko
ko	환상섬동맹	875	4	unhandled	false	false			japanese-area-directors-dossier,koigarezaki-news-20200602-1998ver,sadahiko-s-homepage-html,suite-of-poems-for-taishos-hakoniwa
ko	2014-만우절	876	3	unhandled	false	false			april-fools-2014,scp-006-cu-ex,scp-682-cu
ko	2016-4주년-fr	877	3	unhandled	false	false			de-l-autre-cote,la-fondation-scp-a-un-incroyable-talent,le-concours-des-quatre-ans
ko	2016-만우절	878	3	unhandled	false	false			gears-is-totally-not-a-robot-guys,lust-in-the-time-of-anomalous-cholera,not-just-a-cat-in-a-labcoat
ko	2018-곤봉경연-jp	879	3	unhandled	false	false			bbc18,scp-1406-jp,scp-1939-jp
ko	2019-만우절	880	3	unhandled	false	false			april-fools-2019,component:af2019theme,scp-1896-jp-j
ko	2019-할로윈경연-fr	881	3	unhandled	false	false			concours-halloween-2019,lorem-ipsum-dolor,maman-me-manque-pas-vous
ko	2020-만우절	882	3	unhandled	false	false			april-fools-2020,koigarezaki-news-201900401,yonedu-gensui
ko	2021-재활용경연-jp	883	3	unhandled	false	false			narkissos-glare,scp-2366-jp,yamizushi-file-no0721
ko	2025-등급경연-jp	884	3	unhandled	false	false			scp-2065-jp,scp-3360-jp,tutu-sh-s-proposal
ko	2026-만우절	885	3	unhandled	false	false			allspice-curry-system-guide,april-fools-2026-ko,scp-4333-jp
ko	3000jp	886	3	jp_tag_name	true	true	3000jp		scp-3000-jp,scp-3001-jp,scp-3333-jp
ko	404fr	887	3	unhandled	false	false			le-concours-des-404-ans,scp-404-fr,scp-484-fr
ko	8번-공	888	3	unhandled	false	false			ai-classification-guide,hello-world,hello-world-part-ii
ko	_공장	889	3	unhandled	false	false			contract-negotiations-01029,naru-and-factory,recruitment-drive-28126
ko	_메디치-한림원	890	3	unhandled	false	false			copy-of-midas-dismegistus-circa-1532,donatello-s-sculpting-tools-circa-1409,goliath-circa-1505
ko	_삼대천	891	3	unhandled	false	false			samdaechun-florida-pt,samdaechun-night-bird-flying,samdaechun-satan-body-plan
ko	_파라워치	892	3	unhandled	false	false			midsummer-ded-moroz,the-king-company-textile-plant,the-lambton-ghoul
ko	aw-교수	893	3	unhandled	false	false			scp-300,scp-4733,scp-733
ko	cn2000	894	3	jp_tag_name	true	true	cn2000		scp-cn-2003,scp-cn-2999,scpcn2000contesthub
ko	ettra	895	3	jp_tag_name	true	true	ettra		resurrection-old-foes-hub,scp-7000,scp-7376
ko	just-girly-things	896	3	jp_tag_name	true	true	just-girly-things		scp-1622-ko,scp-4319,very-very-girly
ko	poi-1933	897	3	jp_tag_name	true	true	poi-1933		miyazawakenji-hub,poi-1933,scp-1223-ko
ko	scp-1134-jp	898	3	jp_tag_name	true	true	scp-1134-jp		scp-1134-jp,sushi-3-2-1-hey-rassyai,sushiblade
ko	scp-한자-드릴	899	3	unhandled	false	false			longlife-emulator-saturday,scp-3215-jp,scp-3220-jp
ko	갯-박사	900	3	unhandled	false	false			scp-5310,scp-6254,scp-6445
ko	거물-호러스	901	3	unhandled	false	false			ask-lord-blackwood,scp-1982,scp-2573
ko	교단의-박사들	902	3	unhandled	false	false			doctors-of-the-church-hub,quid-est-non-scitum,though-i-walk-through-the-valley
ko	극야등	903	3	unhandled	false	false			goi-balls-03,meshiochislash-s-proposal,polar-light
ko	길레스피-이사관	904	3	unhandled	false	false			folly,in-harm-s-way,secure-facility-dossier-site-77
ko	나바로-요원	905	3	unhandled	false	false			another-goddamn-magic-system,scp-5004,scp-978-extended-test-logs
ko	돌이킬-수-없다	906	3	unhandled	false	false			no-return-hub,scp-7000,unweaving-the-rainbow-an-introduction-to-quantum-thaumodynam
ko	뒷문소호	907	3	unhandled	false	false			scp-2910-jp,scp-2911-jp,scp-3681
ko	드리운-밤	908	3	unhandled	false	false			nightfall-hub,swatches-of-a-sunrise,the-tale-of-vanessa
ko	렉스-연구원	909	3	unhandled	false	false			nicos-proposal-ii,scp-3867,scp-4934
ko	로제-박사	910	3	unhandled	false	false			a-site-19-christmas-carol,in-harm-s-way,scp-3500
ko	루프레히트-카터	911	3	unhandled	false	false			kaiju-caviar-ocn39-t5fg6-7hjl2,scp-4900,scp-pl-273
ko	르위트-자이리가	912	3	unhandled	false	false			just-a-word-to-me,shepherds,the-horizon-blues
ko	막다른-벽	913	3	unhandled	false	false			dos-au-mur,le-calme,un-bilan
ko	맑은-날-휴가에는-우에노-순회를	914	3	unhandled	false	false			scp-3173-jp,scp-3215-jp,secure-facility-dossier-site-81ut
ko	맥티리스-이사관	915	3	unhandled	false	false			a-site-19-christmas-carol,deleted:after-action-2272,yesterday
ko	목역	916	3	unhandled	false	false			mu-yi-hub,project-yaegaki-1933,scp-956-ko
ko	물고기-씨	917	3	unhandled	false	false			mr-fish,scp-527,seven-days-with-mr-fish
ko	반도체-노르니르	918	3	unhandled	false	false			5th-global-occult-coalition-donation,goc-tale-sequence-assessment,koigarezaki-news-20200818-double-hometown-ver
ko	번역	919	3	unhandled	false	false			family-ties,free-freaks,upside-down-cake
ko	변칙-개체-이야기	920	3	unhandled	false	false			ao-hub,something-glowing,tjalla
ko	보니페이	921	3	unhandled	false	false			scp-1890,scp-1896,scp-1928
ko	사냥꾼의-검은-산장	922	3	unhandled	false	false			sarkicism-hub,scp-2408,scp-5833
ko	사아른	923	3	unhandled	false	false			sarkicism-hub,scp-5480,scp-839-ko
ko	사이교	924	3	unhandled	false	false			koigarezaki-news-911-1998-ver,scp-571-jp,sushiblade
ko	사촌-조니	925	3	unhandled	false	false			funerals-are-fun,scp-2852,scp-3004
ko	생	926	3	unhandled	false	false			alive,foundation-s-death,the-plan-failed
ko	세계초상보건기구	927	3	unhandled	false	false			compound-614,r-sinano-chuo-co-jp-2025-02-10-mt119ng,yakubyo-gami
ko	세상은-계속-돌아갔다	928	3	unhandled	false	false			i-told-you-that-i-was-afraid,the-world-kept-turning-hub,we-must-have-a-beer
ko	쇼팽교	929	3	unhandled	false	false			koigarezaki-news-19980714-veil,scp-1710-jp,scp-1999-ko
ko	수달마루-종업원	930	3	unhandled	false	false			r-sinano-chuo-co-jp-2019-12-19-na37u538,r-sinano-chuo-co-jp-2038-05-18-1730hk1,soya-001-artwork-02
ko	수렵동호회	931	3	unhandled	false	false			nao-de-o-peixe-ensine-a-pescar,nuri-3-1,nuri-3-2
ko	시물라크룸	932	3	unhandled	false	false			scp-7311,scp-7313,simulacrum-project-hub
ko	시작의-이로하	933	3	unhandled	false	false			iroha-the-begining-hub,scp-3024-jp,scp-3682-jp
ko	신사회	934	3	unhandled	false	false			les-gentilshommes-humanistes-centre,proposition-des-drs-gemini-et-tesla,scp-198-fr
ko	아래세상	935	3	unhandled	false	false			hantologies,legs-701,sous-le-monde-centre
ko	아오이-요원	936	3	unhandled	false	false			scp-3001-jp,scp-606-jp,ykamikura-7
ko	여래관광	937	3	unhandled	false	false			fengsuiguangbao,foundation-or-goi-logo,scp-454-jp
ko	역설	938	3	unhandled	false	false			scp-8001,scp-8490,scp-9066
ko	오래된-인공지능	939	3	unhandled	false	false			outdated,scp-079,scp-6820
ko	오렌지-렌지	940	3	unhandled	false	false			yamizushi-file-no033-d,yamizushi-file-no1000,yamizushi-file-no2000kari
ko	유르텍	941	3	unhandled	false	false			breakneck,koigarezaki-news-20200818-double-hometown-ver,moonlighting
ko	육식성	942	3	unhandled	false	false			scp-1529-ko,scp-1642-jp,scp-1801-jp
ko	의원	943	3	unhandled	false	false			hospital-hub,project-aodake,scp-1514-jp
ko	잡초들	944	3	unhandled	false	false			chwasty-hub,scp-pl-029,scp-pl-207
ko	제25분견국	945	3	unhandled	false	false			abteilung-xxv-hub,awol-of-fedorov,operation-alcatraz
ko	제2차-쿨전	946	3	unhandled	false	false			allegory-of-the-two-bothers,cool-war-2-hub,its-not-real-it-never-was-you-pathetic-fools
ko	제임스-하크니스	947	3	unhandled	false	false			narrativistics-and-you,scp-5800,scp-7079
ko	제프리-퀸시-해리슨	948	3	unhandled	false	false			scp-5595,scp-7591,scp-8000
ko	주고쿠-땅굴	949	3	unhandled	false	false			from-busan-to-tono-2020,koigarezaki-news-0517,the-pit-viper
ko	주망국제	950	3	unhandled	false	false			hourounotouken,koigarezaki-news-20200602-1998ver,koigarezaki-news-20200818-double-hometown-ver
ko	쥐구멍	951	3	unhandled	false	false			changes-at-site-18,rat-s-nest-hub,the-serpent-gambit
ko	지각	952	3	unhandled	false	false			scp-484-fr,scp-666-fr,scp-zh-774
ko	철도	953	3	unhandled	false	false			scp-1283-jp,scp-281-jp,scp-3562-jp
ko	츠쿠모기관	954	3	unhandled	false	false			fusouki,prichard-hs-outline-of-veil-history,scp-1856-jp
ko	카미야마-박사	955	3	unhandled	false	false			mary-tale09,scp-2944-jp,scp-999-jp
ko	쿠노-히사시	956	3	unhandled	false	false			g-b-0134,project-joicle-1272,scp-1637-jp
ko	쿠스노동물의료소	957	3	unhandled	false	false			critter-profile-alvin,kusuno-animal-medical-center,kusuno-karte-no-6927
ko	키류-연구실	958	3	unhandled	false	false			a-sort-of-challenge,kiryu-labs-hub,scp-8333
ko	토가미-요원	959	3	unhandled	false	false			scp-3001-jp,scp-606-jp,ykamikura-7
ko	통신모니터링실	960	3	unhandled	false	false			hanging-on-the-telephone,scp-374-ko,telecommunications-monitoring-office-hub
ko	퍼시발-다크	961	3	unhandled	false	false			gwontae-0118,kaiju-caviar-ocn39-t5fg6-7hjl2,scp-1932-ko
ko	함대	962	3	unhandled	false	false			fusouki,sadahiko-s-homepage-html,sea-noise-and-sailor-s-song
ko	헤이든-박사	963	3	unhandled	false	false			an-evening-with-bright,annon,scp-641
ko	173jp	964	2	jp_tag_name	true	true	173jp		scp-173-jp,scp-817-jp
ko	2014-2주년-fr	965	2	unhandled	false	false			le-concours-des-2-ans-de-la-fondation,scp-022-fr
ko	2014-할로윈경연-jp	966	2	unhandled	false	false			2014-haloween-kikaku-hub-byboatob,scp-345-jp
ko	2015-재구성-en	967	2	unhandled	false	false			hello-i-am-an-eldritch-horror,reimagining-contest
ko	2015-하계경연-cn	968	2	unhandled	false	false			downvoted,white-queen-to-d8
ko	2016-카툰경연	969	2	jp_tag_alias	true	true	2016-漫画コンテスト		foundation-cartoon-contest-2016,luvle-s-comic
ko	2017-신참경연-jp	970	2	unhandled	false	false			scp-1334-jp,scp-zzz-jp-j
ko	2017-호적수-fr	971	2	unhandled	false	false			concours-nos-meilleurs-ennemis,des-cercles-dans-le-sable
ko	2018-할로윈경연-en	972	2	unhandled	false	false			dining-out,halloween-contest-2018
ko	2019-1200자-jp	973	2	unhandled	false	false			absinthe-dream,dclass-search
ko	2019-탐사경연-es	974	2	unhandled	false	false			concurso-exploracion-2019,scp-es-138
ko	2020-8주년-fr	975	2	unhandled	false	false			le-concours-des-huit-ans,scp-400-fr
ko	2021-동계경연-zh	976	2	unhandled	false	false			scp-zh-2005-ex,winter-ace-2021
ko	2022-만우절	977	2	unhandled	false	false			april-fools-2022,theme:fish
ko	2022-병맛경연-pl	978	2	unhandled	false	false			evviva-l-arte,jak-zburzylem-wieze-babel
ko	2023-로어경연-int	979	2	unhandled	false	false			scp-030-vn,scp-569-ko
ko	2023-만우절	980	2	unhandled	false	false			april-fools-2023-ko,koigarezaki-news-202300401
ko	2023-할로윈경연-fr	981	2	unhandled	false	false			scp-602-fr,scp-666-fr
ko	2024-격노경연-en	982	2	unhandled	false	false			asset-florida-orange,deleted:greatest-of-all-time
ko	2024-존도우경연-jp	983	2	unhandled	false	false			koigarezaki-news-20240316,secure-facility-dossier-site-81tg
ko	2025-만우절	984	2	unhandled	false	false			april-fools-2025-ko,mortal-emulator-april-fool
ko	2025-크리스마스-vn-zh	985	2	unhandled	false	false			art:vnxzh-khoquaday,vn-zh-xmas25
ko	_icsut	986	2	jp_tag_name	true	true	_icsut		analysis-of-the-plokamisuchus,compound-614
ko	_skp	987	2	unhandled	false	false			skp-173-us,skp-217-ko
ko	_sys	988	2	unhandled	false	false			series-archive,series-archive-ko
ko	_권사단	989	2	unhandled	false	false			a-pathetic-attempt-to-explain-fifthism,the-wanderer-s-library-is-not-enough
ko	_대마초를-반대하는-게이머들	990	2	unhandled	false	false			dairy-calamity,the-pale-people
ko	_라-뤼-마카브르	991	2	unhandled	false	false			la-rue-posts-willie-s-shine,nancy-shoe
ko	_맥스웰교	992	2	unhandled	false	false			hist-327-comparative-mythology-of-mekhanism-and-naelkae,wans-image-png
ko	_서천컨트리클럽	993	2	unhandled	false	false			dawn-scc-prajna,sept-scc-barbarossa
ko	_앤더슨	994	2	unhandled	false	false			new-buteo-series-mechanical-exoskeleton,new-yurika-series-nano-machines
ko	_엘마외교	995	2	unhandled	false	false			eden-leap-001,eden-leap-391
ko	_이상교화국	996	2	unhandled	false	false			juche113-0424-shred,northkoreareport-1
ko	_중정-제10국	997	2	unhandled	false	false			kcia10-0018,kcia10-0049
ko	_플러그소프트	998	2	unhandled	false	false			saintlich-series,two-keter-love-love
ko	d-7294	999	2	jp_tag_name	true	true	d-7294		scp-2458,scp-575-ko
ko	gp택배	1000	2	unhandled	false	false			catcatcatcatcatcatcat,koigarezaki-news-20200818-double-hometown-ver
ko	hogslice	1001	2	jp_tag_name	true	true	hogslice		hogslice-makes-a-friend,scp-6599
ko	id	1002	2	jp_tag_name	true	true	id		other-hub,scp-003-id
ko	psw	1003	2	jp_tag_name	true	true	psw		psw-hub,skp-217-ko
ko	scp-014-jp-j	1004	2	jp_tag_name	true	true	scp-014-jp-j		dancingkanahebi,scp-014-jp-j
ko	검은토끼-중대	1005	2	unhandled	false	false			scp-2085,stealingsolidarityhub
ko	광역수용사례	1006	2	unhandled	false	false			tenjounohana,widely-containment-cases-hub
ko	괴기명명전	1007	2	unhandled	false	false			kaiki-meimeiden-hub,phylliidae-meimei-artwork
ko	구-남관동기담회-계외	1008	2	unhandled	false	false			scp-1431-jp,the-pit-viper
ko	그림-박사	1009	2	unhandled	false	false			proposition-du-dr-grym,un-jour-de-plus-sur-terre
ko	꿈결-테크놀로지	1010	2	unhandled	false	false			project-no-0189,scp-1683-jp
ko	꿈팔이	1011	2	unhandled	false	false			scp-1582-jp,scp-516-jp
ko	나독스	1012	2	unhandled	false	false			but-thou-shalt-not-despair,sarkicism-hub
ko	난바-켄지	1013	2	unhandled	false	false			k-d-6550,u-z-4000
ko	남극의-교환	1014	2	unhandled	false	false			antarctic-exchange-hub,scp-1483
ko	녹색왕	1015	2	unhandled	false	false			codename-green-king-hub,scp-1530
ko	닥터-토라야	1016	2	unhandled	false	false			yamizushi-file-no033-d,yamizushi-file-no1000
ko	대화부	1017	2	unhandled	false	false			dialogue-department-hub,dialogue-department-orientation
ko	동물병원	1018	2	unhandled	false	false			animal-hospital-hub,scp-7256
ko	땅거미가-지면	1019	2	unhandled	false	false			appel-nocturne,centre-quand-le-soleil-se-couche
ko	라이프래프트	1020	2	unhandled	false	false			critter-profile-owen,liferaft-hub
ko	라페리에-요원	1021	2	unhandled	false	false			scp-3874,scp-4455
ko	랍토르테크	1022	2	unhandled	false	false			electo-com-news-namba-sky-sale,skp-217-ko
ko	레슬리	1023	2	unhandled	false	false			going-home,scp-3774
ko	레이너-밀러	1024	2	unhandled	false	false			resurrection-new-faces-hub,the-alpha-9-holiday-special
ko	로이드-연구원	1025	2	unhandled	false	false			nicos-proposal-ii,scp-3856
ko	리처드-채플	1026	2	unhandled	false	false			scp-3855,scp-638
ko	릴리함메르-박사	1027	2	unhandled	false	false			scp-5243,scp-5956
ko	마키나	1028	2	unhandled	false	false			asp-173,machina-portal
ko	만화영화제작부	1029	2	unhandled	false	false			centre-de-retranscription-des-dessins-animes,kid-s-show
ko	매크로카오시즘	1030	2	unhandled	false	false			koigarezaki-news-20210809,koigarezaki-news-911-1998-ver
ko	맥기니스-이사관	1031	2	unhandled	false	false			scp-5243,scp-5956
ko	맥스	1032	2	unhandled	false	false			yamizushi-file-no052,yamizushi-file-no1000
ko	무대-뒤에서	1033	2	unhandled	false	false			dans-les-coulisses,dossier-personnel-du-dr-valbeaugris
ko	문두스-리베라리	1034	2	unhandled	false	false			korea-mundus-liberari,mundus-liberari
ko	발라븐	1035	2	unhandled	false	false			the-chiron-model,valravn-corporation-hub
ko	뱀과-분서의-사중주	1036	2	unhandled	false	false			quartet-hub,quartet-page-3
ko	베일리-형제	1037	2	unhandled	false	false			multi-u-101,unscience
ko	본즈	1038	2	unhandled	false	false			scp-4914,scp-7112
ko	부검	1039	2	unhandled	false	false			japanese-area-directors-dossier,scp-3000-jp
ko	비욘센-교수	1040	2	unhandled	false	false			gamedaypart1index,yesterday
ko	삼천리-인천	1041	2	unhandled	false	false			samcheonri-contest-incheon,scp-1029-ko
ko	성경대	1042	2	unhandled	false	false			gendastrerie-centre,le-carnet-secret-du-gendastre
ko	슈가컴-제과	1043	2	unhandled	false	false			scp-1459,scp-1921
ko	슈토르히운수	1044	2	unhandled	false	false			scp-1707-jp,scp-2526-jp
ko	스카우트-이사관	1045	2	unhandled	false	false			acroamatic-abatement,pickman-blank-proposal
ko	스키터-마셜	1046	2	unhandled	false	false			ephemeral-theatrics,of-makiri-and-vampire
ko	스펙터	1047	2	unhandled	false	false			resurrection-new-faces-hub,scp-4494
ko	싱클레어-박사	1048	2	unhandled	false	false			playing-with-flames,scp-5500
ko	알돈	1049	2	unhandled	false	false			anart-antics,boron-blisters
ko	알렉세이-벨리트로프	1050	2	unhandled	false	false			scp-2273,scp-2273-f
ko	야쿠시	1051	2	unhandled	false	false			koigarezaki-news-911-1998-ver,r-sinano-chuo-co-jp-2045-08-14-42a7279
ko	에이스8투페어	1052	2	unhandled	false	false			aces-and-eights,those-dazed-eyes
ko	여왕-마브	1053	2	unhandled	false	false			a-faerie-tale-of-twin-queens,poczatki-normalnosci-i-jej-przyszlosc
ko	열린-혈맥	1054	2	unhandled	false	false			our-open-veins-hub,the-chiron-model
ko	오로크	1055	2	unhandled	false	false			sarkicism-hub,scp-2408
ko	오르카디아	1056	2	unhandled	false	false			scp-3456,scp-3700
ko	오오와-박사	1057	2	unhandled	false	false			foundation-sign,mary-tale09
ko	요사리안-라이너	1058	2	unhandled	false	false			cimmerian-sends-650-pms,scp-4967
ko	웨이터	1059	2	unhandled	false	false			ambrose-shigastan,u-z-4000
ko	음양료	1060	2	unhandled	false	false			fusouki,prichard-hs-basic-of-paratech-history-1
ko	자기	1061	2	unhandled	false	false			scp-555,scp-782-ko
ko	작은-재단	1062	2	unhandled	false	false			goi-balls-03,sinro-soudan
ko	재단4k	1063	2	unhandled	false	false			f4k,human-in-contain
ko	저작권	1064	2	unhandled	false	false			image-use-policy,licensing-guide
ko	정토진종-본원과부파	1065	2	unhandled	false	false			mishary-s-proposal,scp-1336-jp
ko	제81ka기지	1066	2	unhandled	false	false			scp-1083-jp,sinro-soudan
ko	제zh-44기지	1067	2	unhandled	false	false			scp-zh-010,scp-zh-090
ko	제국	1068	2	unhandled	false	false			hirose-tale02,scp-2944-jp
ko	초밥의-의지	1069	2	unhandled	false	false			koigarezaki-news-20210809,yamizushi-file-no1000
ko	캘린더-요원	1070	2	unhandled	false	false			nicos-proposal-ii,undervegas-hub
ko	트라우스-요원	1071	2	unhandled	false	false			scp-3484,scp-4069
ko	판게아	1072	2	unhandled	false	false			gendastrerie-centre,scp-191-ko
ko	판관회	1073	2	unhandled	false	false			fusouki,mishary-s-proposal
ko	폴라아이스크랩스	1074	2	unhandled	false	false			mr-doggo,scp-2433
ko	푸르른대지	1075	2	unhandled	false	false			g-e-1370,scp-2090-jp
ko	프리처드학원	1076	2	unhandled	false	false			prichard-hs-basic-of-paratech-history-1,prichard-hs-outline-of-veil-history
ko	피네간	1077	2	unhandled	false	false			anart-antics,boron-blisters
ko	피의-탕녀	1078	2	unhandled	false	false			scp-6159,whore-of-blood-hub
ko	필리프-디어링	1079	2	unhandled	false	false			scp-5056,scp-5056-tests
ko	헤-기지	1080	2	unhandled	false	false			scp-002-fr,scp-204-fr
ko	호모-사피엔스-시드헤	1081	2	unhandled	false	false			a-faerie-tale-of-twin-queens,poczatki-normalnosci-i-jej-przyszlosc
ko	후쿠로-수색대장	1082	2	unhandled	false	false			r-sinano-chuo-co-jp-2038-05-18-1730hk1,soya-001-artwork-02
ko	100vn	1083	1	unhandled	false	false			scp-099-vn
ko	2012-데반-생일축전	1084	1	jp_tag_alias	true	true	2012-devan-誕生日祝典		birthday-devan-12
ko	2013-망년회-jp	1085	1	unhandled	false	false			bounenkai
ko	2013-할로윈경연-es	1086	1	unhandled	false	false			scp-es-099
ko	2014-푸대접-en	1087	1	unhandled	false	false			anart-antics
ko	2015-3주년-fr	1088	1	unhandled	false	false			scp-199-fr
ko	2015-단편경연	1089	1	unhandled	false	false			scp-2161
ko	2015-무명직원은-말한다-jp	1090	1	unhandled	false	false			seafield13-tale-2-2
ko	2016-언령이야기축연-jp	1091	1	unhandled	false	false			zennose1200yen
ko	2017-크로스경연-jp	1092	1	unhandled	false	false			scp-131-jp
ko	2018-동계경연-cn	1093	1	unhandled	false	false			fuban-s-proposal
ko	2018-신인경연-jp	1094	1	unhandled	false	false			scp-1210-jp-j
ko	2019-신인경연-cn	1095	1	unhandled	false	false			scp-cn-1145
ko	2020-맞선-jp	1096	1	unhandled	false	false			r-sinano-chuo-co-jp-2038-05-18-1730hk1
ko	2021-9주년-fr	1097	1	unhandled	false	false			le-carnet-secret-du-gendastre
ko	2021-하계경연-zh	1098	1	unhandled	false	false			scp-zh-220
ko	2022-동계경연-cn	1099	1	unhandled	false	false			2521-escaped
ko	2022-여름챌린지-fr	1100	1	unhandled	false	false			scp-524-fr
ko	2022-할로윈경연-en	1101	1	unhandled	false	false			haunt-me
ko	2023-11주년-fr	1102	1	unhandled	false	false			scp-600-fr
ko	2023-x경연	1103	1	unhandled	false	false			xane-qanat
ko	2023-고블린경연-en	1104	1	unhandled	false	false			scp-6183
ko	2023-국제협력-int	1105	1	unhandled	false	false			international-collaboration-contest-2023
ko	2024-동계경연-zh	1106	1	unhandled	false	false			scp-zh-716
ko	2024-봄맞이대청소-en	1107	1	unhandled	false	false			scp-8055
ko	2024-하계경연-cn	1108	1	unhandled	false	false			past-whisper
ko	2024년-존도우경연-jp	1109	1	unhandled	false	false			scp-3415-jp
ko	2025-만우절경연-cn	1110	1	unhandled	false	false			scp-cn-noooooooooooooooooooooo-j
ko	2025-전화위복-jp	1111	1	unhandled	false	false			atapostle-in-my-name
ko	2025-퍼블릭도메인-en	1112	1	unhandled	false	false			arsene-lupin-vs-the-scp-foundation-hub
ko	2026-바보경연-en	1113	1	unhandled	false	false			scp-9981
ko	_cc4	1114	1	unhandled	false	false			scp-9601
ko	_gru-p-부서	1115	1	unhandled	false	false			squid-ispolin
ko	_꿈결-테크놀로지	1116	1	unhandled	false	false			project-no-0189
ko	_무진월도중	1117	1	unhandled	false	false			ningu-tyo-401
ko	_발라븐	1118	1	unhandled	false	false			the-chiron-model
ko	_석류구락부	1119	1	unhandled	false	false			mrhashidume-memorial
ko	_세을가	1120	1	unhandled	false	false			gihae-06-01-jinin-hyunseung-s-book-of-cultivation
ko	_요주의단체-서식	1121	1	unhandled	false	false			ackumasolution
ko	_유물환수	1122	1	unhandled	false	false			oria-025-117
ko	_이매지내니멀	1123	1	unhandled	false	false			harukiharukiharuki
ko	_제25분견국	1124	1	unhandled	false	false			awol-of-fedorov
ko	_캠페인	1125	1	unhandled	false	false			pile-up-dumplings-2021
ko	_쿠스노동물의료소	1126	1	unhandled	false	false			kusuno-karte-no-6927
ko	_크리피파스타	1127	1	unhandled	false	false			station-395
ko	_테마-임시	1128	1	unhandled	false	false			component:black-highlighter-theme-dev
ko	_특이화물	1129	1	unhandled	false	false			compound-614
ko	_홍익사	1130	1	unhandled	false	false			hongiksa-43rd-meeting
ko	a.d.	1131	1	unhandled	false	false			external-relations-orientation-annihilism
ko	aki상사	1132	1	unhandled	false	false			koigarezaki-news-911-1998-ver
ko	asp	1133	1	jp_tag_name	true	true	asp		asp-173
ko	cfo	1134	1	jp_tag_name	true	true	cfo		scp-019-it
ko	cn4000	1135	1	jp_tag_name	true	true	cn4000		scp-cn-4012
ko	d-2930	1136	1	jp_tag_name	true	true	d-2930		the-deviationers
ko	d-픽시	1137	1	unhandled	false	false			who-is-jellyfish
ko	e&e	1138	1	jp_tag_name	true	true	e&e		scp-216-jp
ko	eco출판사	1139	1	unhandled	false	false			koigarezaki-news-20210809
ko	el	1140	1	jp_tag_name	true	true	el		scp-002-el
ko	l.왓-연구원	1141	1	unhandled	false	false			scp-zh-005
ko	mm-wk	1142	1	jp_tag_name	true	true	mm-wk		goi-1995-de-das-wunderkabinett
ko	pzga	1143	1	jp_tag_name	true	true	pzga		scp-pl-166
ko	scp-2050-jp-a	1144	1	jp_tag_name	true	true	scp-2050-jp-a		scp-2050-jp
ko	scp-210-jp	1145	1	jp_tag_name	true	true	scp-210-jp		japanese-area-directors-dossier
ko	scp-964-jp	1146	1	jp_tag_name	true	true	scp-964-jp		scp-964-jp
ko	ting	1147	1	jp_tag_name	true	true	ting		scp-390-ko
ko	www	1148	1	jp_tag_name	true	true	www		bo-wszyscy-juz-zgineli
ko	갈대바퀴	1149	1	unhandled	false	false			scp-1067-jp
ko	개리슨-박사	1150	1	unhandled	false	false			nicos-proposal-ii
ko	공이회력	1151	1	unhandled	false	false			goi-balls-03
ko	광체-만들기	1152	1	unhandled	false	false			goi-balls-03
ko	괴데필름	1153	1	unhandled	false	false			goede-film-hub
ko	구조물	1154	1	unhandled	false	false			scp-2309
ko	규양파	1155	1	unhandled	false	false			scp-cn-675
ko	그나마-쓸만한	1156	1	unhandled	false	false			only-game-in-town-hub
ko	그레이트-부시독-왕국	1157	1	unhandled	false	false			scp-1775-jp
ko	기술기적사	1158	1	unhandled	false	false			koigarezaki-news-20200818-double-hometown-ver
ko	기업	1159	1	unhandled	false	false			scp-1288-ko
ko	나자와-나고무-요원	1160	1	unhandled	false	false			dialogue-department-orientation
ko	네렘사-요원	1161	1	unhandled	false	false			proposition-du-dr-grym
ko	눈먼-c	1162	1	unhandled	false	false			koigarezaki-news-20200602-1998ver
ko	다룸-트레이서	1163	1	unhandled	false	false			scp-2944-jp
ko	다회용-비밀번호	1164	1	unhandled	false	false			the-time-after-time-password-hub
ko	달의-대전사	1165	1	unhandled	false	false			scp-1233
ko	대괴수결전	1166	1	unhandled	false	false			monster-decisive-battle-hub
ko	대록신교	1167	1	unhandled	false	false			koigarezaki-news-20200818-double-hometown-ver
ko	대마초에-반대하는-게이머들	1168	1	unhandled	false	false			scp-2658
ko	데레븐-박사	1169	1	unhandled	false	false			scp-8000
ko	도사쿠-관리관	1170	1	unhandled	false	false			emperor-s-february-2
ko	독필가	1171	1	unhandled	false	false			pickman-blank-proposal
ko	똑똑이-브라이언	1172	1	unhandled	false	false			wonder-world-dossier
ko	라벨-연구원	1173	1	unhandled	false	false			a-site-19-christmas-carol
ko	램퍼터	1174	1	unhandled	false	false			toyoho-202411
ko	로버트-카터	1175	1	unhandled	false	false			of-makiri-and-vampire
ko	링크에이지	1176	1	unhandled	false	false			maxwellism-com-jp-lightning
ko	마리-맥퍼슨	1177	1	unhandled	false	false			scp-7165
ko	마법악단	1178	1	unhandled	false	false			scp-1999-ko
ko	마임-기지	1179	1	unhandled	false	false			scp-612-fr
ko	맥기니스-박사	1180	1	unhandled	false	false			scp-5056-tests
ko	멀로-요원	1181	1	unhandled	false	false			scp-5004
ko	미래가속	1182	1	unhandled	false	false			stormsite19
ko	베로니카-피츠로이	1183	1	unhandled	false	false			scp-952
ko	베트-기지	1184	1	unhandled	false	false			scp-600-fr
ko	블랙-다이아몬드-빌리언스	1185	1	unhandled	false	false			scp-9433
ko	비인간	1186	1	unhandled	false	false			unhuman-hub
ko	빈센트-앤더슨	1187	1	unhandled	false	false			putting-a-ghost-in-the-machine
ko	삼원	1188	1	unhandled	false	false			japanese-area-directors-dossier
ko	상급곰시사령부	1189	1	unhandled	false	false			scp-5464
ko	생명의-나무	1190	1	unhandled	false	false			scp-anthology-2025
ko	서지-박사	1191	1	unhandled	false	false			scp-zh-010
ko	성-크리스티나-서원	1192	1	unhandled	false	false			hong-shing-hub
ko	성인	1193	1	unhandled	false	false			bound-by-the-golden-chain
ko	세계관	1194	1	unhandled	false	false			secure-facilities-locations-jp
ko	세타-90-각마기	1195	1	unhandled	false	false			scp-4096
ko	소멸주의	1196	1	unhandled	false	false			external-relations-orientation-annihilism
ko	소콜스키-박사	1197	1	unhandled	false	false			scp-5956
ko	수정화훼	1198	1	unhandled	false	false			koigarezaki-news-20200818-double-hometown-ver
ko	숨은식칼의-스니크	1199	1	unhandled	false	false			yamizushi-file-no1000
ko	스미우노-기록관	1200	1	unhandled	false	false			scp-2101-jp
ko	스파기에르&스파기에르-원동기	1201	1	unhandled	false	false			sprawa-warta-uranu
ko	시공간	1202	1	unhandled	false	false			scp-200-fr
ko	시라코-박사	1203	1	unhandled	false	false			japanese-area-directors-dossier
ko	신격화	1204	1	unhandled	false	false			scp-3396
ko	신참	1205	1	unhandled	false	false			resurrection-new-faces-hub
ko	아나바시스	1206	1	unhandled	false	false			anabasis-hub
ko	아마기리-고문관	1207	1	unhandled	false	false			please-kill-me
ko	아모니-람	1208	1	unhandled	false	false			interregnum-everest
ko	아벨라르	1209	1	unhandled	false	false			scp-3803
ko	아히요	1210	1	unhandled	false	false			soya-001-artwork-02
ko	안데르센	1211	1	unhandled	false	false			ambrose-wildcat-house
ko	안면실인증	1212	1	unhandled	false	false			goi-balls-03
ko	안타레스-결사	1213	1	unhandled	false	false			koigarezaki-news-20200602-1998ver
ko	어인	1214	1	unhandled	false	false			scp-6222
ko	에스테르베르크	1215	1	unhandled	false	false			its-not-real-it-never-was-you-pathetic-fools
ko	에이드리언-대령	1216	1	unhandled	false	false			scp-6159
ko	엘스트롬-박사	1217	1	unhandled	false	false			scp-7165
ko	연속성부	1218	1	unhandled	false	false			scp-8557
ko	열역	1219	1	unhandled	false	false			scp-9300
ko	영호전대	1220	1	unhandled	false	false			ryogen
ko	오래된-적들	1221	1	unhandled	false	false			resurrection-old-foes-hub
ko	오버플로우-캠페인	1222	1	unhandled	false	false			kouryaku-wiki-goi
ko	오코리에-박사	1223	1	unhandled	false	false			scp-5956
ko	올리비에-귀네스	1224	1	unhandled	false	false			a-faerie-tale-of-twin-queens
ko	완성	1225	1	unhandled	false	false			aces-and-eights
ko	외계인	1226	1	unhandled	false	false			scp-7999
ko	왼손잡이	1227	1	unhandled	false	false			scp-1040-ru
ko	요정	1228	1	unhandled	false	false			a-faerie-tale-of-twin-queens
ko	우키타-박사	1229	1	unhandled	false	false			collected-item-no19316
ko	웨스트헤드-미디어	1230	1	unhandled	false	false			bobblecon-2018
ko	위그드라실의-측량사	1231	1	unhandled	false	false			yggdrasils-surveyor
ko	위니베르실	1232	1	unhandled	false	false			scp-333-fr
ko	위안지	1233	1	unhandled	false	false			scp-zh-010
ko	음률미학	1234	1	unhandled	false	false			scp-1999-ko
ko	이쿠라-요원	1235	1	unhandled	false	false			bureau-country-birdsroar-2
ko	인간	1236	1	unhandled	false	false			scp-7769
ko	인공	1237	1	unhandled	false	false			scp-1996-ko
ko	일반부	1238	1	unhandled	false	false			the-pit-viper
ko	잔치는-끝나고	1239	1	unhandled	false	false			after-party-hub
ko	장소	1240	1	unhandled	false	false			scp-8356
ko	재번역-중	1241	1	unhandled	false	false			scp-6000
ko	적대	1242	1	unhandled	false	false			scp-7769
ko	제29a기지	1243	1	unhandled	false	false			scp-004-th
ko	제81uo기지	1244	1	unhandled	false	false			ununderstandable
ko	제cn-15구역	1245	1	unhandled	false	false			scp-cn-3668
ko	제cn-34기지	1246	1	unhandled	false	false			scp-cn-296
ko	제zh-22기지	1247	1	unhandled	false	false			scp-zh-010
ko	제미니-박사	1248	1	unhandled	false	false			introduction-au-departement-de-censure-et-de-desinformation
ko	종교적	1249	1	unhandled	false	false			scp-2309
ko	주디-파필	1250	1	unhandled	false	false			wonder-world-dossier
ko	징조	1251	1	unhandled	false	false			scp-6274
ko	초공가전	1252	1	unhandled	false	false			scp-1160-jp
ko	츠치하시-박사	1253	1	unhandled	false	false			r-sinano-chuo-co-jp-2019-12-19-na37u538
ko	카모에-연구원	1254	1	unhandled	false	false			scp-1583-jp
ko	카야노-박사	1255	1	unhandled	false	false			zennose1200yen
ko	카즈마레크-요원	1256	1	unhandled	false	false			scp-4469
ko	케르눈노스	1257	1	unhandled	false	false			scp-7566
ko	콩싱공	1258	1	unhandled	false	false			hong-shing-hub
ko	쿠와나-박사	1259	1	unhandled	false	false			japanese-area-directors-dossier
ko	타브-기지	1260	1	unhandled	false	false			scp-056-fr
ko	타타르의-멍에	1261	1	unhandled	false	false			tataro-yoke
ko	트루니언-특사	1262	1	unhandled	false	false			rounderhouse-gold-proposal
ko	특이한림원	1263	1	unhandled	false	false			proposition-des-drs-gemini-et-tesla
ko	틸로-츠비스트	1264	1	unhandled	false	false			pickman-blank-proposal
ko	팀-버드	1265	1	unhandled	false	false			bird
ko	파운데이션-공동체	1266	1	unhandled	false	false			goi-balls-03
ko	포럼	1267	1	unhandled	false	false			forum:thread
ko	포페스쿠-요원	1268	1	unhandled	false	false			resurrection-new-faces-hub
ko	풍로여행사	1269	1	unhandled	false	false			fengsuiguangbao
ko	프로그-박사	1270	1	unhandled	false	false			proposition-du-dr-grym
ko	프림로즈-변호사	1271	1	unhandled	false	false			scp-6159
ko	플라버-박사	1272	1	unhandled	false	false			scp-zh-010
ko	피네건-박사	1273	1	unhandled	false	false			arbh-class-debrief-file
ko	하나카고-학원	1274	1	unhandled	false	false			yakubyo-gami
ko	할리나-이에바	1275	1	unhandled	false	false			mother-who-demands-ones-toes
ko	항밈	1276	1	unhandled	false	false			scp-7582
ko	항밈학부	1277	1	unhandled	false	false			scp-1868-jp
ko	항설부	1278	1	unhandled	false	false			scp-3339-jp
ko	형식부	1279	1	unhandled	false	false			formality-department-hub
ko	혼원대	1280	1	unhandled	false	false			scp-381-ko
ko	홀리-라이트	1281	1	unhandled	false	false			wonder-world-dossier
ko	홍싱	1282	1	unhandled	false	false			hong-shing-hub
ko	회중총교회	1283	1	unhandled	false	false			the-deviationers
ko	회칼의-위크	1284	1	unhandled	false	false			yamizushi-file-no1000
kz	kz	1	27	jp_tag_name	true	true	kz		dr-esmeralda-s-proposal,dr-marylin-s-proposal,evening-s-alborada,human-adam,scp-001-kz
kz	scp	2	23	jp_tag_name	true	true	scp		dr-esmeralda-s-proposal,dr-marylin-s-proposal,scp-002-kz,scp-003-kz,scp-004-kz
kz	тірі	3	9	curated_override_only	false	true	生命		dr-marylin-s-proposal,scp-002-kz,scp-004-kz,scp-005-kz,scp-007-kz
kz	евклид	4	8	curated_override_only	false	true	euclid		scp-006-kz,scp-007-kz,scp-012-kz,scp-015-kz,scp-016-kz
kz	гуманоид	5	7	curated_override_only	false	true	人間型		scp-002-kz,scp-005-kz,scp-007-kz,scp-012-kz,scp-014-kz
kz	психикалық_әсер	6	6	unhandled	false	false			dr-marylin-s-proposal,scp-006-kz,scp-007-kz,scp-009-kz,scp-012-kz
kz	зат	7	5	unhandled	false	false			scp-003-kz,scp-008-kz,scp-009-kz,scp-011-kz,scp-015-kz
kz	қауіпсіз	8	5	curated_override_only	false	true	safe		scp-003-kz,scp-004-kz,scp-008-kz,scp-009-kz,scp-011-kz
kz	ақыл	9	4	unhandled	false	false			scp-004-kz,scp-006-kz,scp-007-kz,scp-018-kz
kz	ерекше	10	4	unhandled	false	false			dr-esmeralda-s-proposal,dr-marylin-s-proposal,scp-010-kz,scp-1212-kz-j
kz	мета	11	4	unhandled	false	false			scp-010-kz,scp-016-kz,scp-1212-kz-j,scp-1234-kz-j
kz	ұсталмаған	12	4	unhandled	false	false			dr-esmeralda-s-proposal,dr-marylin-s-proposal,scp-006-kz,scp-012-kz
kz	001	13	3	unhandled	false	false			dr-esmeralda-s-proposal,dr-marylin-s-proposal,scp-001-kz
kz	кетер	14	3	unhandled	false	false			scp-002-kz,scp-017-kz-v,scp-020-kz
kz	ықтималды	15	3	unhandled	false	false			scp-015-kz,scp-017-kz-v,scp-018-kz
kz	әңгіме	16	3	unhandled	false	false			evening-s-alborada,human-adam,to-or-from-department-of-pattern
kz	антимеметикалық	17	2	unhandled	false	false			scp-002-kz,scp-012-kz
kz	аполлион	18	2	unhandled	false	false			dr-esmeralda-s-proposal,dr-marylin-s-proposal
kz	ақпарат_тасушы	19	2	unhandled	false	false			scp-003-kz,scp-009-kz
kz	бейтараптандырылған	20	2	unhandled	false	false			scp-005-kz,scp-014-kz
kz	кеңістіктік	21	2	unhandled	false	false			scp-012-kz,scp-020-kz
kz	күлкілі	22	2	unhandled	false	false			scp-1212-kz-j,scp-1234-kz-j
kz	телепортация	23	2	unhandled	false	false			scp-015-kz,scp-020-kz
kz	трансформация	24	2	unhandled	false	false			scp-005-kz,scp-019-kz
kz	құрылыс	25	2	unhandled	false	false			scp-016-kz-v,scp-020-kz
kz	әуелі	26	2	unhandled	false	false			dr-marylin-s-proposal,scp-016-kz-v
kz	өсімдік	27	2	unhandled	false	false			scp-004-kz,scp-019-kz
kz	-v	28	1	unhandled	false	false			dr-esmeralda-s-proposal
kz	биологиялық_қауіптілік	29	1	unhandled	false	false			scp-019-kz
kz	класс_к	30	1	unhandled	false	false			dr-marylin-s-proposal
kz	лингвистикалық	31	1	unhandled	false	false			scp-007-kz
kz	мистика	32	1	unhandled	false	false			scp-016-kz-v
kz	мұрағатталған	33	1	unhandled	false	false			dr-esmeralda-s-proposal
kz	ойын	34	1	unhandled	false	false			scp-003-kz
kz	тағайындалмаған	35	1	unhandled	false	false			scp-1234-kz-j
kz	уақытша	36	1	unhandled	false	false			dr-marylin-s-proposal
kz	хаб	37	1	unhandled	false	false			scp-001-kz
kz	қарастыруда	38	1	unhandled	false	false			scp-016-kz
kz	қару	39	1	unhandled	false	false			scp-008-kz
kz	өндіріс	40	1	unhandled	false	false			scp-011-kz
pl	oryginał	1	819	jp_unused_replacement	true	true		pl	10-kwietnia-2010,10-minut,14-27,28-miesiecy-3-tygodni-6-dni-9-godzin-i-12-minut,achtung-polen
pl	scp	2	439	jp_tag_name	true	true	scp		propozycja-arcydziegiel,propozycja-drjamesh-arc,propozycja-futurity,propozycja-ralliston-pl,propozycja-zerostrider
pl	_cc	3	275	unhandled	false	false			ambrose-biegun-polnocny,ambrose-warszawa,anomaly-classification-system-guide,artysta-szarlatan,cbsp-hub
pl	opowieść	4	272	curated_override_only	false	true	tale		10-kwietnia-2010,10-minut,14-27,28-miesiecy-3-tygodni-6-dni-9-godzin-i-12-minut,achtung-polen
pl	bezpieczne	5	152	curated_override_only	false	true	safe		propozycja-futurity,propozycja-ralliston-pl,scp-pl-000-j,scp-pl-002-j,scp-pl-003
pl	rozumne	6	126	curated_override_only	false	true	知性		propozycja-arcydziegiel,propozycja-drjamesh-arc,scp-pl-000-j,scp-pl-004,scp-pl-006
pl	euclid	7	115	jp_tag_name	true	true	euclid		scp-pl-007,scp-pl-009,scp-pl-011,scp-pl-013,scp-pl-014
pl	żywe	8	105	curated_override_only	false	true	生命		propozycja-drjamesh-arc,scp-pl-006,scp-pl-009,scp-pl-010-j,scp-pl-014
pl	humanoid	9	103	jp_tag_alias	true	true	人間型		propozycja-arcydziegiel,propozycja-drjamesh-arc,scp-pl-006,scp-pl-011,scp-pl-014
pl	umysłowe	10	83	unhandled	false	false			scp-pl-002,scp-pl-003,scp-pl-004,scp-pl-007,scp-pl-008
pl	artefakt	11	62	unhandled	false	false			propozycja-futurity,scp-pl-002-j,scp-pl-004,scp-pl-005,scp-pl-008
pl	historyczne	12	61	unhandled	false	false			propozycja-arcydziegiel,propozycja-futurity,scp-pl-006,scp-pl-030,scp-pl-035
pl	ezoteryczne	13	60	unhandled	false	false			propozycja-drjamesh-arc,scp-pl-001-ex-j,scp-pl-003-j,scp-pl-046,scp-pl-080
pl	pozawymiarowe	14	59	unhandled	false	false			propozycja-arcydziegiel,scp-pl-016,scp-pl-018,scp-pl-045,scp-pl-066
pl	keter	15	57	jp_tag_name	true	true	keter		propozycja-arcydziegiel,propozycja-zerostrider,scp-pl-002,scp-pl-026,scp-pl-032
pl	niezabezpieczone	16	56	unhandled	false	false			propozycja-arcydziegiel,scp-pl-002,scp-pl-003-j,scp-pl-004,scp-pl-024
pl	goi-format	17	54	jp_tag_name	true	true	goi-format		ambrose-biegun-polnocny,ambrose-medsir,ambrose-metaverse,ambrose-warszawa,artefakt-2228
pl	z-archiwum-120	18	45	unhandled	false	false			10-kwietnia-2010,boletus-aridas,cos-tu-smierdzi,dokumentacja-strzezonej-placowki-osrodek-pl-69,drzewa-wolnosci
pl	religijne	19	41	unhandled	false	false			scp-pl-006,scp-pl-026,scp-pl-044,scp-pl-045,scp-pl-054
pl	zagrożenie-poznawcze	20	40	unhandled	false	false			scp-pl-035,scp-pl-050,scp-pl-056,scp-pl-058,scp-pl-069
pl	joke	21	39	jp_tag_alias	true	true	ジョーク		dekalog-bohatera,dim-i-wit-sezon-chuj,dominacja,frog,improwizacja
pl	współpraca	22	38	unhandled	false	false			cos-tu-smierdzi,czarne-niebo-hub,do-elwiry,drzewa-wolnosci,gerard-drugi
pl	hub	23	36	jp_tag_alias	true	true	ハブ		argus-bcppotwzm-hub,argus-inc-hub,cbsp-hub,chwasty-hub,cjpw-hub
pl	budynek	24	35	unhandled	false	false			propozycja-ralliston-pl,scp-pl-011,scp-pl-033,scp-pl-043,scp-pl-044
pl	wrogie	25	32	unhandled	false	false			scp-pl-006,scp-pl-009,scp-pl-079,scp-pl-089,scp-pl-098
pl	zwierzę	26	32	unhandled	false	false			scp-pl-010-j,scp-pl-021-j-miau,scp-pl-030-j,scp-pl-040-j,scp-pl-041
pl	przymus	27	31	unhandled	false	false			scp-pl-015,scp-pl-032,scp-pl-033,scp-pl-050,scp-pl-058
pl	autonomiczne	28	30	unhandled	false	false			scp-pl-002,scp-pl-020,scp-pl-030,scp-pl-034,scp-pl-055
pl	portal	29	30	jp_tag_alias	true	true	ポータル		scp-pl-016,scp-pl-065,scp-pl-066,scp-pl-068,scp-pl-074
pl	gatunek	30	29	unhandled	false	false			scp-pl-048,scp-pl-057,scp-pl-058-ex,scp-pl-073,scp-pl-085
pl	meta	31	29	jp_tag_alias	true	true	メタ		propozycja-arcydziegiel,scp-pl-000-j,scp-pl-002-j,scp-pl-007,scp-pl-029
pl	teleportacja	32	29	unhandled	false	false			scp-pl-020,scp-pl-030-j,scp-pl-032,scp-pl-055,scp-pl-057
pl	komitet-etyki	33	28	unhandled	false	false			chroniona-strefa-63,eksploracje,material-instruktazowy,propozycja-futurity,scp-pl-006
pl	scenariusz-klasy-k	34	27	unhandled	false	false			propozycja-zerostrider,scp-pl-031,scp-pl-106,scp-pl-123,scp-pl-126
pl	światło	35	27	unhandled	false	false			scp-pl-006,scp-pl-015,scp-pl-019,scp-pl-041,scp-pl-080
pl	dokument	36	26	unhandled	false	false			propozycja-futurity,scp-pl-023,scp-pl-025,scp-pl-029,scp-pl-069
pl	stworzone-przez-fundację	37	26	unhandled	false	false			propozycja-ralliston-pl,scp-pl-012,scp-pl-054,scp-pl-101,scp-pl-125
pl	wzrokowe	38	26	unhandled	false	false			scp-pl-014,scp-pl-027,scp-pl-044,scp-pl-050,scp-pl-085
pl	ciecz	39	24	unhandled	false	false			scp-pl-008,scp-pl-017,scp-pl-022,scp-pl-103,scp-pl-104
pl	pzga	40	24	jp_tag_name	true	true	pzga		ambrose-medsir,awans-pana-wierzynskiego,ballada-o-sasiadach,boletus-aridas,emocje-jak-na-grzybach
pl	zneutralizowane	41	24	unhandled	false	false			scp-pl-010,scp-pl-055,scp-pl-067,scp-pl-124,scp-pl-155
pl	halucynacja	42	23	unhandled	false	false			scp-pl-002,scp-pl-014,scp-pl-044,scp-pl-070,scp-pl-087-arc
pl	argus	43	22	jp_tag_alias	true	true	アーガス		argus-bcppotwzm-hub,argus-inc-hub,ballada-o-sasiadach,dlaczego-przechowywanie-scp-pl-188-jest-chujowe-i-doktora-cl,druga-wielka-wojna-czesc-3-rebelia-kontratakuje
pl	pojazd	44	22	unhandled	false	false			scp-pl-018,scp-pl-039,scp-pl-055,scp-pl-065,scp-pl-070
pl	czasowe	45	21	unhandled	false	false			propozycja-arcydziegiel,scp-pl-021,scp-pl-024,scp-pl-052,scp-pl-067
pl	horror	46	21	unhandled	false	false			biel,cjpw-hub,co-z-innymi,czern,czerwonokrwisty
pl	elektroniczne	47	20	unhandled	false	false			scp-pl-051,scp-pl-056,scp-pl-081,scp-pl-082,scp-pl-092
pl	elektryczne	48	20	unhandled	false	false			scp-pl-031,scp-pl-076,scp-pl-110,scp-pl-135,scp-pl-147
pl	nocne	49	20	unhandled	false	false			scp-pl-010,scp-pl-028,scp-pl-030,scp-pl-040,scp-pl-041
pl	przestrzenne	50	20	unhandled	false	false			scp-pl-010,scp-pl-015,scp-pl-068,scp-pl-120,scp-pl-132
pl	samopowielanie	51	20	unhandled	false	false			scp-pl-009,scp-pl-010,scp-pl-017,scp-pl-019,scp-pl-058
pl	globalna-koalicja-okultystyczna	52	19	unhandled	false	false			artefakt-2228,bo-wszyscy-juz-zgineli,bukowski-marsz-zalobny,chce-mi-sie-pic,historia-polskiego-projektu-przechowawczego
pl	inny-świat	53	19	unhandled	false	false			biel,cjpw-hub,co-z-innymi,cz-1-ludzkosci-potrzeba-zagrozenia-aby-moc-ja-zjednoczyc,cz-2-czy-lepiej-zranic-czlowieka-wczesniej-aby-czlowiek-unik
pl	kanonpl2021	54	19	unhandled	false	false			calkowite-zacmienie,czarne-niebo-hub,dokumentacja-strzezonej-placowki-osrodek-101,dokumentacja-strzezonej-placowki-strefa-pl-34,dwie-strony-z-pamietnika-gorala
pl	lądy-południa	55	19	unhandled	false	false			ambrose-medsir,duszosiew-polnocny,gerard-drugi,klamka-zapadla,koigarezaki-substancje-odkryptydowe
pl	marshall-carter-and-dark	56	19	jp_tag_alias	true	true	mc&d		drzewa-wolnosci,duszosiew-polnocny,kompas-parapolityczny-na-trudne-czasy,manifest-704,mech-bojowy-serii-laggar
pl	roślina	57	19	unhandled	false	false			scp-pl-006,scp-pl-030,scp-pl-073,scp-pl-098,scp-pl-143
pl	sarkiści	58	19	unhandled	false	false			dzieje-krola-ognia,manifest-704,na-bestyje-przepis-jeden-kranca-wdech,pod-krwawym-gwiazdozbiorem,samdaecheon-odin
pl	wiedza	59	19	unhandled	false	false			propozycja-arcydziegiel,propozycja-futurity,scp-pl-027,scp-pl-030,scp-pl-032
pl	dla-dorosłych	60	18	unhandled	false	false			afterparty,chroniona-strefa-63,chrzest-bojowy,cisza-przed-burza,lekcja-anatomii
pl	mikołajki	61	18	unhandled	false	false			ambrose-biegun-polnocny,autor-na-dnie-swojej-profesji,bukowski-marsz-zalobny,chrobry-chrobry-byles-dobry,cykl
pl	ontokinetyczne	62	18	unhandled	false	false			propozycja-arcydziegiel,scp-pl-055,scp-pl-077,scp-pl-106,scp-pl-171
pl	wielki-konstruktor	63	18	unhandled	false	false			admitancja,dokumentacja-strzezonej-placowki-osrodek-pl-37,impedancja,induktancja,kapacytancja
pl	czarne-niebo	64	17	jp_tag_alias	true	true	黒塗りの空		calkowite-zacmienie,czarne-niebo-hub,dwie-strony-z-pamietnika-gorala,emocje-jak-na-grzybach,hammer-and-a-hard-place
pl	koncepcyjne	65	17	unhandled	false	false			scp-pl-001-ex-j,scp-pl-013,scp-pl-222,scp-pl-255,scp-pl-281
pl	pamięciowe	66	17	unhandled	false	false			scp-pl-002-j,scp-pl-049,scp-pl-055,scp-pl-084,scp-pl-191
pl	pozaziemskie	67	17	unhandled	false	false			scp-pl-012,scp-pl-017,scp-pl-031,scp-pl-126,scp-pl-131
pl	słuchowe	68	17	unhandled	false	false			scp-pl-035,scp-pl-044,scp-pl-087-arc,scp-pl-142,scp-pl-151
pl	telepatyczne	69	17	unhandled	false	false			scp-pl-004,scp-pl-007,scp-pl-027,scp-pl-028,scp-pl-051
pl	wojskowe	70	17	unhandled	false	false			scp-pl-020,scp-pl-039,scp-pl-043,scp-pl-061,scp-pl-065
pl	zmysłowe	71	17	unhandled	false	false			scp-pl-027,scp-pl-058,scp-pl-076,scp-pl-087,scp-pl-106
pl	akustyczne	72	16	unhandled	false	false			scp-pl-014,scp-pl-031,scp-pl-056,scp-pl-059,scp-pl-062
pl	are-we-cool-yet	73	16	jp_tag_name	true	true	are-we-cool-yet		cierpienia-noworoczne,incydent-bialowieski,mab-futuryzm,mech-bojowy-serii-laggar,propozycja-projektu-0000-000
pl	doktor-fostergrant	74	16	unhandled	false	false			dlaczego-przechowywanie-scp-pl-188-jest-chujowe-i-doktora-cl,exodus,knd,masz-czas,ostatnie-spotkanie
pl	reanimacja	75	16	unhandled	false	false			scp-pl-038,scp-pl-042,scp-pl-134,scp-pl-145,scp-pl-148
pl	sen	76	16	unhandled	false	false			scp-pl-003,scp-pl-028,scp-pl-044,scp-pl-047,scp-pl-059
pl	szczątki	77	16	unhandled	false	false			scp-pl-009,scp-pl-010,scp-pl-075,scp-pl-134,scp-pl-166
pl	thaumiel	78	16	jp_tag_name	true	true	thaumiel		scp-pl-045,scp-pl-126,scp-pl-174,scp-pl-202,scp-pl-207
pl	transfiguracja	79	16	unhandled	false	false			scp-pl-008,scp-pl-036,scp-pl-075,scp-pl-083,scp-pl-098
pl	dziedzictwo	80	15	unhandled	false	false			bo-wszyscy-juz-zgineli,chroniona-strefa-63,cjpw-hub,dekalog-bohatera,horror-wonders
pl	ektoentropiczne	81	15	unhandled	false	false			scp-pl-008,scp-pl-038,scp-pl-076,scp-pl-104,scp-pl-113
pl	empatyczne	82	15	unhandled	false	false			scp-pl-002,scp-pl-028,scp-pl-085,scp-pl-100,scp-pl-171
pl	horror-psychologiczny	83	15	unhandled	false	false			biel,cjpw-hub,co-z-innymi,czern,czerwonokrwisty
pl	miejsce	84	15	unhandled	false	false			scp-pl-010,scp-pl-013,scp-pl-037a-j,scp-pl-062,scp-pl-103
pl	podziemne	85	15	unhandled	false	false			scp-pl-043,scp-pl-062,scp-pl-147,scp-pl-157,scp-pl-163
pl	posępne	86	15	unhandled	false	false			biel,cjpw-hub,co-z-innymi,czern,czerwonokrwisty
pl	przyczajone-leczenie	87	15	jp_tag_alias	true	true	潜伏治療		duszosiew-polnocny,koigarezaki-substancje-odkryptydowe,kte-7881-staple-spiral-holistic-tardischild,o-poczatkach-medycyny-altnormalnej,przemeczenie
pl	rytuał	88	15	unhandled	false	false			propozycja-drjamesh-arc,scp-pl-048,scp-pl-123,scp-pl-189,scp-pl-244
pl	transmisja	89	15	unhandled	false	false			propozycja-zerostrider,scp-pl-004,scp-pl-012,scp-pl-031,scp-pl-034
pl	zagrożenie-informacyjne	90	15	unhandled	false	false			scp-pl-000-j,scp-pl-007,scp-pl-029,scp-pl-032,scp-pl-122
pl	chemiczne	91	14	unhandled	false	false			scp-pl-017,scp-pl-073,scp-pl-076,scp-pl-100-j,scp-pl-104
pl	chwasty	92	14	jp_tag_alias	true	true	雑草		chwasty-hub,czym-sa-obiekty-konspiracyjne,herbicydy,historia-klasyfikacji-obiektow-i-ty,masz-nowa-wiadomosc
pl	fundacya	93	14	unhandled	false	false			kasztelan-sochaczewski,krolewska-fundacya-hub,poczet-krolow-i-ksiazat-polskich-hub,przypadek-dymitra-iwanowicza-czesc-1,scp-pl-268
pl	ipsylon-4-nowi-sąsiedzi	94	14	unhandled	false	false			duszosiew-polnocny,lady-poludnia,scp-pl-045,scp-pl-163,scp-pl-231
pl	komputer	95	14	unhandled	false	false			scp-pl-000-j,scp-pl-003,scp-pl-082,scp-pl-149,scp-pl-173-exe-j
pl	kościół-zepsutego-boga	96	14	unhandled	false	false			dzialajac-w-cieniu,mech-bojowy-serii-laggar,samdaecheon-odin,sapphire-augmentacja,scp-pl-067
pl	mimetyczne	97	14	unhandled	false	false			scp-pl-028,scp-pl-095,scp-pl-098,scp-pl-111,scp-pl-116
pl	muzyczne	98	14	unhandled	false	false			scp-pl-030,scp-pl-035,scp-pl-110,scp-pl-154,scp-pl-205
pl	neurologiczne	99	14	unhandled	false	false			propozycja-zerostrider,scp-pl-031,scp-pl-084,scp-pl-104,scp-pl-126
pl	obserwacyjne	100	14	unhandled	false	false			scp-pl-085,scp-pl-087,scp-pl-094,scp-pl-096,scp-pl-121
pl	sferyczne	101	14	unhandled	false	false			scp-pl-004,scp-pl-013,scp-pl-031,scp-pl-078,scp-pl-085
pl	szwagier&szwagier-motorized	102	14	jp_tag_alias	true	true	s&sモータライズド		cel-78,initial-scd,kolubryna-w-ladach-poludnia,kroniki-kolubryny-czesc-1,s-sm-hub
pl	dotykowe	103	13	unhandled	false	false			scp-pl-070,scp-pl-104,scp-pl-107,scp-pl-126,scp-pl-164
pl	fikcja-naukowa	104	13	unhandled	false	false			biel,calkowite-zacmienie,cjpw-hub,co-z-innymi,czern
pl	gra	105	13	unhandled	false	false			scp-pl-003,scp-pl-010,scp-pl-021,scp-pl-042,scp-pl-115
pl	mechaniczne	106	13	unhandled	false	false			scp-pl-135,scp-pl-136,scp-pl-154,scp-pl-170,scp-pl-172
pl	metamorficzne	107	13	unhandled	false	false			propozycja-arcydziegiel,scp-pl-007,scp-pl-040,scp-pl-079,scp-pl-082
pl	miasto	108	13	unhandled	false	false			scp-pl-048,scp-pl-079,scp-pl-123,scp-pl-232,scp-pl-246
pl	nienamacalne	109	13	unhandled	false	false			scp-pl-006,scp-pl-074,scp-pl-101,scp-pl-130,scp-pl-137
pl	piekło-cyców	110	13	jp_tag_alias	true	true	ツィツフズ・ヘル		ballada-o-sasiadach,chaos-kontrolowany,faust-hub,pieklo-cycow-hub,projekt-aplikacji-malphas
pl	ręka-węża	111	13	unhandled	false	false			bo-wszyscy-juz-zgineli,bukowski-marsz-zalobny,gerard-drugi,kompas-parapolityczny-na-trudne-czasy,mab-futuryzm
pl	samonaprawa	112	13	unhandled	false	false			scp-pl-008,scp-pl-021,scp-pl-055,scp-pl-064,scp-pl-079
pl	syl2023	113	13	unhandled	false	false			drzewa-wolnosci,dysonans-poznawczy,profil-zwierzaka-kijetesantakalu,scp-pl-308,scp-pl-312
pl	urządzenie	114	13	unhandled	false	false			scp-pl-011,scp-pl-020,scp-pl-051,scp-pl-056,scp-pl-071
pl	wodne	115	13	unhandled	false	false			scp-pl-018,scp-pl-030-j,scp-pl-055,scp-pl-058-ex,scp-pl-158
pl	wspaniałości-mieszkaniowe	116	13	jp_tag_alias	true	true	荘厳住宅		horror-wonders,incydent-bialowieski,katalog,scp-pl-005,scp-pl-022
pl	www	117	13	jp_tag_name	true	true	www		bo-wszyscy-juz-zgineli,cel-78,gerard-drugi,hammer-and-a-hard-place,kte-7881-staple-spiral-holistic-tardischild
pl	audio	118	12	jp_tag_alias	true	true	音声添付		cjpw-hub,epicka-saga-oliwii,propozycja-futurity,propozycja-zerostrider,scp-pl-016
pl	biologiczne	119	12	unhandled	false	false			scp-pl-034,scp-pl-058,scp-pl-060,scp-pl-106,scp-pl-116
pl	grzyb	120	12	unhandled	false	false			scp-pl-057,scp-pl-120-ex,scp-pl-127,scp-pl-147,scp-pl-166
pl	niezniszczalne	121	12	unhandled	false	false			propozycja-ralliston-pl,scp-pl-021,scp-pl-030-j,scp-pl-034,scp-pl-049
pl	racjonalizator	122	12	unhandled	false	false			admitancja,dokumentacja-strzezonej-placowki-osrodek-pl-37,impedancja,induktancja,kapacytancja
pl	rzeźba	123	12	unhandled	false	false			scp-pl-026,scp-pl-047-arc,scp-pl-072,scp-pl-114,scp-pl-121
pl	syl2021	124	12	jp_tag_name	true	true	syl2021		droga-do-domu,elegia-dla-odkrywcy,scp-pl-080,scp-pl-176,scp-pl-204
pl	zagrożenie-biologiczne	125	12	unhandled	false	false			scp-pl-003-j,scp-pl-034,scp-pl-064,scp-pl-108,scp-pl-120-ex
pl	artystyczne	126	11	unhandled	false	false			scp-pl-044,scp-pl-080,scp-pl-094,scp-pl-156,scp-pl-187
pl	broń	127	11	unhandled	false	false			scp-pl-045,scp-pl-054,scp-pl-061,scp-pl-108,scp-pl-120
pl	crackfic2022	128	11	jp_tag_name	true	true	crackfic2022		cos-tu-smierdzi,evviva-l-arte,frog,jak-zburzylem-wieze-babel,propozycja-pred-ra-ah
pl	drzewo	129	11	unhandled	false	false			scp-pl-006,scp-pl-028,scp-pl-073,scp-pl-143,scp-pl-168
pl	elektromagnetyczne	130	11	unhandled	false	false			scp-pl-004,scp-pl-101,scp-pl-126,scp-pl-136,scp-pl-147
pl	gaz	131	11	unhandled	false	false			scp-pl-089,scp-pl-108,scp-pl-120-ex,scp-pl-163,scp-pl-170
pl	kult-chopinowski	132	11	jp_tag_alias	true	true	ショパン・カルト		artefakt-2228,artysta-szarlatan,ballada-o-sasiadach,bukowski-marsz-zalobny,do-elwiry
pl	memetyczne	133	11	unhandled	false	false			scp-pl-069,scp-pl-112,scp-pl-200,scp-pl-212,scp-pl-214
pl	odzież	134	11	unhandled	false	false			scp-pl-052,scp-pl-090,scp-pl-116,scp-pl-125,scp-pl-128
pl	pl300	135	11	unhandled	false	false			scp-pl-300,scp-pl-301,scp-pl-303,scp-pl-305,scp-pl-317
pl	struktura	136	11	unhandled	false	false			scp-pl-015,scp-pl-049,scp-pl-062,scp-pl-096,scp-pl-157
pl	syl2024	137	11	unhandled	false	false			ambrose-medsir,bajka-o-czlowieku-wyzwolonym,my-z-ksiezyca,ostatnia-kartka-kalendarza-cyfrowego,profil-zwierzaka-lara
pl	symonia	138	11	jp_tag_alias	true	true	罪団		dokumentacja-strzezonej-placowki-osrodek-101,dokumentacja-strzezonej-placowki-strefa-pl-34,faust-hub,pankuronium,scp-pl-232
pl	termiczne	139	11	unhandled	false	false			scp-pl-057,scp-pl-105,scp-pl-127,scp-pl-160,scp-pl-174-j
pl	żywność	140	11	unhandled	false	false			scp-pl-088,scp-pl-165,scp-pl-249,scp-pl-297,scp-pl-313
pl	goipl2021	141	10	unhandled	false	false			awans-pana-wierzynskiego,boletus-aridas,cel-78,druga-wielka-wojna-czesc-3-rebelia-kontratakuje,ripieno
pl	homo-sapiens-sidhe	142	10	jp_tag_name	true	true	homo-sapiens-sidhe		boletus-aridas,cos-tu-smierdzi,historia-o-upadku-imperium,mab-futuryzm,poczatki-normalnosci-i-jej-przyszlosc
pl	hunter-industries	143	10	unhandled	false	false			hunter-industries-hub,krew-proch-i-wrzosy,pieklo-cycow-hub,projekt-aplikacji-malphas,scp-pl-232
pl	inskrypcja	144	10	unhandled	false	false			scp-pl-026,scp-pl-035,scp-pl-062,scp-pl-078,scp-pl-106
pl	narracyjne	145	10	unhandled	false	false			scp-pl-046,scp-pl-090,scp-pl-156,scp-pl-179,scp-pl-205
pl	pl200	146	10	jp_tag_name	true	true	pl200		scp-pl-200,scp-pl-201,scp-pl-202,scp-pl-206,scp-pl-212
pl	powietrzne	147	10	unhandled	false	false			scp-pl-010-j,scp-pl-018,scp-pl-039,scp-pl-058-ex,scp-pl-124
pl	teoria-obwodów	148	10	unhandled	false	false			admitancja,impedancja,induktancja,kapacytancja,konduktancja
pl	wielościenne	149	10	unhandled	false	false			scp-pl-104,scp-pl-113,scp-pl-115,scp-pl-132,scp-pl-196
pl	_tale-hub-pl	150	9	unhandled	false	false			argus-bcppotwzm-hub,cjpw-hub,dekalog-bohatera,faust-hub,horror-wonders
pl	cbsp	151	9	jp_tag_name	true	true	cbsp		bukowski-marsz-zalobny,cbsp-hub,informacja-o-dzialalnosci-sap-w-roku-2025,miejsce-zbrodni,scp-pl-163
pl	doktor-ośmiornicki	152	9	jp_tag_alias	true	true	オシミオルニツキ博士		calkowite-zacmienie,incydent-bialowieski,pierwsze-24-godziny-cz-1,retroretrospektrologia,retrospektrologia
pl	dyrektor-addams	153	9	unhandled	false	false			calkowite-zacmienie,incydent-bialowieski,pierwsze-24-godziny-cz-1,retroretrospektrologia,retrospektrologia
pl	laboratoria-prometeusza	154	9	unhandled	false	false			cierpienia-noworoczne,komputerowa-wena,kte-7881-staple-spiral-holistic-tardischild,poczatki-normalnosci-i-jej-przyszlosc,scp-pl-401
pl	meteorologiczne	155	9	unhandled	false	false			scp-pl-181,scp-pl-231,scp-pl-308,scp-pl-353,scp-pl-374
pl	online	156	9	jp_tag_alias	true	true	オンライン		scp-pl-084,scp-pl-205,scp-pl-223,scp-pl-291,scp-pl-305
pl	pętla	157	9	unhandled	false	false			scp-pl-070,scp-pl-180,scp-pl-193,scp-pl-251,scp-pl-274
pl	roztrzyn	158	9	unhandled	false	false			chrzest-bojowy,cisza-przed-burza,dlaczego-strzelilem,dziewczynka-i-bestie,gdzie-zabladzilem
pl	ruchome	159	9	unhandled	false	false			scp-pl-002,scp-pl-004,scp-pl-024,scp-pl-037,scp-pl-040
pl	syl2022	160	9	unhandled	false	false			cierpienia-noworoczne,czas-na-pisanie,scp-pl-218,scp-pl-304,scp-pl-320
pl	archeologiczne	161	8	unhandled	false	false			scp-pl-113,scp-pl-115,scp-pl-164,scp-pl-167,scp-pl-200
pl	biblioteka-wędrowca	162	8	unhandled	false	false			herbicydy,konsekwencje,niniwa,scp-pl-300,scp-pl-344
pl	bk2023	163	8	unhandled	false	false			faust-hub,food-truck,lazurowy-sen-ma-chabrowe-wlosy,mech-bojowy-serii-laggar,rutynowa-kontrola
pl	comcon2023	164	8	unhandled	false	false			ballada-o-sasiadach,manifest-354-odmienny-wsrod-odmiencow,scp-pl-251,scp-pl-318,scp-pl-323
pl	doktor-kot	165	8	unhandled	false	false			krew-proch-i-wrzosy,ostatnie-wycie,ryba-pod-kocim-nozem,scp-pl-139,scp-pl-189
pl	doktor-rasiewicz	166	8	unhandled	false	false			dezorientacja,druga-szansa,nadzieja,niepewnosc,opowiesci-z-granic-swiatow
pl	doktor-sosna	167	8	unhandled	false	false			incydent-tornado,ostatnie-wycie,projekt-skazony-feniks,scp-pl-1000-j,scp-pl-159
pl	dzieci-nocy	168	8	unhandled	false	false			boletus-aridas,drzewa-wolnosci,historia-o-upadku-imperium,mab-futuryzm,scp-pl-163
pl	dziecko	169	8	unhandled	false	false			scp-pl-019,scp-pl-050,scp-pl-055,scp-pl-145,scp-pl-195
pl	esterberg	170	8	jp_tag_alias	true	true	エスターバーグ		historia-polskiego-projektu-przechowawczego,mab-futuryzm,profil-zwierzaka-lara,scp-pl-1000-j,scp-pl-213
pl	julian	171	8	unhandled	false	false			dziennik-eksperymentow-scp-pl-094,hostis,incydent-bialowieski,inkwizycja-1488,philos
pl	komedia	172	8	unhandled	false	false			ballada-o-sasiadach,evviva-l-arte,evviva-larte-akt-ii,evviva-larte-akt-iii,klamka-zapadla
pl	kw2021	173	8	jp_tag_name	true	true	kw2021		historia-polskiego-projektu-przechowawczego,jak-wprowadzic-monarchie,kroniki-kolubryny-czesc-1,profil-zwierzaka-milosz,scp-pl-267
pl	medyczne	174	8	unhandled	false	false			scp-pl-034,scp-pl-077,scp-pl-083,scp-pl-097,scp-pl-160
pl	morskie-opowieści	175	8	jp_tag_alias	true	true	海の底からの物語		10-kwietnia-2010,krewetkowy-bol,morskie-opowiesci,podwodne-ogrody-ktorych-nie-ma,powrot-do-niflheimu
pl	ogień	176	8	unhandled	false	false			scp-pl-080,scp-pl-118,scp-pl-146,scp-pl-160,scp-pl-190
pl	parawatch	177	8	jp_tag_alias	true	true	パラウォッチ		dzielona-pseudomnezja,herbicydy,kte-7881-staple-spiral-holistic-tardischild,punkt-widzenia,scp-pl-046
pl	pl400	178	8	unhandled	false	false			scp-pl-400,scp-pl-401,scp-pl-402,scp-pl-404,scp-pl-444
pl	prawdopodobieństwo	179	8	unhandled	false	false			scp-pl-013,scp-pl-025,scp-pl-124,scp-pl-213,scp-pl-234
pl	propozycja-001	180	8	unhandled	false	false			propozycja-arcydziegiel,propozycja-drjamesh-arc,propozycja-futurity,propozycja-pred-ra-ah,propozycja-ralliston-pl
pl	zrozumiane	181	8	unhandled	false	false			scp-pl-058-ex,scp-pl-120-ex,scp-pl-247-ex,scp-pl-249,scp-pl-366-ex
pl	antymemetyczne	182	7	unhandled	false	false			scp-pl-150,scp-pl-285,scp-pl-290,scp-pl-345,scp-pl-385
pl	crackfic2023	183	7	unhandled	false	false			dim-i-wit-sezon-chuj,evviva-larte-akt-ii,obecny-stan-create-a-nomaly-300,przemek-nie-zyje,scp-pl-110-j
pl	doktor-asheworth	184	7	unhandled	false	false			scp-pl-1000-j,scp-pl-110-j,scp-pl-121-j,scp-pl-1620-j,scp-pl-268
pl	duch	185	7	unhandled	false	false			scp-pl-006,scp-pl-054,scp-pl-312,scp-pl-330,scp-pl-396
pl	dziewięciu	186	7	unhandled	false	false			ambrose-medsir,niepelna-infekcja-spirytologiczna-case-study,scp-pl-234,scp-pl-244,scp-pl-277
pl	inkwizytorzy	187	7	unhandled	false	false			alter-ega,bez-przymusu,co-przyjdzie-potem,inkwizytor,inkwizytor-poczatek
pl	kot	188	7	unhandled	false	false			scp-pl-006,scp-pl-021-j-miau,scp-pl-047-arc,scp-pl-152,scp-pl-357
pl	pasożyt	189	7	unhandled	false	false			scp-pl-173,scp-pl-250,scp-pl-296,scp-pl-328,scp-pl-338
pl	przemek-i-stary	190	7	unhandled	false	false			ballada-o-sasiadach,kolubryna-w-ladach-poludnia,kroniki-kolubryny-czesc-1,przemek-nie-zyje,ripieno
pl	rebelia-chaosu	191	7	unhandled	false	false			chaos-kontrolowany,duszosiew-polnocny,incydent-tornado,kompas-parapolityczny-na-trudne-czasy,niezapominajki
pl	toksyczne	192	7	unhandled	false	false			scp-pl-075,scp-pl-108,scp-pl-165,scp-pl-170,scp-pl-249
pl	wilsons-wildlife	193	7	jp_tag_alias	true	true	ウィルソンズ・ワイルドライフ		cierpienia-noworoczne,profil-zwierzaka-gonzo,profil-zwierzaka-kijetesantakalu,profil-zwierzaka-lara,profil-zwierzaka-milosz
pl	wydarzenie-anomalne	194	7	unhandled	false	false			scp-pl-162,scp-pl-240,scp-pl-246,scp-pl-304,scp-pl-409
pl	zaraźliwe	195	7	unhandled	false	false			scp-pl-019,scp-pl-029,scp-pl-122,scp-pl-173,scp-pl-191
pl	załącznik	196	7	unhandled	false	false			dziennik-eksperymentow-scp-pl-094,dziennik-popielnickiego,eksploracje,log-pl-245-alfa-8-y,projekt-skazony-feniks
pl	zjawisko	197	7	unhandled	false	false			scp-pl-119,scp-pl-137,scp-pl-207,scp-pl-234,scp-pl-255
pl	_inne-pl	198	6	unhandled	false	false			artefakt-2228,informacja-o-dzialalnosci-sap-w-roku-2025,on-th4717,vellus-aureum,wyjscie-z-pzdp
pl	apollyon	199	6	jp_tag_name	true	true	apollyon		scp-pl-106,scp-pl-230,scp-pl-254,scp-pl-301,scp-pl-321
pl	cyoa2022	200	6	unhandled	false	false			scp-pl-046,scp-pl-205,scp-pl-216,scp-pl-240,scp-pl-286
pl	dado	201	6	jp_tag_name	true	true	dado		ambrose-metaverse,drzewa-wolnosci,kte-7881-staple-spiral-holistic-tardischild,scp-pl-165,scp-pl-208
pl	departament-teologii-taktycznej	202	6	unhandled	false	false			scp-pl-045,scp-pl-176,scp-pl-225,scp-pl-235,scp-pl-380
pl	epicka-saga-oliwii	203	6	unhandled	false	false			art-is-dead,aura,epicka-saga-oliwii,ma-jej-oczy,pokazac-ci-cos
pl	fikcja-militarna	204	6	unhandled	false	false			cz-1-ludzkosci-potrzeba-zagrozenia-aby-moc-ja-zjednoczyc,cz-2-czy-lepiej-zranic-czlowieka-wczesniej-aby-czlowiek-unik,cz-3-najgrozniejszy-przeciwnik-czlowieka-to-jego-wlasna-natu,interesy,odprawa
pl	genetyczne	205	6	unhandled	false	false			scp-pl-061,scp-pl-102,scp-pl-103,scp-pl-123,scp-pl-138
pl	geologiczne	206	6	unhandled	false	false			scp-pl-062,scp-pl-218,scp-pl-283,scp-pl-309,scp-pl-382
pl	goif2022	207	6	unhandled	false	false			ambrose-warszawa,gerard-drugi,profil-zwierzaka-gonzo,uh-75m-ad-argus-inc-jj-doc,vellus-aureum
pl	gru-dywizja-p	208	6	unhandled	false	false			cisza-przed-burza,dokumentacja-strzezonej-placowki-osrodek-pl-130,puste-spojrzenie-odwzajemnione,scp-pl-065,scp-pl-273
pl	horror-wonders	209	6	unhandled	false	false			horror-wonders,propozycja-arcydziegiel,scp-pl-280,scp-pl-281,scp-pl-282
pl	iwiel2020	210	6	unhandled	false	false			scp-pl-154,scp-pl-162,scp-pl-168,scp-pl-254,scp-wpl-100
pl	kolaboracja	211	6	unhandled	false	false			lista-grzybow-anomalnych,log-pl-245-alfa-8-y,poczet-krolow-i-ksiazat-polskich-hub,polskie-akta,scp-pl-071
pl	księżyc	212	6	unhandled	false	false			scp-pl-041,scp-pl-053,scp-pl-275,scp-pl-350,scp-pl-3665-ex
pl	nadkon2024	213	6	unhandled	false	false			aw-man,dlugie-wieczory-na-q-11,pod-spodem,puste-spojrzenie-odwzajemnione,rzezbiarz-ciala
pl	nośnik	214	6	unhandled	false	false			scp-pl-051,scp-pl-082,scp-pl-106,scp-pl-110-j,scp-pl-212
pl	obskura	215	6	jp_tag_alias	true	true	オブスクラ		historia-polskiego-projektu-przechowawczego,scp-pl-067,scp-pl-164,scp-pl-261,scp-pl-364
pl	oczekiwane	216	6	unhandled	false	false			scp-pl-213,scp-pl-331,scp-pl-333,scp-pl-335,scp-pl-380
pl	pierwszoosobowe	217	6	unhandled	false	false			ballada-o-sasiadach,cz-1-ludzkosci-potrzeba-zagrozenia-aby-moc-ja-zjednoczyc,cz-2-czy-lepiej-zranic-czlowieka-wczesniej-aby-czlowiek-unik,cz-3-najgrozniejszy-przeciwnik-czlowieka-to-jego-wlasna-natu,dwie-strony-z-pamietnika-gorala
pl	pies	218	6	unhandled	false	false			scp-pl-006,scp-pl-041,scp-pl-053,scp-pl-067,scp-pl-152
pl	placówka	219	6	unhandled	false	false			dokumentacja-strzezonej-placowki-osrodek-101,dokumentacja-strzezonej-placowki-osrodek-pl-130,dokumentacja-strzezonej-placowki-osrodek-pl-37,dokumentacja-strzezonej-placowki-osrodek-pl-49,dokumentacja-strzezonej-placowki-osrodek-pl-69
pl	planeta	220	6	unhandled	false	false			propozycja-zerostrider,scp-pl-078,scp-pl-126,scp-pl-221,scp-pl-230
pl	prezes-pzga	221	6	unhandled	false	false			awans-pana-wierzynskiego,grzybunt,incydent-bialowieski,ripieno,scp-pl-272
pl	prorocze	222	6	unhandled	false	false			scp-pl-030,scp-pl-159,scp-pl-203,scp-pl-207,scp-pl-241
pl	restauracje-ambrose	223	6	unhandled	false	false			ambrose-biegun-polnocny,ambrose-medsir,ambrose-metaverse,ambrose-warszawa,incydent-bialowieski
pl	szkielet	224	6	unhandled	false	false			scp-pl-075,scp-pl-238,scp-pl-263,scp-pl-266,scp-pl-267
pl	waluta	225	6	unhandled	false	false			scp-pl-184,scp-pl-299,scp-pl-314,scp-pl-356,scp-pl-365
pl	worldbuilding	226	6	unhandled	false	false			awans-pana-wierzynskiego,narodziny-nowego-slonca,niepelna-infekcja-spirytologiczna-case-study,reka-mistrza-i-mocarza-serce,retroretrospektrologia
pl	_ręka-węża	227	5	unhandled	false	false			bukowski-marsz-zalobny,gerard-drugi,mab-futuryzm,na-ostatni-guzik,stary-ale-jary
pl	alkohol	228	5	unhandled	false	false			scp-pl-119,scp-pl-271,scp-pl-284,scp-pl-361,scp-pl-398
pl	bez-powrotu	229	5	unhandled	false	false			drzewa-wolnosci,iluminaci-krytykuja-vanguard,kompas-parapolityczny-na-trudne-czasy,propozycja-projektu-2022-001,zlecenie-mef-7629
pl	departament-folkloru	230	5	unhandled	false	false			retroretrospektrologia,retrospektrologia,scp-pl-010,scp-pl-374,scp-pl-455
pl	doktor-gorzelski	231	5	unhandled	false	false			28-miesiecy-3-tygodni-6-dni-9-godzin-i-12-minut,nocna-zmiana,scp-pl-114,scp-pl-128,scp-pl-344
pl	dr-wondertainment	232	5	jp_tag_alias	true	true	ワンダーテインメント博士		incydent-bialowieski,scp-pl-169,scp-pl-252,scp-pl-288,scp-pl-304
pl	drapieżne	233	5	unhandled	false	false			scp-pl-053,scp-pl-063,scp-pl-111,scp-pl-366,scp-pl-394
pl	esej	234	5	unhandled	false	false			anomaly-classification-system-guide,jak-uwolnic-sie-od-wikidota,kronika-polskiej-filii,pisanie-procedur,tlumacz-tagow
pl	format-fundacji	235	5	unhandled	false	false			incydent-bialowieski,koniec-wiwatu,niepelna-infekcja-spirytologiczna-case-study,puste-spojrzenie-odwzajemnione,retrospektrologia
pl	gawędziarz	236	5	unhandled	false	false			scp-pl-027,scp-pl-049,scp-pl-096,scp-pl-137,scp-pl-178
pl	goif2023	237	5	unhandled	false	false			komputerowa-wena,manifest-704,pamietnik-eryka,samdaecheon-odin,so-r-4771
pl	goif2026	238	5	unhandled	false	false			artefakt-2228,informacja-o-dzialalnosci-sap-w-roku-2025,on-th4717,spowiedz-dozorcy-anonim,wyjscie-z-pzdp
pl	idiomcon2024	239	5	unhandled	false	false			emocje-jak-na-grzybach,scp-pl-324,scp-pl-331,scp-pl-373,trzeba-to-rozgryzc
pl	inteligencja-kolektywna	240	5	unhandled	false	false			scp-pl-139,scp-pl-260,scp-pl-301,scp-pl-373,scp-pl-465
pl	królowa-mab	241	5	unhandled	false	false			cos-tu-smierdzi,historia-o-upadku-imperium,mab-futuryzm,poczatki-normalnosci-i-jej-przyszlosc,wniosek-o-dotacje-na-opracowanie-srodka-przeciwko-alergii
pl	kw2017	242	5	unhandled	false	false			czwartowymiarowy-patrol,inkwizytor,niezapominajki,scp-pl-067,spoznienie
pl	narzędzie	243	5	unhandled	false	false			scp-pl-016,scp-pl-118,scp-pl-136,scp-pl-177,scp-pl-190
pl	paradoks	244	5	unhandled	false	false			scp-pl-012,scp-pl-052,scp-pl-228,scp-pl-450,scp-pl-871-ex
pl	radioaktywne	245	5	unhandled	false	false			scp-pl-015,scp-pl-043,scp-pl-114,scp-pl-270,scp-wpl-002
pl	robert-amerstein	246	5	unhandled	false	false			horror-wonders,scp-pl-280,scp-pl-281,scp-pl-282,wszystko-nic
pl	robot	247	5	unhandled	false	false			scp-pl-060,scp-pl-135,scp-pl-172,scp-pl-2004-j,scp-pl-405
pl	rs2020	248	5	unhandled	false	false			scp-pl-157,scp-pl-192,scp-pl-269,scp-pl-298,to-tylko-sen
pl	seksualne	249	5	unhandled	false	false			scp-pl-046,scp-pl-1000-j,scp-pl-139,scp-pl-284,scp-pl-665-j
pl	syl2025	250	5	unhandled	false	false			niepelna-infekcja-spirytologiczna-case-study,scp-pl-369,scp-pl-397,scp-pl-417,scp-pl-421
pl	wymiana	251	5	unhandled	false	false			scp-pl-021,scp-pl-033,scp-pl-184,scp-pl-356,scp-pl-397
pl	wyspa	252	5	unhandled	false	false			scp-pl-206,scp-pl-277,scp-pl-297,scp-pl-323,scp-pl-383
pl	wąż	253	5	unhandled	false	false			scp-pl-063,scp-pl-075,scp-pl-152,scp-pl-309,scp-pl-358
pl	zabawka	254	5	unhandled	false	false			scp-pl-019,scp-pl-169,scp-pl-194,scp-pl-324,scp-pl-402
pl	zwarcie	255	5	unhandled	false	false			dzialajac-w-cieniu,scp-pl-235,scp-pl-264,zle-krolestwo,zwarcie-hub
pl	_laboratoria-prometeusza	256	4	unhandled	false	false			cierpienia-noworoczne,komputerowa-wena,wniosek-o-dotacje-na-opracowanie-srodka-przeciwko-alergii,wniosek-o-dotacje-na-wykorzystanie-paryskiej-architektury
pl	_restauracje-ambrose	257	4	unhandled	false	false			ambrose-biegun-polnocny,ambrose-medsir,ambrose-metaverse,ambrose-warszawa
pl	_wilsons-wildlife	258	4	jp_tag_alias	true	true	_ウィルソンズ・ワイルドライフ		profil-zwierzaka-gonzo,profil-zwierzaka-kijetesantakalu,profil-zwierzaka-lara,profil-zwierzaka-milosz
pl	akcja	259	4	unhandled	false	false			ballada-o-sasiadach,emocje-jak-na-grzybach,hammer-and-a-hard-place,wylacz-komputer-burza-idzie
pl	anna-świtoń	260	4	unhandled	false	false			krew-proch-i-wrzosy,scp-pl-389,scp-pl-399,scp-pl-400
pl	artwork	261	4	jp_tag_alias	true	true	アートワーク		czas-na-pisanie,dim-i-wit-sezon-chuj,propozycja-pred-ra-ah,przemek-nie-zyje
pl	delta-t	262	4	jp_tag_alias	true	true	デルタ-t		ostatnia-kartka-kalendarza-cyfrowego,scp-pl-268,scp-pl-300,scp-pl-398
pl	departament-patafizyki	263	4	unhandled	false	false			koniec-wiwatu,scp-pl-046,scp-pl-272,scp-pl-355
pl	dewici	264	4	unhandled	false	false			manifest-704,na-bestyje-przepis-jeden-kranca-wdech,scp-pl-259,scp-pl-271
pl	fantasy	265	4	unhandled	false	false			dwie-strony-z-pamietnika-gorala,hammer-and-a-hard-place,retrospektrologia,ukryci-wrogowie
pl	fikcja-absurdystyczna	266	4	unhandled	false	false			evviva-l-arte,evviva-larte-akt-ii,evviva-larte-akt-iii,koniec-wiwatu
pl	fotograficzne	267	4	unhandled	false	false			scp-pl-086,scp-pl-094,scp-pl-307,scp-pl-6470-j
pl	gad	268	4	unhandled	false	false			scp-pl-111,scp-pl-172,scp-pl-286,scp-pl-358
pl	iwiel2017	269	4	unhandled	false	false			scp-wpl-001,scp-wpl-002,scp-wpl-015,scp-wpl-827
pl	jarosław-zimorodek	270	4	unhandled	false	false			o-poczatkach-medycyny-altnormalnej,scp-pl-083,scp-pl-160,scp-pl-165
pl	krew	271	4	unhandled	false	false			scp-pl-119,scp-pl-177,scp-pl-358,scp-pl-401
pl	lingwistyczne	272	4	unhandled	false	false			scp-pl-223,scp-pl-363,scp-pl-380,scp-pl-499
pl	ptak	273	4	unhandled	false	false			scp-pl-010-j,scp-pl-121,scp-pl-258,scp-pl-366-ex
pl	three-portlands	274	4	jp_tag_alias	true	true	スリー・ポートランド		koigarezaki-substancje-odkryptydowe,mech-bojowy-serii-laggar,profil-zwierzaka-milosz,so-r-4771
pl	zepsuta-maskarada	275	4	unhandled	false	false			dysonans-poznawczy,scp-pl-211,scp-pl-230,so-r-4771
pl	_are-we-cool-yet	276	3	jp_tag_name	true	true	_are-we-cool-yet		propozycja-projektu-0000-000,propozycja-projektu-2022-001,wirtualna-galeria-smierci
pl	_hunter-industries	277	3	unhandled	false	false			projekt-aplikacji-malphas,zlecenie-mef-2839,zlecenie-mef-7629
pl	_inne	278	3	unhandled	false	false			iluminaci-krytykuja-vanguard,kompas-parapolityczny-na-trudne-czasy,wniosek-o-dotacje-marsjanski-transburzowiec
pl	ad-astra	279	3	jp_tag_alias	true	true	アド・アストラ		dlugie-wieczory-na-q-11,scp-pl-302,scp-pl-393
pl	administrator	280	3	unhandled	false	false			manifest-704,poczatki-normalnosci-i-jej-przyszlosc,redakcja
pl	aimb	281	3	unhandled	false	false			food-truck,lazurowy-sen-ma-chabrowe-wlosy,rutynowa-kontrola
pl	archon	282	3	jp_tag_name	true	true	archon		scp-pl-124,scp-pl-284,scp-pl-373
pl	bez-dialogu	283	3	unhandled	false	false			dwie-strony-z-pamietnika-gorala,incydent-bialowieski,z-upadlych-tronow-krag
pl	bezpostaciowe	284	3	unhandled	false	false			scp-pl-089,scp-pl-339,scp-pl-388
pl	blackwood	285	3	jp_tag_name	true	true	blackwood		duszosiew-polnocny,scp-pl-250,scp-pl-323
pl	body-horror	286	3	unhandled	false	false			pod-ta-powloka-ludzka,rzezbiarz-ciala,wewnetrzne-piekno
pl	cień	287	3	unhandled	false	false			scp-pl-019,scp-pl-059,scp-pl-226
pl	departament-surrealistyki	288	3	unhandled	false	false			koniec-wiwatu,scp-pl-465,scp-pl-490
pl	doktor-deamonne	289	3	unhandled	false	false			powrot-do-niflheimu,scp-pl-319,scp-pl-389
pl	doktor-rivera	290	3	unhandled	false	false			scp-pl-252,scp-pl-304,wylacz-komputer-burza-idzie
pl	fabryka	291	3	unhandled	false	false			poczatki-normalnosci-i-jej-przyszlosc,scp-pl-118,wniosek-o-dotacje-na-opracowanie-srodka-przeciwko-alergii
pl	gad-trudny-do-zniszczenia	292	3	unhandled	false	false			na-bestyje-przepis-jeden-kranca-wdech,scp-pl-039,scp-pl-286
pl	grawitacja	293	3	unhandled	false	false			scp-pl-106,scp-pl-151,scp-pl-182
pl	głowonóg	294	3	unhandled	false	false			scp-pl-098,scp-pl-209,scp-pl-386
pl	hmfscp	295	3	jp_tag_name	true	true	hmfscp		manifest-704,poczatki-normalnosci-i-jej-przyszlosc,scp-pl-235
pl	insekt	296	3	unhandled	false	false			scp-pl-168,scp-pl-218,scp-pl-328
pl	joicl	297	3	unhandled	false	false			drzewa-wolnosci,so-r-4771,wniosek-o-dotacje-marsjanski-transburzowiec
pl	koigarezaki-shinbun	298	3	unhandled	false	false			koigarezaki-substancje-odkryptydowe,ripieno,scp-pl-330
pl	komisja-ładunków-nadzwyczajnych	299	3	unhandled	false	false			manifest-354-odmienny-wsrod-odmiencow,manifest-704,scp-pl-334
pl	korozyjne	300	3	unhandled	false	false			scp-pl-108,scp-pl-237,scp-pl-382
pl	korporacja	301	3	unhandled	false	false			scp-pl-232,scp-pl-253,scp-pl-365
pl	koń	302	3	unhandled	false	false			scp-pl-198,scp-pl-216,scp-pl-392
pl	krytyk	303	3	unhandled	false	false			mab-futuryzm,scp-pl-871-ex,wirtualna-galeria-smierci
pl	logos	304	3	unhandled	false	false			niski-priorytet,sledztwo-sz-2025-213,zatrzymany
pl	matematyczne	305	3	unhandled	false	false			scp-pl-228,scp-pl-255,scp-pl-871-ex
pl	miniaturowe	306	3	unhandled	false	false			scp-pl-078,scp-pl-079,scp-pl-169
pl	niedźwiedź	307	3	unhandled	false	false			scp-pl-083,scp-pl-316,scp-pl-324
pl	noosfera	308	3	unhandled	false	false			scp-pl-386,scp-pl-390,wniosek-o-dotacje-na-opracowanie-srodka-przeciwko-alergii
pl	oko	309	3	unhandled	false	false			scp-pl-053,scp-pl-136,scp-pl-369
pl	oneiroi	310	3	jp_tag_alias	true	true	オネイロイ		ambrose-medsir,scp-pl-335,wniosek-o-dotacje-na-opracowanie-srodka-przeciwko-alergii
pl	piąty-kościół	311	3	unhandled	false	false			kte-7881-staple-spiral-holistic-tardischild,scp-pl-335,scp-pl-495
pl	poezja	312	3	unhandled	false	false			cisi,scp-pl-186,z-upadlych-tronow-krag
pl	postapokalipsa	313	3	unhandled	false	false			calkowite-zacmienie,dwie-strony-z-pamietnika-gorala,trzeba-to-rozgryzc
pl	ryba	314	3	unhandled	false	false			scp-pl-030-j,scp-pl-040-j,scp-pl-260
pl	rój	315	3	unhandled	false	false			scp-pl-009,scp-pl-139,scp-pl-140
pl	różdżkarze	316	3	unhandled	false	false			pod-krwawym-gwiazdozbiorem,profil-zwierzaka-gonzo,spowiedz-dozorcy-anonim
pl	satelita	317	3	unhandled	false	false			scp-pl-012,scp-pl-126,scp-pl-131
pl	straszdziernik2023-nieoficjalny	318	3	unhandled	false	false			scp-pl-307,scp-pl-339,stacja-kosmiczna-souvlaki
pl	taumaturgiczne	319	3	unhandled	false	false			scp-pl-259,scp-pl-319,scp-pl-400
pl	ticonderoga	320	3	jp_tag_name	true	true	ticonderoga		scp-pl-239,scp-pl-245,scp-pl-247
pl	uzależniające	321	3	unhandled	false	false			scp-pl-050,scp-pl-226,scp-pl-455
pl	waleń	322	3	unhandled	false	false			scp-pl-058-ex,scp-pl-216,scp-pl-258
pl	węchowe	323	3	unhandled	false	false			scp-pl-064,scp-pl-091,scp-pl-330
pl	zarchiwizowane	324	3	unhandled	false	false			propozycja-drjamesh-arc,scp-pl-047-arc,scp-pl-087-arc
pl	światowa-organizacja-parazdrowia	325	3	unhandled	false	false			bukowski-marsz-zalobny,koigarezaki-substancje-odkryptydowe,kte-7881-staple-spiral-holistic-tardischild
pl	_joicl	326	2	unhandled	false	false			drzewa-wolnosci,so-r-4771
pl	_komisja-ładunków-nadzwyczajnych	327	2	unhandled	false	false			manifest-354-odmienny-wsrod-odmiencow,manifest-704
pl	_marshall-carter-and-dark	328	2	jp_tag_alias	true	true	_mc&d		duszosiew-polnocny,tytan-ti74n
pl	_pzga	329	2	unhandled	false	false			boletus-aridas,ulotka-informacyjna-o-anomalnym-grzybie-halucynka-prawdziwa
pl	abel	330	2	unhandled	false	false			na-bestyje-przepis-jeden-kranca-wdech,scp-pl-344
pl	aiad	331	2	jp_tag_name	true	true	aiad		ostatnia-kartka-kalendarza-cyfrowego,scp-pl-205
pl	alagadda	332	2	jp_tag_alias	true	true	アラガッダ		scp-pl-271,scp-pl-307
pl	anderson	333	2	jp_tag_alias	true	true	アンダーソン		mech-bojowy-serii-laggar,sapphire-augmentacja
pl	anomalimpiada	334	2	unhandled	false	false			mech-bojowy-serii-laggar,tytan-ti74n
pl	asci	335	2	jp_tag_name	true	true	asci		poczatki-normalnosci-i-jej-przyszlosc,scp-pl-238
pl	bezkręgowiec	336	2	unhandled	false	false			scp-pl-095,scp-pl-394
pl	bracia-śmierci	337	2	unhandled	false	false			reka-mistrza-i-mocarza-serce,scp-pl-344
pl	creepypasta	338	2	jp_tag_alias	true	true	クリーピーパスタ		dzielona-pseudomnezja,punkt-widzenia
pl	dc-al-fine	339	2	jp_tag_alias	true	true	d.c.アルフィーネ		iluminaci-krytykuja-vanguard,wniosek-o-dotacje-na-wykorzystanie-paryskiej-architektury
pl	dentystyczne	340	2	unhandled	false	false			scp-pl-068,scp-pl-164
pl	departament-gaszenia-zapału	341	2	unhandled	false	false			scp-pl-396,wniosek-o-przeniesienie
pl	departament-nieporozumień	342	2	unhandled	false	false			scp-pl-205,scp-pl-380
pl	dinozaur	343	2	unhandled	false	false			scp-pl-169,scp-pl-219
pl	duch-chicago	344	2	unhandled	false	false			scp-pl-330,sposob-grzybiarzy
pl	eksploracja	345	2	unhandled	false	false			dziennik-popielnickiego,eksploracje
pl	fikcja-historyczna	346	2	unhandled	false	false			chrobry-chrobry-byles-dobry,puste-spojrzenie-odwzajemnione
pl	fikcja-mitologiczna	347	2	unhandled	false	false			narodziny-nowego-slonca,reka-mistrza-i-mocarza-serce
pl	fikcja-religijna	348	2	unhandled	false	false			pod-krwawym-gwiazdozbiorem,trzeba-to-rozgryzc
pl	fikcja-surrealistyczna	349	2	unhandled	false	false			awans-pana-wierzynskiego,koniec-wiwatu
pl	film	350	2	jp_unused_no_single_replacement	true	false			cisi,film-amalia
pl	fundacja-charytatywna-manna	351	2	unhandled	false	false			cierpienia-noworoczne,scp-pl-394
pl	gamers-against-weed	352	2	jp_tag_alias	true	true	ゲーマーズアゲインストウィード		scp-pl-208,scp-pl-211
pl	icsut	353	2	jp_tag_name	true	true	icsut		kte-7881-staple-spiral-holistic-tardischild,propozycja-projektu-2022-001
pl	inicjatywa-horyzontu	354	2	unhandled	false	false			artefakt-2228,dzieje-krola-ognia
pl	interaktywne	355	2	unhandled	false	false			kompas-parapolityczny-na-trudne-czasy,scp-pl-269
pl	iw2017	356	2	unhandled	false	false			rozdarci,scp-pl-183-w
pl	jednostka-incydentów-nadzwyczajnych	357	2	unhandled	false	false			scp-pl-163,scp-pl-238
pl	katalog-deepwell	358	2	unhandled	false	false			scp-pl-310,scp-pl-386
pl	kino	359	2	unhandled	false	false			scp-pl-149,scp-pl-274
pl	koniec-śmierci	360	2	unhandled	false	false			puk-puk,scp-pl-391
pl	kończyna	361	2	unhandled	false	false			scp-pl-009,scp-pl-116
pl	las	362	2	unhandled	false	false			scp-pl-117,scp-pl-122
pl	lekarz-plagi	363	2	unhandled	false	false			scp-pl-173-exe-j,scp-pl-344
pl	makswelizm	364	2	unhandled	false	false			mech-bojowy-serii-laggar,scp-pl-159
pl	mikroskopijne	365	2	unhandled	false	false			scp-pl-002,scp-pl-296
pl	nieruchome	366	2	unhandled	false	false			scp-pl-088,scp-pl-372
pl	oryginalna-rzeźba	367	2	unhandled	false	false			scp-pl-090,scp-pl-173-exe-j
pl	pajęczak	368	2	unhandled	false	false			scp-pl-102,scp-pl-218
pl	pentagram	369	2	jp_tag_alias	true	true	ペンタグラム		kompas-parapolityczny-na-trudne-czasy,scp-pl-039
pl	polityczne	370	2	unhandled	false	false			scp-pl-181,scp-pl-489
pl	prawne	371	2	unhandled	false	false			scp-pl-377,scp-pl-474
pl	przesłuchanie	372	2	unhandled	false	false			eksploracje,projekt-skazony-feniks
pl	przyszłość	373	2	unhandled	false	false			scp-pl-012,scp-pl-300
pl	reprodukcyjne	374	2	unhandled	false	false			scp-pl-099,scp-pl-139
pl	saarn	375	2	jp_tag_alias	true	true	サアルン		manifest-704,na-bestyje-przepis-jeden-kranca-wdech
pl	siódma-wojna-okultystyczna	376	2	unhandled	false	false			historia-polskiego-projektu-przechowawczego,scp-pl-399
pl	skorupiak	377	2	unhandled	false	false			scp-pl-218,scp-pl-320
pl	slice-of-life	378	2	unhandled	false	false			awans-pana-wierzynskiego,klamka-zapadla
pl	smakowe	379	2	unhandled	false	false			scp-pl-165,scp-pl-313
pl	smok	380	2	unhandled	false	false			scp-pl-146,scp-pl-172
pl	sport	381	2	jp_tag_alias	true	true	スポーツ		scp-pl-004,scp-pl-419
pl	szkarłatny-król	382	2	unhandled	false	false			na-bestyje-przepis-jeden-kranca-wdech,scp-pl-343
pl	tanatomania	383	2	unhandled	false	false			jedna-kula-na-nas-dwoch,wirtualna-galeria-smierci
pl	termodynamiczne	384	2	unhandled	false	false			scp-pl-270,scp-pl-388
pl	thad-xyank	385	2	jp_tag_alias	true	true	シャンク博士		cos-tu-smierdzi,scp-pl-398
pl	twisted-pines	386	2	jp_tag_alias	true	true	あのヨレハマツの林		profil-zwierzaka-milosz,scp-pl-258
pl	wielki-karcysta-ion	387	2	unhandled	false	false			na-bestyje-przepis-jeden-kranca-wdech,scp-pl-271
pl	wirus	388	2	unhandled	false	false			scp-pl-061,scp-pl-138
pl	występ	389	2	unhandled	false	false			scp-pl-205,scp-pl-3665-ex
pl	x	390	2	unhandled	false	false			scp-pl-292,scp-pl-293
pl	złafundacja	391	2	unhandled	false	false			faust-hub,scp-pl-232
pl	1998	392	1	jp_tag_name	true	true	1998		cierpienia-noworoczne
pl	_anderson	393	1	jp_tag_alias	true	true	_アンダーソン		mech-bojowy-serii-laggar
pl	_argus	394	1	unhandled	false	false			uh-75m-ad-argus-inc-jj-doc
pl	_cbsp	395	1	unhandled	false	false			sledztwo-sz-2025-213
pl	_dewici	396	1	unhandled	false	false			na-bestyje-przepis-jeden-kranca-wdech
pl	_duch-chicago	397	1	unhandled	false	false			sposob-grzybiarzy
pl	_eric	398	1	jp_tag_alias	true	true	_エリック		pamietnik-eryka
pl	_globalna-koalicja-okultystyczna	399	1	unhandled	false	false			kte-7881-staple-spiral-holistic-tardischild
pl	_image	400	1	unhandled	false	false			scp-pl-215
pl	_inicjatywa-horyzontu	401	1	unhandled	false	false			dzieje-krola-ognia
pl	_koigarezaki-shinbun	402	1	unhandled	false	false			koigarezaki-substancje-odkryptydowe
pl	_listpages	403	1	unhandled	false	false			wylacz-tv-wlacz-myslenie
pl	_różdżkarze	404	1	unhandled	false	false			spowiedz-dozorcy-anonim
pl	_samdaecheon	405	1	unhandled	false	false			samdaecheon-odin
pl	_szafir	406	1	unhandled	false	false			sapphire-augmentacja
pl	_wspaniałości-mieszkaniowe	407	1	unhandled	false	false			ubikaz
pl	_www	408	1	unhandled	false	false			cel-78
pl	aaron-siegel	409	1	jp_tag_name	true	true	aaron-siegel		manifest-704
pl	adaptacyjne	410	1	unhandled	false	false			scp-pl-258
pl	alex-thorley	411	1	jp_tag_alias	true	true	アレックス・ソーリー		scp-pl-110-j
pl	bakteria	412	1	unhandled	false	false			scp-pl-061
pl	bezimienni	413	1	unhandled	false	false			scp-pl-253
pl	biżuteria	414	1	unhandled	false	false			scp-pl-078
pl	brzask	415	1	unhandled	false	false			narodziny-nowego-slonca
pl	bydło	416	1	unhandled	false	false			scp-pl-258
pl	caldeira	417	1	unhandled	false	false			samdaecheon-odin
pl	cosmic-horror	418	1	unhandled	false	false			reka-mistrza-i-mocarza-serce
pl	cywile	419	1	unhandled	false	false			scp-pl-275
pl	czarna-królowa	420	1	unhandled	false	false			scp-pl-474
pl	departament-anormalności	421	1	unhandled	false	false			scp-pl-167
pl	departament-nierzeczywistości	422	1	unhandled	false	false			scp-pl-340
pl	deus-ex-machina	423	1	jp_tag_alias	true	true	機械仕掛けの神		scp-pl-270
pl	doktor	424	1	unhandled	false	false			scp-pl-288
pl	doktor-cimmerian	425	1	unhandled	false	false			iluminaci-krytykuja-vanguard
pl	doktor-reynders	426	1	unhandled	false	false			scp-pl-268
pl	drugoosobowe	427	1	unhandled	false	false			samozatopienie
pl	dzieci-pochodni	428	1	unhandled	false	false			narodziny-nowego-slonca
pl	dziennik	429	1	unhandled	false	false			dwie-strony-z-pamietnika-gorala
pl	eksperyment	430	1	unhandled	false	false			dziennik-eksperymentow-scp-pl-094
pl	eric	431	1	jp_tag_alias	true	true	エリック		pamietnik-eryka
pl	faeowynn-wilson	432	1	jp_tag_alias	true	true	フェオウィン・ウィルソン		scp-pl-394
pl	fikcja-szpiegowska	433	1	unhandled	false	false			odprawa
pl	gryzoń	434	1	unhandled	false	false			scp-pl-060
pl	historia-alternatywna	435	1	unhandled	false	false			chrobry-chrobry-byles-dobry
pl	hy-brasil	436	1	jp_tag_alias	true	true	ハイ・ブラジル		scp-pl-213
pl	instytut-anomalności	437	1	unhandled	false	false			poczatki-normalnosci-i-jej-przyszlosc
pl	iwanaga-beauty-association	438	1	unhandled	false	false			koigarezaki-substancje-odkryptydowe
pl	jeleń	439	1	unhandled	false	false			scp-pl-498
pl	kain	440	1	unhandled	false	false			scp-pl-344
pl	konkurs-dziady	441	1	unhandled	false	false			ostatni-dzien-pazdziernika
pl	kościół-drugiego-hytotha	442	1	unhandled	false	false			dlugie-wieczory-na-q-11
pl	kryminał	443	1	unhandled	false	false			ukryci-wrogowie
pl	lgbtq	444	1	unhandled	false	false			pod-krwawym-gwiazdozbiorem
pl	lovataar	445	1	jp_tag_alias	true	true	ロヴァタール		na-bestyje-przepis-jeden-kranca-wdech
pl	maciej-tier	446	1	unhandled	false	false			alter-ega
pl	marion-wheeler	447	1	jp_tag_alias	true	true	マリオン・ホイーラー		propozycja-arcydziegiel
pl	mechanizm	448	1	unhandled	false	false			scp-pl-264
pl	motyl	449	1	unhandled	false	false			scp-pl-168
pl	nadox	450	1	jp_tag_alias	true	true	ナドックス		na-bestyje-przepis-jeden-kranca-wdech
pl	nieśmiałek	451	1	unhandled	false	false			scp-pl-173-exe-j
pl	nikt	452	1	unhandled	false	false			scp-pl-275
pl	oria	453	1	jp_tag_name	true	true	oria		scp-pl-343
pl	orok	454	1	jp_tag_alias	true	true	オロク		na-bestyje-przepis-jeden-kranca-wdech
pl	placówka-57	455	1	unhandled	false	false			sposob-grzybiarzy
pl	plugsoft	456	1	unhandled	false	false			mech-bojowy-serii-laggar
pl	poradnik	457	1	unhandled	false	false			polskie-akta
pl	przygoda	458	1	unhandled	false	false			kolubryna-w-ladach-poludnia
pl	płaz	459	1	unhandled	false	false			scp-pl-146
pl	rada-nadniedźwiedzia	460	1	unhandled	false	false			scp-pl-083
pl	richard-chappell	461	1	jp_tag_alias	true	true	リチャード・チャペル		sposob-grzybiarzy
pl	ridia	462	1	jp_tag_name	true	true	ridia		kte-7881-staple-spiral-holistic-tardischild
pl	robak	463	1	unhandled	false	false			scp-pl-218
pl	robert-bumaro	464	1	jp_tag_alias	true	true	ロバート・ブマロ		sapphire-augmentacja
pl	rocznik-76	465	1	unhandled	false	false			scp-pl-150
pl	ruiz-duchamp	466	1	jp_tag_alias	true	true	ルイス・デュシャン		wirtualna-galeria-smierci
pl	rzekomy-bóg	467	1	unhandled	false	false			scp-pl-110
pl	s&c-plastics	468	1	jp_tag_alias	true	true	s&cプラスチック		scp-pl-046
pl	samdaecheon	469	1	unhandled	false	false			samdaecheon-odin
pl	shark-punching-center	470	1	jp_tag_alias	true	true	サメ殴りセンター		samdaecheon-odin
pl	simon-pietrykau	471	1	jp_tag_alias	true	true	サイモン・ピエトリカウ		scp-pl-273
pl	stawonóg	472	1	unhandled	false	false			scp-pl-218
pl	syl2020	473	1	unhandled	false	false			scp-pl-167
pl	szafir	474	1	unhandled	false	false			sapphire-augmentacja
pl	sztuczna-inteligencja	475	1	unhandled	false	false			scp-pl-314
pl	słońce	476	1	unhandled	false	false			scp-pl-048
pl	telekinetyczne	477	1	unhandled	false	false			scp-pl-303
pl	tim-wilson	478	1	jp_tag_alias	true	true	ティム・ウィルソン		scp-pl-258
pl	tlaneyanco	479	1	jp_tag_alias	true	true	トラネジャンコ		koigarezaki-substancje-odkryptydowe
pl	valravn	480	1	jp_tag_alias	true	true	ヴァルラウン		krew-proch-i-wrzosy
pl	w-przepisaniu	481	1	unhandled	false	false			scp-pl-286
pl	wibracje	482	1	unhandled	false	false			scp-pl-113
pl	wind-dew	483	1	unhandled	false	false			ambrose-medsir
pl	wprowadzenie	484	1	unhandled	false	false			retroretrospektrologia
pl	wyjec-wzorów	485	1	unhandled	false	false			scp-pl-417
pl	yossarian-leiner	486	1	jp_tag_name	true	true	yossarian-leiner		trzeba-to-rozgryzc
pl	zaświaty	487	1	unhandled	false	false			scp-pl-337
pl	zlikwidowane	488	1	unhandled	false	false			scp-pl-6470-j
pl	zmrok	489	1	unhandled	false	false			cykl
pl	zła-fundacja	490	1	unhandled	false	false			scp-pl-319
pl	święta-hedwig	491	1	unhandled	false	false			scp-pl-310
pl	żandastreria	492	1	unhandled	false	false			wniosek-o-dotacje-na-wykorzystanie-paryskiej-architektury
pl	żółw	493	1	unhandled	false	false			scp-pl-121-j
pt-br	pt	1	352	jp_tag_name	true	true	pt		1-mofo,2-gato,a-esposa-abandonada,a-garota-e-a-vitoria,a-vibora-perdida
pt-br	scp	2	212	jp_tag_name	true	true	scp		concurso100pt:2b-real,concursofundacional2025:1-stardust-1,concursofundacional2025:illcass,concursourbano2024:centena,deleted:concursofundacional2025:naxind
pt-br	_imagem	3	98	unhandled	false	false			1-mofo,2-gato,a-esposa-abandonada,a-vibora-perdida,carta-deixada-por-scp-172-pt
pt-br	euclídeo	4	70	curated_override_only	false	true	euclid		concursourbano2024:centena,scp-003-pt,scp-004-pt-arc,scp-007-int,scp-008-pt
pt-br	seguro	5	63	curated_override_only	false	true	safe		deleted:scp-068-pt-arc,scp-002-pt,scp-004-int,scp-004-pt,scp-006-pt
pt-br	conto	6	59	curated_override_only	false	true	tale		1-mofo,2-gato,a-esposa-abandonada,a-garota-e-a-vitoria,a-vibora-perdida
pt-br	sapiente	7	53	curated_override_only	false	true	知性		deleted:scp-144-pt-arc,scp-002-pt-j,scp-005-int,scp-007-int,scp-008-pt
pt-br	keter	8	52	jp_tag_name	true	true	keter		deleted:scp-031-pt-arc,deleted:scp-033-pt-arc,deleted:scp-130-pt-arc,deleted:scp-144-pt-arc,miniconcurso2023:katita
pt-br	afeta-mente	9	46	unhandled	false	false			deleted:scp-031-pt-arc,deleted:scp-033-pt-arc,deleted:scp-130-pt-arc,scp-002-pt,scp-011-pt
pt-br	humanoide	10	44	curated_override_only	false	true	人間型		concursourbano2024:centena,deleted:scp-144-pt-arc,scp-008-pt,scp-010-pt,scp-012-pt
pt-br	artefato	11	35	unhandled	false	false			deleted:scp-033-pt-arc,proposta-spatial,scp-004-pt,scp-006-pt,scp-015-pt
pt-br	central	12	31	unhandled	false	false			arquivo-de-concursos-lusofonos,central-ethernia,central-pcn,central-spatial,concurso-folclorico
pt-br	superintendência-brasileira	13	26	jp_tag_alias	true	true	ブラジル超常現象監督局		armazem,arquivo-sbp-n-196-relatorio-de-exploracao-anomalia-dimension,caminhoes,joao-ninguem,os-sete-toques-de-hy-brasil-o-relogio-setuplo-do-multiverso
pt-br	amarelo	14	25	unhandled	false	false			concursourbano2024:centena,deleted:scp-033-pt-arc,scp-002-pt-j,scp-007-pt,scp-016-pt
pt-br	vivo	15	25	unhandled	false	false			scp-007-int,scp-012-pt,scp-017-pt,scp-032-pt,scp-033-pt
pt-br	autor	16	23	unhandled	false	false			aokiwho,arquivo-de-pessoal-dr-joseph-newcaster,arquivo-pessoal-de-desejo,arquivo-pessoal-de-lallana,arquivo-pessoal-de-lulatred
pt-br	ectoentrópico	17	22	unhandled	false	false			proposta-spatial,scp-005-int,scp-010-pt,scp-019-pt,scp-020-pt-arc
pt-br	_optout	18	20	unhandled	false	false			arquivo-sbp-n-196-relatorio-de-exploracao-anomalia-dimension,central-de-peaceond,central-ethernia,deleted:se-lembre-de-mim,emporio-das-traducoes-do-l2
pt-br	coautoria	19	19	unhandled	false	false			a-esposa-abandonada,incriveis-sapatos-ozwalds,proposta-spatial,scp-004-int,scp-005-int
pt-br	extradimensional	20	18	jp_tag_alias	true	true	異次元		proposta-spatial,scp-005-pt,scp-007-pt,scp-014-pt,scp-020-pt
pt-br	histórico	21	17	unhandled	false	false			scp-007-pt,scp-013-pt,scp-030-pt,scp-036-pt,scp-052-pt
pt-br	não-contido	22	17	unhandled	false	false			deleted:scp-130-pt-arc,proposta-lallana-souza-arc,scp-010-pt,scp-012-pt-arc,scp-041-pt
pt-br	risco-cognitivo	23	17	unhandled	false	false			scp-002-pt,scp-016-pt,scp-017-pt,scp-028-pt,scp-036-pt
pt-br	teleportação	24	17	unhandled	false	false			concursourbano2024:centena,proposta-spatial,scp-012-pt-arc,scp-018-pt,scp-025-pt
pt-br	construção	25	16	unhandled	false	false			proposta-spatial,scp-020-pt,scp-020-pt-j,scp-023-pt,scp-046-pt
pt-br	animal	26	14	jp_tag_alias	true	true	動物		scp-032-pt,scp-035-pt,scp-038-pt,scp-060-pt,scp-065-pt
pt-br	arquivado	27	14	unhandled	false	false			deleted:scp-031-pt-arc,deleted:scp-033-pt-arc,deleted:scp-068-pt-arc,deleted:scp-130-pt-arc,deleted:scp-144-pt-arc
pt-br	autônomo	28	14	unhandled	false	false			scp-007-int,scp-013-pt,scp-039-pt,scp-045-pt-j,scp-084-pt
pt-br	branco	29	14	unhandled	false	false			scp-007-int,scp-020-pt,scp-023-pt,scp-027-pt,scp-035-pt
pt-br	local	30	14	unhandled	false	false			scp-005-pt,scp-011-pt,scp-014-pt,scp-020-pt,scp-022-pt
pt-br	arma	31	13	unhandled	false	false			scp-004-pt,scp-004-pt-arc,scp-015-pt,scp-039-pt,scp-041-pt
pt-br	visual	32	13	jp_tag_alias	true	true	視覚		scp-033-pt-ex,scp-036-pt,scp-037-pt,scp-049-pt,scp-060-pt
pt-br	alucinação	33	12	unhandled	false	false			deleted:scp-031-pt-arc,scp-007-pt,scp-029-pt,scp-033-pt-ex,scp-064-pt
pt-br	ciclo	34	12	unhandled	false	false			scp-012-pt,scp-049-pt,scp-054-pt,scp-074-pt,scp-076-pt
pt-br	ferramenta	35	12	unhandled	false	false			scp-019-pt-j,scp-034-pt,scp-042-pt,scp-070-pt,scp-092-pt
pt-br	indestrutível	36	12	unhandled	false	false			scp-020-pt-arc,scp-065-pt,scp-086-pt,scp-108-pt,scp-109-pt-j
pt-br	relicário	37	12	unhandled	false	false			ariete,caminhoes,carne,inexpugnavel,o-incidente
pt-br	biológico	38	11	unhandled	false	false			scp-017-pt,scp-029-pt,scp-032-pt,scp-059-pt,scp-078-pt
pt-br	concursofundacional2025	39	11	unhandled	false	false			concursofundacional2025,concursofundacional2025:1-stardust-1,concursofundacional2025:drheitorbridge,concursofundacional2025:illcass,concursofundacional2025:luckysaurus
pt-br	laranja	40	11	unhandled	false	false			scp-021-pt,scp-028-pt,scp-030-pt,scp-031-pt,scp-057-pt
pt-br	academia-científica	41	10	jp_tag_alias	true	true	異常科学アカデミー		lusofonao,scp-004-pt,scp-007-int,scp-033-pt,scp-048-pt
pt-br	aparelho	42	10	unhandled	false	false			scp-044-pt,scp-045-pt-j,scp-076-pt,scp-090-pt,scp-094-pt
pt-br	autorreparação	43	10	unhandled	false	false			scp-004-pt-arc,scp-005-int,scp-008-pt,scp-086-pt,scp-088-pt
pt-br	concurso	44	10	unhandled	false	false			arquivo-de-concursos-lusofonos,concurso-folclorico,concurso100pt,concursoftm2023,concursofundacional2025
pt-br	eletrônico	45	10	unhandled	false	false			deleted:scp-033-pt-arc,scp-043-pt,scp-076-pt,scp-106-pt,scp-111-pt
pt-br	empático	46	9	unhandled	false	false			scp-026-pt,scp-062-pt,scp-082-pt,scp-085-pt,scp-089-pt
pt-br	espacial	47	9	unhandled	false	false			scp-004-pt-arc,scp-005-pt,scp-013-pt,scp-077-pt,scp-104-pt
pt-br	extraterrestre	48	9	unhandled	false	false			scp-041-pt,scp-048-pt,scp-096-pt,scp-104-pt,scp-114-pt
pt-br	hostil	49	9	unhandled	false	false			scp-045-pt-j,scp-050-pt,scp-067-pt,scp-084-pt,scp-097-pt
pt-br	inscrição	50	9	unhandled	false	false			scp-022-pt,scp-030-pt,scp-046-pt,scp-049-pt,scp-085-pt
pt-br	observacional	51	9	unhandled	false	false			scp-017-pt,scp-049-pt,scp-064-pt,scp-068-pt,scp-077-pt
pt-br	piada	52	9	unhandled	false	false			lusofonao,scp-002-pt-j,scp-005-pt-j,scp-019-pt-j,scp-020-pt-j
pt-br	planta	53	9	unhandled	false	false			scp-003-pt,scp-011-pt,scp-017-pt,scp-020-pt-arc,scp-029-pt
pt-br	tátil	54	9	unhandled	false	false			scp-020-pt-arc,scp-069-pt,scp-072-pt,scp-092-pt,scp-116-pt
pt-br	árvore	55	9	unhandled	false	false			scp-010-pt,scp-020-pt-arc,scp-033-pt,scp-074-pt,scp-078-pt
pt-br	adaptativo	56	8	unhandled	false	false			scp-004-pt-arc,scp-007-int,scp-014-pt,scp-055-pt,scp-085-pt
pt-br	afeta-memória	57	8	unhandled	false	false			scp-010-pt,scp-011-pt,scp-016-pt,scp-064-pt,scp-070-pt
pt-br	aquático	58	8	unhandled	false	false			scp-005-int,scp-011-pt,scp-029-pt,scp-093-pt,scp-097-pt
pt-br	cadáver	59	8	unhandled	false	false			scp-059-pt,scp-062-pt,scp-063-pt,scp-107-pt,scp-112-pt
pt-br	clube-de-caça	60	8	jp_tag_alias	true	true	動植物狩猟クラブ		imortal-e-o-meu-p,nao-de-o-peixe-ensine-a-pescar,scp-033-pt-ex,scp-065-pt,scp-081-pt
pt-br	concursovelhaguarda	61	8	unhandled	false	false			deleted:scp-068-pt-arc,scp-046-pt,scp-074-pt,scp-084-pt,scp-118-pt
pt-br	dobrador-de-realidade	62	8	unhandled	false	false			scp-016-pt,scp-042-pt,scp-093-pt,scp-115-pt,scp-116-pt
pt-br	documento	63	8	unhandled	false	false			scp-002-pt,scp-036-pt,scp-071-pt,scp-109-pt-j,scp-110-pt
pt-br	memético	64	8	unhandled	false	false			scp-006-pt,scp-007-pt,scp-024-pt,scp-071-pt,scp-096-pt
pt-br	organograma	65	8	unhandled	false	false			dossie-de-funcionarios,estrutura-organica,estrutura-organizacional,forcas-tarefa-moveis,fundacao-lusofona
pt-br	religioso	66	8	unhandled	false	false			scp-012-pt,scp-059-pt,scp-112-pt,scp-132-pt,scp-137-pt
pt-br	_metadados	67	7	unhandled	false	false			scp-008-pt,scp-009-pt,scp-010-pt,scp-011-pt,scp-012-pt
pt-br	autorreplicante	68	7	unhandled	false	false			scp-010-pt,scp-046-pt,scp-118-pt,scp-121-pt,scp-122-pt
pt-br	concursourbano2024	69	7	unhandled	false	false			concursourbano2024,concursourbano2024:centena,scp-063-pt,scp-091-pt,scp-140-pt
pt-br	conhecimento	70	7	unhandled	false	false			scp-046-pt,scp-072-pt,scp-104-pt,scp-109-pt-j,scp-111-pt
pt-br	guia	71	7	unhandled	false	false			achievements,achievements-main,chat-rules,deletions-guide,guia-de-tags
pt-br	taumaturgia	72	7	unhandled	false	false			scp-004-pt,scp-015-pt,scp-041-pt,scp-047-pt,scp-055-pt
pt-br	transfiguração	73	7	unhandled	false	false			scp-004-pt-arc,scp-008-pt,scp-037-pt,scp-057-pt,scp-118-pt
pt-br	_segundo	74	6	unhandled	false	false			scp-005-pt,scp-050-pt,scp-098-pt,scp-104-pt,scp-118-pt
pt-br	cenário-classe-k	75	6	unhandled	false	false			deleted:scp-130-pt-arc,proposta-lallana-souza-arc,scp-016-pt,scp-120-pt,scp-135-pt
pt-br	cf2018	76	6	unhandled	false	false			concurso-folclorico,scp-011-pt,scp-029-pt,scp-050-pt,scp-171-pt
pt-br	compulsão	77	6	unhandled	false	false			scp-006-pt,scp-082-pt,scp-099-pt,scp-121-pt,scp-127-pt
pt-br	elétrico	78	6	unhandled	false	false			scp-043-pt,scp-044-pt,scp-045-pt-j,scp-095-pt,scp-133-pt
pt-br	imóvel	79	6	unhandled	false	false			scp-022-pt,scp-084-pt,scp-097-pt,scp-125-pt,scp-195-pt
pt-br	líquido	80	6	unhandled	false	false			scp-016-pt,scp-029-pt,scp-059-pt,scp-097-pt,scp-102-pt
pt-br	miniconcurso2023	81	6	unhandled	false	false			miniconcurso2023,miniconcurso2023:katita,miniconcurso2023:mraurum,miniconcurso2023:operation-m,miniconcurso2023:polvo-de-vrido
pt-br	móvel	82	6	unhandled	false	false			scp-005-int,scp-039-pt,scp-040-pt,scp-089-pt,scp-138-pt
pt-br	neutralizado	83	6	unhandled	false	false			scp-028-pt,scp-122-pt,scp-123-pt,scp-125-pt,scp-170-pt
pt-br	ordem-da-torre	84	6	jp_tag_alias	true	true	塔と勇気の騎士団		anno-zero,infestissumam,nao-beije-a-cabra,os-sete-toques-de-hy-brasil-o-relogio-setuplo-do-multiverso,scp-098-pt
pt-br	tecnotaumaturgos	85	6	jp_tag_alias	true	true	テクノタウマトルゴス		o-misterio-das-tres-cartolas,scp-004-pt,scp-041-pt,scp-047-pt,scp-140-pt
pt-br	telepático	86	6	unhandled	false	false			scp-055-pt,scp-085-pt,scp-104-pt,scp-111-pt,scp-114-pt
pt-br	_primeiro	87	5	unhandled	false	false			scp-011-pt,scp-092-pt,scp-100-pt,scp-137-pt,scp-140-pt
pt-br	_terceiro	88	5	unhandled	false	false			scp-029-pt,scp-063-pt,scp-116-pt,scp-131-pt,scp-155-pt
pt-br	admin	89	5	jp_tag_alias	true	true	管理		anomalias,chat-rules,deletions-guide,series-1-pt,series-2-pt
pt-br	artístico	90	5	unhandled	false	false			scp-014-pt,scp-063-pt,scp-125-pt,scp-144-pt,scp-163-pt
pt-br	concurso100pt	91	5	unhandled	false	false			concurso100pt,concurso100pt:2b-real,scp-100-pt,scp-104-pt,scp-116-pt
pt-br	escultura	92	5	unhandled	false	false			scp-012-pt-arc,scp-051-pt,scp-064-pt,scp-086-pt,scp-143-pt
pt-br	gasoso	93	5	unhandled	false	false			scp-010-pt,scp-033-pt-ex,scp-078-pt,scp-134-pt,scp-172-pt
pt-br	geológico	94	5	unhandled	false	false			scp-003-pt,scp-021-pt,scp-074-pt,scp-144-pt-ex,scp-189-pt
pt-br	militar	95	5	unhandled	false	false			scp-045-pt,scp-095-pt,scp-114-pt,scp-140-pt,scp-142-pt
pt-br	médico	96	5	unhandled	false	false			scp-057-pt,scp-059-pt,scp-109-pt,scp-122-pt,scp-187-pt
pt-br	neurológico	97	5	unhandled	false	false			scp-033-pt-ex,scp-059-pt,scp-068-pt,scp-075-pt,scp-082-pt
pt-br	olhos-anônimos	98	5	jp_tag_alias	true	true	アノニマス・アイズ		inexpugnavel,olhos-anonimos-central,os-caca-amalgamas,registro-extra-oficial-psi-10-066,scp-033-pt-ex
pt-br	portal	99	5	jp_tag_alias	true	true	ポータル		scp-010-pt,scp-040-pt,scp-048-pt,scp-052-pt,scp-101-pt
pt-br	ritual	100	5	jp_tag_alias	true	true	儀式		scp-012-pt,scp-099-pt,scp-108-pt,scp-144-pt-ex,scp-192-pt
pt-br	sensorial	101	5	unhandled	false	false			scp-033-pt-ex,scp-064-pt,scp-087-pt,scp-089-pt,scp-127-pt
pt-br	sistema	102	5	unhandled	false	false			arquivo-de-artigos-em-destaque,arquivo-de-concursos-lusofonos,arquivo-de-traducoes-em-destaque,depoimentos,fundacao-lusofona-arc
pt-br	thaumiel	103	5	jp_tag_name	true	true	thaumiel		scp-005-int,scp-023-pt,scp-041-pt,scp-054-pt,scp-055-pt
pt-br	vermelho	104	5	unhandled	false	false			scp-045-pt-j,scp-121-pt,scp-131-pt,scp-133-pt,scp-166-pt
pt-br	acústico	105	4	unhandled	false	false			scp-070-pt,scp-086-pt,scp-126-pt-arc,scp-181-pt
pt-br	alimento	106	4	unhandled	false	false			scp-019-pt,scp-045-pt-j,scp-072-pt,scp-121-pt
pt-br	amorfo	107	4	unhandled	false	false			scp-007-int,scp-080-pt,scp-097-pt,scp-172-pt
pt-br	as2020	108	4	unhandled	false	false			carta-deixada-por-scp-172-pt,o-campones-e-o-coelho,scp-075-pt,scp-172-pt
pt-br	ave	109	4	unhandled	false	false			scp-032-pt,scp-035-pt,scp-060-pt,scp-124-pt
pt-br	computador	110	4	unhandled	false	false			scp-005-int,scp-075-pt-j,scp-109-pt-j,scp-199-pt
pt-br	concursohistorico	111	4	jp_tag_alias	true	true	歴史コンテスト		scp-005-pt,scp-052-pt,scp-092-pt,scp-131-pt
pt-br	esfera	112	4	unhandled	false	false			scp-016-pt,scp-077-pt,scp-090-pt,scp-123-pt
pt-br	espécie	113	4	unhandled	false	false			scp-018-pt,scp-173-pt,scp-185-pt,scp-187-pt
pt-br	estrutura	114	4	unhandled	false	false			scp-046-pt,scp-066-pt,scp-173-pt,scp-191-pt
pt-br	invertebrado	115	4	unhandled	false	false			scp-030-pt,scp-134-pt,scp-185-pt,scp-187-pt
pt-br	luz	116	4	unhandled	false	false			scp-090-pt,scp-127-pt,scp-166-pt,scp-188-pt-arc
pt-br	metamórfico	117	4	unhandled	false	false			scp-020-pt-arc,scp-024-pt,scp-081-pt,scp-093-pt
pt-br	narrativo	118	4	unhandled	false	false			proposta-lallana-souza-arc,scp-036-pt,scp-054-pt,scp-180-pt
pt-br	olfatório	119	4	unhandled	false	false			scp-017-pt,scp-078-pt,scp-087-pt,scp-111-pt
pt-br	online	120	4	jp_tag_alias	true	true	オンライン		scp-028-pt,scp-075-pt-j,scp-109-pt-j,scp-148-pt
pt-br	parasitário	121	4	unhandled	false	false			scp-024-pt,scp-033-pt,scp-085-pt,scp-173-pt
pt-br	performance	122	4	jp_tag_alias	true	true	芸能		scp-014-pt,scp-019-pt,scp-021-pt,scp-040-pt
pt-br	predatório	123	4	unhandled	false	false			scp-047-pt,scp-081-pt,scp-121-pt,scp-132-pt
pt-br	radioativo	124	4	unhandled	false	false			scp-004-pt-arc,scp-013-pt,scp-079-pt,scp-106-pt
pt-br	reanimação	125	4	unhandled	false	false			scp-107-pt,scp-108-pt,scp-121-pt,scp-144-pt
pt-br	réptil	126	4	unhandled	false	false			scp-038-pt,scp-105-pt,scp-124-pt,scp-132-pt
pt-br	telecinético	127	4	unhandled	false	false			scp-004-int,scp-055-pt,scp-101-pt,scp-114-pt
pt-br	temporal	128	4	jp_tag_alias	true	true	時間		scp-030-pt,scp-135-pt,scp-147-pt,scp-199-pt
pt-br	aerotransportado	129	3	unhandled	false	false			scp-038-pt,scp-078-pt,scp-172-pt
pt-br	arqueológico	130	3	unhandled	false	false			scp-112-pt,scp-144-pt,scp-144-pt-ex
pt-br	auditivo	131	3	unhandled	false	false			scp-028-pt,scp-127-pt,scp-181-pt
pt-br	classe-esotérica	132	3	unhandled	false	false			scp-002-pt-j,scp-009-pt,scp-116-pt-alpha
pt-br	colaboração	133	3	unhandled	false	false			anomalias,scp-artwork-hub,taca-skip
pt-br	conceito	134	3	unhandled	false	false			scp-104-pt,scp-115-pt,scp-118-pt
pt-br	contágio	135	3	unhandled	false	false			scp-020-pt-j,scp-078-pt,scp-110-pt
pt-br	corrosivo	136	3	unhandled	false	false			scp-007-int,scp-081-pt,scp-084-pt
pt-br	esquelético	137	3	unhandled	false	false			scp-081-pt,scp-131-pt,scp-183-pt
pt-br	formato-gdi	138	3	unhandled	false	false			incriveis-sapatos-ozwalds,relatorio-de-inimigo-de-estado-013,spc-025-pt
pt-br	fundo-socialista	139	3	unhandled	false	false			lusofonao,scp-185-pt,scp-188-pt
pt-br	hy-brasil	140	3	jp_tag_alias	true	true	ハイ・ブラジル		central-ethernia,os-sete-toques-de-hy-brasil-o-relogio-setuplo-do-multiverso,scp-098-pt
pt-br	int	141	3	jp_tag_name	true	true	int		scp-004-int,scp-005-int,scp-007-int
pt-br	intangível	142	3	unhandled	false	false			scp-104-pt,scp-135-pt,scp-142-pt
pt-br	jamlusófona2023	143	3	unhandled	false	false			jamlusofona2023,jamlusofona2023:rhytrembr,scp-058-pt
pt-br	linguagem	144	3	unhandled	false	false			scp-020-pt-j,scp-104-pt,scp-127-pt
pt-br	oceano-de-incertezas	145	3	unhandled	false	false			a-garota-e-a-vitoria,sala-de-conferencias-04-b,scp-078-pt
pt-br	poliedro	146	3	unhandled	false	false			deleted:scp-033-pt-arc,scp-048-pt,scp-079-pt
pt-br	risco-biológico	147	3	unhandled	false	false			proposta-spatial,scp-109-pt,scp-122-pt
pt-br	risco-por-informação	148	3	unhandled	false	false			deleted:scp-031-pt-arc,scp-007-pt,scp-027-pt
pt-br	roupa	149	3	unhandled	false	false			scp-002-pt-j,scp-039-pt,scp-069-pt
pt-br	roxo	150	3	unhandled	false	false			scp-078-pt,scp-116-pt-alpha,scp-189-pt
pt-br	satélite	151	3	unhandled	false	false			scp-041-pt,scp-114-pt,scp-170-pt
pt-br	sono	152	3	unhandled	false	false			scp-006-pt,scp-068-pt,scp-069-pt
pt-br	suplemento	153	3	unhandled	false	false			arquivo-sbp-n-196-relatorio-de-exploracao-anomalia-dimension,as-filhas-de-asariel,carta-deixada-por-scp-172-pt
pt-br	veículo	154	3	unhandled	false	false			scp-005-int,scp-045-pt,scp-128-pt
pt-br	viciante	155	3	unhandled	false	false			scp-033-pt-ex,scp-082-pt,scp-099-pt
pt-br	apollyon	156	2	jp_tag_name	true	true	apollyon		scp-100-pt,scp-116-pt-alpha
pt-br	archon	157	2	jp_tag_name	true	true	archon		scp-080-pt,scp-197-pt
pt-br	arte	158	2	unhandled	false	false			artes-in-completas-de-silvacrest,instalacoes-seguras-mapa
pt-br	bad-trip	159	2	unhandled	false	false			scp-033-pt-ex,scp-063-pt
pt-br	cidade	160	2	unhandled	false	false			scp-108-pt,scp-126-pt
pt-br	coalizão-oculta-global	161	2	unhandled	false	false			scp-005-int,sumario-do-julgamento-de-junho-de-2009
pt-br	concursoftm2023	162	2	unhandled	false	false			concursoftm2023,scp-098-pt
pt-br	de	163	2	jp_tag_name	true	true	de		scp-004-int,scp-005-int
pt-br	eletromagnético	164	2	unhandled	false	false			scp-015-pt,scp-181-pt
pt-br	explicado	165	2	unhandled	false	false			scp-033-pt-ex,scp-144-pt-ex
pt-br	feito-pela-fundação	166	2	unhandled	false	false			scp-055-pt,scp-068-pt
pt-br	fenômeno	167	2	unhandled	false	false			scp-108-pt,scp-132-pt
pt-br	fogo	168	2	unhandled	false	false			scp-171-pt,scp-172-pt
pt-br	gravidade	169	2	unhandled	false	false			scp-101-pt,scp-127-pt
pt-br	jamlusófona2022	170	2	unhandled	false	false			jamlusofona2022,myaso
pt-br	já-somos-maneiros	171	2	unhandled	false	false			scp-019-pt,scp-163-pt
pt-br	mecanismo	172	2	unhandled	false	false			scp-048-pt,scp-127-pt
pt-br	mecânico	173	2	unhandled	false	false			scp-047-pt,scp-106-pt
pt-br	mente-coletiva	174	2	unhandled	false	false			scp-033-pt,scp-185-pt
pt-br	meteorológico	175	2	unhandled	false	false			scp-003-pt,scp-141-pt
pt-br	mídia	176	2	unhandled	false	false			scp-018-pt,scp-028-pt
pt-br	ocular	177	2	jp_tag_alias	true	true	眼		scp-059-pt,scp-084-pt
pt-br	planeta	178	2	unhandled	false	false			scp-079-pt,scp-135-pt
pt-br	preditivo	179	2	unhandled	false	false			scp-044-pt,scp-099-pt
pt-br	preto	180	2	unhandled	false	false			scp-042-pt,scp-135-pt
pt-br	proposta-001	181	2	unhandled	false	false			central-spatial,proposta-spatial
pt-br	robótico	182	2	unhandled	false	false			scp-120-pt,scp-191-pt
pt-br	transmissão	183	2	unhandled	false	false			scp-109-pt-j,scp-170-pt
pt-br	térmico	184	2	unhandled	false	false			scp-003-pt,scp-061-pt
pt-br	tóxico	185	2	unhandled	false	false			scp-033-pt-ex,scp-145-pt
pt-br	vírus	186	2	unhandled	false	false			proposta-lallana-souza-arc,scp-075-pt-j
pt-br	ad-astra	187	1	jp_tag_alias	true	true	アド・アストラ		deleted:se-lembre-de-mim
pt-br	artificial	188	1	unhandled	false	false			scp-115-pt
pt-br	artigo-deletado	189	1	unhandled	false	false			deleted:mainpage-testing
pt-br	as2022	190	1	unhandled	false	false			scp-047-pt
pt-br	as2023	191	1	unhandled	false	false			o-porvir-do-felizardo
pt-br	autômato	192	1	unhandled	false	false			scp-144-pt
pt-br	borboleta	193	1	unhandled	false	false			scp-134-pt
pt-br	bovino	194	1	unhandled	false	false			scp-081-pt
pt-br	brinquedo	195	1	unhandled	false	false			scp-061-pt
pt-br	burocracia	196	1	unhandled	false	false			sumario-do-julgamento-de-junho-de-2009
pt-br	canino	197	1	unhandled	false	false			scp-012-pt
pt-br	ccsg	198	1	jp_tag_name	true	true	ccsg		scp-031-pt
pt-br	centro-soca-tubarão	199	1	unhandled	false	false			spc-025-pt
pt-br	cernunnos	200	1	jp_tag_name	true	true	cernunnos		proposta-spatial
pt-br	cfo	201	1	jp_tag_name	true	true	cfo		scp-007-int
pt-br	cobra	202	1	unhandled	false	false			scp-038-pt
pt-br	colmeia	203	1	unhandled	false	false			scp-005-int
pt-br	componente	204	1	unhandled	false	false			sbp-stamp
pt-br	comédia	205	1	unhandled	false	false			lusofonao
pt-br	concursorevival2024	206	1	unhandled	false	false			concursorevival2024
pt-br	corporativo	207	1	unhandled	false	false			incriveis-sapatos-ozwalds
pt-br	correspondência	208	1	unhandled	false	false			carta-ao-diabo
pt-br	demônio	209	1	unhandled	false	false			carta-ao-diabo
pt-br	deus-quebrado	210	1	unhandled	false	false			scp-193-pt
pt-br	dinossauro	211	1	unhandled	false	false			scp-124-pt
pt-br	divisão-xxv	212	1	unhandled	false	false			scp-004-pt
pt-br	dr-wondertainment	213	1	jp_tag_alias	true	true	ワンダーテインメント博士		scp-061-pt
pt-br	entrópico	214	1	unhandled	false	false			scp-160-pt
pt-br	equino	215	1	unhandled	false	false			scp-171-pt
pt-br	esporte	216	1	unhandled	false	false			scp-023-pt
pt-br	espírito-de-chicago	217	1	unhandled	false	false			scp-140-pt
pt-br	fantasia	218	1	unhandled	false	false			incriveis-sapatos-ozwalds
pt-br	felino	219	1	unhandled	false	false			scp-047-pt
pt-br	ficção-militar	220	1	unhandled	false	false			operacao-cacada-infernal
pt-br	formato-da-fundação	221	1	unhandled	false	false			operacao-cacada-infernal
pt-br	fotográfico	222	1	unhandled	false	false			scp-117-pt
pt-br	fungo	223	1	unhandled	false	false			deleted:scp-068-pt-arc
pt-br	goi2019	224	1	jp_tag_name	true	true	goi2019		incriveis-sapatos-ozwalds
pt-br	guerra-em-todas-as-frontes	225	1	unhandled	false	false			os-sete-toques-de-hy-brasil-o-relogio-setuplo-do-multiverso
pt-br	herança	226	1	unhandled	false	false			scp-030-pt
pt-br	huefoundation	227	1	unhandled	false	false			cafe-para-dr-ferraz
pt-br	ilha	228	1	unhandled	false	false			scp-132-pt
pt-br	inexistente	229	1	unhandled	false	false			scp-172-pt
pt-br	inseto	230	1	unhandled	false	false			scp-134-pt
pt-br	it	231	1	jp_tag_name	true	true	it		scp-007-int
pt-br	jogo	232	1	unhandled	false	false			scp-043-pt
pt-br	joia	233	1	unhandled	false	false			scp-004-int
pt-br	jurídico	234	1	unhandled	false	false			sumario-do-julgamento-de-junho-de-2009
pt-br	magnético	235	1	unhandled	false	false			scp-181-pt
pt-br	meta	236	1	jp_tag_alias	true	true	メタ		scp-027-pt
pt-br	microscópico	237	1	unhandled	false	false			scp-024-pt
pt-br	miniatura	238	1	unhandled	false	false			scp-102-pt
pt-br	mistério	239	1	unhandled	false	false			o-misterio-das-tres-cartolas
pt-br	mm-wk	240	1	jp_tag_name	true	true	mm-wk		incriveis-sapatos-ozwalds
pt-br	musical	241	1	jp_tag_alias	true	true	音楽		scp-070-pt
pt-br	máscara-quebrada	242	1	unhandled	false	false			deleted:se-lembre-de-mim
pt-br	necessita-corrigir	243	1	unhandled	false	false			2-gato
pt-br	noturno	244	1	unhandled	false	false			proposta-lallana-souza-arc
pt-br	o	245	1	unhandled	false	false			scp-005-int
pt-br	pentagrama	246	1	unhandled	false	false			sumario-do-julgamento-de-junho-de-2009
pt-br	peça-de-época	247	1	unhandled	false	false			o-misterio-das-tres-cartolas
pt-br	político	248	1	unhandled	false	false			sumario-do-julgamento-de-junho-de-2009
pt-br	povo-abáy	249	1	unhandled	false	false			scp-144-pt
pt-br	primeira-pessoa	250	1	unhandled	false	false			dedicatorias
pt-br	prometheus	251	1	jp_tag_alias	true	true	プロメテウス		scp-005-int
pt-br	químico	252	1	unhandled	false	false			scp-033-pt-ex
pt-br	raptor-tec	253	1	jp_tag_alias	true	true	ラプターテック		scp-005-int
pt-br	regeneração	254	1	unhandled	false	false			scp-053-pt
pt-br	rei-escarlate	255	1	unhandled	false	false			lusofonao
pt-br	reprodutivo	256	1	unhandled	false	false			scp-012-pt
pt-br	ridia	257	1	jp_tag_name	true	true	ridia		scp-007-int
pt-br	roedor	258	1	unhandled	false	false			scp-103-pt
pt-br	sangue	259	1	unhandled	false	false			scp-062-pt
pt-br	sem-diálogo	260	1	unhandled	false	false			carta-ao-diabo
pt-br	skp	261	1	jp_tag_name	true	true	skp		scp-004-int
pt-br	sombrio	262	1	unhandled	false	false			dedicatorias
pt-br	vibração	263	1	unhandled	false	false			deleted:scp-033-pt-arc
pt-br	áudio	264	1	unhandled	false	false			scp-181-pt
pt-br	⦿	265	1	unhandled	false	false			scp-007-int
th	scp-th	1	170	jp_unused_replacement	true	true		scp	bonneneige-s-proposal,crozzax-s-proposal,dothis-s-proposal,dr-comixer-s-proposal,drsss-s-proposal
th	euclid	2	70	jp_tag_name	true	true	euclid		bonneneige-s-proposal,drsss-s-proposal,philosafix-s-proposal,scp-005-th,scp-006-th-arc
th	tale-th	3	70	jp_unused_replacement	true	true		tale	23-24-am,7-ghost-story-in-the-site-29,a-big-monster,a-crazydayz-with-soundless-screaming,a-survivor-of-k-class
th	safe	4	49	jp_tag_name	true	true	safe		scp-004-th,scp-008-th-arc,scp-010-th,scp-014-th,scp-017-th
th	humanoid	5	34	jp_tag_alias	true	true	人間型		bonneneige-s-proposal,dothis-s-proposal,drsss-s-proposal,scp-006-th-arc,scp-008-th-arc
th	alive	6	30	jp_tag_alias	true	true	生命		bonneneige-s-proposal,dr-comixer-s-proposal,drsss-s-proposal,happy-birthday-to-me,scp-008-th-arc
th	keter	7	27	jp_tag_name	true	true	keter		bonneneige-s-proposal,crozzax-s-proposal,dothis-s-proposal,dr-comixer-s-proposal,happy-birthday-to-me
th	site29a	8	24	jp_tag_alias	true	true	サイト-29a		a-survivor-of-k-class,chapter-2,chapter-3,chapter-4,chapter-5
th	สิ่งมีชีวิต	9	23	curated_override_only	false	true	生命		scp-003-th,scp-006-th,scp-009-th,scp-011-th,scp-012-th
th	สิ่งของ	10	19	unhandled	false	false			scp-002-th,scp-005-th,scp-008-th,scp-010-th,scp-018-th
th	คล้ายมนุษย์	11	17	curated_override_only	false	true	人間型		scp-009-th,scp-014-th,scp-018-th,scp-020-th,scp-021-th
th	sentient	12	16	unhandled	false	false			bonneneige-s-proposal,dr-comixer-s-proposal,drsss-s-proposal,scp-006-th-arc,scp-008-th-arc
th	มีสติปัญญา	13	14	unhandled	false	false			scp-009-th,scp-014-th,scp-025-th,scp-026-th,scp-031-th
th	researcher-gamma	14	13	unhandled	false	false			assault-the-church-of-the-broken-god,bigduty,chapter-1,chapter-4,chapter-5
th	site20	15	13	jp_tag_alias	true	true	サイト-20		containment-breach-in-site-20,d-class-mentorship-1,d-class-mentorship-2,scp-011-th,scp-014-th
th	อันตรายทางชีวภาพ	16	12	unhandled	false	false			scp-006-th,scp-009-th,scp-011-th,scp-012-th,scp-013-th
th	doctor-famous	17	11	unhandled	false	false			a-survivor-of-k-class,chapter-1,chapter-2,chapter-4,chapter-5
th	horror-foundation	18	11	jp_tag_alias	true	true	ホラーな財団		7-ghost-story-in-the-site-29,d-6679,dr-norleans-and-mysterious-stories,horror-foundation,hour-of-scare
th	sapient	19	11	jp_tag_alias	true	true	知性		bonneneige-s-proposal,philosafix-s-proposal,scp-122-th,scp-140-th,scp-222-th
th	biological	20	10	jp_tag_alias	true	true	生物学		scp-008-th-arc,scp-105-th,scp-123-th,scp-207-th,scp-222-th
th	doctor-ran	21	10	unhandled	false	false			a-survivor-of-k-class,assault-the-church-of-the-broken-god,chapter-1,chapter-2,chapter-4
th	doctor-slavanov	22	10	unhandled	false	false			assault-the-church-of-the-broken-god,chapter-1,chapter-2,chapter-3,chapter-4
th	joke	23	10	jp_tag_alias	true	true	ジョーク		air-conditioner-of-dr-tomson,assault-the-church-of-the-broken-god,out-of-the-frying-pan-and-into-the-fire,project-was-forgotten,scp-100-th-j
th	religious	24	10	jp_tag_alias	true	true	宗教		bonneneige-s-proposal,drsss-s-proposal,philosafix-s-proposal,scp-111-th,scp-345-th
th	เปลี่ยนรูป	25	10	unhandled	false	false			scp-004-th,scp-005-th,scp-009-th,scp-010-th,scp-017-th
th	เคมี	26	9	unhandled	false	false			scp-004-th,scp-009-th,scp-013-th,scp-015-th,scp-017-th
th	agent-warren	27	8	unhandled	false	false			assault-the-church-of-the-broken-god,chapter-1,chapter-4,chapter-5,famous-thomson-and-the-wine-thief
th	airborne	28	8	jp_tag_alias	true	true	空中		scp-110-th,scp-141-th,scp-203-th,scp-356-th-ex,scp-412-th
th	animal	29	8	jp_tag_alias	true	true	動物		philosafix-s-proposal,scp-105-th,scp-106-th,scp-123-th,scp-203-th
th	doctor-alexander	30	8	unhandled	false	false			23-24-am,assault-the-church-of-the-broken-god,chapter-1,chapter-2,chapter-3
th	hostile	31	8	jp_tag_alias	true	true	敵対的		bonneneige-s-proposal,scp-345-th,scp-456-th,scp-495-th,scp-707-th
th	knowing-publishing	32	8	jp_tag_alias	true	true	ノウイング出版		document-inspector,scp-008-th,scp-041-th,scp-148-th,scp-241-th
th	predatory	33	8	jp_tag_alias	true	true	捕食		bonneneige-s-proposal,scp-269-th,scp-345-th,scp-400-th,scp-456-th
th	scp	34	8	jp_tag_name	true	true	scp		happy-birthday-to-me,scp-230-th,scp-411-th,scp-412-th,scp-414-th
th	001-proposal	35	7	jp_tag_alias	true	true	001提言		bonneneige-s-proposal,crozzax-s-proposal,dothis-s-proposal,dr-comixer-s-proposal,drsss-s-proposal
th	agent-arms	36	7	unhandled	false	false			assault-the-church-of-the-broken-god,chapter-2,chapter-3,chapter-4,chapter-5
th	auditory	37	7	jp_tag_alias	true	true	聴覚		bonneneige-s-proposal,scp-104-th,scp-124-th,scp-345-th,scp-411-th
th	doctor-chan	38	7	unhandled	false	false			from-boy-to-man,scp-036-th,scp-038-th,scp-120-th,the-resignation-of-researcher-margaret
th	infohazard	39	7	jp_tag_alias	true	true	情報災害		bonneneige-s-proposal,crozzax-s-proposal,happy-birthday-to-me,scp-100-th-j,scp-241-th
th	media	40	7	jp_tag_alias	true	true	記憶媒体		happy-birthday-to-me,scp-115-th,scp-245-th,scp-577-th,scp-747-th
th	neutralized	41	7	jp_tag_name	true	true	neutralized		scp-002-th,scp-039-th,scp-106-th,scp-291-th,scp-540-th
th	teleportation	42	7	jp_tag_alias	true	true	瞬間移動		dr-comixer-s-proposal,philosafix-s-proposal,scp-006-th-arc,scp-109-th,scp-456-th
th	tomson-famous	43	7	jp_tag_alias	true	true	トムソン&フェイマス		a-survivor-of-k-class,air-conditioner-of-dr-tomson,bipolar,famous-thomson-and-the-wine-thief,project-was-forgotten
th	ชีวภาพ	44	7	unhandled	false	false			scp-009-th,scp-013-th,scp-020-th,scp-025-th,scp-027-th
th	ทางศาสนา	45	7	unhandled	false	false			scp-005-th,scp-025-th,scp-032-th,scp-056-th,scp-099-th
th	สื่อ	46	7	unhandled	false	false			scp-002-th,scp-008-th,scp-024-th,scp-030-th,scp-032-th
th	อัตโนมัติ	47	7	unhandled	false	false			scp-010-th,scp-016-th,scp-025-th,scp-040-th,scp-087-th
th	แปลงลักษณ์	48	7	unhandled	false	false			scp-009-th,scp-014-th,scp-018-th,scp-021-th,scp-025-th
th	biohazard	49	6	jp_tag_alias	true	true	生物災害		scp-113-th,scp-2000-th-arc,scp-207-th,scp-308-th,scp-400-th
th	doctor-slang	50	6	unhandled	false	false			chapter-1,chapter-2,chapter-4,chapter-5,day632
th	doctor-thomson	51	6	unhandled	false	false			a-survivor-of-k-class,famous-thomson-and-the-wine-thief,project-was-forgotten,the-famous-daydream,the-first-time-when-dr-tomson-was-under-attacked
th	zetafoudation	52	6	unhandled	false	false			dothis-s-proposal,happy-birthday-to-me,scp-148-th,scp-630-th,the-old-catoonbook
th	นักล่า	53	6	unhandled	false	false			scp-003-th,scp-011-th,scp-025-th,scp-027-th,scp-053-th
th	พิธีกรรม	54	6	unhandled	false	false			scp-005-th,scp-025-th,scp-057-th,scp-099-th,scp-492-th
th	สัตว์	55	6	unhandled	false	false			scp-015-th,scp-023-th,scp-026-th,scp-037-th,scp-066-th
th	อาหาร	56	6	unhandled	false	false			scp-004-th,scp-027-th,scp-035-th,scp-043-th,scp-054-th
th	เครื่องมือ	57	6	unhandled	false	false			scp-010-th,scp-023-th,scp-024-th,scp-029-th,scp-030-th
th	เคลื่อนที่ได้	58	6	unhandled	false	false			scp-010-th,scp-011-th,scp-016-th,scp-021-th,scp-072-th
th	agent-philosafix	59	5	unhandled	false	false			chapter-4,chapter-5,jungle-in-the-lab,project-was-forgotten,robbery
th	arc	60	5	unhandled	false	false			scp-006-th-arc,scp-008-th-arc,scp-099-th-arc,scp-2000-th-arc,scp-500-th-arc
th	artifact	61	5	jp_tag_alias	true	true	人工		dr-comixer-s-proposal,scp-102-th,scp-345-th,scp-701-th,scp-901-th
th	building	62	5	jp_tag_alias	true	true	建造物		scp-100-th,scp-110-th,scp-202-th,scp-900-th,scp-909-th
th	dothis-s-proposal	63	5	unhandled	false	false			dothis-s-proposal,scp-014-th,scp-016-th,scp-630-th,scp-903-th
th	electronic	64	5	jp_tag_alias	true	true	電子デバイス		happy-birthday-to-me,scp-101-th,scp-307-th,scp-384-th,scp-900-th
th	empathic	65	5	jp_tag_alias	true	true	精神感応		bonneneige-s-proposal,scp-414-th,scp-456-th,scp-495-th,scp-666-th
th	extraterrestrial	66	5	jp_tag_alias	true	true	地球外		dr-comixer-s-proposal,scp-222-th,scp-407-th,scp-630-th,scp-841-th
th	physics	67	5	unhandled	false	false			scp-101-th,scp-400-th,scp-412-th,scp-414-th,scp-900-th
th	portal	68	5	jp_tag_alias	true	true	ポータル		bonneneige-s-proposal,drsss-s-proposal,scp-109-th,scp-111-th,scp-841-th
th	researcher-mary	69	5	unhandled	false	false			containment-breach-in-site-20,first-orientation,naive-researcher,two-years-of-researcher-mary,with-your-respect-and-faithfully
th	telekinetic	70	5	jp_tag_alias	true	true	念力		scp-103-th,scp-105-th,scp-109-th,scp-212-th,scp-914-th
th	telepathic	71	5	jp_tag_alias	true	true	テレパシー		bonneneige-s-proposal,philosafix-s-proposal,scp-105-th,scp-212-th,scp-666-th
th	thaumiel	72	5	jp_tag_name	true	true	thaumiel		philosafix-s-proposal,scp-414-th,scp-444-th,scp-702-th,scp-900-th
th	ทางเชื่อม	73	5	unhandled	false	false			scp-028-th,scp-033-th,scp-056-th,scp-093-th,scp-540-th
th	ศพ	74	5	unhandled	false	false			scp-003-th,scp-020-th,scp-034-th,scp-077-th,scp-112-th
th	ส่งผลต่อจิตใจ	75	5	unhandled	false	false			scp-018-th,scp-019-th,scp-027-th,scp-031-th,scp-120-th
th	อากาศ	76	5	unhandled	false	false			scp-016-th,scp-017-th,scp-023-th,scp-034-th,scp-099-th
th	เคลื่อนย้ายมวลสาร	77	5	unhandled	false	false			scp-023-th,scp-029-th,scp-033-th,scp-040-th,scp-056-th
th	แพร่ระบาด	78	5	unhandled	false	false			scp-006-th,scp-012-th,scp-019-th,scp-020-th,scp-077-th
th	ไฟ	79	5	unhandled	false	false			scp-015-th,scp-021-th,scp-032-th,scp-035-th,scp-092-th
th	artistic	80	4	jp_tag_alias	true	true	芸術		scp-100-th,scp-122-th,scp-493-th,scp-901-th
th	bioarea78	81	4	jp_tag_alias	true	true	バイオエリア-78		scp-006-th,scp-012-th,scp-077-th,scp-087-th
th	doctor-aes	82	4	unhandled	false	false			chapter-1,chapter-4,chapter-5,project-was-forgotten
th	electrical	83	4	jp_tag_alias	true	true	電気		scp-099-th-arc,scp-101-th,scp-2000-th-arc,scp-900-th
th	extradimensional	84	4	jp_tag_alias	true	true	異次元		bonneneige-s-proposal,dothis-s-proposal,scp-099-th-arc,scp-798-th
th	historical	85	4	jp_tag_alias	true	true	歴史		dr-comixer-s-proposal,scp-400-th,scp-711-th,scp-963-th
th	meteorological	86	4	jp_tag_alias	true	true	天候		scp-141-th,scp-346-th,scp-411-th,scp-412-th
th	mr-clerk	87	4	unhandled	false	false			assault-the-church-of-the-broken-god,chapter-1,chapter-4,chapter-5
th	sphere	88	4	jp_tag_alias	true	true	球体		scp-103-th,scp-104-th,scp-384-th,scp-895-th
th	tactile	89	4	jp_tag_alias	true	true	触覚		scp-103-th,scp-109-th,scp-140-th,scp-407-th
th	thegiantesses	90	4	unhandled	false	false			scp-411-th,scp-412-th,scp-414-th,scp-444-th
th	tool	91	4	jp_tag_alias	true	true	道具		scp-099-th-arc,scp-103-th,scp-104-th,scp-2000-th-arc
th	transfiguration	92	4	jp_tag_alias	true	true	変容		scp-099-th-arc,scp-101-th,scp-449-th,scp-728-th
th	transmission	93	4	jp_tag_alias	true	true	通信		scp-099-th-arc,scp-104-th,scp-303-th,scp-384-th
th	vehicle	94	4	jp_tag_alias	true	true	乗り物		scp-099-th-arc,scp-303-th,scp-407-th,scp-630-th
th	visual	95	4	jp_tag_alias	true	true	視覚		bonneneige-s-proposal,scp-502-th,scp-666-th,scp-821-th
th	ประสาทสัมผัส	96	4	unhandled	false	false			scp-008-th,scp-030-th,scp-043-th,scp-120-th
th	ประสาทหลอน	97	4	unhandled	false	false			scp-018-th,scp-019-th,scp-020-th,scp-040-th
th	พืช	98	4	unhandled	false	false			scp-003-th,scp-013-th,scp-022-th,scp-098-th
th	สร้างขึ้นโดยสถาบัน	99	4	unhandled	false	false			scp-002-th,scp-004-th,scp-019-th,scp-057-th
th	อันตรายต่อการรับรู้	100	4	unhandled	false	false			scp-008-th,scp-020-th,scp-031-th,scp-041-th
th	เป็นศัตรู	101	4	unhandled	false	false			scp-016-th,scp-025-th,scp-072-th,scp-099-th
th	ไม่ได้รับการกักกัน	102	4	unhandled	false	false			scp-026-th,scp-032-th,scp-033-th,scp-072-th
th	ไร้รูปร่าง	103	4	unhandled	false	false			scp-014-th,scp-027-th,scp-099-th,scp-771-th
th	aesthetic-of-music-sound	104	3	unhandled	false	false			scp-030-th,scp-115-th,scp-201-th
th	amorphous	105	3	jp_tag_alias	true	true	不定形		scp-141-th,scp-356-th-ex,scp-563-th
th	antimemetic	106	3	jp_tag_alias	true	true	反ミーム		happy-birthday-to-me,scp-707-th,scp-919-th
th	aquatic	107	3	jp_tag_alias	true	true	水中		scp-106-th,scp-925-th,scp-963-th
th	association-of-mutants	108	3	unhandled	false	false			scp-013-th,scp-026-th,scp-346-th
th	autonomous	109	3	jp_tag_alias	true	true	自律		scp-099-th-arc,scp-345-th,scp-500-th-arc
th	computer	110	3	jp_tag_alias	true	true	コンピュータ		crozzax-s-proposal,happy-birthday-to-me,scp-2000-th-arc
th	concept	111	3	jp_tag_alias	true	true	概念		scp-100-th,scp-821-th,scp-878-th
th	doctor-noppadon	112	3	unhandled	false	false			chapter-1,chapter-4,chapter-5
th	document	113	3	jp_tag_alias	true	true	文書		scp-100-th-j,scp-148-th,scp-241-th
th	dr-wondertainment	114	3	jp_tag_alias	true	true	ワンダーテインメント博士		23-24-am,a-big-monster,scp-034-th
th	exchange	115	3	jp_tag_alias	true	true	交換		bonneneige-s-proposal,drsss-s-proposal,scp-345-th
th	factory	116	3	jp_tag_alias	true	true	ファクトリー		scp-093-th,scp-101-th,that-s-a-bad-luck-to-be-alive
th	food	117	3	jp_tag_alias	true	true	食物		scp-422-th-ex,scp-500-th,scp-996-th
th	genetic	118	3	jp_tag_alias	true	true	遺伝子		drsss-s-proposal,scp-222-th,scp-996-th
th	hallucination	119	3	jp_tag_alias	true	true	幻覚		bonneneige-s-proposal,scp-666-th,scp-701-th
th	k-class-scenario	120	3	jp_tag_alias	true	true	k-クラスシナリオ		bonneneige-s-proposal,crozzax-s-proposal,dr-comixer-s-proposal
th	knowledge	121	3	jp_tag_alias	true	true	知識		crozzax-s-proposal,scp-241-th,scp-510-th
th	location	122	3	jp_tag_alias	true	true	場所		scp-123-th,scp-711-th,scp-878-th
th	marshall-carter-and-dark	123	3	jp_tag_alias	true	true	mc&d		dr-ganya-s-plan,scp-036-th,scp-356-th-ex
th	mechanical	124	3	jp_tag_alias	true	true	機械		scp-099-th-arc,scp-411-th,scp-900-th
th	metamorphic	125	3	jp_tag_alias	true	true	変身		scp-122-th,scp-369-th,scp-903-th
th	musical	126	3	jp_tag_alias	true	true	音楽		scp-115-th,scp-245-th,scp-500-th-arc
th	parasitic	127	3	jp_tag_alias	true	true	寄生		scp-269-th,scp-308-th,scp-996-th
th	planet	128	3	jp_tag_alias	true	true	惑星		scp-412-th,scp-414-th,scp-630-th
th	radioactive	129	3	jp_tag_alias	true	true	放射能		scp-102-th,scp-113-th,scp-900-th
th	royer-house	130	3	unhandled	false	false			scp-022-th,scp-039-th,scp-041-th
th	sensory	131	3	jp_tag_alias	true	true	感覚		scp-307-th,scp-493-th,scp-502-th
th	serpents-hand	132	3	jp_tag_alias	true	true	蛇の手		from-boy-to-man,scp-036-th,that-s-a-bad-luck-to-be-alive
th	uncontained	133	3	jp_tag_alias	true	true	未収容		philosafix-s-proposal,scp-750-th,scp-925-th
th	virus	134	3	jp_tag_alias	true	true	ウイルス		scp-207-th,scp-222-th,scp-291-th
th	กลางคืน	135	3	unhandled	false	false			scp-025-th,scp-039-th,scp-093-th
th	การนอนหลับ	136	3	unhandled	false	false			scp-055-th,scp-092-th,scp-540-th
th	การบังคับ	137	3	unhandled	false	false			scp-019-th,scp-031-th,scp-040-th
th	การลิ้มรส	138	3	unhandled	false	false			scp-027-th,scp-043-th,scp-087-th
th	จักขุประสาท	139	3	unhandled	false	false			scp-032-th,scp-041-th,scp-120-th
th	จับต้องไม่ได้	140	3	unhandled	false	false			scp-013-th,scp-015-th,scp-039-th
th	น้ำ	141	3	unhandled	false	false			scp-011-th,scp-015-th,scp-020-th
th	ปรากฏการณ์	142	3	unhandled	false	false			scp-021-th,scp-055-th,scp-093-th
th	ยานพาหนะ	143	3	unhandled	false	false			scp-016-th,scp-034-th,scp-040-th
th	ศิลปกรรม	144	3	unhandled	false	false			scp-018-th,scp-025-th,scp-029-th
th	สิ่งพิมพ์	145	3	unhandled	false	false			scp-008-th,scp-041-th,scp-702-th
th	ออนไลน์	146	3	unhandled	false	false			scp-008-th,scp-030-th,scp-032-th
th	เชิงกาลเวลา	147	3	unhandled	false	false			scp-029-th,scp-032-th,scp-055-th
th	เลือด	148	3	unhandled	false	false			scp-012-th,scp-022-th,scp-077-th
th	agent-steinberg	149	2	unhandled	false	false			assault-the-church-of-the-broken-god,find-test-subject
th	automaton	150	2	unhandled	false	false			scp-345-th,scp-495-th
th	cadaver	151	2	jp_tag_alias	true	true	死体		scp-400-th,scp-878-th
th	carnivorous	152	2	jp_tag_alias	true	true	肉食		scp-400-th,scp-903-th
th	clay	153	2	unhandled	false	false			scp-345-th,scp-909-th
th	cognitohazard	154	2	jp_tag_alias	true	true	認識災害		scp-100-th-j,scp-345-th
th	doctor-phoenix	155	2	unhandled	false	false			assault-the-church-of-the-broken-god,that-s-a-bad-luck-to-be-alive
th	drganya	156	2	unhandled	false	false			dr-ganya-s-plan,ganya-and-her-new-friends-from-french-branch
th	electromagnetic	157	2	jp_tag_alias	true	true	電磁気		scp-411-th,scp-900-th
th	explained	158	2	jp_tag_name	true	true	explained		scp-356-th-ex,scp-422-th-ex
th	fire	159	2	jp_tag_alias	true	true	炎		scp-111-th,scp-203-th
th	girl	160	2	unhandled	false	false			scp-124-th,scp-655-th
th	liquid	161	2	jp_tag_alias	true	true	液体		scp-300-th-arc,scp-909-th
th	memetic	162	2	jp_tag_alias	true	true	ミーム		crozzax-s-proposal,scp-630-th
th	memory-affecting	163	2	jp_tag_alias	true	true	記憶影響		scp-241-th,scp-506-th
th	metaphysical	164	2	unhandled	false	false			dothis-s-proposal,zetafoudation
th	mobile	165	2	jp_tag_alias	true	true	移動		scp-346-th,scp-563-th
th	mr-royer	166	2	jp_tag_alias	true	true	ロイヤーズ		scp-202-th,scp-799-th
th	organic	167	2	unhandled	false	false			scp-006-th-arc,scp-909-th
th	parallel-universe-5	168	2	unhandled	false	false			scp-206-th,scp-407-th
th	philosafix-s-proposal	169	2	unhandled	false	false			philosafix-s-proposal,the-prayer-is-real
th	plant	170	2	jp_tag_alias	true	true	植物		scp-291-th,scp-300-th-arc
th	reality-bending	171	2	jp_tag_alias	true	true	現実改変		dothis-s-proposal,scp-963-th
th	researcher-max	172	2	unhandled	false	false			containment-breach-in-site-20,scp-037-th
th	scp-creator	173	2	unhandled	false	false			dothis-s-proposal,philosafix-s-proposal
th	shadow	174	2	jp_tag_alias	true	true	影		scp-006-th-arc,scp-655-th
th	site187	175	2	unhandled	false	false			scp-003-th,scp-013-th
th	sitebm36	176	2	unhandled	false	false			scp-030-th,scp-099-th
th	slice-of-life	177	2	unhandled	false	false			goodbye,the-full-moon-night
th	sport	178	2	jp_tag_alias	true	true	スポーツ		scp-102-th,scp-103-th
th	statue	179	2	unhandled	false	false			scp-122-th,scp-345-th
th	structure	180	2	jp_tag_alias	true	true	構造		scp-122-th,scp-384-th
th	tale	181	2	jp_tag_name	true	true	tale		happy-birthday-to-me,zetafoudation
th	th-canon	182	2	unhandled	false	false			horror-foundation,zetafoudation
th	th-hub	183	2	unhandled	false	false			horror-foundation,zetafoudation
th	thanawin	184	2	unhandled	false	false			scp-148-th,the-old-catoonbook
th	การต้องสัมผัส	185	2	unhandled	false	false			scp-041-th,scp-120-th
th	ของเล่น	186	2	unhandled	false	false			scp-034-th,scp-352-th
th	คลื่นเสียง	187	2	unhandled	false	false			scp-002-th,scp-036-th
th	ความเป็นไปได้	188	2	unhandled	false	false			scp-002-th,scp-033-th
th	ฆานประสาท	189	2	unhandled	false	false			scp-087-th,scp-120-th
th	ตำแหน่งที่ตั้ง	190	2	unhandled	false	false			scp-020-th,scp-021-th
th	ต้นไม้	191	2	unhandled	false	false			scp-003-th,scp-013-th
th	ทรงกลม	192	2	unhandled	false	false			scp-352-th,scp-771-th
th	นอกโลก	193	2	unhandled	false	false			scp-353-th,scp-444-th
th	บิดเบือนความเป็นจริง	194	2	unhandled	false	false			scp-037-th,scp-041-th
th	ประติมากรรม	195	2	unhandled	false	false			scp-005-th,scp-025-th
th	ประสาทวิทยา	196	2	unhandled	false	false			scp-019-th,scp-031-th
th	ฟื้นฟูตนเอง	197	2	unhandled	false	false			scp-027-th,scp-054-th
th	มีม	198	2	unhandled	false	false			scp-008-th,scp-018-th
th	สมาคมผู้ใช้อำนาจแห่งศาสตร์มืด	199	2	jp_tag_alias	true	true	黒魔力師連盟		scp-005-th,scp-540-th
th	สัตว์ปีก	200	2	unhandled	false	false			scp-023-th,scp-036-th
th	อนาคตกาล	201	2	unhandled	false	false			scp-002-th,scp-033-th
th	อารมณ์	202	2	unhandled	false	false			scp-018-th,scp-031-th
th	อิเล็กทรอนิกส์	203	2	unhandled	false	false			scp-002-th,scp-030-th
th	เครื่องนุ่งห่ม	204	2	unhandled	false	false			scp-010-th,scp-911-th
th	เชิงพื้นที่	205	2	unhandled	false	false			scp-004-th,scp-492-th
th	เหตุการณ์ผิดปกติ	206	2	unhandled	false	false			scp-002-th,scp-024-th
th	แบคทีเรีย	207	2	unhandled	false	false			scp-006-th,scp-012-th
th	แมลง	208	2	unhandled	false	false			scp-027-th,scp-053-th
th	ไวรัส	209	2	unhandled	false	false			scp-012-th,scp-033-th
th	abnormalities	210	1	jp_tag_alias	true	true	怪奇部門		scp-230-th
th	acoustic	211	1	jp_tag_alias	true	true	音波		scp-500-th-arc
th	action	212	1	unhandled	false	false			that-s-a-bad-luck-to-be-alive
th	agent-caulfield	213	1	unhandled	false	false			with-your-respect-and-faithfully
th	agent-nelson	214	1	unhandled	false	false			find-test-subject
th	alien	215	1	unhandled	false	false			dr-comixer-s-proposal
th	android-p101	216	1	unhandled	false	false			services-personnels
th	anomalie	217	1	unhandled	false	false			scp-630-th
th	antique	218	1	unhandled	false	false			scp-115-th
th	apollyon	219	1	jp_tag_name	true	true	apollyon		scp-630-th
th	arachnid	220	1	jp_tag_alias	true	true	クモ		scp-123-th
th	arboreal	221	1	unhandled	false	false			scp-300-th-arc
th	area42	222	1	unhandled	false	false			scp-016-th
th	area72	223	1	unhandled	false	false			scp-072-th
th	association-of-black-magic-power-users	224	1	unhandled	false	false			scp-345-th
th	avian	225	1	unhandled	false	false			bonneneige-s-proposal
th	blood	226	1	jp_tag_alias	true	true	血液		scp-230-th
th	bovine	227	1	jp_tag_alias	true	true	ウシ		scp-346-th
th	boy	228	1	unhandled	false	false			scp-119-th
th	broken-god	229	1	jp_tag_alias	true	true	壊れた神の教会		first-orientation
th	canon	230	1	unhandled	false	false			zetafoudation
th	cephalopodic	231	1	unhandled	false	false			scp-707-th
th	chaos-insurgency	232	1	jp_tag_alias	true	true	カオス・インサージェンシー		day632
th	city	233	1	jp_tag_alias	true	true	都市		scp-110-th
th	clockwork	234	1	jp_tag_alias	true	true	ぜんまい仕掛け		scp-900-th
th	clothing	235	1	jp_tag_alias	true	true	衣類		scp-901-th
th	compulsion	236	1	jp_tag_alias	true	true	強制力		scp-456-th
th	concepts	237	1	unhandled	false	false			zetafoudation
th	doctor-comixer	238	1	unhandled	false	false			assault-the-church-of-the-broken-god
th	doctor-peach	239	1	unhandled	false	false			scp-630-th
th	doctor-sang	240	1	unhandled	false	false			with-your-respect-and-faithfully
th	drnorleans	241	1	unhandled	false	false			dr-norleans-and-mysterious-stories
th	drran	242	1	unhandled	false	false			dr-ganya-s-plan
th	entities	243	1	unhandled	false	false			dothis-s-proposal
th	exploration	244	1	jp_tag_alias	true	true	探査		the-old-catoonbook
th	extremity	245	1	jp_tag_alias	true	true	体肢		scp-101-th
th	feline	246	1	jp_tag_alias	true	true	ネコ		scp-222-th-j
th	foundation-made	247	1	jp_tag_alias	true	true	財団製		scp-506-th
th	fungus	248	1	jp_tag_alias	true	true	真菌類		scp-308-th
th	game	249	1	jp_tag_alias	true	true	ゲーム		scp-307-th
th	gaseous	250	1	jp_tag_alias	true	true	気体		scp-878-th
th	global-occult-coalition	251	1	jp_tag_alias	true	true	世界オカルト連合		scp-008-th-arc
th	gravity	252	1	jp_tag_alias	true	true	重力		scp-400-th
th	hell	253	1	unhandled	false	false			scp-111-th
th	horror	254	1	unhandled	false	false			scp-230-th
th	immobile	255	1	jp_tag_alias	true	true	移動不可能		scp-110-th
th	indestructible	256	1	jp_tag_alias	true	true	破壊不可能		scp-728-th
th	insect	257	1	jp_tag_alias	true	true	昆虫		scp-493-th
th	invertebrate	258	1	jp_tag_alias	true	true	無脊椎動物		philosafix-s-proposal
th	jewelry	259	1	jp_tag_alias	true	true	装飾品		scp-493-th
th	key	260	1	unhandled	false	false			scp-369-th
th	light	261	1	jp_tag_alias	true	true	可視光		scp-119-th
th	loop	262	1	jp_tag_alias	true	true	ループ		scp-006-th-arc
th	lost	263	1	unhandled	false	false			scp-655-th
th	love	264	1	unhandled	false	false			scp-140-th
th	mathematics	265	1	unhandled	false	false			zetafoudation
th	maze	266	1	unhandled	false	false			scp-202-th
th	medical	267	1	jp_tag_alias	true	true	医療		scp-506-th
th	mind-affecting	268	1	jp_tag_alias	true	true	精神影響		scp-345-th
th	mind-affectingneurological	269	1	unhandled	false	false			scp-901-th
th	mythological	270	1	unhandled	false	false			scp-963-th
th	neurological	271	1	jp_tag_alias	true	true	神経		scp-400-th
th	nocturnal	272	1	jp_tag_alias	true	true	夜行性		scp-006-th-arc
th	omnivorous	273	1	unhandled	false	false			scp-105-th
th	online	274	1	jp_tag_alias	true	true	オンライン		crozzax-s-proposal
th	ophidian	275	1	unhandled	false	false			philosafix-s-proposal
th	pataphysics	276	1	unhandled	false	false			zetafoudation
th	pending	277	1	jp_tag_name	true	true	pending		scp-039-th
th	physic	278	1	unhandled	false	false			scp-630-th
th	piscine	279	1	unhandled	false	false			philosafix-s-proposal
th	pixel	280	1	unhandled	false	false			happy-birthday-to-me
th	predictive	281	1	jp_tag_alias	true	true	予知		crozzax-s-proposal
th	probability	282	1	jp_tag_alias	true	true	確率		crozzax-s-proposal
th	ran-ganya	283	1	unhandled	false	false			dr-ganya-s-plan
th	reality-based	284	1	unhandled	false	false			scp-630-th
th	reality-warping	285	1	unhandled	false	false			scp-630-th
th	reanimation	286	1	jp_tag_alias	true	true	蘇生		scp-400-th
th	recording	287	1	jp_tag_alias	true	true	録音録画		scp-747-th
th	researcher-butterscotch	288	1	unhandled	false	false			with-your-respect-and-faithfully
th	researcherciengris	289	1	unhandled	false	false			virtual-dream
th	ritual	290	1	jp_tag_alias	true	true	儀式		scp-728-th
th	sculpture	291	1	jp_tag_alias	true	true	彫像		scp-909-th
th	self-repairing	292	1	jp_tag_alias	true	true	自己修復		scp-104-th
th	site36bm	293	1	unhandled	false	false			scp-025-th
th	sitekp01	294	1	unhandled	false	false			scp-008-th
th	siterh31	295	1	unhandled	false	false			scp-022-th
th	space	296	1	unhandled	false	false			dr-comixer-s-proposal
th	spacetime	297	1	unhandled	false	false			scp-895-th
th	spatial	298	1	jp_tag_alias	true	true	空間		scp-630-th
th	stone	299	1	jp_tag_alias	true	true	岩石		scp-123-th
th	sun	300	1	jp_tag_alias	true	true	太陽		scp-895-th
th	supplement	301	1	jp_tag_alias	true	true	補足		the-old-catoonbook
th	tale-us	302	1	unhandled	false	false			out-of-the-frying-pan-and-into-the-fire
th	th-fr	303	1	unhandled	false	false			ganya-and-her-new-friends-from-french-branch
th	the-association-of-black-magic-power-users	304	1	unhandled	false	false			scp-100-th
th	the-children-of-mirebane	305	1	unhandled	false	false			scp-771-th
th	the-civilian	306	1	jp_tag_alias	true	true	シビリアン		scp-707-th
th	toy	307	1	jp_tag_alias	true	true	玩具		scp-728-th
th	victim	308	1	unhandled	false	false			scp-119-th
th	weapon	309	1	jp_tag_alias	true	true	武器		scp-2000-th-arc
th	wooden	310	1	unhandled	false	false			scp-821-th
th	กลไกนาฬิกา	311	1	unhandled	false	false			scp-099-th
th	การสังเกตการณ์	312	1	unhandled	false	false			scp-352-th
th	การสั่นพ้อง	313	1	unhandled	false	false			scp-036-th
th	ของเหลว	314	1	unhandled	false	false			scp-021-th
th	ข้ามมิติ	315	1	unhandled	false	false			scp-771-th
th	คอมพิวเตอร์	316	1	unhandled	false	false			scp-032-th
th	ดนตรีกรรม	317	1	unhandled	false	false			scp-030-th
th	ดาวเทียม	318	1	unhandled	false	false			scp-353-th
th	ทรงหลายหน้า	319	1	unhandled	false	false			scp-017-th
th	ทำลายไม่ได้	320	1	unhandled	false	false			scp-911-th
th	ธรณีวิทยา	321	1	unhandled	false	false			scp-021-th
th	นอกมิติ	322	1	unhandled	false	false			scp-444-th
th	ปลา	323	1	unhandled	false	false			scp-015-th
th	ผีเสื้อ	324	1	unhandled	false	false			scp-053-th
th	ผู้ให้พร	325	1	unhandled	false	false			scp-009-th
th	พลังจิต	326	1	unhandled	false	false			scp-492-th
th	พาราวอตช์	327	1	unhandled	false	false			scp-039-th
th	ฟิสิกส์	328	1	unhandled	false	false			scp-038-th
th	ฟื้นคืนชีพ	329	1	unhandled	false	false			scp-014-th
th	ภาษา	330	1	unhandled	false	false			scp-008-th
th	มังกร	331	1	unhandled	false	false			scp-035-th
th	มีการปรับตัว	332	1	unhandled	false	false			scp-011-th
th	มีชีวิต	333	1	unhandled	false	false			scp-037-th
th	ระดับ-esoteric	334	1	unhandled	false	false			scp-353-th
th	วงจรวนซ้ำ	335	1	unhandled	false	false			scp-055-th
th	สปีชีส์	336	1	unhandled	false	false			scp-037-th
th	ส่งผลต่อความทรงจำ	337	1	unhandled	false	false			scp-031-th
th	หนอน	338	1	unhandled	false	false			scp-037-th
th	อาคาร	339	1	unhandled	false	false			scp-055-th
th	อาวุธ	340	1	unhandled	false	false			scp-072-th
th	อำนาจบริหาร	341	1	unhandled	false	false			scp-038-th
th	อุณหพลศาสตร์	342	1	unhandled	false	false			scp-034-th
th	เกาะ	343	1	unhandled	false	false			scp-072-th
th	เครื่องกล	344	1	unhandled	false	false			scp-034-th
th	เครื่องประดับ	345	1	unhandled	false	false			scp-029-th
th	เคลื่อนที่ไม่ได้	346	1	unhandled	false	false			scp-028-th
th	เด็ก	347	1	unhandled	false	false			scp-040-th
th	เทพเจ้า	348	1	unhandled	false	false			scp-771-th
th	เป็นพิษ	349	1	unhandled	false	false			scp-003-th
th	เมือง	350	1	unhandled	false	false			scp-039-th
th	เอเลี่ยน	351	1	unhandled	false	false			scp-444-th
th	เอ็กโทเอนโทรปี	352	1	unhandled	false	false			scp-017-th
th	แก๊ส	353	1	unhandled	false	false			scp-021-th
th	แมง	354	1	unhandled	false	false			scp-026-th
th	แม่เหล็กไฟฟ้า	355	1	unhandled	false	false			scp-028-th
th	แรงโน้มถ่วง	356	1	unhandled	false	false			scp-028-th
th	แสงสว่าง	357	1	unhandled	false	false			scp-093-th
th	โครงสร้าง	358	1	unhandled	false	false			scp-009-th
th	โบราณคดี	359	1	unhandled	false	false			scp-072-th
th	โสตประสาท	360	1	unhandled	false	false			scp-030-th
th	ไม่มีกระดูกสันหลัง	361	1	unhandled	false	false			scp-037-th
tr	seri-tr	1	41	unhandled	false	false			scp-tr-001,scp-tr-002,scp-tr-003,scp-tr-005,scp-tr-006
tr	güvenli	2	14	curated_override_only	false	true	safe		scp-tr-003,scp-tr-005,scp-tr-010,scp-tr-012,scp-tr-023
tr	öklid	3	12	curated_override_only	false	true	euclid		scp-tr-006,scp-tr-008,scp-tr-017,scp-tr-020,scp-tr-041
tr	keter	4	10	jp_tag_name	true	true	keter		scp-tr-014,scp-tr-044,scp-tr-046,scp-tr-069,scp-tr-075
tr	insansı	5	4	unhandled	false	false			scp-tr-002,scp-tr-014,scp-tr-017,scp-tr-061
tr	bilişsel-tehlike	6	3	unhandled	false	false			scp-tr-007,scp-tr-049,scp-tr-091
tr	akıllı	7	2	unhandled	false	false			scp-tr-090,scp-tr-097
tr	apollyon	8	2	jp_tag_name	true	true	apollyon		scp-tr-007,scp-tr-013
tr	canlı	9	2	unhandled	false	false			scp-tr-049,scp-tr-053
tr	dr-georg-wessely	10	2	unhandled	false	false			scp-tr-008,scp-tr-088
tr	halüsinojenik	11	2	unhandled	false	false			scp-tr-032,scp-tr-090
tr	hayvan	12	2	unhandled	false	false			scp-tr-049,scp-tr-053
tr	k-sınıfı-senaryo	13	2	unhandled	false	false			scp-tr-007,scp-tr-013
tr	metamemetik	14	2	unhandled	false	false			scp-tr-008,scp-tr-088
tr	nötralize-edildi	15	2	unhandled	false	false			scp-tr-002,scp-tr-030
tr	uyku	16	2	unhandled	false	false			scp-tr-057,scp-tr-097
tr	17-tarikatı	17	1	unhandled	false	false			scp-tr-013
tr	antimemetik	18	1	unhandled	false	false			scp-tr-091
tr	araştırmacı-shawn	19	1	unhandled	false	false			scp-tr-007
tr	arcana-merkezi	20	1	unhandled	false	false			scp-tr-061
tr	bitki	21	1	unhandled	false	false			scp-tr-092
tr	boyutsal	22	1	unhandled	false	false			scp-tr-080
tr	bulaşıcı	23	1	unhandled	false	false			scp-tr-090
tr	bulut	24	1	unhandled	false	false			scp-tr-007
tr	duyarlı	25	1	unhandled	false	false			scp-tr-090
tr	düğüm	26	1	unhandled	false	false			scp-tr-048
tr	elektronik	27	1	unhandled	false	false			scp-tr-032
tr	ettra	28	1	jp_tag_name	true	true	ettra		scp-tr-007
tr	ezoterik-sınıf	29	1	unhandled	false	false			scp-tr-007
tr	fırtına	30	1	unhandled	false	false			scp-tr-007
tr	genetik	31	1	unhandled	false	false			scp-tr-030
tr	gerçeklik-bükücü	32	1	unhandled	false	false			scp-tr-008
tr	geçit	33	1	unhandled	false	false			scp-tr-080
tr	halüsinasyon	34	1	unhandled	false	false			scp-tr-017
tr	hareketli	35	1	unhandled	false	false			scp-tr-049
tr	kabus	36	1	unhandled	false	false			scp-tr-057
tr	kamera	37	1	unhandled	false	false			scp-tr-032
tr	köpek	38	1	unhandled	false	false			scp-tr-049
tr	küp	39	1	unhandled	false	false			scp-tr-048
tr	küresel-gizli-koalisyon	40	1	unhandled	false	false			scp-tr-007
tr	memetik	41	1	unhandled	false	false			scp-tr-088
tr	mutasyon	42	1	unhandled	false	false			scp-tr-061
tr	noosfer	43	1	unhandled	false	false			scp-tr-088
tr	poşet	44	1	unhandled	false	false			scp-tr-048
tr	scp	45	1	jp_tag_name	true	true	scp		scp-tr-014
tr	silah	46	1	unhandled	false	false			scp-tr-005
tr	thaumiel	47	1	jp_tag_name	true	true	thaumiel		scp-tr-030
tr	uzayzaman	48	1	unhandled	false	false			scp-tr-002
tr	vakıf-yapımı	49	1	unhandled	false	false			scp-tr-030
tr	yastık	50	1	unhandled	false	false			scp-tr-057
tr	yönetici	51	1	unhandled	false	false			scp-tr-007
tr	yıldırımlar	52	1	unhandled	false	false			scp-tr-007
tr	zihin-kontrolü	53	1	unhandled	false	false			scp-tr-005
tr	zihni-etkileyen	54	1	unhandled	false	false			scp-tr-097
tr	çam	55	1	unhandled	false	false			scp-tr-092
tr	üç-liman	56	1	unhandled	false	false			scp-tr-061
tr	ışınlanma	57	1	unhandled	false	false			scp-tr-057
ua	ua	1	267	jp_tag_name	true	true	ua		036-ua-ec,a-golos-vopiusogo-v-pustini,about-annihilism-introduction,add-037-ua-mails,addelog007ua
ua	об'єкт	2	177	jp_unused_replacement	true	true		scp	scp-002-ua,scp-003-ua,scp-004-ua,scp-005-ua,scp-006-ua
ua	_oo	3	104	jp_unused_no_single_replacement	true	false			036-ua-ec,a-golos-vopiusogo-v-pustini,about-annihilism-introduction,andrij-pervozvanij-na-kiivskih-gorah,apocryphon-vsevolod
ua	безпечний	4	82	curated_override_only	false	true	safe		scp-002-ua,scp-003-ua,scp-004-ua,scp-005-ua,scp-006-ua
ua	_o	5	77	jp_unused_no_single_replacement	true	false			add-037-ua-mails,addelog007ua,addition-189-ua-2,exp050-sross914-ua,exp067ua
ua	евклід	6	59	curated_override_only	false	true	euclid		scp-009-ua-arc,scp-011-ua,scp-018-ua,scp-023-ua,scp-027-ua
ua	психічний_вплив	7	45	curated_override_only	false	true	精神影響		scp-004-ua,scp-015-ua,scp-016-ua,scp-020-ua,scp-021-ua
ua	конкурс	8	37	unhandled	false	false			every-day-is-a-holiday,first-ua-tale-contest,herodotus-report,i-novij-den-nastane,in-a-dark-dark-room
ua	_ooo	9	36	jp_unused_no_single_replacement	true	false			calinescu-dossier,osobova-sprava-doktora-segluka,protokol-ekspedicii-e-021-2-ua,scp-009-ua-arc,scp-016-ua
ua	оповідання	10	36	unhandled	false	false			036-ua-ec,a-golos-vopiusogo-v-pustini,about-annihilism-introduction,andrij-pervozvanij-na-kiivskih-gorah,apocryphon-vsevolod
ua	гуманоїд	11	29	curated_override_only	false	true	人間型		scp-011-ua,scp-039-ua,scp-043-ua,scp-045-ua,scp-049-ua
ua	візуальний	12	28	unhandled	false	false			scp-004-ua,scp-010-ua,scp-013-ua,scp-020-ua,scp-021-ua
ua	а.д.	13	27	jp_tag_alias	true	true	ad渉外長		036-ua-ec,comrade-xander-dossier,external-relations-orientation-annihilism,external-relations-orientation-robotic-republic,herodotus-report
ua	анігілізм	14	26	jp_tag_alias	true	true	絶滅主義		about-annihilism-introduction,apocryphon-vsevolod,dead-mans-hand,external-relations-orientation-annihilism,message-from-annihilism-ua
ua	кетер	15	26	unhandled	false	false			scp-022-ua,scp-033-ua,scp-037-ua,scp-038-ua,scp-039-ua
ua	др_яким	16	22	jp_tag_alias	true	true	ヤキム博士		a-golos-vopiusogo-v-pustini,andrij-pervozvanij-na-kiivskih-gorah,herodotus-report,kniga-invii,naukovi-osnovi-tavmaturgii-lekcia-d-r-akima-dla-spivrobitnik
ua	артефакт	17	21	unhandled	false	false			scp-004-ua,scp-007-ua,scp-008-ua,scp-019-ua,scp-025-ua
ua	меметичний	18	21	unhandled	false	false			scp-010-ua,scp-021-ua,scp-022-ua,scp-041-ua,scp-054-ua
ua	галюцинація	19	20	unhandled	false	false			scp-010-ua,scp-020-ua,scp-022-ua,scp-039-ua,scp-059-ua
ua	металевий	20	20	unhandled	false	false			scp-004-ua,scp-007-ua,scp-026-ua,scp-031-ua,scp-067-ua
ua	автономний	21	19	unhandled	false	false			scp-020-ua,scp-022-ua,scp-031-ua,scp-033-ua,scp-059-ua
ua	додаток	22	18	unhandled	false	false			add-037-ua-mails,addelog007ua,addition-189-ua-2,e035ua-01,exp067ua
ua	свідомий	23	18	unhandled	false	false			scp-003-ua,scp-006-ua,scp-011-ua,scp-031-ua,scp-037-ua
ua	_oooo	24	17	jp_unused_no_single_replacement	true	false			faq,scp-012-ua,scp-013-ua,scp-018-ua,scp-022-ua
ua	живий	25	17	unhandled	false	false			scp-011-ua,scp-014-ua,scp-018-ua,scp-040-ua,scp-077-ua
ua	зброя	26	17	unhandled	false	false			scp-022-ua,scp-030-ua-arc,scp-033-ua,scp-036-ua,scp-044-ua
ua	небезпека_сприйняття	27	17	unhandled	false	false			scp-041-ua,scp-044-ua,scp-054-ua,scp-065-ua,scp-071-ua
ua	релігія	28	17	unhandled	false	false			andrij-pervozvanij-na-kiivskih-gorah,kniga-invii,scp-036-ua,scp-039-ua,scp-049-ua
ua	телепортація	29	17	unhandled	false	false			scp-008-ua,scp-021-ua,scp-024-ua,scp-033-ua,scp-045-ua
ua	др_Р████	30	15	jp_tag_alias	true	true	r博士		036-ua-ec,addelog007ua,dasgot-dossier,e035ua-01,herodotus-report
ua	ритуал	31	15	unhandled	false	false			scp-039-ua,scp-051-ua,scp-052-ua,scp-053-ua,scp-065-ua
ua	ваз_сбу	32	14	jp_tag_alias	true	true	sbu-異常対策部		bintovani-ludi-vazsbu-ua,dat-i-1210619,herodotus-report,scp-009-ua,scp-029-ua
ua	змінення_реальності	33	13	unhandled	false	false			scp-011-ua,scp-012-ua,scp-030-ua-arc,scp-047-ua,scp-056-ua
ua	розумний	34	13	unhandled	false	false			scp-003-ua,scp-031-ua,scp-034-ua,scp-037-ua,scp-045-ua
ua	яскравий_володар	35	13	jp_tag_alias	true	true	輝かしき王		dead-mans-hand,for-the-novice-magicians-ua,scp-028-ua,scp-045-ua,scp-075-ua
ua	_image	36	12	unhandled	false	false			scp-013-ua,scp-016-ua,scp-017-ua,scp-021-ua,scp-024-ua
ua	біологічний	37	12	unhandled	false	false			scp-014-ua,scp-018-ua,scp-023-ua,scp-040-ua,scp-043-ua
ua	пристрій	38	12	unhandled	false	false			scp-021-ua,scp-022-ua,scp-037-ua,scp-042-ua,scp-058-ua
ua	сприйняття	39	12	unhandled	false	false			scp-042-ua,scp-059-ua,scp-099-ua,scp-119-ua,scp-134-ua
ua	електричний	40	11	unhandled	false	false			scp-005-ua,scp-013-ua,scp-026-ua,scp-058-ua,scp-074-ua
ua	непорушний	41	11	unhandled	false	false			scp-020-ua,scp-027-ua,scp-030-ua,scp-039-ua,scp-055-ua
ua	історичний	42	11	unhandled	false	false			scp-036-ua,scp-041-ua,scp-042-ua,scp-071-ua,scp-095-ua
ua	_xo	43	10	unhandled	false	false			anacharsis-ua-s-artworks,first-ua-tale-contest,foundation-tales-ua,licensing-tales-ua,licensing-ua
ua	будні-scp-ua-2021	44	10	unhandled	false	false			every-day-is-a-holiday,first-ua-tale-contest,herodotus-report,i-novij-den-nastane,in-a-dark-dark-room
ua	будівля	45	10	unhandled	false	false			scp-009-ua,scp-016-ua,scp-020-ua,scp-033-ua,scp-042-ua
ua	ворожий	46	10	unhandled	false	false			scp-033-ua,scp-036-ua,scp-074-ua,scp-077-ua,scp-099-ua
ua	військовий	47	10	unhandled	false	false			scp-030-ua-arc,scp-033-ua,scp-042-ua,scp-104-ua,scp-115-ua-arc
ua	носій_інформації	48	10	unhandled	false	false			scp-020-ua,scp-022-ua,scp-026-ua,scp-047-ua,scp-071-ua
ua	позапросторовий	49	10	unhandled	false	false			scp-011-ua,scp-021-ua,scp-060-ua,scp-074-ua,scp-084-ua
ua	примус	50	10	unhandled	false	false			scp-009-ua-arc,scp-036-ua,scp-041-ua,scp-054-ua,scp-063-ua
ua	труп	51	10	unhandled	false	false			scp-011-ua,scp-032-ua,scp-039-ua,scp-081-ua,scp-090-ua
ua	їжа	52	10	unhandled	false	false			scp-003-ua,scp-006-ua,scp-028-ua,scp-037-ua,scp-045-ua
ua	_tareye_yenenchieyine	53	9	unhandled	false	false			scp-119-ua,scp-123-ua,scp-163-ua,scp-164-ua,scp-165-ua
ua	ЦПБ	54	9	unhandled	false	false			a-golos-vopiusogo-v-pustini,andrij-pervozvanij-na-kiivskih-gorah,kniga-invii,odin-zvicajnij-den-akima,scp-025-ua
ua	біозагроза	55	9	unhandled	false	false			scp-023-ua,scp-030-ua-arc,scp-064-ua,scp-093-ua,scp-099-ua
ua	експеримент	56	9	unhandled	false	false			addelog007ua,e035ua-01,exp050-sross914-ua,exp067ua,experiment-log-103-ua
ua	ектоентропійний	57	9	unhandled	false	false			scp-004-ua,scp-022-ua,scp-030-ua,scp-064-ua,scp-071-ua
ua	змінення_пам'яті	58	9	unhandled	false	false			scp-036-ua,scp-046-ua,scp-047-ua,scp-100-ua,scp-103-ua
ua	клас_k	59	9	unhandled	false	false			scp-015-ua,scp-030-ua,scp-039-ua,scp-042-ua,scp-044-ua
ua	нематеріальний	60	9	unhandled	false	false			scp-016-ua,scp-071-ua,scp-088-ua,scp-089-ua,scp-110-ua
ua	органічний	61	9	unhandled	false	false			scp-023-ua,scp-039-ua,scp-061-ua,scp-078-ua,scp-093-ua
ua	п.о.р.а.	62	9	jp_tag_alias	true	true	政治結社ルフ・アングリフ		scp-041-ua,scp-046-ua,scp-054-ua,scp-071-ua,scp-080-ua
ua	перетворення	63	9	unhandled	false	false			scp-003-ua,scp-006-ua,scp-011-ua,scp-050-ua,scp-126-ua
ua	тварина	64	9	unhandled	false	false			scp-008-ua,scp-031-ua,scp-040-ua,scp-059-ua,scp-080-ua
ua	час-простір	65	9	unhandled	false	false			scp-011-ua,scp-021-ua,scp-024-ua,scp-045-ua,scp-048-ua
ua	адаптивний	66	8	unhandled	false	false			scp-005-ua,scp-022-ua,scp-099-ua,scp-119-ua,scp-134-ua
ua	вид	67	8	unhandled	false	false			scp-018-ua,scp-040-ua,scp-078-ua,scp-093-ua,scp-108-ua
ua	документ	68	8	unhandled	false	false			scp-047-ua,scp-090-ua,scp-109-ua,scp-111-ua,scp-121-ua
ua	др_келінеску	69	8	unhandled	false	false			calinescu-dossier,scp-123-ua,scp-163-ua,scp-164-ua,scp-165-ua
ua	електронний	70	8	unhandled	false	false			scp-002-ua,scp-005-ua,scp-026-ua,scp-042-ua,scp-071-ua
ua	знання	71	8	unhandled	false	false			scp-020-ua,scp-034-ua,scp-047-ua,scp-065-ua,scp-096-ua
ua	мімікрія	72	8	unhandled	false	false			scp-059-ua,scp-061-ua,scp-078-ua,scp-106-ua,scp-123-ua
ua	напис	73	8	unhandled	false	false			scp-033-ua,scp-034-ua,scp-035-ua,scp-041-ua,scp-059-ua
ua	неврологічний	74	8	unhandled	false	false			scp-046-ua,scp-067-ua,scp-100-ua,scp-104-ua,scp-143-ua
ua	хижий	75	8	unhandled	false	false			scp-061-ua,scp-120-ua,scp-142-ua,scp-156-ua,scp-163-ua
ua	хімічний	76	8	unhandled	false	false			scp-050-ua,scp-064-ua,scp-074-ua,scp-081-ua,scp-099-ua
ua	_ooooo	77	7	jp_unused_no_single_replacement	true	false			scp-021-ua,scp-038-ua-kwblaho,scp-086-ua,scp-119-ua,scp-141-ua
ua	автор	78	7	unhandled	false	false			calinescu-dossier,comrade-xander-dossier,dasgot-dossier,kamishann-dossier,osobista-sprava-d-r-akima
ua	акустичний	79	7	unhandled	false	false			scp-002-ua,scp-069-ua,scp-119-ua,scp-123-ua,scp-149-ua
ua	випромінювання	80	7	unhandled	false	false			scp-013-ua,scp-030-ua-arc,scp-074-ua,scp-081-ua,scp-164-ua
ua	гумор	81	7	unhandled	false	false			scp-116-ua-j,scp-164-ua-j,scp-173-ua-j,scp-221-ua-j,scp-666-ua-j
ua	дерев'яний	82	7	unhandled	false	false			scp-008-ua,scp-051-ua,scp-052-ua,scp-063-ua,scp-092-ua
ua	др_шукайло	83	7	unhandled	false	false			036-ua-ec,herodotus-report,scp-036-ua,scp-072-ua,scp-092-ua
ua	емпатія	84	7	unhandled	false	false			scp-061-ua,scp-090-ua,scp-100-ua,scp-138-ua,scp-149-ua
ua	локація	85	7	unhandled	false	false			scp-011-ua,scp-020-ua,scp-023-ua,scp-027-ua,scp-062-ua
ua	оживлення	86	7	unhandled	false	false			scp-039-ua,scp-062-ua,scp-081-ua,scp-100-ua,scp-103-ua
ua	сигнал	87	7	unhandled	false	false			scp-005-ua,scp-042-ua,scp-071-ua,scp-074-ua,scp-087-ua
ua	слуховий	88	7	unhandled	false	false			scp-020-ua,scp-112-ua,scp-143-ua,scp-149-ua,scp-156-ua
ua	спостереження	89	7	unhandled	false	false			scp-004-ua,scp-029-ua,scp-117-ua,scp-143-ua,scp-165-ua
ua	телепатія	90	7	unhandled	false	false			scp-003-ua,scp-037-ua,scp-073-ua,scp-074-ua,scp-087-ua
ua	хаб	91	7	unhandled	false	false			first-ua-tale-contest,groups-of-interest-ua,scp-001-ua,scp-ua-100-contest,scp-ua-summer-2023-contest
ua	весна_2024	92	6	unhandled	false	false			scp-118-ua,scp-130-ua,scp-136-ua,scp-171-ua,scp-182-ua
ua	вогонь	93	6	unhandled	false	false			scp-050-ua,scp-069-ua,scp-113-ua,scp-123-ua,scp-128-ua
ua	гра	94	6	unhandled	false	false			scp-118-ua,scp-130-ua,scp-136-ua,scp-180-ua,scp-182-ua
ua	гравіровка	95	6	unhandled	false	false			scp-007-ua,scp-020-ua,scp-140-ua,scp-144-ua,scp-181-ua
ua	зима_2023	96	6	unhandled	false	false			scp-113-ua,scp-126-ua,scp-160-ua,scp-170-ua,scp-ua-winter-2023-contest
ua	мета	97	6	unhandled	false	false			meta-class,scp-015-ua,scp-030-ua,scp-047-ua,scp-098-ua
ua	механічний	98	6	unhandled	false	false			scp-074-ua,scp-104-ua,scp-115-ua-arc,scp-171-ua,scp-192-ua
ua	музика	99	6	unhandled	false	false			scp-025-ua,scp-026-ua,scp-063-ua,scp-068-ua,scp-105-ua
ua	республіка_роботів	100	6	jp_tag_alias	true	true	ロボット共和国		external-relations-orientation-robotic-republic,scp-022-ua,scp-037-ua,scp-074-ua,scp-076-ua
ua	рослина	101	6	unhandled	false	false			scp-008-ua,scp-014-ua,scp-055-ua,scp-066-ua,scp-106-ua
ua	_kamishann	102	5	unhandled	false	false			scp-105-ua,scp-106-ua,scp-118-ua,scp-134-ua,scp-169-ua
ua	scp-ua-100	103	5	unhandled	false	false			scp-100-ua,scp-101-ua,scp-150-ua,scp-169-ua,scp-ua-100-contest
ua	водний	104	5	unhandled	false	false			scp-074-ua,scp-110-ua,scp-114-ua,scp-125-ua,scp-188-ua
ua	відділ_п	105	5	unhandled	false	false			scp-030-ua-arc,scp-042-ua,scp-051-ua,scp-060-ua,scp-170-ua
ua	дотик	106	5	unhandled	false	false			scp-059-ua,scp-105-ua,scp-138-ua,scp-171-ua,scp-193-ua
ua	залежність	107	5	unhandled	false	false			scp-036-ua,scp-100-ua,scp-128-ua,scp-143-ua,scp-171-ua
ua	запис	108	5	unhandled	false	false			scp-020-ua,scp-026-ua,scp-042-ua,scp-071-ua,scp-112-ua
ua	камінь	109	5	unhandled	false	false			scp-019-ua,scp-035-ua,scp-050-ua,scp-138-ua,scp-194-ua
ua	мистецтво	110	5	unhandled	false	false			scp-041-ua,scp-084-ua,scp-117-ua,scp-118-ua,scp-191-ua
ua	не_зберігається	111	5	unhandled	false	false			scp-056-ua,scp-063-ua,scp-089-ua,scp-097-ua,scp-692-ua-j
ua	побутова_техніка	112	5	unhandled	false	false			scp-002-ua,scp-005-ua,scp-034-ua,scp-083-ua,scp-091-ua
ua	портал	113	5	unhandled	false	false			scp-030-ua,scp-084-ua,scp-109-ua,scp-129-ua,scp-180-ua
ua	рідина	114	5	unhandled	false	false			scp-005-ua,scp-050-ua,scp-056-ua,scp-073-ua,scp-110-ua
ua	самовідновлення	115	5	unhandled	false	false			scp-022-ua,scp-043-ua,scp-061-ua,scp-135-ua,scp-165-ua
ua	саркіцизм	116	5	unhandled	false	false			andrij-pervozvanij-na-kiivskih-gorah,scp-007-ua,scp-073-ua,scp-095-ua,scp-142-ua
ua	скульптура	117	5	unhandled	false	false			scp-031-ua,scp-059-ua,scp-084-ua,scp-173-ua-j,scp-181-ua
ua	сон	118	5	unhandled	false	false			scp-015-ua,scp-039-ua,scp-090-ua,scp-121-ua,scp-143-ua
ua	темпоральний	119	5	unhandled	false	false			scp-024-ua,scp-048-ua,scp-084-ua,scp-096-ua,scp-167-ua
ua	транспорт	120	5	unhandled	false	false			scp-011-ua,scp-026-ua,scp-088-ua,scp-104-ua,scp-197-ua
ua	na_zare	121	4	unhandled	false	false			epilogue-for-na-zare,patchwork-empire,scp-062-ua,trenodia-kruka
ua	архів	122	4	unhandled	false	false			scp-009-ua-arc,scp-030-ua-arc,scp-067-ua-arc,scp-115-ua-arc
ua	генетичний	123	4	unhandled	false	false			scp-011-ua,scp-067-ua,scp-078-ua,scp-095-ua
ua	гроші	124	4	unhandled	false	false			scp-009-ua-arc,scp-075-ua,scp-164-ua,scp-181-ua
ua	дерево	125	4	unhandled	false	false			scp-008-ua,scp-027-ua,scp-138-ua,scp-142-ua
ua	др_щеглюк	126	4	unhandled	false	false			osobova-sprava-doktora-segluka,scp-189-ua,scp-191-ua,scp-193-ua
ua	зараження	127	4	unhandled	false	false			scp-018-ua,scp-071-ua,scp-093-ua,scp-173-ua
ua	зграя	128	4	unhandled	false	false			scp-018-ua,scp-031-ua,scp-108-ua,scp-163-ua
ua	зима_2026	129	4	unhandled	false	false			scp-120-ua,scp-142-ua,scp-156-ua,scp-ua-winter-2026-contest
ua	кмт	130	4	unhandled	false	false			kms-archive-historian-s-diary,scp-114-ua,scp-156-ua,scp-180-ua
ua	комаха	131	4	unhandled	false	false			scp-040-ua,scp-108-ua,scp-168-ua,scp-179-ua
ua	контейнер	132	4	unhandled	false	false			scp-009-ua,scp-034-ua,scp-046-ua,scp-120-ua
ua	лекція	133	4	unhandled	false	false			about-annihilism-introduction,external-relations-orientation-annihilism,external-relations-orientation-robotic-republic,naukovi-osnovi-tavmaturgii-lekcia-d-r-akima-dla-spivrobitnik
ua	літо_2023	134	4	unhandled	false	false			scp-106-ua,scp-114-ua,scp-125-ua,scp-ua-summer-2023-contest
ua	медичний	135	4	unhandled	false	false			scp-029-ua,scp-067-ua,scp-076-ua,scp-141-ua
ua	мобільний	136	4	unhandled	false	false			scp-059-ua,scp-074-ua,scp-171-ua,scp-181-ua
ua	міські_легенди	137	4	unhandled	false	false			scp-088-ua,scp-110-ua,scp-114-ua,scp-147-ua
ua	незруйновний	138	4	unhandled	false	false			scp-022-ua,scp-039-ua,scp-099-ua,scp-181-ua
ua	особливий	139	4	unhandled	false	false			scp-015-ua,scp-030-ua,scp-088-ua,scp-170-ua
ua	паразит	140	4	unhandled	false	false			scp-018-ua,scp-040-ua,scp-106-ua,scp-142-ua
ua	посібник	141	4	unhandled	false	false			faq,how-to-post-your-art-to-the-scp-wiki,meta-class,special-containment-procedures-ua
ua	інструмент	142	4	unhandled	false	false			scp-022-ua,scp-067-ua,scp-099-ua,scp-134-ua
ua	агент_карпатський	143	3	unhandled	false	false			scp-057-ua,scp-092-ua,the-calm-before-the-storm-1
ua	аномалія	144	3	unhandled	false	false			scp-141-ua,scp-148-ua,scp-149-ua
ua	газ	145	3	unhandled	false	false			scp-050-ua,scp-104-ua,scp-197-ua
ua	гок	146	3	unhandled	false	false			scp-074-ua,scp-078-ua,scp-100-ua
ua	др_хмельницький	147	3	unhandled	false	false			036-ua-ec,scp-182-ua,scp-221-ua-j
ua	електромагнітний	148	3	unhandled	false	false			scp-011-ua,scp-071-ua,scp-164-ua
ua	ймовірність	149	3	unhandled	false	false			scp-022-ua,scp-096-ua,scp-111-ua
ua	комп'ютер	150	3	unhandled	false	false			scp-012-ua,scp-064-ua,scp-182-ua
ua	комітет_з_етики	151	3	unhandled	false	false			scp-020-ua,scp-093-ua,scp-179-ua
ua	лівша	152	3	unhandled	false	false			scp-021-ua,scp-024-ua,scp-040-ua
ua	метаморфний	153	3	unhandled	false	false			scp-031-ua,scp-061-ua,scp-165-ua
ua	не_призначено	154	3	jp_unused_replacement	true	true		esoteric-class	scp-049-ua,scp-074-ua,scp-147-ua
ua	нейтралізований	155	3	unhandled	false	false			scp-020-ua,scp-123-ua,scp-135-ua
ua	няк	156	3	unhandled	false	false			scp-029-ua,scp-044-ua,scp-191-ua
ua	нічний	157	3	unhandled	false	false			scp-016-ua,scp-059-ua,scp-147-ua
ua	одяг	158	3	unhandled	false	false			scp-017-ua,scp-132-ua,scp-181-ua
ua	перелік_аномалій	159	3	unhandled	false	false			log-of-anomalous-items-ua,log-of-extranormal-events-ua,log-of-extranormal-locations-ua
ua	петля	160	3	unhandled	false	false			scp-011-ua,scp-047-ua,scp-103-ua
ua	проєкт_бійня	161	3	unhandled	false	false			addelog007ua,only-liars-can-betray,scp-007-ua
ua	птах	162	3	unhandled	false	false			scp-075-ua,scp-098-ua,scp-138-ua
ua	підземний	163	3	unhandled	false	false			scp-039-ua,scp-085-ua,scp-110-ua
ua	розмноження	164	3	unhandled	false	false			scp-052-ua,scp-067-ua,scp-192-ua
ua	світло	165	3	unhandled	false	false			scp-030-ua,scp-059-ua,scp-143-ua
ua	собака	166	3	unhandled	false	false			scp-040-ua,scp-080-ua,scp-135-ua
ua	співавторство	167	3	unhandled	false	false			scp-080-ua,scp-100-ua,scp-117-ua
ua	статевий	168	3	unhandled	false	false			scp-023-ua,scp-138-ua,scp-692-ua-j
ua	створено_фондом	169	3	unhandled	false	false			scp-042-ua,scp-103-ua,scp-188-ua
ua	творча-сторінка	170	3	unhandled	false	false			anacharsis-ua-s-artworks,seventeam-s-artworks,svatilise-arhonta-vinsenta-i
ua	інтернет	171	3	unhandled	false	false			scp-041-ua,scp-160-ua,scp-705-ua-j
ua	інцидент	172	3	unhandled	false	false			inc-096-ua-shl00,inc096-ua-682,scp-075-i01-ua
ua	автомат	173	2	unhandled	false	false			scp-074-ua,scp-181-ua
ua	авторство	174	2	unhandled	false	false			licensing-tales-ua,licensing-ua
ua	антимеметичний	175	2	unhandled	false	false			scp-042-ua,scp-055-ua
ua	аудіо	176	2	unhandled	false	false			scp-054-ua,scp-101-ua
ua	багатогранник	177	2	unhandled	false	false			scp-019-ua,scp-194-ua
ua	безхребетне	178	2	unhandled	false	false			scp-120-ua,scp-184-ua
ua	вистава	179	2	unhandled	false	false			scp-126-ua,scp-148-ua
ua	вплив	180	2	unhandled	false	false			scp-101-ua,scp-191-ua
ua	г'юми	181	2	unhandled	false	false			scp-014-ua,scp-168-ua
ua	геологічний	182	2	unhandled	false	false			scp-085-ua,scp-138-ua
ua	гоі-формат	183	2	unhandled	false	false			bintovani-ludi-vazsbu-ua,dat-i-1210619
ua	др_сноволя	184	2	unhandled	false	false			last-time-that-failed-my-lord,scp-142-ua
ua	заєць	185	2	unhandled	false	false			scp-031-ua,scp-063-ua
ua	зима_2025	186	2	unhandled	false	false			scp-147-ua,scp-183-ua
ua	книга	187	2	unhandled	false	false			scp-079-ua,scp-189-ua
ua	когнітивна_загроза	188	2	unhandled	false	false			scp-101-ua,scp-164-ua-j
ua	логос	189	2	unhandled	false	false			scp-054-ua,scp-189-ua
ua	математичний	190	2	unhandled	false	false			scp-064-ua,scp-079-ua
ua	меблі	191	2	unhandled	false	false			scp-181-ua,scp-705-ua-j
ua	ментальний	192	2	unhandled	false	false			scp-054-ua,scp-101-ua
ua	мова	193	2	unhandled	false	false			scp-031-ua,scp-173-ua
ua	місто	194	2	unhandled	false	false			scp-113-ua,scp-129-ua
ua	оповідання_список	195	2	unhandled	false	false			foundation-tales-ua,scp-ua-tales
ua	очі	196	2	unhandled	false	false			scp-140-ua,scp-150-ua
ua	парадокс	197	2	unhandled	false	false			scp-047-ua,scp-167-ua
ua	повстанці_хаосу	198	2	unhandled	false	false			scp-044-ua,scp-096-ua
ua	прикраса	199	2	unhandled	false	false			scp-060-ua,scp-181-ua
ua	прогностичний	200	2	unhandled	false	false			scp-071-ua,scp-111-ua
ua	розповідь	201	2	unhandled	false	false			scp-071-ua,scp-150-ua
ua	скло	202	2	unhandled	false	false			scp-004-ua,scp-170-ua
ua	споруда	203	2	unhandled	false	false			scp-180-ua,scp-198-ua
ua	тавматургія	204	2	unhandled	false	false			scp-142-ua,slipets-ta-napivmrets
ua	тауміель	205	2	unhandled	false	false			scp-019-ua,scp-042-ua
ua	творчість	206	2	unhandled	false	false			anacharsis-ua-s-artworks,svatilise-arhonta-vinsenta-i
ua	термальний	207	2	unhandled	false	false			scp-074-ua,scp-143-ua
ua	термодинамічний	208	2	unhandled	false	false			scp-030-ua,scp-123-ua
ua	токсичний	209	2	unhandled	false	false			scp-023-ua,scp-128-ua
ua	фізика	210	2	unhandled	false	false			scp-048-ua,scp-183-ua
ua	інтерактивний	211	2	unhandled	false	false			scp-047-ua,scp-080-ua
ua	інфозагроза	212	2	unhandled	false	false			scp-044-ua,scp-061-ua
ua	001	213	1	unhandled	false	false			scp-001-ua
ua	_admin	214	1	unhandled	false	false			faq
ua	_kamishann+	215	1	unhandled	false	false			scp-117-ua
ua	_licensebox	216	1	unhandled	false	false			scp-142-ua
ua	_ваз_сбу	217	1	unhandled	false	false			dat-i-1210619
ua	_мог	218	1	unhandled	false	false			weapons-vencles-mtf-security-ua
ua	_оo	219	1	unhandled	false	false			kms-archive-historian-s-diary
ua	_оoo	220	1	unhandled	false	false			scp-184-ua
ua	fr_жовтий	221	1	unhandled	false	false			scp-171-ua
ua	tag	222	1	unhandled	false	false			scp-142-ua
ua	М.Д.	223	1	unhandled	false	false			herodotus-report
ua	аморфний	224	1	unhandled	false	false			scp-123-ua
ua	аполіон	225	1	unhandled	false	false			scp-030-ua
ua	бактерія	226	1	unhandled	false	false			scp-093-ua
ua	біологічний_вид	227	1	unhandled	false	false			scp-184-ua
ua	вібрація	228	1	unhandled	false	false			scp-692-ua-j
ua	війсковий	229	1	unhandled	false	false			scp-186-ua
ua	глина	230	1	unhandled	false	false			scp-181-ua
ua	гоі	231	1	unhandled	false	false			groups-of-interest-ua
ua	гравітація	232	1	unhandled	false	false			scp-038-ua
ua	гриб	233	1	unhandled	false	false			scp-023-ua
ua	гімал	234	1	unhandled	false	false			scp-170-ua
ua	даас_еліон	235	1	unhandled	false	false			scp-088-ua
ua	девіти	236	1	unhandled	false	false			scp-073-ua
ua	дерев’яний	237	1	unhandled	false	false			scp-143-ua
ua	др_маровчук	238	1	unhandled	false	false			scp-142-ua
ua	др_пазуренко	239	1	unhandled	false	false			scp-142-ua
ua	експедиція	240	1	unhandled	false	false			protokol-ekspedicii-e-021-2-ua
ua	ентропійний	241	1	unhandled	false	false			scp-081-ua
ua	залізниця	242	1	unhandled	false	false			scp-030-ua-arc
ua	змінення_пам’яті	243	1	unhandled	false	false			scp-143-ua
ua	змія	244	1	unhandled	false	false			scp-008-ua
ua	значення	245	1	unhandled	false	false			scp-143-ua
ua	зуби	246	1	unhandled	false	false			scp-142-ua
ua	класи_об'єктів	247	1	unhandled	false	false			meta-class
ua	ключ	248	1	unhandled	false	false			scp-099-ua
ua	козел	249	1	unhandled	false	false			scp-170-ua
ua	колективний_розум	250	1	unhandled	false	false			scp-184-ua
ua	концепт	251	1	unhandled	false	false			scp-042-ua
ua	кристал	252	1	unhandled	false	false			scp-104-ua
ua	кров	253	1	unhandled	false	false			scp-053-ua
ua	кінцівка	254	1	unhandled	false	false			scp-011-ua
ua	кішка	255	1	unhandled	false	false			scp-059-ua
ua	лінгвіст_акоїт	256	1	unhandled	false	false			scp-142-ua
ua	м'ясний_цирк	257	1	unhandled	false	false			scp-078-ua
ua	майбутнє	258	1	unhandled	false	false			scp-186-ua
ua	манна	259	1	unhandled	false	false			scp-100-ua
ua	мапа	260	1	unhandled	false	false			scp-194-ua
ua	метафізичний	261	1	unhandled	false	false			scp-053-ua
ua	метеорологічний	262	1	unhandled	false	false			scp-025-ua
ua	механізм	263	1	unhandled	false	false			scp-022-ua
ua	миша	264	1	unhandled	false	false			scp-032-ua
ua	мкід	265	1	unhandled	false	false			scp-094-ua
ua	мог	266	1	unhandled	false	false			task-forces-ua
ua	музичний	267	1	unhandled	false	false			scp-149-ua
ua	мікроскопічний	268	1	unhandled	false	false			scp-040-ua
ua	мініатюрний	269	1	unhandled	false	false			scp-005-ua
ua	місяць	270	1	unhandled	false	false			scp-008-ua
ua	носій	271	1	unhandled	false	false			scp-061-ua
ua	нумен	272	1	unhandled	false	false			scp-015-ua
ua	нюховий	273	1	unhandled	false	false			scp-108-ua
ua	обмін	274	1	unhandled	false	false			scp-123-ua
ua	обґрунтований	275	1	unhandled	false	false			scp-2014-ua-ex
ua	олень	276	1	unhandled	false	false			scp-170-ua
ua	пааг	277	1	unhandled	false	false			scp-023-ua
ua	павук	278	1	unhandled	false	false			scp-078-ua
ua	пам'ять	279	1	unhandled	false	false			scp-015-ua
ua	перелік_об'єктів	280	1	unhandled	false	false			scp-series-ua
ua	повітряний	281	1	unhandled	false	false			scp-069-ua
ua	потойбічний	282	1	unhandled	false	false			scp-195-ua
ua	проф_гаспид	283	1	unhandled	false	false			scp-142-ua
ua	радіоактивний	284	1	unhandled	false	false			scp-022-ua
ua	реальність	285	1	unhandled	false	false			scp-008-ua
ua	регенерація	286	1	unhandled	false	false			scp-055-ua
ua	рептилія	287	1	unhandled	false	false			scp-077-ua
ua	риба	288	1	unhandled	false	false			scp-028-ua
ua	сад	289	1	unhandled	false	false			scp-055-ua
ua	самовідтворення	290	1	unhandled	false	false			scp-173-ua
ua	смаковий	291	1	unhandled	false	false			scp-143-ua
ua	смерть	292	1	unhandled	false	false			scp-175-ua
ua	спілка	293	1	unhandled	false	false			scp-094-ua
ua	сфера	294	1	unhandled	false	false			scp-140-ua
ua	телекінез	295	1	unhandled	false	false			scp-136-ua
ua	туман	296	1	unhandled	false	false			scp-015-ua
ua	тінь	297	1	unhandled	false	false			scp-089-ua
ua	фото	298	1	unhandled	false	false			scp-041-ua
ua	фільм	299	1	unhandled	false	false			scp-169-ua
ua	черв	300	1	unhandled	false	false			scp-184-ua
ua	шукайло	301	1	unhandled	false	false			scp-114-ua
ua	єсод	302	1	unhandled	false	false			scp-042-ua
vn	_licensebox	1	260	unhandled	false	false			a-haunted-memory,a-paws-itive-security-breach,additional-document-099-vn-2611,airport,anh-duong-sau-dem-toi
vn	scp-vn	2	183	jp_unused_replacement	true	true		scp	scp-002-vn,scp-003-vn,scp-004-vn,scp-005-vn,scp-006-vn
vn	_cc	3	171	unhandled	false	false			a-paws-itive-security-breach,additional-document-099-vn-2611,anh-nhin-t-man-dem,ba-ly-cocktail,bao-cao-khai-quat-diem-g198-vn
vn	truyện-vn	4	107	jp_unused_replacement	true	true		tale	a-haunted-memory,a-paws-itive-security-breach,additional-document-099-vn-2611,airport,anh-duong-sau-dem-toi
vn	đồng-tác-giả	5	52	unhandled	false	false			cheating-incident-of-21-vn,chuong-su-ngam-khuc,dem-hen-ben-bo-bien,extra-shift,forever-garden
vn	euclid	6	49	jp_tag_name	true	true	euclid		scp-003-vn,scp-013-vn,scp-015-vn,scp-025-vn,scp-039-vn
vn	safe	7	48	jp_tag_name	true	true	safe		scp-002-vn,scp-009-vn,scp-011-vn,scp-014-vn,scp-016-vn
vn	dạng-người	8	44	curated_override_only	false	true	人間型		scp-002-vn,scp-005-vn,scp-006-vn,scp-015-vn,scp-019-vn
vn	_cc4	9	39	unhandled	false	false			ba-ly-cocktail,bo-bien-noi-doi-ta-ket-thuc-va-bat-dau,break-out-and-track-down,co-gai-say-xin,doi-ta-khi-la-giay
vn	trí-khôn	10	36	curated_override_only	false	true	知性		scp-006-vn,scp-019-vn,scp-025-vn,scp-028-vn,scp-042-vn
vn	động-vật	11	34	unhandled	false	false			scp-009-vn,scp-027-vn,scp-028-vn,scp-032-vn,scp-045-vn
vn	keter	12	33	jp_tag_name	true	true	keter		scp-004-vn,scp-005-vn,scp-007-vn,scp-018-vn,scp-019-vn
vn	còn-sống	13	30	unhandled	false	false			scp-003-vn,scp-016-vn,scp-027-vn,scp-028-vn,scp-032-vn
vn	imgexcon25	14	30	jp_tag_name	true	true	imgexcon25		ba-ly-cocktail,bo-bien-noi-doi-ta-ket-thuc-va-bat-dau,break-out-and-track-down,co-gai-say-xin,doi-ta-khi-la-giay
vn	từ-rừng-đi-lên	15	28	unhandled	false	false			a-haunted-memory,anh-duong-sau-dem-toi,break-out-and-track-down,dem-dai-lam-mong,extra-shift
vn	đơn-vị-tâm-linh	16	28	unhandled	false	false			bao-cao-khai-quat-diem-g198-vn,bat-do-ky,ca-cap-cuu-o-don-vi-tam-linh,chuong-su-ngam-khuc,hung-hoa-mot-chen-tra
vn	đặc-sắc	17	27	unhandled	false	false			a-haunted-memory,forgetful,giac-mo-dau-dai-hoc,mot-ngay-moi-phong-ban-dich-thuat,mot-the-gioi-khac
vn	phân-loại-huyền-bí	18	25	unhandled	false	false			scp-023-vn,scp-026-vn,scp-030-vn,scp-034-vn,scp-043-vn
vn	đời-thường	19	24	unhandled	false	false			a-paws-itive-security-breach,anh-duong-sau-dem-toi,c-m-vien-ng-u-th,cheating-incident-of-21-vn,dem-dai-lam-mong
vn	ảnh-hưởng-tâm-trí	20	24	unhandled	false	false			scp-007-vn,scp-018-vn,scp-026-vn,scp-031-vn,scp-033-vn
vn	kỳ-ảo	21	20	unhandled	false	false			bao-cao-khai-quat-diem-g198-vn,bat-do-ky,ca-cap-cuu-o-don-vi-tam-linh,chuong-su-ngam-khuc,flame
vn	phụ-huynh-giám-sát	22	20	unhandled	false	false			airport,hot-len-nao-nhung-tam-hon-tho-ngay,moon-champ-s-moon-festival,never-be-laid-to-waste-by-some-waste,never-know-when-your-past-will-come-and-bite-at-you
vn	lịch-sử	23	19	unhandled	false	false			scp-004-vn,scp-006-vn,scp-016-vn,scp-017-vn,scp-075-vn
vn	vô-hiệu-hóa	24	17	unhandled	false	false			scp-006-vn,scp-012-vn,scp-025-vn,scp-026-vn,scp-031-vn
vn	công-trình	25	16	unhandled	false	false			scp-002-vn,scp-022-vn,scp-066-vn,scp-079-vn,scp-096-vn
vn	giám-đốc-vũ-quỳnh-thư	26	16	unhandled	false	false			a-haunted-memory,dem-dai-lam-mong,hau-sinh-kha-uy,ma-dao-thanh-cong-tai-ong-mat-ngua,mong-ba-tet-thay
vn	thaumiel	27	16	jp_tag_name	true	true	thaumiel		scp-020-vn,scp-030-vn,scp-042-vn,scp-048-vn,scp-058-vn
vn	vn-zh-xmas25	28	16	jp_tag_name	true	true	vn-zh-xmas25		a-paws-itive-security-breach,lightning-and-the-lens,scp-104-vn,scp-121-vn,scp-123-vn
vn	bùi-anh-đức	29	15	unhandled	false	false			a-haunted-memory,break-out-and-track-down,extra-shift,ideal,ma-dao-thanh-cong-tai-ong-mat-ngua
vn	trinitycon2023	30	15	jp_tag_name	true	true	trinitycon2023		lair-of-the-morningstar,o-noi-tan-cung,phong-ban-chet-doi,phongbangiacmo,scp-021-vn
vn	truyện-lịch-sử	31	15	unhandled	false	false			bat-do-ky,bleeding-caoutchouc-plantation,c-m-vien-ng-u-th,endless-flights,hung-hoa-mot-chen-tra
vn	hài-hước	32	14	unhandled	false	false			additional-document-099-vn-2611,cheating-incident-of-21-vn,giac-mo-dau-dai-hoc,giao-thuc-nui-cam,ma-dao-thanh-cong-tai-ong-mat-ngua
vn	phán-sự-tùy-bút	33	14	unhandled	false	false			bao-cao-khai-quat-diem-g198-vn,bat-do-ky,ca-cap-cuu-o-don-vi-tam-linh,chuong-su-ngam-khuc,hung-hoa-mot-chen-tra
vn	tôn-giáo	34	14	unhandled	false	false			scp-005-vn,scp-007-vn,scp-021-vn,scp-024-vn,scp-040-vn
vn	goivncon26	35	13	unhandled	false	false			c-m-vien-ng-u-th,oh-but-you-are-alone,scp-135-vn,scp-136-vn,scp-141-vn
vn	thực-vật	36	13	unhandled	false	false			scp-015-vn,scp-016-vn,scp-030-vn,scp-034-vn,scp-075-vn
vn	buồn-vui-lẫn-lộn	37	12	unhandled	false	false			airport,bo-bien-noi-doi-ta-ket-thuc-va-bat-dau,doi-ta-khi-la-giay,flame,forgetful
vn	diệp-tôn	38	12	unhandled	false	false			bat-do-ky,ca-cap-cuu-o-don-vi-tam-linh,nx-59-vn,scp-015-vn,scp-030-vn
vn	giám-đốc-nguyễn-dương	39	12	jp_tag_alias	true	true	ズオン管理官		cheating-incident-of-21-vn,ma-dao-thanh-cong-tai-ong-mat-ngua,phi-v-d-ng-d-t,scp-017-vn,scp-048-vn
vn	lý-tưởng-và-trả-thù	40	12	unhandled	false	false			a-haunted-memory,break-out-and-track-down,extra-shift,ideal,revenge
vn	100-vn	41	11	jp_tag_name	true	true	100-vn		scp-024-vn,scp-040-vn,scp-069-vn,scp-082-vn,scp-088-vn
vn	nghi-lễ	42	11	unhandled	false	false			scp-007-vn,scp-012-vn,scp-045-vn,scp-047-vn,scp-048-vn
vn	steve-nguyễn	43	11	unhandled	false	false			bat-do-ky,ca-cap-cuu-o-don-vi-tam-linh,chuong-su-ngam-khuc,nam-rong-sap-sang-tan-trang-to-chuc,ngay-giang-sinh-dau-tien
vn	tình-cảm	44	11	unhandled	false	false			anh-duong-sau-dem-toi,bo-bien-noi-doi-ta-ket-thuc-va-bat-dau,co-gai-say-xin,dem-hen-ben-bo-bien,forgetful
vn	tổ-chức-tạo	45	11	unhandled	false	false			scp-022-vn,scp-031-vn,scp-089-vn,scp-094-vn,scp-095-vn
vn	vận-năng-bất-luật	46	11	unhandled	false	false			scp-011-vn,scp-016-vn,scp-019-vn,scp-031-vn,scp-039-vn
vn	xác-chết	47	11	unhandled	false	false			scp-021-vn,scp-024-vn,scp-060-vn,scp-068-vn,scp-074-vn
vn	chưa-quản-thúc	48	10	unhandled	false	false			scp-019-vn,scp-026-vn,scp-043-vn,scp-070-vn,scp-072-vn
vn	flower-heaven	49	10	unhandled	false	false			forever-garden,layers-of-white,scp-034-vn,scp-035-vn,scp-056-vn
vn	giám-đốc-bale	50	10	unhandled	false	false			moon-champ-s-moon-festival,nam-rong-sap-sang-tan-trang-to-chuc,never-be-laid-to-waste-by-some-waste,never-know-when-your-past-will-come-and-bite-at-you,never-meet-the-wacky-red-guy
vn	hiện-tượng	51	10	unhandled	false	false			scp-034-vn,scp-038-vn,scp-053-vn,scp-054-vn,scp-063-vn
vn	hành-động	52	10	unhandled	false	false			endless-flights,muoi-sau-mua-tuyet-phu,never-be-laid-to-waste-by-some-waste,never-know-when-your-past-will-come-and-bite-at-you,nhung-ke-thach-thuc
vn	ngôi-thứ-nhất	53	10	unhandled	false	false			doi-ta-khi-la-giay,forgetful,giao-thuc-nui-cam,mua-sen-tan,ngu-hanh-tran-quai
vn	nước	54	10	unhandled	false	false			scp-033-vn,scp-038-vn,scp-067-vn,scp-080-vn,scp-094-vn
vn	phiêu-lưu	55	10	unhandled	false	false			c-m-vien-ng-u-th,cheating-incident-of-21-vn,mot-ngay-moi-phong-ban-dich-thuat,never-be-laid-to-waste-by-some-waste,never-know-when-your-past-will-come-and-bite-at-you
vn	quản-trị-điểm-75-vn	56	10	unhandled	false	false			ca-cap-cuu-o-don-vi-tam-linh,ngay-giang-sinh-dau-tien,scp-031-vn,scp-038-vn,scp-088-vn
vn	thơ	57	10	unhandled	false	false			anh-nhin-t-man-dem,c-m-vien-ng-u-th,chuong-su-ngam-khuc,khuc-dong-dao-phan-su,me-oi
vn	ấm-lòng	58	10	unhandled	false	false			co-gai-say-xin,hot-len-nao-nhung-tam-hon-tho-ngay,layers-of-white,ma-dao-thanh-cong-tai-ong-mat-ngua,moon-champ-s-moon-festival
vn	childhoodcon2023	59	9	unhandled	false	false			a-haunted-memory,scp-019-vn,scp-036-vn,scp-038-vn,scp-106-vn
vn	khái-niệm	60	9	unhandled	false	false			scp-010-vn,scp-031-vn,scp-035-vn,scp-048-vn,scp-055-vn
vn	ngoại-không-gian	61	9	unhandled	false	false			scp-017-vn,scp-029-vn,scp-040-vn,scp-045-vn,scp-055-vn
vn	sinh-học	62	9	unhandled	false	false			scp-030-vn,scp-038-vn,scp-060-vn,scp-097-vn,scp-105-vn
vn	thời-tiết	63	9	unhandled	false	false			scp-054-vn,scp-090-vn,scp-094-vn,scp-096-vn,scp-138-vn
vn	tạo-tác	64	9	unhandled	false	false			scp-020-vn,scp-036-vn,scp-037-vn,scp-055-vn,scp-057-vn
vn	y-tế	65	9	unhandled	false	false			scp-019-vn,scp-038-vn,scp-050-vn,scp-097-vn,scp-115-vn
vn	địa-điểm	66	9	unhandled	false	false			scp-003-vn,scp-024-vn,scp-050-vn,scp-090-vn,scp-121-vn
vn	blackout-contest-vn	67	8	unhandled	false	false			anh-nhin-t-man-dem,cay-kho,duong-tat,me-oi,scp-050-vn
vn	chim	68	8	unhandled	false	false			scp-034-vn,scp-052-vn,scp-061-vn,scp-076-vn,scp-085-vn
vn	cupidcon24-vn	69	8	jp_tag_name	true	true	cupidcon24-vn		anh-duong-sau-dem-toi,dem-hen-ben-bo-bien,mua-hoa-anh-dao,nang-tho,scp-023-vn
vn	kinh-dị	70	8	unhandled	false	false			duong-tat,lair-of-the-morningstar,me-oi,nuoi-bao-trong-nha,scp-026-vn
vn	loài	71	8	unhandled	false	false			scp-084-vn,scp-085-vn,scp-105-vn,scp-128-vn,scp-141-vn
vn	ngoài-hành-tinh	72	8	unhandled	false	false			scp-029-vn,scp-041-vn,scp-051-vn,scp-111-vn,scp-133-vn
vn	thực-phẩm	73	8	unhandled	false	false			scp-028-vn,scp-062-vn,scp-082-vn,scp-086-vn,scp-091-vn
vn	tiến-sĩ-ann	74	8	unhandled	false	false			nam-rong-sap-sang-tan-trang-to-chuc,phong-ban-chet-doi,scp-009-vn,scp-031-vn,scp-036-vn
vn	âm-nhạc	75	8	unhandled	false	false			scp-028-vn,scp-036-vn,scp-037-vn,scp-063-vn,scp-065-vn
vn	ảm-đạm	76	8	unhandled	false	false			anh-duong-sau-dem-toi,lair-of-the-morningstar,me-oi,never-know-when-your-past-will-come-and-bite-at-you,nhung-nguoi-la
vn	_người-lớn	77	7	unhandled	false	false			forever-garden,giac-mo-dau-dai-hoc,scp-060-vn,scp-125-vn,scp-269-vn
vn	bảy-đại-tội	78	7	unhandled	false	false			scp-701-vn,scp-702-vn,scp-703-vn,scp-704-vn,scp-705-vn
vn	bầy-đàn	79	7	unhandled	false	false			scp-003-vn,scp-027-vn,scp-032-vn,scp-070-vn,scp-077-vn
vn	cổng-không-gian	80	7	unhandled	false	false			scp-017-vn,scp-079-vn,scp-083-vn,scp-108-vn,scp-136-vn
vn	giáng-sinh	81	7	unhandled	false	false			never-meet-the-wacky-red-guy,ngay-giang-sinh-dau-tien,scp-005-vn,scp-021-vn,scp-185-vn
vn	giấc-ngủ	82	7	unhandled	false	false			scp-037-vn,scp-064-vn,scp-068-vn,scp-135-vn,scp-160-vn
vn	goc	83	7	unhandled	false	false			nhung-nguoi-la,nx-59-vn,scp-010-vn,scp-102-vn,scp-113-vn
vn	phương-tiện	84	7	unhandled	false	false			scp-005-vn,scp-018-vn,scp-042-vn,scp-051-vn,scp-107-vn
vn	quận-không	85	7	unhandled	false	false			nx-59-vn,scp-030-vn,scp-111-vn,scp-420-vn,the-merchants-of-district-zero
vn	truyền-nhiễm	86	7	unhandled	false	false			scp-013-vn,scp-018-vn,scp-038-vn,scp-040-vn,scp-088-vn
vn	trẻ-con	87	7	unhandled	false	false			scp-014-vn,scp-053-vn,scp-059-vn,scp-087-vn,scp-106-vn
vn	xây-dựng-bối-cảnh	88	7	unhandled	false	false			never-meet-the-wacky-red-guy,nexus-13,ngu-hanh-tran-quai,nx-59-vn,nx-64-vn
vn	âm-thanh	89	7	unhandled	false	false			scp-004-vn,scp-058-vn,scp-142-vn,scp-144-vn,scp-148-vn
vn	ảnh-hưởng-ký-ức	90	7	unhandled	false	false			scp-023-vn,scp-030-vn,scp-040-vn,scp-106-vn,scp-132-vn
vn	_listpages	91	6	unhandled	false	false			scp-031-vn,scp-101-vn,scp-183-vn,scp-199-vn,scp-702-vn
vn	apollyon	92	6	jp_tag_name	true	true	apollyon		scp-010-vn,scp-072-vn,scp-094-vn,scp-100-vn-j,scp-335-vn
vn	biến-hình	93	6	unhandled	false	false			scp-009-vn,scp-053-vn,scp-074-vn,scp-075-vn,scp-175-vn
vn	bẻ-cong-hiện-thực	94	6	unhandled	false	false			scp-022-vn,scp-152-vn,scp-198-vn,scp-286-vn,scp-420-vn
vn	dị-giới	95	6	unhandled	false	false			duong-tat,scp-304-vn,thu-la-trong-vuon,thu-la-trong-vuon-2,thu-la-trong-vuon-3
vn	dịch-chuyển-tức-thời	96	6	unhandled	false	false			scp-039-vn,scp-063-vn,scp-107-vn,scp-108-vn,scp-113-vn
vn	feralfes2024	97	6	unhandled	false	false			scp-028-vn,scp-045-vn,scp-047-vn,scp-084-vn,scp-085-vn
vn	gia-đình-wellman	98	6	unhandled	false	false			a-haunted-memory,airport,scp-046-vn,scp-065-vn,scp-077-vn
vn	giấc-mơ	99	6	unhandled	false	false			scp-068-vn,scp-092-vn,scp-123-vn,scp-132-vn,scp-135-vn
vn	hóa-học	100	6	unhandled	false	false			scp-023-vn,scp-030-vn,scp-038-vn,scp-097-vn,scp-168-vn
vn	khoa-học-viễn-tưởng	101	6	unhandled	false	false			chung-toi-chua-tung-phan-boi,never-be-laid-to-waste-by-some-waste,never-know-when-your-past-will-come-and-bite-at-you,scp-051-vn,scp-147-vn
vn	lan-truyền-nhận-thức	102	6	unhandled	false	false			scp-060-vn,scp-065-vn,scp-071-vn,scp-121-vn,scp-124-vn
vn	linh-hồn	103	6	unhandled	false	false			scp-002-vn,scp-020-vn,scp-064-vn,scp-069-vn,scp-081-vn
vn	meta	104	6	jp_tag_alias	true	true	メタ		scp-031-vn,scp-071-vn,scp-102-vn,scp-170-vn,scp-6789-vn-j
vn	viết-lại	105	6	unhandled	false	false			scp-007-vn,scp-017-vn,scp-027-vn,scp-033-vn,scp-076-vn
vn	viễn-cảnh-cấp-k	106	6	unhandled	false	false			scp-011-vn,scp-072-vn,scp-094-vn,scp-097-vn,scp-133-vn
vn	về-đêm	107	6	unhandled	false	false			scp-043-vn,scp-064-vn,scp-078-vn,scp-157-vn,scp-193-vn
vn	ép-buộc	108	6	unhandled	false	false			scp-026-vn,scp-045-vn,scp-068-vn,scp-128-vn,scp-151-vn
vn	chất-lỏng	109	5	unhandled	false	false			scp-013-vn,scp-038-vn,scp-040-vn,scp-064-vn,scp-162-vn
vn	cá	110	5	unhandled	false	false			scp-027-vn,scp-067-vn,scp-080-vn,scp-136-vn,scp-705-vn
vn	côn-trùng	111	5	unhandled	false	false			scp-032-vn,scp-060-vn,scp-077-vn,scp-122-vn,scp-150-vn
vn	dị-tượng	112	5	unhandled	false	false			scp-041-vn,scp-043-vn,scp-091-vn,scp-092-vn,scp-133-vn
vn	ijamea	113	5	jp_tag_name	true	true	ijamea		mot-the-gioi-khac,nhat-dinh-thang-loi,nhung-ke-thach-thuc,nx-59-vn,tieng-sam-giua-bien-lang
vn	không-thoại	114	5	unhandled	false	false			duong-tat,flame,giac-mo-dau-dai-hoc,tinh-yeu-ly-tinh,wanted-benji-maden
vn	kiến-thức	115	5	unhandled	false	false			scp-030-vn,scp-031-vn,scp-040-vn,scp-124-vn,scp-152-vn
vn	lịch-sử-thay-thế	116	5	unhandled	false	false			mot-the-gioi-khac,nhat-dinh-thang-loi,nhung-ke-thach-thuc,scp-304-vn,tieng-sam-giua-bien-lang
vn	lửa	117	5	unhandled	false	false			scp-020-vn,scp-076-vn,scp-101-vn,scp-157-vn,scp-167-vn
vn	ngoại-cảm	118	5	unhandled	false	false			scp-003-vn,scp-020-vn,scp-073-vn,scp-082-vn,scp-098-vn
vn	ngôi-thứ-hai	119	5	unhandled	false	false			duong-tat,giac-mo-dau-dai-hoc,mot-ngay-moi-phong-ban-dich-thuat,phong-ban-chet-doi,strongest-for-what
vn	nhân-sự-tổ-chức	120	5	unhandled	false	false			scp-015-vn,scp-093-vn,scp-095-vn,scp-112-vn,scp-193-vn
vn	quan-sát	121	5	unhandled	false	false			scp-057-vn,scp-079-vn,scp-106-vn,scp-114-vn,scp-702-vn
vn	thay-đổi-hình-dạng	122	5	unhandled	false	false			scp-022-vn,scp-081-vn,scp-162-vn,scp-440-vn,scp-702-vn
vn	thần	123	5	unhandled	false	false			scp-048-vn,scp-055-vn,scp-076-vn,scp-105-vn,scp-167-vn
vn	thần-thoại	124	5	unhandled	false	false			flame,scp-048-vn,scp-076-vn,scp-141-vn,scp-173-vn
vn	thị-giác	125	5	unhandled	false	false			scp-057-vn,scp-060-vn,scp-073-vn,scp-114-vn,scp-115-vn
vn	tự-động	126	5	unhandled	false	false			scp-031-vn,scp-135-vn,scp-151-vn,scp-196-vn,scp-590-vn
vn	địa-lý	127	5	unhandled	false	false			scp-011-vn,scp-024-vn,scp-096-vn,scp-165-vn,scp-440-vn
vn	chó	128	4	unhandled	false	false			scp-058-vn,scp-093-vn,scp-125-vn,scp-193-vn
vn	collabcon-2022-vn	129	4	jp_tag_name	true	true	collabcon-2022-vn		extra-shift,scp-115-vn,scp-173-vn,scp-404-vn
vn	có-thể-viết-lại	130	4	unhandled	false	false			scp-004-vn,scp-011-vn,scp-020-vn,scp-073-vn
vn	dưới-lòng-đất	131	4	unhandled	false	false			scp-024-vn,scp-026-vn,scp-096-vn,scp-150-vn
vn	hiểm-họa-sinh-học	132	4	unhandled	false	false			scp-034-vn,scp-038-vn,scp-060-vn,scp-269-vn
vn	hài	133	4	unhandled	false	false			scp-100-vn-j,scp-6789-vn-j,scp-tongtai-vn-j,scp-vanmau-vn-j
vn	hậu-tận-thế	134	4	unhandled	false	false			chung-toi-chua-tung-phan-boi,sea-and-you,strongest-for-what,tam-ti
vn	kinh-dị-hình-thể	135	4	unhandled	false	false			me-oi,scp-026-vn,scp-188-vn,scp-196-vn
vn	phi-vật-thể	136	4	unhandled	false	false			scp-002-vn,scp-064-vn,scp-069-vn,scp-098-vn
vn	sinh-sản	137	4	unhandled	false	false			scp-050-vn,scp-097-vn,scp-269-vn,scp-286-vn
vn	trí-tuệ-nhân-tạo	138	4	unhandled	false	false			scp-089-vn,scp-143-vn,scp-170-vn,scp-701-vn
vn	ts-wondertainment	139	4	unhandled	false	false			scp-014-vn,scp-059-vn,scp-086-vn,scp-153-vn
vn	tài-liệu	140	4	unhandled	false	false			scp-031-vn,scp-071-vn,scp-154-vn,scp-702-vn
vn	tết-tưng-bừng	141	4	unhandled	false	false			ma-dao-thanh-cong-tai-ong-mat-ngua,nam-rong-sap-sang-tan-trang-to-chuc,scp-065-vn,tet-tung-bung-mung-to-chuc
vn	vòng-lặp	142	4	unhandled	false	false			scp-002-vn,scp-071-vn,scp-102-vn,scp-199-vn
vn	ý-thức-bầy-đàn	143	4	unhandled	false	false			scp-026-vn,scp-027-vn,scp-077-vn,scp-269-vn
vn	alex-thorley	144	3	jp_tag_alias	true	true	アレックス・ソーリー		airport,scp-031-vn,the-mirror
vn	chữ-viết	145	3	unhandled	false	false			scp-016-vn,scp-079-vn,scp-096-vn
vn	dado	146	3	jp_tag_name	true	true	dado		scp-115-vn,scp-134-vn,scp-191-vn
vn	di-động	147	3	unhandled	false	false			scp-107-vn,scp-153-vn,scp-269-vn
vn	dự-án-hòa-nhập	148	3	unhandled	false	false			scp-052-vn,scp-140-vn,scp-193-vn
vn	gây-nghiện	149	3	unhandled	false	false			scp-023-vn,scp-057-vn,scp-420-vn
vn	gấu	150	3	unhandled	false	false			scp-051-vn,scp-108-vn,scp-166-vn
vn	hồi-sinh	151	3	unhandled	false	false			scp-005-vn,scp-056-vn,scp-076-vn
vn	khuyết-danh	152	3	unhandled	false	false			scp-062-vn,scp-077-vn,scp-173-vn
vn	không-gian	153	3	unhandled	false	false			scp-024-vn,scp-136-vn,scp-152-vn
vn	không-khí	154	3	unhandled	false	false			scp-073-vn,scp-190-vn,scp-191-vn
vn	kiến-trúc	155	3	unhandled	false	false			scp-078-vn,scp-083-vn,scp-165-vn
vn	lorecon2023	156	3	jp_tag_name	true	true	lorecon2023		muoi-sau-mua-tuyet-phu,scp-022-vn,scp-030-vn
vn	máy-tính	157	3	unhandled	false	false			scp-088-vn,scp-404-vn,scp-701-vn
vn	mèo	158	3	unhandled	false	false			scp-009-vn,scp-045-vn,scp-vanmau-vn-j
vn	mặt-trăng	159	3	unhandled	false	false			scp-054-vn,scp-058-vn,scp-152-vn
vn	mặt-trời	160	3	unhandled	false	false			scp-029-vn,scp-166-vn,scp-183-vn
vn	nghịch-lý	161	3	unhandled	false	false			scp-031-vn,scp-095-vn,scp-102-vn
vn	nhận-thức-độc	162	3	unhandled	false	false			scp-060-vn,scp-114-vn,scp-124-vn
vn	phòng-ban-vô-thực	163	3	unhandled	false	false			airport,scp-031-vn,the-mirror
vn	quân-sự	164	3	unhandled	false	false			scp-069-vn,scp-111-vn,scp-185-vn
vn	thính-giác	165	3	unhandled	false	false			scp-004-vn,scp-073-vn,scp-138-vn
vn	thù-địch	166	3	unhandled	false	false			scp-070-vn,scp-088-vn,scp-269-vn
vn	thần-học-chiến-lược	167	3	unhandled	false	false			scp-021-vn,scp-055-vn,scp-077-vn
vn	thời-gian	168	3	unhandled	false	false			scp-095-vn,scp-102-vn,scp-199-vn
vn	tiền-tệ	169	3	unhandled	false	false			scp-048-vn,scp-104-vn,scp-tongtai-vn-j
vn	truy-bắt	170	3	unhandled	false	false			endless-flights,mot-the-gioi-khac,wanted-benji-maden
vn	truyện-phi-lý	171	3	unhandled	false	false			ngay-giang-sinh-dau-tien,scp-704-vn,scp-tongtai-vn-j
vn	truyện-tôn-giáo	172	3	unhandled	false	false			lair-of-the-morningstar,scp-167-vn,tomorrow-stray-further-from-god
vn	trò-chơi	173	3	unhandled	false	false			scp-022-vn,scp-140-vn,scp-335-vn
vn	tình-dục	174	3	unhandled	false	false			scp-269-vn,scp-286-vn,scp-703-vn
vn	tường-thuật	175	3	unhandled	false	false			scp-031-vn,scp-046-vn,scp-183-vn
vn	xác-suất	176	3	unhandled	false	false			scp-066-vn,scp-098-vn,scp-133-vn
vn	ánh-sáng	177	3	unhandled	false	false			scp-025-vn,scp-041-vn,scp-103-vn
vn	đang-viết-lại	178	3	unhandled	false	false			scp-011-vn,scp-020-vn,scp-073-vn
vn	đọc-cảm-xúc	179	3	unhandled	false	false			scp-057-vn,scp-111-vn,scp-152-vn
vn	đồ-chơi	180	3	unhandled	false	false			scp-033-vn,scp-059-vn,scp-153-vn
vn	bắt-chước	181	2	unhandled	false	false			scp-044-vn,scp-081-vn
vn	cây-gỗ	182	2	unhandled	false	false			scp-075-vn,scp-175-vn
vn	dụng-cụ	183	2	unhandled	false	false			scp-011-vn,scp-014-vn
vn	eurtec	184	2	unhandled	false	false			never-be-laid-to-waste-by-some-waste,never-know-when-your-past-will-come-and-bite-at-you
vn	gendastrerie	185	2	jp_tag_alias	true	true	星警隊		nx-59-vn,nx-64-vn
vn	giám-đốc-bohart	186	2	unhandled	false	false			scp-005-vn,scp-042-vn
vn	gặm-nhấm	187	2	unhandled	false	false			scp-028-vn,scp-197-vn
vn	hành-tinh	188	2	unhandled	false	false			scp-029-vn,scp-143-vn
vn	hội-quý-ông	189	2	unhandled	false	false			scp-030-vn,scp-124-vn
vn	không-thể-phá-hủy	190	2	unhandled	false	false			scp-020-vn,scp-112-vn
vn	kinh-dị-tâm-lý	191	2	unhandled	false	false			lair-of-the-morningstar,tomorrow-stray-further-from-god
vn	máy-móc	192	2	unhandled	false	false			scp-147-vn,scp-170-vn
vn	nghệ-thuật	193	2	unhandled	false	false			scp-057-vn,scp-120-vn
vn	ngôn-ngữ	194	2	unhandled	false	false			scp-040-vn,scp-705-vn
vn	nhiệt	195	2	unhandled	false	false			scp-101-vn,scp-109-vn
vn	pamwac	196	2	jp_tag_name	true	true	pamwac		additional-document-099-vn-2611,scp-099-vn
vn	pentagram	197	2	jp_tag_alias	true	true	ペンタグラム		scp-103-vn,scp-111-vn
vn	quản-trị-viên	198	2	unhandled	false	false			dem-hen-ben-bo-bien,scp-010-vn
vn	quỷ	199	2	unhandled	false	false			scp-007-vn,scp-104-vn
vn	rắn	200	2	unhandled	false	false			scp-073-vn,scp-180-vn
vn	siêu-thực	201	2	unhandled	false	false			airport,phong-ban-chet-doi
vn	thiết-bị	202	2	unhandled	false	false			scp-590-vn,scp-6789-vn-j
vn	thành-phố	203	2	unhandled	false	false			scp-173-vn,scp-183-vn
vn	thần-kinh	204	2	unhandled	false	false			scp-030-vn,scp-057-vn
vn	thể-thao	205	2	unhandled	false	false			scp-185-vn,scp-196-vn
vn	ticonderoga	206	2	jp_tag_name	true	true	ticonderoga		scp-017-vn,scp-185-vn
vn	tiên-đoán	207	2	unhandled	false	false			scp-047-vn,scp-701-vn
vn	trang-sức	208	2	unhandled	false	false			scp-049-vn,scp-096-vn
vn	truyện-quân-sự	209	2	unhandled	false	false			endless-flights,the-practical-test-for-field-agents
vn	trí-quyển	210	2	unhandled	false	false			scp-160-vn,scp-167-vn
vn	trực-tuyến	211	2	unhandled	false	false			scp-088-vn,scp-143-vn
vn	tệp-âm-thanh	212	2	unhandled	false	false			scp-036-vn,scp-105-vn
vn	undervegas	213	2	jp_tag_alias	true	true	アンダーベガス		scp-007-vn,scp-104-vn
vn	virus	214	2	jp_tag_alias	true	true	ウイルス		scp-088-vn,scp-404-vn
vn	vô-định-hình	215	2	unhandled	false	false			scp-055-vn,scp-106-vn
vn	vũ-khí	216	2	unhandled	false	false			scp-093-vn,scp-112-vn
vn	xương	217	2	unhandled	false	false			scp-074-vn,scp-706-vn
vn	điểm-zh-11	218	2	unhandled	false	false			scp-124-vn,sea-and-you
vn	điểm-zh-12	219	2	unhandled	false	false			scp-121-vn,scp-123-vn
vn	điện-năng	220	2	unhandled	false	false			scp-147-vn,scp-590-vn
vn	đã-giải-thích	221	2	unhandled	false	false			scp-056-vn-ex,scp-062-vn
vn	định-hướng	222	2	unhandled	false	false			giao-thuc-nui-cam,phongbangiacmo
vn	ếch	223	2	unhandled	false	false			scp-084-vn,scp-086-vn
vn	_không-thể-loại	224	1	unhandled	false	false			forever-garden
vn	able	225	1	jp_tag_alias	true	true	アベル		scp-010-vn
vn	aiad	226	1	jp_tag_name	true	true	aiad		scp-089-vn
vn	bí-ẩn	227	1	unhandled	false	false			muoi-sau-mua-tuyet-phu
vn	bò-sát	228	1	unhandled	false	false			scp-144-vn
vn	bệnh-viện-thú-y	229	1	unhandled	false	false			scp-151-vn
vn	bức-tượng	230	1	unhandled	false	false			giac-mo-dau-dai-hoc
vn	chiến-tranh-toàn-diện	231	1	unhandled	false	false			scp-080-vn
vn	chân-khớp	232	1	unhandled	false	false			scp-128-vn
vn	chân-trời-khởi-nguyên	233	1	unhandled	false	false			scp-113-vn
vn	chúng-ta-ngầu-chưa	234	1	unhandled	false	false			mot-ngay-moi-phong-ban-dich-thuat
vn	cá-voi	235	1	unhandled	false	false			scp-105-vn
vn	delta-t	236	1	jp_tag_alias	true	true	デルタ-t		scp-095-vn
vn	di-truyền	237	1	unhandled	false	false			scp-038-vn
vn	du-hành-thời-gian	238	1	unhandled	false	false			scp-095-vn
vn	game-thủ-chống-cần	239	1	unhandled	false	false			scp-033-vn
vn	giác-quan	240	1	unhandled	false	false			scp-115-vn
vn	giám-đốc-lague	241	1	unhandled	false	false			scp-140-vn
vn	huynh-đệ-tử-thần	242	1	unhandled	false	false			scp-010-vn
vn	huyền-thuật	243	1	unhandled	false	false			scp-062-vn
vn	hình-cầu	244	1	unhandled	false	false			scp-185-vn
vn	học-đường	245	1	unhandled	false	false			hot-len-nao-nhung-tam-hon-tho-ngay
vn	hỗn-kháng	246	1	unhandled	false	false			scp-113-vn
vn	hợp-tác	247	1	unhandled	false	false			nuoi-bao-trong-nha
vn	imaginanimal	248	1	jp_tag_name	true	true	imaginanimal		scp-166-vn
vn	không-thời-gian	249	1	unhandled	false	false			scp-183-vn
vn	khảo-cổ	250	1	unhandled	false	false			scp-173-vn
vn	khỉ	251	1	unhandled	false	false			scp-003-vn
vn	khủng-long	252	1	unhandled	false	false			scp-440-vn
vn	kinh-dị-vũ-trụ	253	1	unhandled	false	false			lair-of-the-morningstar
vn	kiếp-sau	254	1	unhandled	false	false			scp-030-vn
vn	ký-sinh	255	1	unhandled	false	false			scp-087-vn
vn	lgbtq	256	1	unhandled	false	false			nhung-nguoi-la
vn	minh-họa	257	1	unhandled	false	false			scp-072-vn
vn	mặt-nạ-vỡ	258	1	unhandled	false	false			scp-113-vn
vn	nghiên-cứu-viên-james	259	1	unhandled	false	false			scp-086-vn
vn	nghiên-cứu-viên-lucifelle	260	1	unhandled	false	false			scp-123-vn
vn	nghịch-loạn-giao-tiếp	261	1	unhandled	false	false			scp-705-vn
vn	ngày-tàn	262	1	unhandled	false	false			thi-si-chung-kien-mat-troi-suy-tan
vn	ngón	263	1	unhandled	false	false			scp-707-vn
vn	ngôi-thứ-ba	264	1	unhandled	false	false			endless-flights
vn	người-ngoài-hành-tinh	265	1	unhandled	false	false			scp-147-vn
vn	nhà-hàng-ambrose	266	1	unhandled	false	false			scp-028-vn
vn	obskura	267	1	jp_tag_alias	true	true	オブスクラ		nhat-dinh-thang-loi
vn	ong	268	1	unhandled	false	false			scp-077-vn
vn	pangloss	269	1	jp_tag_alias	true	true	パングロス		scp-034-vn
vn	parawatch	270	1	jp_tag_alias	true	true	パラウォッチ		nuoi-bao-trong-nha
vn	pending	271	1	jp_tag_name	true	true	pending		scp-080-vn
vn	phi-nhân	272	1	unhandled	false	false			sea-and-you
vn	phòng-ban-siêu-việt	273	1	unhandled	false	false			scp-183-vn
vn	phóng-xạ	274	1	unhandled	false	false			scp-003-vn
vn	phản-nhận-thức	275	1	unhandled	false	false			scp-052-vn
vn	prometheus	276	1	jp_tag_alias	true	true	プロメテウス		scp-074-vn
vn	quan-liêu	277	1	unhandled	false	false			scp-702-vn
vn	quái-vật	278	1	unhandled	false	false			scp-169-vn
vn	quán-quân-mặt-trăng	279	1	unhandled	false	false			moon-champ-s-moon-festival
vn	quỹ-từ-thiện-manna	280	1	unhandled	false	false			scp-113-vn
vn	rồng	281	1	unhandled	false	false			scp-152-vn
vn	rừng	282	1	unhandled	false	false			scp-045-vn
vn	siêu-anh-hùng	283	1	unhandled	false	false			scp-025-vn
vn	siêu-hư-cấu	284	1	unhandled	false	false			strongest-for-what
vn	skp	285	1	jp_tag_name	true	true	skp		nhat-dinh-thang-loi
vn	tam-viên	286	1	unhandled	false	false			scp-072-vn
vn	thiếu-niên-gaea	287	1	unhandled	false	false			scp-703-vn
vn	thu-nhỏ	288	1	unhandled	false	false			scp-043-vn
vn	thông-tin-độc	289	1	unhandled	false	false			scp-031-vn
vn	thư-viện	290	1	unhandled	false	false			scp-040-vn
vn	tiến-sĩ-light	291	1	unhandled	false	false			scp-703-vn
vn	toán-học	292	1	unhandled	false	false			scp-124-vn
vn	trao-đổi	293	1	unhandled	false	false			scp-048-vn
vn	truyền-thông	294	1	unhandled	false	false			scp-099-vn
vn	truyện-ao	295	1	unhandled	false	false			doi-ta-khi-la-giay
vn	truyện-tình-báo	296	1	unhandled	false	false			the-practical-test-for-field-agents
vn	truyện-tội-phạm	297	1	unhandled	false	false			the-practical-test-for-field-agents
vn	trường-học	298	1	unhandled	false	false			scp-079-vn
vn	tài-liệu-tổ-chức	299	1	unhandled	false	false			bao-cao-khai-quat-diem-g198-vn
vn	tương-lai	300	1	unhandled	false	false			scp-095-vn
vn	tận-thế	301	1	unhandled	false	false			bo-bien-noi-doi-ta-ket-thuc-va-bat-dau
vn	uiu	302	1	unhandled	false	false			scp-113-vn
vn	vikander-kneed	303	1	jp_tag_alias	true	true	ヴィキャンデル・ニード		scp-144-vn
vn	viễn-kỷ	304	1	unhandled	false	false			scp-038-vn
vn	vị-giác	305	1	unhandled	false	false			scp-132-vn
vn	xúc-giác	306	1	unhandled	false	false			scp-060-vn
vn	đa-diện	307	1	unhandled	false	false			scp-702-vn
vn	điêu-khắc	308	1	unhandled	false	false			scp-138-vn
vn	điểm-chớp-song-hành	309	1	unhandled	false	false			scp-022-vn
vn	điểm-zh-44	310	1	unhandled	false	false			scp-052-vn
vn	điểm-zh-59	311	1	unhandled	false	false			scp-198-vn
vn	điện-từ	312	1	unhandled	false	false			scp-080-vn
vn	điện-tử	313	1	unhandled	false	false			scp-701-vn
vn	độc-tính	314	1	unhandled	false	false			scp-038-vn
vn	ảo-giác	315	1	unhandled	false	false			scp-087-vn
zh-tr	原創	1	1784	jp_unused_replacement	true	true		zh	002-by-controlz,025o-s-painting,0535-june-4th,0754,162x229mm-envelope-bag
zh-tr	scp	2	725	jp_tag_name	true	true	scp		abyssdream-s-proposal-1,adult:scp-zh-235,adult:scp-zh-333,adult:scp-zh-338,adult:scp-zh-991
zh-tr	_cc	3	585	unhandled	false	false			025o-s-painting,173-999,20210428,2023-april-fool,20240401
zh-tr	故事	4	547	curated_override_only	false	true	tale		0535-june-4th,17-th-october-a-letter-to-a-friend,1935-overture-night-rain,1993-cobweb-international,19th-bureau-of-mss-of-china
zh-tr	_info	5	348	unhandled	false	false			0754,2008,88-step,a-change,a-mysterious-road
zh-tr	藝術作品	6	289	unhandled	false	false			002-by-controlz,025o-s-painting,162x229mm-envelope-bag,173-999,3d-origami-video-zh-logo
zh-tr	safe	7	249	jp_tag_name	true	true	safe		adult:scp-zh-235,adult:scp-zh-338,scp-zh-006,scp-zh-009,scp-zh-013
zh-tr	展出	8	227	unhandled	false	false			1935-overture-night-rain,19th-bureau-of-mss-of-china,4x4x4-cell,a-sardine-grows-from-the-soil,about-scranton-reality-anchors
zh-tr	euclid	9	199	jp_tag_name	true	true	euclid		scp-zh-003,scp-zh-004,scp-zh-011,scp-zh-012,scp-zh-016
zh-tr	精神影響	10	131	jp_tag_name	true	true	精神影響		adult:scp-zh-338,adult:scp-zh-991,scp-zh-002-j,scp-zh-003,scp-zh-008
zh-tr	keter	11	124	jp_tag_name	true	true	keter		adult:scp-zh-333,adult:scp-zh-991,scp-zh-002,scp-zh-002-arc,scp-zh-005
zh-tr	人形	12	106	unhandled	false	false			adult:scp-zh-333,adult:scp-zh-991,reverberate-a-s-proposal-1,scp-zh-034,scp-zh-035
zh-tr	人造物品	13	105	unhandled	false	false			adult:scp-zh-338,scp-zh-013,scp-zh-016,scp-zh-026,scp-zh-029
zh-tr	site-zh-44	14	101	jp_tag_alias	true	true	サイト-zh-44		adult:scp-zh-235,after-i-left,ain-draw-something,among-in-the-duck,anthurium
zh-tr	goi格式	15	88	unhandled	false	false			0754,2008,a-sardine-grows-from-the-soil,adoption-poster-choco,ambrose-isakov
zh-tr	site-zh-16	16	86	jp_tag_alias	true	true	サイト-zh-16		2zero2seven,a-battlefield-without-emotion,adult:reve02,article-number-065,aviation
zh-tr	_禁黑	17	84	unhandled	false	false			absent,aerowar-50-teach-1,aviation,bell-tosser,cardinal-hub
zh-tr	site-zh-02	18	79	jp_tag_alias	true	true	サイト-zh-02		among-in-the-duck,black-0419,blue-9102,caged-bird,christmas-eve
zh-tr	機密分級	19	77	unhandled	false	false			abyssdream-s-proposal-1,scp-zh-002-j,scp-zh-00l,scp-zh-022-j,scp-zh-033
zh-tr	認知危害	20	77	unhandled	false	false			scp-zh-002-j,scp-zh-018,scp-zh-022,scp-zh-024,scp-zh-030
zh-tr	中心	21	76	unhandled	false	false			azure-skydome-challenge,azure-skydome-hub,bell-tosser,better-to-add-an-imaaage,candy-pumpkin-2021-a
zh-tr	site-zh-12	22	68	jp_tag_alias	true	true	サイト-zh-12		47,canteen-date,christmas-or-halloween,complain-first-work-second,dont-open
zh-tr	第八處	23	66	jp_tag_alias	true	true	第八処		19th-bureau-of-mss-of-china,a-battlefield-without-emotion,about-that-big-guy,absent,after-the-boom
zh-tr	智能	24	61	unhandled	false	false			adult:scp-zh-333,adult:scp-zh-991,scp-zh-002-j,scp-zh-022,scp-zh-025
zh-tr	生物性	25	60	unhandled	false	false			scp-zh-002,scp-zh-002-arc,scp-zh-003,scp-zh-006,scp-zh-010
zh-tr	site-zh-81	26	59	unhandled	false	false			a-battlefield-without-emotion,about-that-big-guy,alive-evergreen,all-the-bridges-were-burned,ambrose-isakov
zh-tr	wanderers	27	58	jp_unused_no_single_replacement	true	false			4x4x4-cell,chassis,circuit,flash-fiction-collection-one,fleeting
zh-tr	ad博士	28	56	unhandled	false	false			47,abyssdream-pic-01,adult:oyasumi-site-zh-12,aquarium-date-art,bokoichi-the-freightening-car
zh-tr	meta	29	56	jp_tag_alias	true	true	メタ		abyssdream-s-proposal-1,k1s10r0d-s-proposal,scp-zh-00l,scp-zh-022-j,scp-zh-024
zh-tr	site-zh-50	30	55	unhandled	false	false			a-battlefield-without-emotion,a-precise-bombing,about-that-big-guy,absent,abyss
zh-tr	動物	31	54	jp_tag_name	true	true	動物		adult:scp-zh-235,scp-zh-002,scp-zh-002-arc,scp-zh-007,scp-zh-011
zh-tr	地點	32	53	unhandled	false	false			reverberate-a-s-proposal-1,scp-zh-002-j,scp-zh-008,scp-zh-012,scp-zh-014
zh-tr	強迫性	33	52	unhandled	false	false			scp-zh-030,scp-zh-032,scp-zh-035,scp-zh-052,scp-zh-055
zh-tr	_image	34	50	unhandled	false	false			adult:v1l3-j-how-to-spend-the-night-in-sin-city,canteen-date,cat-day,critter-profile-ciwciw,dormitive-waltz
zh-tr	2021夏季競賽	35	49	jp_tag_alias	true	true	2021夏季コンテスト		888father,adult:scp-zh-991,adult:v1l3-j-how-to-spend-the-night-in-sin-city,anomalous-item-hk-police-helmet,bt-fly
zh-tr	反熵	36	49	unhandled	false	false			adult:scp-zh-991,scp-zh-013,scp-zh-025,scp-zh-042,scp-zh-065
zh-tr	建築物	37	48	unhandled	false	false			scp-zh-021,scp-zh-046,scp-zh-049,scp-zh-052,scp-zh-063
zh-tr	現實扭曲	38	48	unhandled	false	false			scp-zh-036,scp-zh-045,scp-zh-048,scp-zh-053,scp-zh-067
zh-tr	kris博士	39	47	jp_tag_alias	true	true	クリス博士		20210428,47,adult:k1s10r0d-art-of-v1l3-j-burning-calories,adult:oyasumi-site-zh-12,adult:v1l3-j-burning-calories
zh-tr	reverberate博士	40	47	unhandled	false	false			about-that-big-guy,aftermath-zh,all-the-bridges-were-burned,ambrose-isakov,another-possibility
zh-tr	site-zh-11	41	46	unhandled	false	false			a-transgress-or-translate-before-spring,email-and-penalty,eternal-flower,first-glimpse-into-legend-of-shower-chess-style,fog-house
zh-tr	surge博士	42	45	unhandled	false	false			20210428,ain-draw-something,among-in-the-duck,bokoichi-the-freightening-car,critter-profile-surge
zh-tr	視覺影響	43	45	unhandled	false	false			scp-zh-018,scp-zh-056,scp-zh-066,scp-zh-074,scp-zh-086
zh-tr	超維度	44	45	unhandled	false	false			adult:scp-zh-991,k1s10r0d-s-proposal,scp-zh-007,scp-zh-012,scp-zh-022
zh-tr	apoyn博士	45	44	unhandled	false	false			abyssdream-pic-01,aquarium-date-art,canteen-date,change-irregularly,chronic-survival
zh-tr	site-zh-25	46	44	jp_tag_alias	true	true	サイト-zh-25		and-from-the-ashes-a-new-hk-site-will-be-born,anomalous-item-hk-police-helmet,anti-dark,e-0249,file-no-hkc454
zh-tr	屍體	47	43	unhandled	false	false			scp-zh-014,scp-zh-028,scp-zh-040,scp-zh-042,scp-zh-052
zh-tr	zh急迫競賽2022	48	42	unhandled	false	false			commission-nine-point-eight,counting-down,electronic-stary,fly-to-the-sky,forget-me-not-lucifelle
zh-tr	研究員l.what	49	42	unhandled	false	false			aftermath-zh,article-number-065,borage,burn,cat-day
zh-tr	_licensebox	50	41	unhandled	false	false			abyssdream-s-proposal-1,adult:v1l3-j-burning-calories,crinoidea-a,fate-and-resistance-prologue,first-glimpse-into-legend-of-shower-chess-style
zh-tr	幻覺	51	39	unhandled	false	false			scp-zh-030,scp-zh-032,scp-zh-065,scp-zh-068,scp-zh-082
zh-tr	搞笑	52	39	unhandled	false	false			2023-april-fool,20240401,20250401,about-that-big-guy,critter-profile-ciwciw
zh-tr	模因	53	39	unhandled	false	false			scp-zh-002-j,scp-zh-005,scp-zh-066,scp-zh-072,scp-zh-074
zh-tr	逆模因	54	39	unhandled	false	false			scp-zh-008,scp-zh-022,scp-zh-040,scp-zh-072,scp-zh-096
zh-tr	2020攀爬金字塔	55	38	jp_tag_alias	true	true	2020金字塔登り		19th-bureau-of-mss-of-china,climb-the-pyramid,critter-profile-surge,finger-test-warrior,mu-yi-621
zh-tr	三垣	56	38	jp_tag_name	true	true	三垣		a-battlefield-without-emotion,ancient-taiwan-chronicle,discipline,i-am-very-confused,lostwhat-s-proposal
zh-tr	未收容	57	38	unhandled	false	false			scp-zh-002,scp-zh-002-arc,scp-zh-015,scp-zh-022,scp-zh-022-j
zh-tr	文獻	58	37	unhandled	false	false			scp-zh-014,scp-zh-019-j,scp-zh-047,scp-zh-055,scp-zh-066
zh-tr	概念	59	36	jp_tag_name	true	true	概念		abyssdream-s-proposal-1,k1s10r0d-s-proposal,scp-zh-022-j,scp-zh-024,scp-zh-059
zh-tr	活物	60	36	unhandled	false	false			adult:scp-zh-333,adult:scp-zh-991,scp-zh-019,scp-zh-028,scp-zh-080
zh-tr	無效化	61	36	unhandled	false	false			scp-zh-005,scp-zh-017,scp-zh-046,scp-zh-057,scp-zh-073
zh-tr	全球超自然聯盟	62	35	unhandled	false	false			1993-cobweb-international,a-battlefield-without-emotion,about-that-big-guy,adult:scp-zh-333,air-combat-of-vizmor
zh-tr	木易	63	35	jp_tag_name	true	true	木易		2008,after-the-boom,collected-land-no022,collection-of-the-cultural-revolution,critter-profile-mor
zh-tr	真紀博士	64	35	unhandled	false	false			bokoichi-the-freightening-car,dappoopoo,dreams-always-explode,email-and-penalty,helms-of-nine-iterations-in-red-storm-quadrants
zh-tr	食物	65	35	jp_tag_name	true	true	食物		scp-zh-006,scp-zh-009,scp-zh-016,scp-zh-027,scp-zh-045
zh-tr	研究員knave	66	34	unhandled	false	false			a-transgress-or-translate-before-spring,email-and-penalty,external-attachments-make-one-prone-to-failure,first-glimpse-into-legend-of-shower-chess-style,helms-of-nine-iterations-in-red-storm-quadrants
zh-tr	記憶影響	67	34	jp_tag_name	true	true	記憶影響		scp-zh-012,scp-zh-021,scp-zh-022,scp-zh-023,scp-zh-032
zh-tr	2022夏季競賽	68	33	unhandled	false	false			ching-sus,d-10201,disorder-flapdoodle,extension-of-dream,go-to-sus-hi-po
zh-tr	semibreve博士	69	33	unhandled	false	false			a-battlefield-without-emotion,about-that-big-guy,among-in-the-duck,black-0419,black-6666
zh-tr	植物	70	33	jp_tag_name	true	true	植物		lostwhat-s-proposal-ii,scp-zh-039,scp-zh-054,scp-zh-081,scp-zh-101
zh-tr	轉世計劃	71	33	jp_tag_alias	true	true	転生計画		17-th-october-a-letter-to-a-friend,a-walk-in-the-fallout,apotheosis-fashion-prototype-of-elizabeth-victor-evans,are-you-afraid-to-remember,boorklyn-00-crash
zh-tr	合著	72	32	unhandled	false	false			20210428,2023-april-fool,20240401,ambrose-isakov,before-starsight
zh-tr	zh急迫競賽2023	73	31	unhandled	false	false			art:alex-thorley-pressed-the-escape-key,glass-ball-family,ignore,jamcon-zh-2023,march-march
zh-tr	自主	74	31	unhandled	false	false			scp-zh-029,scp-zh-031,scp-zh-049,scp-zh-061,scp-zh-109
zh-tr	蛇之手	75	31	unhandled	false	false			1993-cobweb-international,about-that-big-guy,adult:scp-zh-333,article-number-001,ftgg-a-chunibyo-story-p1
zh-tr	2020夏季競賽	76	30	unhandled	false	false			19th-bureau-of-mss-of-china,2zero2seven,ao-zh-252,ctf15-21-molly,five-minutes-to-end
zh-tr	ijamea	77	30	jp_tag_name	true	true	ijamea		1935-overture-night-rain,2008,about-that-big-guy,collected-item-no0665,collected-land-no022
zh-tr	傳送	78	30	unhandled	false	false			lostwhat-s-proposal-ii,scp-zh-060,scp-zh-077,scp-zh-170,scp-zh-186
zh-tr	敵意	79	30	unhandled	false	false			scp-zh-022,scp-zh-058,scp-zh-063,scp-zh-111,scp-zh-129
zh-tr	ain博士	80	29	unhandled	false	false			20210428,ain-draw-something,among-in-the-duck,anthurium,cat-day
zh-tr	k級情景	81	29	unhandled	false	false			adult:scp-zh-333,k1s10r0d-s-proposal,lostwhat-s-proposal,scp-zh-014,scp-zh-022
zh-tr	zh急迫競賽2024	82	29	unhandled	false	false			47-image,and-from-the-ashes-a-new-hk-site-will-be-born,bokoichi-the-freightening-car,can-have-a-barbecue-in-ends,external-attachments-make-one-prone-to-failure
zh-tr	感知影響	83	29	unhandled	false	false			scp-zh-032,scp-zh-045,scp-zh-055,scp-zh-064,scp-zh-065
zh-tr	2020聖夜相守	84	28	jp_tag_name	true	true	2020聖夜相守		81q5-sadness-pink,bestcabin,change-irregularly,christmas-eve,christmas-event2
zh-tr	cidal-dongi	85	28	unhandled	false	false			cidal-dongi-by-controlz,cidal-dongi-by-k1s10r0d,cidal-dongi-by-lulu-lucifelle,cidal-dongi-by-samscript,day-day-is-good-day
zh-tr	傳染性	86	28	unhandled	false	false			adult:scp-zh-991,scp-zh-014,scp-zh-023,scp-zh-031,scp-zh-111
zh-tr	台灣原住民	87	28	jp_unused_no_single_replacement	true	false			ancient-taiwan-chronicle,cidal-dongi-by-controlz,cidal-dongi-by-k1s10r0d,cidal-dongi-by-lulu-lucifelle,cidal-dongi-by-samscript
zh-tr	燦藍天穹	88	28	unhandled	false	false			162x229mm-envelope-bag,a-precise-bombing,a-precise-bombing-art,ancient-taiwan-chronicle,assessing-the-possibility-of-using-scp-zh-621-patients-as-an
zh-tr	物種	89	28	unhandled	false	false			adult:scp-zh-333,scp-zh-010,scp-zh-022,scp-zh-028,scp-zh-036
zh-tr	零號專隊	90	28	jp_tag_alias	true	true	零号専隊		0754,after-the-boom,anti-dark,collected-land-no022,concern-group-for-cha-ling-people-s-livelihood
zh-tr	2022萬聖事件	91	27	unhandled	false	false			a-home-welcoming-story-rsr-lu,artworks,aviation,bourbon-whiskey,combat-record-rl1207
zh-tr	awcy	92	27	unhandled	false	false			about-that-big-guy,bhutan,dappoopoo,goi-awcy-gaw,pot-of-greed-you-kids-love-yu-gi-oh-innit
zh-tr	型態變化	93	27	unhandled	false	false			adult:scp-zh-333,scp-zh-084,scp-zh-091,scp-zh-111,scp-zh-139
zh-tr	洗衣部門	94	27	jp_tag_alias	true	true	洗濯部門		0754,article-number-097-black-0117,black-0419,black-6666,blue-0428
zh-tr	生物危害	95	27	unhandled	false	false			scp-zh-028,scp-zh-031,scp-zh-081,scp-zh-126,scp-zh-142
zh-tr	研究員lucifelle	96	27	unhandled	false	false			adult:oyasumi-site-zh-12,adult:v1l3-j-how-to-spend-the-night-in-sin-city,christmas-or-halloween,duality-of-man,forget-me-not-lucifelle
zh-tr	空間影響	97	27	unhandled	false	false			scp-zh-058,scp-zh-077,scp-zh-079,scp-zh-100,scp-zh-105
zh-tr	聲音	98	27	unhandled	false	false			scp-zh-014,scp-zh-092,scp-zh-095,scp-zh-129,scp-zh-160
zh-tr	航海學	99	27	unhandled	false	false			a-battlefield-without-emotion,all-the-bridges-were-burned,arrowhead,backtohome,can-have-a-barbecue-in-ends
zh-tr	基金會製造	100	26	unhandled	false	false			k1s10r0d-s-proposal,scp-zh-022-j,scp-zh-049,scp-zh-059,scp-zh-0601-j
zh-tr	2019聖夜相守	101	25	unhandled	false	false			a-mysterious-road,aftermath-zh,art-for-0100,art-for-zh255,art-for-zh258
zh-tr	owen	102	25	unhandled	false	false			adams-clothes,adult:oyasumi-site-zh-12,adult:v1l3-j-how-to-spend-the-night-in-sin-city,and-then-there-were-you,fan-made-zh12-fiction
zh-tr	地下街	103	25	unhandled	false	false			20210428,a-battlefield-without-emotion,artwork-shopping-arcade,blue-0428,dappoopoo
zh-tr	工具	104	25	unhandled	false	false			scp-zh-004,scp-zh-041,scp-zh-047,scp-zh-050,scp-zh-190
zh-tr	欲肉教	105	25	unhandled	false	false			about-that-big-guy,ancient-taiwan-chronicle,anti-dark,new-year-lion,parawatch-my-hometown-was-a-miracle
zh-tr	沙皇先知協會	106	25	jp_tag_alias	true	true	ツァーリの賢人団		a-battlefield-without-emotion,a-mysterious-road,aftermath-zh,all-the-bridges-were-burned,another-possibility
zh-tr	2023紅藍爭霸賽	107	24	unhandled	false	false			abyssdream-s-proposal-1,anthurium,faked-consciousness,flash-fiction-collection-one,honglam-battle-2-0
zh-tr	觀察影響	108	24	unhandled	false	false			reverberate-a-s-proposal-1,scp-zh-002-j,scp-zh-035,scp-zh-066,scp-zh-074
zh-tr	2022紅藍爭霸賽	109	23	unhandled	false	false			bhutan,bioelectricity,dream-duet,honglam-battle,lostwhat-s-proposal
zh-tr	valentine博士	110	23	unhandled	false	false			20210428,blue-0428,childhood,disorder-flapdoodle,doodles-from-sam
zh-tr	不可摧毀	111	23	unhandled	false	false			scp-zh-013,scp-zh-058,scp-zh-088,scp-zh-095,scp-zh-126
zh-tr	循環	112	23	unhandled	false	false			scp-zh-040,scp-zh-049,scp-zh-056,scp-zh-061,scp-zh-077
zh-tr	新茶嶺	113	23	jp_tag_name	true	true	新茶嶺		after-the-boom,anti-dark,collected-land-no022,concern-group-for-cha-ling-people-s-livelihood,dream-messages
zh-tr	競賽	114	23	unhandled	false	false			better-to-add-an-imaaage,darkroom,escape-into-the-world-of-mortals,honglam-battle,honglam-battle-2-0
zh-tr	葉凡博士	115	23	unhandled	false	false			20210428,adult:scp-zh-235,ain-draw-something,among-in-the-duck,bt-fly
zh-tr	雙城作戰	116	23	unhandled	false	false			a-battlefield-without-emotion,absent,after-the-boom,air-combat-of-vizmor,bell-frame
zh-tr	2024中元恐怖	117	22	unhandled	false	false			ctrl-z-zhongyuan-2024-art,scp-zh-249,scp-zh-420,scp-zh-425,scp-zh-454
zh-tr	chrome	118	22	unhandled	false	false			88-step,another-possibility,article-number-097-black-0117,bokoichi-the-freightening-car,daydream-walker
zh-tr	site-zh-13	119	22	unhandled	false	false			keepthere,scp-zh-006,scp-zh-037,scp-zh-081,scp-zh-13-icon
zh-tr	site-zh-22	120	22	unhandled	false	false			a-change,post-trauma,scp-zh-010,scp-zh-044,scp-zh-081
zh-tr	site-zh-88	121	22	jp_tag_alias	true	true	サイト-zh-88		88-step,daydream-walker,doodles-from-sam,eclipse-absence,fools-wine
zh-tr	液體	122	22	unhandled	false	false			scp-zh-048,scp-zh-130,scp-zh-139,scp-zh-168,scp-zh-172
zh-tr	繁廣	123	22	jp_tag_alias	true	true	繁広		critter-profile-ciwciw,fan-guang-chemical-logo,for-new-employees,scp-zh-006,scp-zh-027
zh-tr	聽覺影響	124	22	unhandled	false	false			scp-zh-030,scp-zh-065,scp-zh-139,scp-zh-177,scp-zh-196
zh-tr	資訊危害	125	22	unhandled	false	false			scp-zh-024,scp-zh-033,scp-zh-063,scp-zh-111,scp-zh-144
zh-tr	遠己	126	22	jp_tag_name	true	true	遠己		critter-profile-ciwciw,r-sinano-chuo-zhtr-2018-11-19-a222a,scp-zh-010,scp-zh-194,scp-zh-245
zh-tr	bales博士	127	21	unhandled	false	false			aftermath-zh,article-number-065,boarding,borage,cat-day
zh-tr	metha博士	128	21	unhandled	false	false			black-0419,methadone,old-cat-travel-1,scp-zh-007,scp-zh-019-j
zh-tr	thaumiel	129	21	jp_tag_name	true	true	thaumiel		lostwhat-s-proposal-ii,scp-zh-097,scp-zh-098,scp-zh-099,scp-zh-138
zh-tr	亡走塵寰	130	21	unhandled	false	false			a-precise-bombing,argument-of-existence,escape-into-the-world-of-mortals,foreseen,foundation-midnight-club-mou
zh-tr	張道士	131	21	jp_tag_name	true	true	張道士		after-the-boom,anti-dark,cnblack-s-laboratory,doodles-from-sam,duck-s-xmas
zh-tr	時間影響	132	21	unhandled	false	false			scp-zh-049,scp-zh-141,scp-zh-160,scp-zh-181,scp-zh-243
zh-tr	神異博覽會	133	21	jp_tag_alias	true	true	神異博覧会		1935-overture-night-rain,collected-item-no0665,meretrix-mimicking-cyrenidae,project-proposal-1925-1894,scp-zh-046
zh-tr	載具	134	21	unhandled	false	false			scp-zh-056,scp-zh-061,scp-zh-069,scp-zh-071,scp-zh-077
zh-tr	sugoi博士	135	20	unhandled	false	false			20210428,cat-day,dark-room,doodles-from-sam,k1s10r0d-chain-sugoi
zh-tr	威爾遜生物應對組	136	20	unhandled	false	false			about-that-big-guy,adoption-poster-choco,after-the-boom,bhutan,critter-profile-ciwciw
zh-tr	拋鈴人	137	20	jp_tag_alias	true	true	投鈴者		adult:reve02,bt-fly,cacobt,christmas-marten,cleguisbt
zh-tr	醫學性	138	20	unhandled	false	false			scp-zh-027,scp-zh-065,scp-zh-133,scp-zh-141,scp-zh-158
zh-tr	ctrl-z博士	139	19	unhandled	false	false			adult:k1s10r0d-art-of-v1l3-j-burning-calories,adult:v1l3-j-burning-calories,canteen-date,duck-s-xmas,galgame-zh
zh-tr	x博士	140	19	unhandled	false	false			20210428,among-in-the-duck,cat-day,critter-profile-surge,doodles-from-sam
zh-tr	死亡永生	141	19	unhandled	false	false			article-number-097-black-0117,before-starsight,communication-log-zh-747-331,death-eternal-life,ilmari
zh-tr	水銀	142	19	unhandled	false	false			20210428,behind-the-silver,commission-nine-point-eight,interview-of-x,minamata-disease
zh-tr	異視維基	143	19	unhandled	false	false			19th-bureau-of-mss-of-china,about-that-big-guy,can-anyone-explain-it,collected-land-no022,first-glimpse-into-legend-of-shower-chess-style
zh-tr	聖夜越夜耶	144	19	unhandled	false	false			clef-daughter-sketch,floweror-wikipedia,nande-haruhikage-yatta-no,not-my-lover,one-shoot-two-heart
zh-tr	2021聖夜相守	145	18	unhandled	false	false			adiscoolyesss,christmas-event3,dawn-of-east,fan-made-zh12-fiction,hahacloth
zh-tr	2023聖夜相守	146	18	unhandled	false	false			birth-of-the-ravenous,boxes-under-tree,buckshot-in-christmas,christmas-event5,i-do-not-want-to-translate-art
zh-tr	2024夏季競賽	147	18	jp_tag_alias	true	true	2024夏季コンテスト		ash-blossom-and-joyous-spring,bro-i-dont-play-yu-gi-oh-what-do-you-expect,burn,ctrl-z-zhongyuan-2024-art,inharmonious-rain
zh-tr	kondraki博士	148	18	unhandled	false	false			a-family-of-two,afterimage,bangyen408,candle-in-the-wind,fatherandson
zh-tr	site-zh-72	149	18	unhandled	false	false			a-home-welcoming-story-rsr-lu,cats-in-kaleidoscopes,eternal-flower,fog-house,scp-zh-121
zh-tr	心得	150	18	unhandled	false	false			biomedical-sense-zh,colmod-guide,feitag-give-attribution-for-images,first-report-of-goi-translation-project,how-to-modify-the-css-of-ambrose-goi-format
zh-tr	無形	151	18	unhandled	false	false			scp-zh-015,scp-zh-051,scp-zh-059,scp-zh-079,scp-zh-119
zh-tr	變形	152	18	unhandled	false	false			scp-zh-018,scp-zh-087,scp-zh-097,scp-zh-116,scp-zh-126
zh-tr	遊戲	153	18	unhandled	false	false			scp-zh-040,scp-zh-090,scp-zh-091,scp-zh-145,scp-zh-166
zh-tr	電子	154	18	unhandled	false	false			k1s10r0d-s-proposal,scp-zh-089,scp-zh-123,scp-zh-162,scp-zh-173
zh-tr	2025夏季競賽	155	17	unhandled	false	false			a-sardine-grows-from-the-soil,critter-profile-fogs,escape-into-the-world-of-mortals-1,for-new-employees,founded-media-u-054-au-zh
zh-tr	koschei.aic	156	17	unhandled	false	false			about-that-big-guy,all-the-bridges-were-burned,another-possibility,arrowhead,color-of-hope
zh-tr	zh999	157	17	unhandled	false	false			k1s10r0d-s-proposal,scp-zh-059,scp-zh-072,scp-zh-094,scp-zh-104
zh-tr	儀式性	158	17	unhandled	false	false			scp-zh-062,scp-zh-112,scp-zh-174,scp-zh-209,scp-zh-230
zh-tr	鳥類	159	17	jp_tag_name	true	true	鳥類		scp-zh-063,scp-zh-103,scp-zh-118,scp-zh-183,scp-zh-196
zh-tr	2021冬季競賽	160	16	unhandled	false	false			a-battlefield-without-emotion,authentic,behind-the-silver,chronic-survival,first-performance
zh-tr	2025中元恐怖	161	16	unhandled	false	false			scp-zh-143,scp-zh-414,scp-zh-481,scp-zh-596,scp-zh-616
zh-tr	_飛	162	16	unhandled	false	false			commission-nine-point-eight,fly-to-the-sky,i-ll-come-back-to-the-earth-and-bring-the-piece-of-the-star,scp-zh-056,scp-zh-073
zh-tr	site-zh-01	163	16	unhandled	false	false			in-exile,lostwhat-s-proposal,lostwhat-s-proposal-ii,scp-zh-060-j,scp-zh-158
zh-tr	不可移動	164	16	unhandled	false	false			scp-zh-002-j,scp-zh-039,scp-zh-053,scp-zh-105,scp-zh-166
zh-tr	倫理委員會	165	16	unhandled	false	false			dappoopoo,i-am-very-confused,post-trauma,scp-zh-088,scp-zh-194
zh-tr	心靈感應	166	16	unhandled	false	false			scp-zh-046,scp-zh-175,scp-zh-187,scp-zh-233,scp-zh-268
zh-tr	核裂擠兌	167	16	jp_tag_alias	true	true	ニュークリオン・バンク		after-the-boom,discipline,i-m-not-fine,lucid-dream,nsb8-130
zh-tr	武器	168	16	jp_tag_name	true	true	武器		scp-zh-022,scp-zh-118,scp-zh-153,scp-zh-205,scp-zh-227
zh-tr	現象	169	16	unhandled	false	false			scp-zh-068,scp-zh-151,scp-zh-163,scp-zh-347,scp-zh-386
zh-tr	蛛網國際	170	16	jp_tag_alias	true	true	コブウェブ・インターナショナル		0535-june-4th,1993-cobweb-international,a-battlefield-without-emotion,ci-04-arab-division-2014,ci-re-004
zh-tr	門徑	171	16	unhandled	false	false			scp-zh-021,scp-zh-058,scp-zh-088,scp-zh-105,scp-zh-170
zh-tr	2024冬季競賽	172	15	unhandled	false	false			nsb8-object-8391,scp-zh-022,scp-zh-287,scp-zh-313,scp-zh-345
zh-tr	化學性	173	15	unhandled	false	false			scp-zh-006,scp-zh-031,scp-zh-094,scp-zh-128,scp-zh-133
zh-tr	天槍-9	174	15	unhandled	false	false			absent,air-combat-of-vizmor,bell-frame,i-must-scream,limit-scale
zh-tr	媒體	175	15	unhandled	false	false			scp-zh-162,scp-zh-2005-ex,scp-zh-218,scp-zh-253,scp-zh-266
zh-tr	宗教	176	15	jp_tag_name	true	true	宗教		lostwhat-s-proposal-ii,scp-zh-003,scp-zh-062,scp-zh-066,scp-zh-085
zh-tr	小小先生	177	15	unhandled	false	false			a-motley-crew,behind-the-scenes-interview,black-sheep-rite,leavingcomet,littlegreatwar2
zh-tr	性	178	15	unhandled	false	false			adult:scp-zh-235,adult:scp-zh-333,adult:scp-zh-338,adult:scp-zh-991,post-trauma
zh-tr	挑戰活動	179	15	jp_unused_replacement	true	true		プロジェクト	candy-pumpkin-2021-a,candy-pumpkin-2021-b,christmas-event,christmas-event2,christmas-event3
zh-tr	掠食性	180	15	unhandled	false	false			scp-zh-022,scp-zh-222,scp-zh-231,scp-zh-249,scp-zh-282
zh-tr	_檢查	181	14	unhandled	false	false			counting-down,forget-me-not-lucifelle,obstacle,scp-zh-074,scp-zh-086
zh-tr	site-zh-31	182	14	jp_tag_alias	true	true	サイト-zh-31		operation-nucleon-bank-minger,prtp14,scp-zh-016,scp-zh-028,scp-zh-178
zh-tr	共感	183	14	unhandled	false	false			scp-zh-011,scp-zh-025,scp-zh-032,scp-zh-088,scp-zh-095
zh-tr	吳昕博士	184	14	unhandled	false	false			adams-clothes,art-for-zh-639,it-was-not-my-fault,scp-zh-047,scp-zh-111
zh-tr	寄生性	185	14	unhandled	false	false			scp-zh-010,scp-zh-023,scp-zh-080,scp-zh-208,scp-zh-215
zh-tr	山本五十嵐	186	14	unhandled	false	false			day-day-is-good-day,methadone,night-tide,o-nokay-ni-cidal,radiw
zh-tr	成人內容	187	14	unhandled	false	false			adult:k1s10r0d-art-of-v1l3-j-burning-calories,adult:oyasumi-site-zh-12,adult:reve02,adult:scp-zh-235,adult:scp-zh-333
zh-tr	昆蟲	188	14	unhandled	false	false			adult:scp-zh-235,scp-zh-023,scp-zh-028,scp-zh-082,scp-zh-122
zh-tr	格魯烏-p部門	189	14	unhandled	false	false			about-that-big-guy,aftermath-zh,article-number-037,collection-of-the-cultural-revolution,dream-messages
zh-tr	機械	190	14	jp_tag_name	true	true	機械		adult:scp-zh-338,scp-zh-029,scp-zh-129,scp-zh-193,scp-zh-213
zh-tr	歷史性	191	14	unhandled	false	false			lostwhat-s-proposal-ii,scp-zh-079,scp-zh-146,scp-zh-209,scp-zh-211
zh-tr	氣象	192	14	unhandled	false	false			scp-zh-068,scp-zh-115,scp-zh-121,scp-zh-136,scp-zh-287
zh-tr	結構物	193	14	unhandled	false	false			scp-zh-008,scp-zh-067,scp-zh-068,scp-zh-134,scp-zh-177
zh-tr	線上	194	14	unhandled	false	false			scp-zh-005,scp-zh-015,scp-zh-089,scp-zh-138,scp-zh-173
zh-tr	英國神秘情報局	195	14	unhandled	false	false			after-the-boom,collected-land-no022,e-021,e-0249,e-830
zh-tr	蒐集院	196	14	jp_tag_name	true	true	蒐集院		1935-overture-night-rain,another-possibility,article-number-037,article-number-097-black-0117,collected-item-no0665
zh-tr	藝術性	197	14	unhandled	false	false			scp-zh-038,scp-zh-092,scp-zh-093,scp-zh-180,scp-zh-278
zh-tr	銘文	198	14	unhandled	false	false			scp-zh-091,scp-zh-102,scp-zh-109,scp-zh-134,scp-zh-181
zh-tr	creepypasta	199	13	jp_tag_alias	true	true	クリーピーパスタ		19th-bureau-of-mss-of-china,give-it-shape,graduation,grandfather-and-japanese-prisoners-of-war-in-the-soviet-unio,lxvi-cafe-park
zh-tr	hanku博士	200	13	unhandled	false	false			scp-zh-140,scp-zh-173,scp-zh-340,scp-zh-441,scp-zh-583-j
zh-tr	mc&d	201	13	jp_tag_name	true	true	mc&d		about-that-big-guy,adult:scp-zh-333,chocolatecake,collection-of-the-cultural-revolution,ftgg-a-chunibyo-story-p1
zh-tr	敘述性	202	13	unhandled	false	false			abyssdream-s-proposal-1,scp-zh-024,scp-zh-087,scp-zh-138,scp-zh-176
zh-tr	機率性	203	13	unhandled	false	false			scp-zh-029,scp-zh-078,scp-zh-207,scp-zh-281,scp-zh-312
zh-tr	民異署	204	13	jp_tag_name	true	true	民異署		critter-profile-ciwciw,scp-zh-032,scp-zh-063,scp-zh-112,scp-zh-234
zh-tr	異常移動	205	13	unhandled	false	false			scp-zh-083,scp-zh-091,scp-zh-135,scp-zh-161,scp-zh-187
zh-tr	睡眠	206	13	jp_tag_name	true	true	睡眠		scp-zh-156,scp-zh-187,scp-zh-196,scp-zh-233,scp-zh-337
zh-tr	神經性	207	13	unhandled	false	false			adult:scp-zh-991,scp-zh-067,scp-zh-158,scp-zh-310,scp-zh-444
zh-tr	群體性	208	13	unhandled	false	false			scp-zh-044,scp-zh-080,scp-zh-129,scp-zh-173,scp-zh-198
zh-tr	都異部門	209	13	unhandled	false	false			cool-spread-class-icons,kamen-rider-theseus-alone-in-the-dark,scp-zh-059,scp-zh-082,scp-zh-180
zh-tr	bright博士	210	12	unhandled	false	false			aaaa-zh,bangbang,bright-family,fungi-foundation,how-to-defeat-those-bad-guys-correctly
zh-tr	site-zh-26	211	12	jp_tag_alias	true	true	サイト-zh-26		black-0419,old-cat-travel-1,scp-zh-007,scp-zh-018,scp-zh-122
zh-tr	site-zh-59	212	12	unhandled	false	false			a-precise-bombing,art-site-zh-59,can-have-a-barbecue-in-ends,old-go-new-come,scp-zh-116
zh-tr	tostren博士	213	12	unhandled	false	false			bokoichi-the-freightening-car,bro-i-dont-play-yu-gi-oh-what-do-you-expect,dappoopoo,inharmonious-rain,scp-zh-209
zh-tr	合作	214	12	jp_tag_name	true	true	合作		archived:discord-active-members-note-arc,cardinal-hub,log-of-extranormal-events-zh,personnel-and-character-dossier-zh,personnel-and-character-dossier-zh-arc
zh-tr	安布羅斯餐廳	215	12	unhandled	false	false			about-that-big-guy,ambrose-isakov,ambrose-taiwan-railway-hotel,goi,how-to-modify-the-css-of-ambrose-goi-format
zh-tr	普羅米修斯實驗室	216	12	unhandled	false	false			about-scranton-reality-anchors,about-that-big-guy,file-no-hkc454,grant-request-for-utilization-of-memetic-agent-to-assist-per,lte-1903-orange-blaecca
zh-tr	渾沌反叛軍	217	12	unhandled	false	false			1993-cobweb-international,about-that-big-guy,aftermath-zh,sc-19,scp-zh-138
zh-tr	火	218	12	unhandled	false	false			scp-zh-062,scp-zh-240,scp-zh-270,scp-zh-275,scp-zh-301
zh-tr	無定形	219	12	unhandled	false	false			scp-zh-103,scp-zh-244,scp-zh-275,scp-zh-298,scp-zh-407
zh-tr	王尚毅特工	220	12	unhandled	false	false			adams-clothes,art-for-zh-639,drizzle,scp-zh-012,scp-zh-639
zh-tr	破碎之神教會	221	12	unhandled	false	false			about-that-big-guy,first-mu-yi-donation,ftgg-a-chunibyo-story-p1,k1s10r0d-s-proposal,parawatch-my-hometown-was-a-miracle
zh-tr	肢體	222	12	unhandled	false	false			adult:scp-zh-338,scp-zh-034,scp-zh-142,scp-zh-144,scp-zh-207
zh-tr	2020虹光之間	223	11	unhandled	false	false			cleguisbt,darkroom-2020,lucid-dream,scp-zh-053,scp-zh-085
zh-tr	2025冬季競賽	224	11	unhandled	false	false			attempt-of-type-green-and-bluenullification-via-aether-rewea,beyond-the-pines,eternal-flower,scp-zh-386,scp-zh-417
zh-tr	_假的	225	11	unhandled	false	false			electronic-stary,must-be-fake,newandnewandnew,one-night-four-broken-hearts-in-12,post-trauma
zh-tr	_賞金1200字	226	11	unhandled	false	false			ao-zh-252,nobody-s-home,scp-zh-008,scp-zh-013,scp-zh-015
zh-tr	_退	227	11	unhandled	false	false			art:alex-thorley-pressed-the-escape-key,new-word,scp-zh-020,scp-zh-121,scp-zh-137
zh-tr	clef博士	228	11	unhandled	false	false			afterimage,candle-in-the-wind,clef-daughter-sketch,fungi-foundation,how-to-defeat-those-bad-guys-correctly
zh-tr	willow特工	229	11	unhandled	false	false			bt-fly,cat-day,christmas-marten,dark-room,doodles-from-sam
zh-tr	wondertainment博士	230	11	unhandled	false	false			about-that-big-guy,behind-the-scenes-interview,black-sheep-rite,leavingcomet,littlegreatwar2
zh-tr	中秋烏路賽	231	11	unhandled	false	false			mu-yi-115,nb,no-cooked-yolk-is-life,noisy-mid-autumn-festival,orange-1114
zh-tr	愚人節同歡	232	11	unhandled	false	false			2023-april-fool,20240401,20250401,critter-profile-ciwciw,galgame-zh
zh-tr	感知力	233	11	unhandled	false	false			scp-zh-054,scp-zh-064,scp-zh-197,scp-zh-206,scp-zh-214
zh-tr	水棲	234	11	unhandled	false	false			scp-zh-007,scp-zh-037,scp-zh-098,scp-zh-114,scp-zh-168
zh-tr	趙禮竺特工	235	11	unhandled	false	false			dappoopoo,email-and-penalty,merry-christmas-mkm,new-flesh-in-site-zh-11,scorch-correspondence-pattern
zh-tr	電腦	236	11	unhandled	false	false			k1s10r0d-s-proposal,scp-zh-015,scp-zh-162,scp-zh-173,scp-zh-185
zh-tr	音樂性	237	11	unhandled	false	false			scp-zh-102,scp-zh-112,scp-zh-115,scp-zh-142,scp-zh-218
zh-tr	2020冬季競賽	238	10	jp_tag_alias	true	true	2020冬季コンテストzh		ambrose-isakov,blue-2020,lunar-new-year-2020,new-year-lion,nsb8-384
zh-tr	2023夏季競賽	239	10	unhandled	false	false			scp-zh-245,scp-zh-347,scp-zh-639,scp-zh-649,scp-zh-662
zh-tr	_威爾遜生物應對組-goi格式	240	10	unhandled	false	false			adoption-poster-choco,critter-profile-fogs,critter-profile-mor,critter-profile-perillos,critter-profile-surge
zh-tr	_核心	241	10	unhandled	false	false			glass-ball-family,march-march,scp-zh-148,scp-zh-154,scp-zh-187
zh-tr	liesbeth博士	242	10	unhandled	false	false			aviation,blue-9102,caged-bird,nemophila,operation-nucleon-bank-semibreve
zh-tr	交換	243	10	jp_tag_name	true	true	交換		scp-zh-141,scp-zh-165,scp-zh-184,scp-zh-202,scp-zh-207
zh-tr	光照影響	244	10	unhandled	false	false			scp-zh-082,scp-zh-114,scp-zh-418,scp-zh-421,scp-zh-424
zh-tr	卓文康卓奇	245	10	unhandled	false	false			a-family-of-two,fatherandson,four-konnies-four-troubles,qmario-artwork-1,reverberate
zh-tr	反大麻玩家	246	10	unhandled	false	false			about-that-big-guy,goi-awcy-gaw,littlegreatwar2,scp-zh-070,scp-zh-252
zh-tr	反常部	247	10	unhandled	false	false			scp-zh-121,scp-zh-160,scp-zh-418,scp-zh-441,scp-zh-574
zh-tr	夏日晴空競賽	248	10	unhandled	false	false			dcclxvi-water-park,fleeting,old-day-dust,queen-of-farangaw,scp-zh-303
zh-tr	夜之子	249	10	unhandled	false	false			ancient-taiwan-chronicle,scp-zh-067,scp-zh-310,scp-zh-621,scp-zh-698
zh-tr	夜間活動	250	10	unhandled	false	false			scp-zh-060,scp-zh-082,scp-zh-2154-ex,scp-zh-274,scp-zh-533
zh-tr	天已堂	251	10	jp_tag_name	true	true	天已堂		anti-dark,cobweb-ci-s-057,combat-record-rl1207,numbering-p-5363,pudding-logo
zh-tr	工廠	252	10	unhandled	false	false			about-that-big-guy,e-0249,k-05324,sc-19,scp-zh-016
zh-tr	已解明	253	10	unhandled	false	false			k1s10r0d-s-proposal,scp-zh-087-j,scp-zh-131,scp-zh-2005-ex,scp-zh-2154-ex
zh-tr	扶桑紀	254	10	jp_tag_name	true	true	扶桑紀		grandfather-and-japanese-prisoners-of-war-in-the-soviet-unio,hafune,maple-forest,new-takayama-plan,ran-jikan-rupu
zh-tr	法律性	255	10	unhandled	false	false			scp-zh-189,scp-zh-225,scp-zh-394,scp-zh-481,scp-zh-497
zh-tr	物理少年	256	10	jp_tag_name	true	true	物理少年		disorder-flapdoodle,dream-duet,dreams-always-dissolve,dreams-always-explode,extension-of-dream
zh-tr	知識	257	10	jp_tag_name	true	true	知識		scp-zh-123,scp-zh-247,scp-zh-313,scp-zh-327,scp-zh-343
zh-tr	站點	258	10	unhandled	false	false			site-zh-02,site-zh-11,site-zh-12,site-zh-13,site-zh-16
zh-tr	自我修復	259	10	unhandled	false	false			adult:scp-zh-991,scp-zh-042,scp-zh-060-j,scp-zh-143,scp-zh-194
zh-tr	虹光之間	260	10	unhandled	false	false			alive-evergreen,caged-bird,darkroom,dreamcatcher,in-the-snow-in-the-iris
zh-tr	見危-12	261	10	unhandled	false	false			complain-first-work-second,scp-zh-012,scp-zh-216,scp-zh-247,scp-zh-289
zh-tr	語言	262	10	unhandled	false	false			scp-zh-116,scp-zh-140,scp-zh-281,scp-zh-392,scp-zh-411
zh-tr	說明	263	10	unhandled	false	false			about-scranton-reality-anchors,ancient-taiwan-chronicle,for-new-employees,history-of-discovery-and-investigation-of-publisher,how-to-survive-in-the-wild
zh-tr	貓類	264	10	unhandled	false	false			boxes-under-tree,scp-zh-025,scp-zh-168,scp-zh-222,scp-zh-285
zh-tr	飾品	265	10	unhandled	false	false			scp-zh-030,scp-zh-085,scp-zh-095,scp-zh-179,scp-zh-213
zh-tr	1998年	266	9	unhandled	false	false			81q5-sadness-pink,foundation-midnight-club-mou,path-to-transitional-justice,r-sinano-chuo-co-jp-2030-5-12-f9r324,r-sinano-chuo-zhtr-2018-11-19-a222a
zh-tr	2023冬季競賽	267	9	unhandled	false	false			better-to-add-an-imaaage,blue-eyes-white-dragon,path-to-transitional-justice,scp-zh-191,scp-zh-274
zh-tr	2026冬季競賽	268	9	unhandled	false	false			ad-art-for-jigak-12-1,mooninwater,scp-zh-328,scp-zh-487,scp-zh-630
zh-tr	_你感覺到了嗎	269	9	unhandled	false	false			ignore,night-tide,scp-zh-192,scp-zh-215,scp-zh-366
zh-tr	apollyon	270	9	jp_tag_name	true	true	apollyon		lostwhat-s-proposal,reverberate-a-s-proposal-1,scp-zh-022,scp-zh-579,scp-zh-698
zh-tr	flavir博士	271	9	unhandled	false	false			scp-zh-010,scp-zh-310,scp-zh-610,scp-zh-891,scp-zh-9288-ex
zh-tr	gears博士	272	9	unhandled	false	false			candle-in-the-wind,color-of-sea-black,fatherandson,fungi-foundation,how-to-defeat-those-bad-guys-correctly
zh-tr	天紀-17	273	9	unhandled	false	false			absent,i-m-not-fine,limit-scale,logo-discipline-17,nsb8-916
zh-tr	新四山小學	274	9	jp_tag_alias	true	true	新四山小学校		collected-land-no022,collection-of-the-cultural-revolution,mcdssps,pudding-logo,sc-19
zh-tr	瑪納慈善基金會	275	9	unhandled	false	false			about-that-big-guy,ci-04-arab-division-2014,first-mu-yi-donation,operation-nucleon-bank-cobweb01,parawatch-my-hometown-was-a-miracle
zh-tr	生殖性	276	9	unhandled	false	false			adult:scp-zh-338,scp-zh-274,scp-zh-369,scp-zh-426,scp-zh-429
zh-tr	空中	277	9	jp_tag_name	true	true	空中		scp-zh-107,scp-zh-110,scp-zh-223,scp-zh-298,scp-zh-414
zh-tr	衣物	278	9	unhandled	false	false			scp-zh-039,scp-zh-109,scp-zh-208,scp-zh-286,scp-zh-300-j
zh-tr	車肆-8	279	9	unhandled	false	false			cat-day,scp-zh-006,scp-zh-027,scp-zh-208,scp-zh-252
zh-tr	軍事	280	9	jp_tag_name	true	true	軍事		scp-zh-109,scp-zh-314,scp-zh-385,scp-zh-625,scp-zh-674-j
zh-tr	酣夜櫻華	281	9	unhandled	false	false			a-battlefield-without-emotion,aviation,borage,bourbon-whiskey,kiss-in-the-dark
zh-tr	重新導向	282	9	unhandled	false	false			adult:k1s10r0d-art-of-v1l3-j-burning-calories,adult:oyasumi-site-zh-12,adult:reve02,adult:scp-zh-235,adult:scp-zh-333
zh-tr	附加資料	283	9	unhandled	false	false			annex-of-scp-zh-372,communication-log-zh-747-331,critter-profile-mor,eco-09,mu-yi-596
zh-tr	預測性	284	9	unhandled	false	false			k1s10r0d-s-proposal,lostwhat-s-proposal-ii,scp-zh-029,scp-zh-049,scp-zh-306
zh-tr	鯨類	285	9	unhandled	false	false			scp-zh-098,scp-zh-134,scp-zh-155,scp-zh-160,scp-zh-298
zh-tr	2019回憶競賽	286	8	jp_tag_alias	true	true	2019回憶コンテスト		k-before,on-the-tree,scp-zh-120,scp-zh-258,scp-zh-762
zh-tr	2019暑期比賽	287	8	unhandled	false	false			cats-in-kaleidoscopes,childhood,familiar-strangers,scp-zh-077,scp-zh-199
zh-tr	2022聖夜相守	288	8	unhandled	false	false			christmas-event4,divina-commedia,first-glimpse-into-legend-of-shower-chess-style,merry-christmas-mkm,scp-zh-598
zh-tr	2022虹光之間	289	8	unhandled	false	false			bythenameofeighthsun-noshadowallowed,darkroom-2022,malicious-behavior,scp-zh-196,scp-zh-744
zh-tr	_南	290	8	unhandled	false	false			bokoichi-the-freightening-car,keep-yourself-warm,scp-zh-250,scp-zh-597,scp-zh-615
zh-tr	_新	291	8	unhandled	false	false			old-go-new-come,red-earth-4,scp-zh-557,scp-zh-567,scp-zh-579
zh-tr	_絕望	292	8	unhandled	false	false			attempt-of-type-green-and-bluenullification-via-aether-rewea,beyond-the-pines,eternal-flower,scp-zh-386,scp-zh-422
zh-tr	_蛇之手-goi格式	293	8	unhandled	false	false			hafune,mu-yi-f-824,sh-3d-glutinous-oil-rice,sh-alexei,sh-cannibalism-in-taiwan
zh-tr	_重新出發	294	8	unhandled	false	false			and-from-the-ashes-a-new-hk-site-will-be-born,can-have-a-barbecue-in-ends,o-nokay-ni-cidal,scp-zh-537,scp-zh-565
zh-tr	maddy	295	8	unhandled	false	false			christmas-marten,dark-room,doodles-from-sam,duck-s-xmas,head
zh-tr	三波特蘭	296	8	unhandled	false	false			adoption-poster-choco,ftgg-a-chunibyo-story-p1,ftgg-a-chunibyo-story-p2,scp-zh-222,scp-zh-255
zh-tr	嗅覺影響	297	8	unhandled	false	false			adult:scp-zh-991,scp-zh-032,scp-zh-128,scp-zh-204,scp-zh-249
zh-tr	地下	298	8	jp_tag_name	true	true	地下		scp-zh-067,scp-zh-105,scp-zh-234,scp-zh-418,scp-zh-441
zh-tr	微觀	299	8	unhandled	false	false			scp-zh-146,scp-zh-194,scp-zh-403,scp-zh-620,scp-zh-621
zh-tr	樹木	300	8	jp_tag_name	true	true	樹木		lostwhat-s-proposal-ii,scp-zh-039,scp-zh-063,scp-zh-136,scp-zh-236
zh-tr	毒性	301	8	jp_tag_name	true	true	毒性		scp-zh-088,scp-zh-158,scp-zh-174,scp-zh-345,scp-zh-426
zh-tr	火勢遏阻部	302	8	unhandled	false	false			dappoopoo,rinko-s-proposal-1,scp-zh-119,scp-zh-218,scp-zh-268
zh-tr	自我複製	303	8	unhandled	false	false			scp-zh-013,scp-zh-200,scp-zh-2588-j,scp-zh-292,scp-zh-407
zh-tr	超形上學部	304	8	unhandled	false	false			scp-zh-176,scp-zh-340,scp-zh-441,scp-zh-736,scp-zh-909
zh-tr	通訊	305	8	unhandled	false	false			scp-zh-057,scp-zh-073,scp-zh-160,scp-zh-173,scp-zh-190
zh-tr	長垣-4	306	8	unhandled	false	false			i-m-not-fine,lucid-dream,operation-nucleon-bank-hg,operation-nucleon-bank-minger,operation-nucleon-bank-run-1
zh-tr	雕像	307	8	unhandled	false	false			scp-zh-004,scp-zh-044,scp-zh-180,scp-zh-263,scp-zh-307
zh-tr	骨骼	308	8	unhandled	false	false			scp-zh-053,scp-zh-081-j,scp-zh-134,scp-zh-237,scp-zh-427
zh-tr	001提案	309	7	unhandled	false	false			abyssdream-s-proposal-1,k1s10r0d-s-proposal,lostwhat-s-proposal,lostwhat-s-proposal-ii,reverberate-a-s-proposal-1
zh-tr	_a3	310	7	unhandled	false	false			scp-zh-102,scp-zh-112,scp-zh-115,scp-zh-221,scp-zh-571
zh-tr	_木易-goi格式	311	7	unhandled	false	false			mu-yi-115,mu-yi-596,mu-yi-621,mu-yi-f-824,the-collection-of-mck
zh-tr	_白磷時代	312	7	unhandled	false	false			foreseen,scp-zh-351,scp-zh-373,scp-zh-489,scp-zh-493
zh-tr	_第八處-goi格式	313	7	unhandled	false	false			disremember,nsb8-01728,nsb8-130,nsb8-384,nsb8-916
zh-tr	aiad	314	7	jp_tag_name	true	true	aiad		another-possibility,arrowhead,k1s10r0d-s-proposal,mystery-zh,scp-zh-279
zh-tr	srr部	315	7	unhandled	false	false			scp-zh-109,scp-zh-400,scp-zh-600,scp-zh-611,scp-zh-626
zh-tr	uiu	316	7	unhandled	false	false			about-that-big-guy,goi,oh-no-body-is-running,sc-19,scp-zh-255
zh-tr	國安十九局	317	7	unhandled	false	false			19th-bureau-of-mss-of-china,anomalous-item-hk-police-helmet,collection-of-the-cultural-revolution,mss-19-logo,scp-zh-426
zh-tr	基因	318	7	unhandled	false	false			scp-zh-248,scp-zh-310,scp-zh-448,scp-zh-610,scp-zh-620
zh-tr	容器	319	7	jp_tag_name	true	true	容器		k1s10r0d-s-proposal,scp-zh-133,scp-zh-322,scp-zh-327,scp-zh-719-j
zh-tr	待分級	320	7	unhandled	false	false			scp-zh-092,scp-zh-132,scp-zh-180,scp-zh-371,scp-zh-375
zh-tr	成癮性	321	7	unhandled	false	false			adult:scp-zh-991,scp-zh-081,scp-zh-212,scp-zh-417,scp-zh-469
zh-tr	擬態	322	7	jp_tag_name	true	true	擬態		scp-zh-111,scp-zh-386,scp-zh-469,scp-zh-522,scp-zh-791
zh-tr	攝像	323	7	unhandled	false	false			scp-zh-018,scp-zh-191,scp-zh-720,scp-zh-832,scp-zh-912
zh-tr	日奉一族	324	7	jp_tag_name	true	true	日奉一族		2008,ftgg-a-chunibyo-story-p2,scp-zh-260,the-diverging-paths-of-koumin-literature,to-the-doctor
zh-tr	星際	325	7	unhandled	false	false			scp-zh-034,scp-zh-057,scp-zh-154,scp-zh-159,scp-zh-195
zh-tr	殆瓦	326	7	unhandled	false	false			ancient-taiwan-chronicle,scp-zh-067,scp-zh-209,scp-zh-621,scp-zh-835
zh-tr	記錄	327	7	unhandled	false	false			scp-zh-002-j,scp-zh-173,scp-zh-540,scp-zh-736,scp-zh-912
zh-tr	貨幣	328	7	jp_tag_name	true	true	貨幣		scp-zh-204,scp-zh-207,scp-zh-280,scp-zh-489,scp-zh-791
zh-tr	_a2	329	6	unhandled	false	false			mu-yi-621,scp-zh-049,scp-zh-091,scp-zh-289,scp-zh-410
zh-tr	_a4	330	6	unhandled	false	false			critter-profile-surge,scp-zh-222,scp-zh-628,scp-zh-684,scp-zh-946
zh-tr	_awcy-goi格式	331	6	unhandled	false	false			pot-of-greed-you-kids-love-yu-gi-oh-innit,project-proposal-1925-1894,project-proposal-2017-47-zh,project-proposal-2025-36-zh,project-proposal-2034-124
zh-tr	_探險者mk	332	6	unhandled	false	false			scp-zh-022,scp-zh-313,scp-zh-358,scp-zh-525,scp-zh-611
zh-tr	_賞金k級情景	333	6	unhandled	false	false			five-minutes-to-end,scp-zh-014,scp-zh-113,teapotoao,ting129-s-ko-proposal
zh-tr	_零號專隊-goi格式	334	6	unhandled	false	false			e-021,e-0249,e-830,e-927,file-no-hkc454
zh-tr	dado	335	6	jp_tag_name	true	true	dado		laundry-the-gulf,mcdssps,scp-zh-133,scp-zh-369,scp-zh-857
zh-tr	kyo.aic	336	6	unhandled	false	false			caged-bird,disorder-flapdoodle,koy-joe,pry,scp-zh-930
zh-tr	nobody	337	6	jp_tag_alias	true	true	何者でもない		about-that-big-guy,nobody-s-home,nobodyneedshelp,oh-no-body-is-running,scp-zh-489
zh-tr	互動性	338	6	unhandled	false	false			galgame-zh,myosotis,scp-zh-0100,scp-zh-098,scp-zh-888-j
zh-tr	和朝義	339	6	jp_tag_name	true	true	和朝義		anti-dark,e-0249,pzga-data-fish,scp-zh-031,scp-zh-410
zh-tr	地平線倡議	340	6	unhandled	false	false			about-that-big-guy,ambrose-isakov,article-number-001,ru021,sc-19
zh-tr	復活	341	6	unhandled	false	false			scp-zh-053,scp-zh-060-j,scp-zh-262,scp-zh-427,scp-zh-850
zh-tr	悖論	342	6	unhandled	false	false			k1s10r0d-s-proposal,scp-zh-150,scp-zh-173,scp-zh-465,scp-zh-492
zh-tr	戰術神學部	343	6	unhandled	false	false			scp-zh-173,scp-zh-598,scp-zh-607,scp-zh-649,scp-zh-777
zh-tr	氣體	344	6	unhandled	false	false			scp-zh-168,scp-zh-174,scp-zh-240,scp-zh-298,scp-zh-426
zh-tr	無脊椎動物	345	6	jp_tag_name	true	true	無脊椎動物		scp-zh-081-j,scp-zh-208,scp-zh-299,scp-zh-374,scp-zh-696
zh-tr	玩具	346	6	jp_tag_name	true	true	玩具		scp-zh-026,scp-zh-135,scp-zh-187,scp-zh-334,scp-zh-336
zh-tr	瓶中船	347	6	unhandled	false	false			dont-open,one-night-four-broken-hearts-in-12,the-bottle-in-april-fools,the-bottle-in-office,the-bottle-in-restroom
zh-tr	用戶解密	348	6	jp_unused_no_single_replacement	true	false			scp-2998-declassification-zh,scp-8797-analysis,scp-zh-096-declassification,scp-zh-176-declassification,scp-zh-306-declassification
zh-tr	病毒	349	6	unhandled	false	false			scp-zh-146,scp-zh-173,scp-zh-620,scp-zh-621,scp-zh-791
zh-tr	眼睛	350	6	unhandled	false	false			scp-zh-215,scp-zh-457,scp-zh-712,scp-zh-779,scp-zh-832
zh-tr	研究員k	351	6	unhandled	false	false			cat-day,k-before,keepthere,scp-zh-247,summersnow
zh-tr	重力影響	352	6	unhandled	false	false			scp-zh-075,scp-zh-179,scp-zh-210,scp-zh-310,scp-zh-360
zh-tr	電力	353	6	unhandled	false	false			scp-zh-105,scp-zh-122,scp-zh-190,scp-zh-424,scp-zh-587
zh-tr	鬼魂	354	6	unhandled	false	false			scp-zh-424,scp-zh-467,scp-zh-636,scp-zh-705,scp-zh-748
zh-tr	魚類	355	6	jp_tag_name	true	true	魚類		scp-zh-007,scp-zh-114,scp-zh-134,scp-zh-237,scp-zh-464
zh-tr	_第一使命	356	5	unhandled	false	false			a-precise-bombing,foundation-midnight-club-mou,scp-zh-315,scp-zh-469,scp-zh-951
zh-tr	_賞金他站人物	357	5	unhandled	false	false			19th-bureau-of-mss-of-china,human-sorrows-and-joys,laundry-the-gulf,phototaxis,the-eyes-of-bystanders
zh-tr	archon	358	5	jp_tag_name	true	true	archon		scp-zh-239,scp-zh-709,scp-zh-906,scp-zh-986,scp-zh-989
zh-tr	foundation-format	359	5	unhandled	false	false			ao-zh-252,scp-173-p,scp-999-jp-enneametric,scp-zh-024-arc,scp-zh-922-updated
zh-tr	lofia	360	5	unhandled	false	false			mu-yi-621,scp-zh-041,scp-zh-405,scp-zh-510,the-collection-of-mck
zh-tr	mcdoctorate博士	361	5	unhandled	false	false			4x4x4-cell,art:placeholder-fanart,scp-zh-173,sq-artwork-1a,sq-artwork-1b
zh-tr	site-zh-47	362	5	unhandled	false	false			scp-zh-209,scp-zh-358,scp-zh-449,scp-zh-853,scp-zh-948
zh-tr	亞伯	363	5	unhandled	false	false			artwork-ageantaa1,scp-zh-986,sticker3,the-cain-from-eternal2018,what-the-fuck
zh-tr	佩森尼爾	364	5	unhandled	false	false			boorklyn-00-crash,boorklyn-00-ref-rain,boorklyn-00-the-heaven,pthahnil-drees-relenaxd,pthahnil-s-social-media-user-icon
zh-tr	味覺影響	365	5	unhandled	false	false			scp-zh-006,scp-zh-045,scp-zh-128,scp-zh-437,scp-zh-857
zh-tr	城市	366	5	unhandled	false	false			scp-zh-406,scp-zh-540,scp-zh-625,scp-zh-778,scp-zh-904
zh-tr	日本生類創研	367	5	jp_tag_name	true	true	日本生類創研		esther,scp-zh-260,scp-zh-262,the-collection-of-mck,uiu-1970-005
zh-tr	毆打鯊魚中心	368	5	unhandled	false	false			about-that-big-guy,scp-zh-007,sh-cat-claw-punch-shark,spc-zh-795,ting129-s-ko-proposal
zh-tr	永衡教會	369	5	jp_tag_alias	true	true	永衡教会		sc-19,scp-zh-017,scp-zh-251,scp-zh-252,scp-zh-346
zh-tr	深井目錄	370	5	unhandled	false	false			assessing-the-possibility-of-using-scp-zh-621-patients-as-an,attempt-of-type-green-and-bluenullification-via-aether-rewea,scp-zh-173,scp-zh-744,scp-zh-988
zh-tr	爆旋壽司	371	5	unhandled	false	false			ftgg-a-chunibyo-story-p2,sb-the-road-of-revenge,yamizushi-file-053,yamizushi-file-no019,yamizushi-file-no338
zh-tr	觸覺影響	372	5	unhandled	false	false			scp-zh-023,scp-zh-177,scp-zh-249,scp-zh-337,scp-zh-880
zh-tr	該隱	373	5	unhandled	false	false			artwork-ageantaa1,scp-zh-986,skyblueceeb,sticker2,the-cain-from-eternal2018
zh-tr	誤傳部	374	5	unhandled	false	false			scp-zh-024,scp-zh-220,scp-zh-823,scp-zh-854,scp-zh-995
zh-tr	闇壽司	375	5	unhandled	false	false			sb-the-road-of-revenge,scp-zh-128,yamizushi-file-053,yamizushi-file-no019,yamizushi-file-no338
zh-tr	非現實部	376	5	unhandled	false	false			scp-zh-138,scp-zh-161,scp-zh-196,scp-zh-307,scp-zh-636
zh-tr	1976年班	377	4	unhandled	false	false			art-for-2316,scp-zh-076,scp-zh-259,scp-zh-976
zh-tr	_a1	378	4	unhandled	false	false			scp-zh-072,scp-zh-229-ex,scp-zh-264,scp-zh-451
zh-tr	_b2	379	4	unhandled	false	false			scp-zh-007,scp-zh-614,thaumatalchemy,to-my-love
zh-tr	_mc&d-goi格式	380	4	unhandled	false	false			chocolatecake,collection-of-the-cultural-revolution,mcdssps,potehi
zh-tr	_no-dustjacket	381	4	unhandled	false	false			pyemia-is-thicker-than-water,wanderers:curtain-down,wanderers:pearl,wanderers:so-i-stab-into-the-black-sea
zh-tr	_偉大長老	382	4	unhandled	false	false			scp-zh-287,scp-zh-716,scp-zh-757,scp-zh-818
zh-tr	_沙皇先知協會-goi格式	383	4	unhandled	false	false			article-number-001,article-number-037,article-number-065,ru021
zh-tr	_賞金反	384	4	unhandled	false	false			2zero2seven,ctf15-21-molly,scp-zh-451,yamizushi-file-no338
zh-tr	_黃姓線人	385	4	unhandled	false	false			nsb8-object-8391,scp-zh-345,scp-zh-465,scp-zh-668
zh-tr	iceberg博士	386	4	unhandled	false	false			color-of-sea-black,fungi-foundation,personal-diary-of-iceberg-and-gears,qmario-artwork-1
zh-tr	塑像173	387	4	unhandled	false	false			been-a-while,comic,scp-zh-986,what-the-fuck
zh-tr	屍體史體	388	4	unhandled	false	false			scp-zh-423,scp-zh-819,scp-zh-850,scp-zh-981
zh-tr	指導	389	4	unhandled	false	false			custom-dark-style,groups-of-interest-zh,how-to-use-acs-alt,personnel-and-character-dossier-zh-arc
zh-tr	放射性	390	4	unhandled	false	false			scp-zh-141,scp-zh-809,scp-zh-850,scp-zh-993
zh-tr	星球	391	4	unhandled	false	false			scp-zh-057,scp-zh-163,scp-zh-195,scp-zh-700
zh-tr	未來	392	4	unhandled	false	false			scp-zh-049,scp-zh-306,scp-zh-599,scp-zh-850
zh-tr	極冷戰	393	4	unhandled	false	false			e-927,file-no-hkc454,report-of-hk-vn-history,rocaf
zh-tr	機器人	394	4	unhandled	false	false			adult:scp-zh-338,scp-zh-206,scp-zh-272,scp-zh-279
zh-tr	熱量影響	395	4	unhandled	false	false			scp-zh-009,scp-zh-226,scp-zh-275,scp-zh-646
zh-tr	生活片段	396	4	unhandled	false	false			first-glimpse-into-legend-of-shower-chess-style,mooninwater,scorch-correspondence-pattern,tanaka-knave-class-linguistic-petrification-scenario
zh-tr	發條	397	4	unhandled	false	false			scp-zh-583,scp-zh-655,scp-zh-798,scp-zh-833
zh-tr	羞澀的人	398	4	unhandled	false	false			raisa-9600,scp-zh-888-j,scp-zh-986,what-the-fuck
zh-tr	聖夜虹光	399	4	unhandled	false	false			162x229mm-envelope-bag,christmas-event6,scp-zh-239,scp-zh-627
zh-tr	腐蝕性	400	4	unhandled	false	false			scp-zh-386,scp-zh-400,scp-zh-498,scp-zh-625
zh-tr	負號部隊	401	4	unhandled	false	false			19th-bureau-of-mss-of-china,nsb8-384,the-collection-of-mck,the-song-of-mckao
zh-tr	適應性	402	4	unhandled	false	false			scp-zh-028,scp-zh-091,scp-zh-409,scp-zh-823
zh-tr	電磁	403	4	unhandled	false	false			scp-zh-057,scp-zh-696,scp-zh-800,scp-zh-998
zh-tr	韻文	404	4	unhandled	false	false			wanderers:die-in-immortality,wanderers:gerens-paxillum,wanderers:the-fifth-poetry,wanderers:wandered-at-night
zh-tr	_b3	405	3	unhandled	false	false			19th-bureau-of-mss-of-china,scp-zh-701,sh-cat-claw-punch-shark
zh-tr	_ijamea-goi格式	406	3	unhandled	false	false			2008,new-takayama-plan,ran-jikan-rupu
zh-tr	_人之流	407	3	unhandled	false	false			scp-zh-306,scp-zh-412,scp-zh-457
zh-tr	_洗衣部門-goi格式	408	3	unhandled	false	false			0754,article-number-097-black-0117,blue-0815
zh-tr	_闇壽司-goi格式	409	3	unhandled	false	false			yamizushi-file-053,yamizushi-file-no019,yamizushi-file-no338
zh-tr	alex-thorley	410	3	jp_tag_alias	true	true	アレックス・ソーリー		art:alex-thorley-pressed-the-escape-key,scp-zh-161,special-cargo-plc-reviews
zh-tr	不滅孽蜥	411	3	unhandled	false	false			scp-zh-986,special-cargo-plc-reviews,what-the-fuck
zh-tr	世界觀建設	412	3	unhandled	false	false			assessing-the-possibility-of-using-scp-zh-621-patients-as-an,kimad-no-sikacawan,scp-zh-922-updated
zh-tr	五角星	413	3	unhandled	false	false			file-no-hkc454,scp-zh-261,scp-zh-410
zh-tr	信濃中央新聞	414	3	jp_tag_name	true	true	信濃中央新聞		foundation-midnight-club-mou,r-sinano-chuo-co-jp-2030-5-12-f9r324,r-sinano-chuo-zhtr-2018-11-19-a222a
zh-tr	叁月協會	415	3	unhandled	false	false			about-that-big-guy,wanderers:die-in-immortality,whiskey
zh-tr	反大麻先生	416	3	unhandled	false	false			a-motley-crew,shakepinballmachine,until-san-greal-are-needed-once-again
zh-tr	夢神	417	3	unhandled	false	false			a-sardine-grows-from-the-soil,about-that-big-guy,dream-messages
zh-tr	已歸檔	418	3	unhandled	false	false			archived:discord-active-members-note-arc,scp-zh-002-arc,scp-zh-500-arc
zh-tr	念力	419	3	jp_tag_name	true	true	念力		scp-zh-628,scp-zh-854,scp-zh-878
zh-tr	數學性	420	3	unhandled	false	false			scp-zh-144,scp-zh-167,scp-zh-606
zh-tr	晶體	421	3	unhandled	false	false			scp-zh-454,scp-zh-461,scp-zh-935-j
zh-tr	月球	422	3	unhandled	false	false			scp-zh-163,scp-zh-222,scp-zh-272
zh-tr	有機	423	3	unhandled	false	false			scp-zh-209,scp-zh-234,scp-zh-930
zh-tr	死亡終了	424	3	unhandled	false	false			last-one-cigarette,scp-zh-984,wanderers:die-in-immortality
zh-tr	流浪者圖書館	425	3	unhandled	false	false			kimad-no-sikacawan,nx-zh-02,wdym-400th-year
zh-tr	無名	426	3	unhandled	false	false			scp-zh-063,scp-zh-230,special-cargo-plc-reviews
zh-tr	無盡月導眾	427	3	unhandled	false	false			greetings-from-guningtou,scp-zh-072,scp-zh-128
zh-tr	爬行類	428	3	unhandled	false	false			scp-zh-545,scp-zh-684,scp-zh-729
zh-tr	猩紅之王	429	3	unhandled	false	false			in-the-quotation,scp-zh-088,scp-zh-802
zh-tr	真菌	430	3	unhandled	false	false			scp-zh-262,scp-zh-297,scp-zh-702
zh-tr	神秘	431	3	unhandled	false	false			a-transgress-or-translate-before-spring,raisa-9600,tanaka-knave-class-linguistic-petrification-scenario
zh-tr	第五教會	432	3	unhandled	false	false			about-that-big-guy,scp-zh-195,scp-zh-525
zh-tr	細菌	433	3	unhandled	false	false			scp-zh-194,scp-zh-232,scp-zh-303
zh-tr	芝加哥鬼靈	434	3	unhandled	false	false			about-that-big-guy,scp-zh-985,taiwan-newspaper
zh-tr	蜂巢思維	435	3	unhandled	false	false			scp-zh-160,scp-zh-810,scp-zh-923
zh-tr	血液	436	3	jp_tag_name	true	true	血液		scp-zh-130,scp-zh-677,scp-zh-751
zh-tr	表演	437	3	unhandled	false	false			scp-zh-131,scp-zh-547,scp-zh-641
zh-tr	詩歌	438	3	unhandled	false	false			poems-of-uneternal-death,scp-999-jp-enneametric,zh-bt-hand-mercy
zh-tr	赫曼-富勒	439	3	unhandled	false	false			about-that-big-guy,goi,new-year-lion
zh-tr	酩酊街	440	3	jp_tag_name	true	true	酩酊街		2008,scp-zh-026,wanderers:die-in-immortality
zh-tr	金帳軍	441	3	unhandled	false	false			critter-profile-mor,mu-yi-596,scp-zh-255
zh-tr	降頭師協會	442	3	unhandled	false	false			0754,k-05324,sc-19
zh-tr	音頻	443	3	unhandled	false	false			scp-zh-649,scp-zh-722,the-song-of-mckao
zh-tr	鹿學院	444	3	unhandled	false	false			about-that-big-guy,scp-zh-630,the-foreman
zh-tr	_b1	445	2	unhandled	false	false			ran-jikan-rupu,scp-zh-032
zh-tr	_goi格式-威爾遜生物應對組	446	2	unhandled	false	false			bhutan,critter-profile-ciwciw
zh-tr	_nobody-goi格式	447	2	unhandled	false	false			nobody-s-home,nobodyneedshelp
zh-tr	_共和國士兵	448	2	unhandled	false	false			republic-soldier-art-by-hector,scp-zh-574
zh-tr	_安布羅斯餐廳-goi格式	449	2	unhandled	false	false			ambrose-isakov,ambrose-taiwan-railway-hotel
zh-tr	_希望	450	2	unhandled	false	false			scp-zh-417,scp-zh-797
zh-tr	_普羅米修斯實驗室-goi格式	451	2	unhandled	false	false			grant-request-for-utilization-of-memetic-agent-to-assist-per,water-pipe
zh-tr	_蒐集院-goi格式	452	2	unhandled	false	false			collected-item-no0665,collected-land-no022
zh-tr	_賞金已解明	453	2	unhandled	false	false			scp-zh-165,scp-zh-729
zh-tr	aw教授	454	2	jp_tag_name	true	true	aw教授		scp-zh-255,scp-zh-572
zh-tr	eric	455	2	jp_tag_alias	true	true	エリック		scp-066-painting,scp-zh-019
zh-tr	hmfscp	456	2	jp_tag_name	true	true	hmfscp		raisa-9600,scp-zh-147
zh-tr	int-lorecon2023	457	2	unhandled	false	false			scp-zh-424,wynn-village-reconnaissance-mission-description
zh-tr	maria-jones	458	2	jp_tag_alias	true	true	マリア・ジョーンズ		scp-zh-173,scp-zh-211
zh-tr	伊斯蘭物品回收辦公室	459	2	unhandled	false	false			about-that-big-guy,scp-zh-489
zh-tr	佔據面具	460	2	unhandled	false	false			what-the-fuck,zh-art-035
zh-tr	儀器	461	2	unhandled	false	false			k1s10r0d-s-proposal,scp-zh-599
zh-tr	區域性	462	2	unhandled	false	false			scp-zh-500,scp-zh-500-arc
zh-tr	國外收容	463	2	unhandled	false	false			scp-zh-674-j,scp-zh-902
zh-tr	實驗	464	2	unhandled	false	false			scp-zh-103-experiment-log,scp-zh-202-a1
zh-tr	島嶼	465	2	jp_tag_name	true	true	島嶼		scp-zh-611,scp-zh-848
zh-tr	廢除部	466	2	unhandled	false	false			scp-zh-567,scp-zh-984
zh-tr	心理恐怖	467	2	unhandled	false	false			scorch-correspondence-pattern,self-coup-of-the-knavish
zh-tr	心靈影響	468	2	unhandled	false	false			reverberate-a-s-proposal-1,scp-zh-762
zh-tr	恐怖	469	2	unhandled	false	false			scorch-correspondence-pattern,self-coup-of-the-knavish
zh-tr	恐龍	470	2	unhandled	false	false			scp-zh-545,scp-zh-782
zh-tr	悲喜	471	2	unhandled	false	false			scorch-correspondence-pattern,self-coup-of-the-knavish
zh-tr	悲戚	472	2	unhandled	false	false			glasses,subject-name-sisyphus
zh-tr	戀昏崎	473	2	unhandled	false	false			ftgg-a-chunibyo-story-p1,ftgg-a-chunibyo-story-p2
zh-tr	戀昏崎新聞社	474	2	unhandled	false	false			sc-19,scp-zh-649
zh-tr	歡樂基金會	475	2	unhandled	false	false			one-night-four-broken-hearts-in-12,the-very-hungry-dr-kris
zh-tr	潘洛斯	476	2	unhandled	false	false			not-a-mooncake,scp-zh-913
zh-tr	熱力學	477	2	unhandled	false	false			scp-zh-407,scp-zh-612
zh-tr	熵	478	2	unhandled	false	false			k1s10r0d-s-proposal,scp-zh-512
zh-tr	特殊貨物事務委員會	479	2	unhandled	false	false			adult:scp-zh-338,nx-zh-02
zh-tr	犬類	480	2	unhandled	false	false			scp-zh-011,scp-zh-709
zh-tr	猿類	481	2	unhandled	false	false			scp-zh-062,scp-zh-143
zh-tr	異常現象	482	2	unhandled	false	false			scp-zh-161,scp-zh-906
zh-tr	相嘯魔	483	2	unhandled	false	false			scorch-correspondence-pattern,scp-zh-799
zh-tr	石榴俱樂部	484	2	unhandled	false	false			scp-zh-055,scp-zh-262
zh-tr	第一人稱	485	2	unhandled	false	false			glasses,subject-name-sisyphus
zh-tr	第二海托世教會	486	2	unhandled	false	false			about-that-big-guy,scp-zh-377
zh-tr	節肢動物	487	2	unhandled	false	false			scp-zh-471,scp-zh-891
zh-tr	繁花天堂	488	2	unhandled	false	false			floweror-wikipedia,lostwhat-s-proposal
zh-tr	蘇荷後門	489	2	unhandled	false	false			sc-19,water-pipe
zh-tr	蛇類	490	2	unhandled	false	false			scp-zh-683,scp-zh-841
zh-tr	蠕蟲	491	2	unhandled	false	false			scp-zh-022,scp-zh-081-j
zh-tr	詩格蘿絲	492	2	unhandled	false	false			scp-zh-986,sigurros-and-taiwanese-unicorn
zh-tr	重寫	493	2	unhandled	false	false			scp-zh-002,scp-zh-576
zh-tr	重寫中	494	2	unhandled	false	false			scp-zh-543,scp-zh-555
zh-tr	銀河聯邦	495	2	unhandled	false	false			scp-zh-265,scp-zh-649
zh-tr	震動	496	2	unhandled	false	false			scp-zh-469,scp-zh-571
zh-tr	鯊類	497	2	unhandled	false	false			scp-zh-007,scp-zh-464
zh-tr	鱗翅目	498	2	unhandled	false	false			adult:scp-zh-235,scp-zh-444
zh-tr	+_毆打鯊魚中心-goi格式	499	1	unhandled	false	false			ting129-s-ko-proposal
zh-tr	_c1	500	1	unhandled	false	false			the-collection-of-mck
zh-tr	_c2	501	1	unhandled	false	false			scp-zh-464
zh-tr	_cc_licensebox	502	1	unhandled	false	false			malicious-behavior
zh-tr	_d	503	1	unhandled	false	false			scp-zh-466
zh-tr	_icsut-goi格式	504	1	unhandled	false	false			review-of-fire-spells
zh-tr	_uiu-goi格式	505	1	unhandled	false	false			uiu-1970-005
zh-tr	_下沉	506	1	unhandled	false	false			scp-zh-001
zh-tr	_仲裁者	507	1	unhandled	false	false			scp-zh-697
zh-tr	_修復用	508	1	unhandled	false	false			scp-zh-412
zh-tr	_全球超自然聯盟-goi格式	509	1	unhandled	false	false			lte-1903-orange-blaecca
zh-tr	_地平線倡議-goi格式	510	1	unhandled	false	false			the-non-names-town
zh-tr	_夢神-goi格式	511	1	unhandled	false	false			a-sardine-grows-from-the-soil
zh-tr	_好事者	512	1	unhandled	false	false			argument-of-existence
zh-tr	_工廠-goi格式	513	1	unhandled	false	false			k-05324
zh-tr	_格魯烏p部門-goi格式	514	1	unhandled	false	false			dream-messages
zh-tr	_毆打鯊魚中心-goi格式	515	1	unhandled	false	false			spc-zh-795
zh-tr	_沙皇先知部門-goi格式	516	1	unhandled	false	false			article-number-097-black-0117
zh-tr	_渾沌反叛軍-goi格式	517	1	unhandled	false	false			sc-19
zh-tr	_瑪納慈善基金會-goi格式	518	1	unhandled	false	false			first-mu-yi-donation
zh-tr	_異事	519	1	unhandled	false	false			memories-of-the-arm
zh-tr	_蛛網國際-goi格式	520	1	unhandled	false	false			cobweb-ci-s-057
zh-tr	_賞金無需收容	521	1	unhandled	false	false			scp-zh-391
zh-tr	_赫曼-富勒-goi格式	522	1	unhandled	false	false			new-year-lion
zh-tr	a.d.對外聯絡主任	523	1	unhandled	false	false			scp-zh-968
zh-tr	aaron-siegel	524	1	jp_tag_name	true	true	aaron-siegel		scp-zh-173
zh-tr	alexylva大學	525	1	unhandled	false	false			about-that-big-guy
zh-tr	damien-nowak	526	1	jp_tag_alias	true	true	ダミアン・ノヴァク		nobody-s-home
zh-tr	dc-al-fine	527	1	jp_tag_alias	true	true	d.c.アルフィーネ		scp-zh-173
zh-tr	ettra	528	1	jp_tag_name	true	true	ettra		scp-zh-823
zh-tr	glass博士	529	1	unhandled	false	false			human-sorrows-and-joys
zh-tr	homo-sapiens-sidhe	530	1	jp_tag_name	true	true	homo-sapiens-sidhe		scp-zh-946
zh-tr	icsut	531	1	jp_tag_name	true	true	icsut		review-of-fire-spells
zh-tr	iris-thompson	532	1	jp_tag_alias	true	true	アイリス・トンプソン		scp-zh-986
zh-tr	journal	533	1	unhandled	false	false			raisa-9600
zh-tr	king博士	534	1	unhandled	false	false			xmas25-mnco
zh-tr	nguyễn-dương主管	535	1	unhandled	false	false			scp-zh-281
zh-tr	reynders博士	536	1	unhandled	false	false			scp-zh-599
zh-tr	richard-chappell	537	1	jp_tag_alias	true	true	リチャード・チャペル		scp-zh-985
zh-tr	rights博士	538	1	unhandled	false	false			setsubun
zh-tr	robert-bumaro	539	1	jp_tag_alias	true	true	ロバート・ブマロ		scp-zh-173
zh-tr	thad-xyank	540	1	jp_tag_alias	true	true	シャンク博士		scp-zh-599
zh-tr	ua-na_zare	541	1	unhandled	false	false			scp-zh-968
zh-tr	vomiter博士	542	1	unhandled	false	false			scp-zh-986
zh-tr	wettle博士	543	1	unhandled	false	false			scp-zh-002-j
zh-tr	「田中老師」	544	1	unhandled	false	false			tanaka-knave-class-linguistic-petrification-scenario
zh-tr	人工智能	545	1	unhandled	false	false			scp-zh-487
zh-tr	保衛43	546	1	unhandled	false	false			scp-zh-002-j
zh-tr	光	547	1	unhandled	false	false			scp-zh-642
zh-tr	光芒之主	548	1	unhandled	false	false			scp-zh-649
zh-tr	兔類	549	1	unhandled	false	false			scp-zh-063
zh-tr	全線戰爭	550	1	unhandled	false	false			scp-zh-946
zh-tr	公司	551	1	unhandled	false	false			scp-zh-165
zh-tr	刪除部	552	1	unhandled	false	false			scp-zh-823
zh-tr	午夜俱樂部	553	1	unhandled	false	false			foundation-midnight-club-mou
zh-tr	受絞之王	554	1	unhandled	false	false			sq-artwork-1a
zh-tr	古巴異常部	555	1	unhandled	false	false			scp-zh-261
zh-tr	哈伯希爾	556	1	unhandled	false	false			scp-zh-946
zh-tr	喜劇	557	1	unhandled	false	false			first-glimpse-into-legend-of-shower-chess-style
zh-tr	器官	558	1	unhandled	false	false			scp-zh-142
zh-tr	圖書館	559	1	unhandled	false	false			scp-zh-469
zh-tr	地下療法	560	1	unhandled	false	false			scp-zh-723
zh-tr	地質	561	1	jp_tag_name	true	true	地質		scp-zh-177
zh-tr	塔羅蘭研究員	562	1	unhandled	false	false			scp-zh-840
zh-tr	夏鳥思想連盟	563	1	jp_tag_name	true	true	夏鳥思想連盟		r-sinano-chuo-co-jp-2030-5-12-f9r324
zh-tr	大正150年	564	1	jp_tag_name	true	true	大正150年		taisho150-lovestorybeforedawn
zh-tr	奇幻	565	1	unhandled	false	false			kimad-no-sikacawan
zh-tr	奇物室	566	1	unhandled	false	false			scp-zh-217
zh-tr	安德森機器人	567	1	unhandled	false	false			about-that-big-guy
zh-tr	宗教性	568	1	unhandled	false	false			scp-zh-265
zh-tr	家電用品	569	1	unhandled	false	false			scp-zh-632
zh-tr	左撇子	570	1	unhandled	false	false			anti-dark
zh-tr	待更新	571	1	unhandled	false	false			nobody-s-home
zh-tr	循環性	572	1	unhandled	false	false			scp-zh-142
zh-tr	恆星	573	1	unhandled	false	false			scp-zh-700
zh-tr	感染性	574	1	unhandled	false	false			scp-zh-070
zh-tr	感知能力	575	1	unhandled	false	false			scp-zh-762
zh-tr	成人内容	576	1	unhandled	false	false			meta-the-rock
zh-tr	戰術求解部門	577	1	unhandled	false	false			scp-zh-328
zh-tr	掌中槍教會	578	1	unhandled	false	false			scp-zh-079
zh-tr	敘述	579	1	unhandled	false	false			flash-fiction-collection-one
zh-tr	散文	580	1	unhandled	false	false			flash-fiction-collection-one
zh-tr	新聞	581	1	unhandled	false	false			foundation-monthly-anthology
zh-tr	星旅	582	1	unhandled	false	false			scp-zh-159
zh-tr	智慧	583	1	unhandled	false	false			scp-zh-736
zh-tr	有感知	584	1	unhandled	false	false			scp-zh-343
zh-tr	未明軍團	585	1	unhandled	false	false			scp-zh-426
zh-tr	末日後	586	1	unhandled	false	false			assessing-the-possibility-of-using-scp-zh-621-patients-as-an
zh-tr	東弊重工	587	1	jp_tag_name	true	true	東弊重工		the-collection-of-mck
zh-tr	樂器	588	1	unhandled	false	false			scp-zh-649
zh-tr	模組	589	1	unhandled	false	false			reading-machine
zh-tr	歷史	590	1	unhandled	false	false			raisa-9600
zh-tr	毀壞假面	591	1	unhandled	false	false			20250401
zh-tr	氷我記	592	1	jp_tag_name	true	true	氷我記		scp-zh-722
zh-tr	波蘭異常蕈類採摘協會	593	1	unhandled	false	false			pzga-data-fish
zh-tr	海灣	594	1	unhandled	false	false			laundry-the-gulf
zh-tr	溫馨	595	1	unhandled	false	false			scorch-correspondence-pattern
zh-tr	無對白	596	1	unhandled	false	false			raisa-9600
zh-tr	球體	597	1	unhandled	false	false			scp-zh-187
zh-tr	理外研	598	1	jp_tag_name	true	true	理外研		the-collection-of-mck
zh-tr	瑪瑙盲者聯合	599	1	unhandled	false	false			wynn-village-reconnaissance-mission-description
zh-tr	異常物品故事	600	1	unhandled	false	false			anomalous-item-hk-police-helmet
zh-tr	異常空間	601	1	unhandled	false	false			scp-zh-811
zh-tr	瘟疫醫生	602	1	unhandled	false	false			what-the-fuck
zh-tr	白天櫟木流浪劇團	603	1	unhandled	false	false			scp-zh-649
zh-tr	白色家系目錄	604	1	unhandled	false	false			81q5-sadness-pink
zh-tr	神話	605	1	unhandled	false	false			kimad-no-sikacawan
zh-tr	科技奇蹟術師會	606	1	unhandled	false	false			scp-zh-649
zh-tr	空間	607	1	jp_tag_name	true	true	空間		scp-zh-425
zh-tr	空間異常	608	1	unhandled	false	false			scp-zh-890
zh-tr	第二人稱	609	1	unhandled	false	false			a-transgress-or-translate-before-spring
zh-tr	美妙世界	610	1	unhandled	false	false			scp-zh-489
zh-tr	群巢	611	1	unhandled	false	false			scp-zh-649
zh-tr	聖克莉斯汀娜書院	612	1	unhandled	false	false			st-christina-college
zh-tr	聖海德威	613	1	unhandled	false	false			scp-zh-173
zh-tr	職位交換	614	1	unhandled	false	false			quantum-suicide-art
zh-tr	藍寶石	615	1	unhandled	false	false			scp-zh-649
zh-tr	藝術	616	1	unhandled	false	false			tea-rain-halloween2022
zh-tr	衛星	617	1	jp_tag_name	true	true	衛星		scp-zh-073
zh-tr	詭厄老者	618	1	unhandled	false	false			scp-zh-986
zh-tr	詮釋資料	619	1	unhandled	false	false			scp-zh-001
zh-tr	貓咪	620	1	unhandled	false	false			scp-zh-art
zh-tr	資源	621	1	unhandled	false	false			personnel-and-character-dossier-zh
zh-tr	赤鏈蛇之手	622	1	unhandled	false	false			taiwan-newspaper
zh-tr	超現實部	623	1	unhandled	false	false			scp-zh-868
zh-tr	身後之地	624	1	unhandled	false	false			scp-zh-228
zh-tr	重力	625	1	jp_tag_name	true	true	重力		scp-zh-425
zh-tr	金屬	626	1	unhandled	false	false			adult:scp-zh-338
zh-tr	阿卡迪亞	627	1	unhandled	false	false			whiskey
zh-tr	阿拉加達	628	1	unhandled	false	false			wanderers:die-in-immortality
zh-tr	陰影	629	1	unhandled	false	false			scp-zh-540
zh-tr	音聲美學	630	1	unhandled	false	false			scp-zh-649
zh-tr	頭足類	631	1	jp_tag_name	true	true	頭足類		scp-zh-676
zh-tr	鴿子領養	632	1	unhandled	false	false			pigeon-adoption
zh-tr	鹿類	633	1	unhandled	false	false			scp-zh-660
zh-tr	麥地奇藝術學院	634	1	unhandled	false	false			ru021
zh-tr	黑皇后	635	1	unhandled	false	false			about-that-big-guy
zh-tr	鼠類	636	1	unhandled	false	false			scp-zh-676
