site	branch	source_tag	display_tag	page_count	sample_slugs
scp-wiki-cn	cn	建筑	未訳-建筑	1262	adult:scp-4231,adult:scp-5480,alt:scp-332,deepwell-proposal,deleted:scp-830
scp-wiki-cn	cn	感知力	未訳-感知力	810	adult:scp-2610,adult:scp-3075,adult:scp-3629,adult:scp-4969,adult:scp-6009-j
scp-wiki-cn	cn	苍树与血	未訳-苍树与血	798	wanderers-adult:i-love-you-so-much-but-i-hate-myself,wanderers:0,wanderers:093-religions-list,wanderers:130xx,wanderers:20230311
scp-wiki-cn	cn	旧页面	未訳-旧页面	648	adult:old:diary-573,adult:old:the-things-dr-bright-is-not-allowed-to-do,and-so-it-is-now,annon,art:touching-eternity-fanart
scp-wiki-cn	cn	二次翻译	未訳-二次翻译	495	2024-scp-vn-art-gallery,7-ghost-story-in-the-site-29,a-broken-machine,a-steht-fuer-anfang-oder-so,abteilung-xxv-hub
scp-wiki-cn	cn	恐怖	未訳-恐怖	480	1-mr-headless,1-remember-remember,1-staar-cuttt-2-5,18-the-only-constant,2-the-mausoleum-at-ipperwash
scp-wiki-cn	cn	记载	未訳-记载	472	old:wanderers:a-point-in-7,old:wanderers:dreams-of-a-distant-future,old:wanderers:drowned-out,old:wanderers:i-orion,old:wanderers:ii-ursa-major
scp-wiki-cn	cn	时空	未訳-时空	313	deleted:scp-cn-1236,deleted:scp-cn-1430,old:scp-2669,proposition-du-dr-johannes,scp-001-it-graf
scp-wiki-cn	cn	需更新	未訳-需更新	264	1,1998-hub,a-love-letter-to-a-lady-mantis,a-wedding-gift-for-a-lady-mantis,acidverse
scp-wiki-cn	cn	现象	未訳-现象	254	extended-felis-proposal,lily-s-proposal,meowait-s-proposal,old:scp-5500,scp-027
scp-wiki-cn	cn	喜剧	未訳-喜剧	252	049-x-minion-x-reader,10-30-a-m,12-aromantic-abatement,173-3-or-less,5-mr-mad
scp-wiki-cn	cn	_cc	未訳-_cc	242	2020,about-sewers,adult:holy-ship,adult:ion-bumaro-r18,adult:uiu-sexy-uiu-girl
scp-wiki-cn	cn	韵文	未訳-韵文	238	old:wanderers:a-point-in-7,old:wanderers:dreams-of-a-distant-future,old:wanderers:drowned-out,old:wanderers:the-restless-void,wanderers:6-a-m-pacific-daylight-time
scp-wiki-cn	cn	悲剧	未訳-悲剧	228	7-beyond-repair,784incident7,9-mr-clumsy,a-bitch,a-canticle-for-bright
scp-wiki-cn	cn	科幻小说	未訳-科幻小说	226	0-underture,1-remember-remember,16-the-eighth-of-september,2-the-mausoleum-at-ipperwash,22-borrowing-trouble
scp-wiki-cn	cn	插画	未訳-插画	220	0-underture,001-blank-i,1-remember-remember,10-under-new-direction,11-turnover
scp-wiki-cn	cn	奇幻	未訳-奇幻	218	0-underture,11-turnover,20-not-my-day,25-off-track,28-hooking-up
scp-wiki-cn	cn	悬疑	未訳-悬疑	216	0-texts-found,14-drilling-down,16-the-eighth-of-september,18-the-only-constant,20-not-my-day
scp-wiki-cn	cn	散文	未訳-散文	207	old:wanderers:skinwalkers,old:wanderers:the-doctor-and-death,wanderers:2052,wanderers:81st-turn-seventh-year-twenty-first-cycle-skyday,wanderers:a-brief-analysis-of-the-basic-methods
scp-wiki-cn	cn	2026部门毁灭竞赛	未訳-2026部门毁灭竞赛	178	179waimai,about-finance-1001,ac12bmzhbzxy,allergies,ambrose-hair-salon-but-story
scp-wiki-cn	cn	_故事中心	未訳-_故事中心	175	1111event,1998-hub,8000-dead-rats-hub,above-all-stand-i,acarc-hub
scp-wiki-cn	cn	反物理定律	未訳-反物理定律	146	deleted:scp-cn-1296,deleted:scp-cn-1370,scp-015-jp,scp-027-j,scp-037-fr
scp-wiki-cn	cn	小孩	未訳-小孩	143	adult:scp-231,adult:scp-3075,djkaktus-s-proposal,scp-009-j,scp-011-j
scp-wiki-cn	cn	日常	未訳-日常	134	085-romance-adult,12-aromantic-abatement,15-a-clean-break,17-here-today,3-halls-of-the-dead
scp-wiki-cn	cn	异常事件	未訳-异常事件	132	adult:scp-4231,adult:scp-cn-5000-j,captain-kirby-s-proposal,etc-proposal,lily-s-proposal
scp-wiki-cn	cn	叙述	未訳-叙述	131	old:wanderers:i-orion,old:wanderers:ii-ursa-major,wanderers-adult:yasuharasuzu-special-galgame-in-the-galgame,wanderers:400-years-beyond-ocean-3,wanderers:81st-turn-seventh-year-twenty-fifth-cycle-byrday
scp-wiki-cn	cn	2025古典竞赛	未訳-2025古典竞赛	123	classic-con,old:scp-8256,old:scp-8294,scp-5315,scp-5649
scp-wiki-cn	cn	恶性裂痕	未訳-恶性裂痕	120	wanderers:a-night-in-san-francisco,wanderers:aisiwangyugaobingdian,wanderers:alonewriting-1,wanderers:anhui,wanderers:another-regret
scp-wiki-cn	cn	军事小说	未訳-军事小说	118	2-the-mausoleum-at-ipperwash,29-meeting-in-the-middle,34-the-cruelest-fight,35-fire-in-the-hole,784incident3
scp-wiki-cn	cn	动作	未訳-动作	113	19-detour-de-force,29-meeting-in-the-middle,35-fire-in-the-hole,784incident5,784incident7
scp-wiki-cn	cn	后启示录	未訳-后启示录	112	18-the-only-constant,19-detour-de-force,20-not-my-day,21-the-short-version,22-borrowing-trouble
scp-wiki-cn	cn	悲喜交加	未訳-悲喜交加	112	25-12-2047,39-double-date,57-the-only-shadow,60-underlogue,61-dividing-time
scp-wiki-cn	cn	范式转移	未訳-范式转移	112	wanderers:37-glass-sea,wanderers:a-seeker-of-knowledge,wanderers:a-tale-of-elixir,wanderers:adolescence-messiah,wanderers:air
scp-wiki-cn	cn	lgbtq	未訳-lgbtq	105	173love,9-transition,a-ghost-in-the-mechanism,a-matter-of-perception,a-passing-rain
scp-wiki-cn	cn	档案	未訳-档案	102	old:wanderers:skinwalkers,old:wanderers:the-restless-void,wanderers:2052,wanderers:81st-turn-seventh-year-twenty-first-cycle-skyday,wanderers:a-brief-analysis-of-the-basic-methods
scp-wiki-cn	cn	身体恐怖	未訳-身体恐怖	102	69-red-shift,a-matter-of-perception,black-lungs,dead-meat,dengue-doldrums
scp-wiki-cn	cn	scp艺作	未訳-scp艺作	100	aethris-art,are-we-flawed-yet,art:049eyestrainthing,art:079galler,art:106
scp-wiki-cn	cn	第一人称	未訳-第一人称	98	085-romance-adult,5-mr-mad,a-brief-introduction-to-thaumaturgical-engineering,a-faerie-tale-of-twin-queens,a-merciful-end
scp-wiki-cn	cn	精神恐怖	未訳-精神恐怖	97	a-man-at-the-top-of-his-profession,a-matter-of-perception,a-quiet-night,adult:scp-597,alone
scp-wiki-cn	cn	间谍小说	未訳-间谍小说	94	13-reproduction,14-drilling-down,22-borrowing-trouble,23-hidden-depths,24-coffin-corner
scp-wiki-cn	cn	杀人怪物	未訳-杀人怪物	93	173,a-concrete-shrine,anniversary,blood-is-thicker-than-water,bring-me-flesh
scp-wiki-cn	cn	异世界	未訳-异世界	91	049-x-minion-x-reader,a-gullet-made-of-the-flesh-of-a-swan,a-library-empty,a-real-humdinger,a-spin-around-the-library
scp-wiki-cn	cn	荒诞小说	未訳-荒诞小说	91	049-x-minion-x-reader,10-30-a-m,all-i-know-is-that-i-know-pizza,answers,askinate-herr-spankoflex
scp-wiki-cn	cn	2025地点竞赛	未訳-2025地点竞赛	90	1987-1998,a-bad-day-begins-at-work,ambrose-lvmengjiang,ambrose-with-hyperborea,art-finds-its-way-out
scp-wiki-cn	cn	个体	未訳-个体	90	old:wanderers:dreams-of-a-distant-future,old:wanderers:skinwalkers,old:wanderers:the-doctor-and-death,old:wanderers:the-restless-void,wanderers-adult:palefire
scp-wiki-cn	cn	2026冬季征文	未訳-2026冬季征文	88	11000times,2000-season,26emu,411,amigoingtodietoo
scp-wiki-cn	cn	ibanez部长	未訳-ibanez部长	86	001-blank-i,1-remember-remember,10-under-new-direction,11-turnover,12-aromantic-abatement
scp-wiki-cn	cn	梦之谏言	未訳-梦之谏言	86	wanderers:a-big-big-big-dream,wanderers:a-place-i-heard-birdsong,wanderers:ant-and-butterfly,wanderers:baron-carlton,wanderers:be-forgotten-by-the-world
scp-wiki-cn	cn	灰烬残页	未訳-灰烬残页	81	wanderers-adult:flower-in-the-mud,wanderers:114514,wanderers:2-7,wanderers:564245f,wanderers:a-brief-theory-of-commensalism
scp-wiki-cn	cn	site-cn-11	未訳-site-cn-11	80	11shitang,12rebel-part-11,12rebel-part-13,1ost-1ight-1,1ost-1ight-2
scp-wiki-cn	cn	longjourney	未訳-longjourney	79	wanderers:81st-turn-seventh-year-eighteenth-cycle-erevday,wanderers:81st-turn-seventh-year-eighteenth-cycle-skalday,wanderers:81st-turn-seventh-year-eighteenth-cycle-tresday,wanderers:81st-turn-seventh-year-fifteenth-cycle-byrday,wanderers:81st-turn-seventh-year-fifteenth-cycle-chroday
scp-wiki-cn	cn	宗教小说	未訳-宗教小说	79	0-texts-found,1-staar-cuttt-2-5,37-beggar-belief,a-baptism-of-fire,a-canticle-for-bright
scp-wiki-cn	cn	世界构建	未訳-世界构建	78	10-30-a-m,5-veil-tiers,60-underlogue,a-brief-history-of-the-foundation-s-logo,a-faerie-tale-of-twin-queens
scp-wiki-cn	cn	超现实小说	未訳-超现实小说	76	66-kaleidoscope,82-bonfire-tango,a-concrete-shrine,a-ghost-in-the-mechanism,acts-of-abuse
scp-wiki-cn	cn	okorie博士	未訳-okorie博士	74	001-blank-i,1-remember-remember,12-aromantic-abatement,13-reproduction,14-drilling-down
scp-wiki-cn	cn	旅行者之书	未訳-旅行者之书	74	wanderers:a-golden-rain,wanderers:ajls,wanderers:albertine,wanderers:armageddon-reverie,wanderers:betrayer-of-birthplace
scp-wiki-cn	cn	官僚制度	未訳-官僚制度	71	37-beggar-belief,43-nothing-happens,additional-resources,backstage,broken-bowe
scp-wiki-cn	cn	宇宙恐怖	未訳-宇宙恐怖	70	1-staar-cuttt-2-5,54-not-ready-for-prime-time,a-thin-dangerous-line,a-wandsman-in-the-court-of-the-hanged-king,agne-and-their-deer
scp-wiki-cn	cn	异界	未訳-异界	70	wanderers:81st-turn-seventh-year-twenty-fourth-cycle-chroday,wanderers:a-brief-history-of-stairs,wanderers:a-conspiracy-of-five,wanderers:a-conversation-about-being,wanderers:a-loaf-story
scp-wiki-cn	cn	黑色喜剧	未訳-黑色喜剧	70	784incident3,9-mr-clumsy,a-fitting-end,a-shadow-over,adoption-poster-pearl
scp-wiki-cn	cn	历史时期	未訳-历史时期	69	0-underture,30-underlude,32-executive-dysfunction,34-the-cruelest-fight,35-fire-in-the-hole
scp-wiki-cn	cn	兰彼得	未訳-兰彼得	68	24muzimi,ambrose-lamplight,an-only-child,anon-unknown-nobody,art:cool-night-air
scp-wiki-cn	cn	无对话	未訳-无对话	68	5-veil-tiers,a-fancy-dinosaur,a-merciful-end,a-study-of-anomalous-art,a-suicide-note
scp-wiki-cn	cn	组织中心	未訳-组织中心	68	aiad-homescreen,alexylva-university-hub,ambrose-restaurant-hub,anderson-robotics-hub,anomalous-entity-engagement-division-hub
scp-wiki-cn	cn	_ms	未訳-_ms	67	a-battlefield-for-idols,a-mail-about-veil-coverage,a-story-that-across-ages,af-cn-2021,ambrose-honest-grass
scp-wiki-cn	cn	图片	未訳-图片	67	old:wanderers:i-orion,old:wanderers:ii-ursa-major,wanderers:a-loaf-story,wanderers:art-design-scrapland,wanderers:basilisk
scp-wiki-cn	cn	宗教性	未訳-宗教性	67	old:wanderers:the-doctor-and-death,scp-8353,scp-9512,wanderers:a-conversation-about-being,wanderers:a-hand-an-eye-a-tooth
scp-wiki-cn	cn	样版	未訳-样版	66	component:acs-expansion,component:acs-expansion-source,component:adult-splash,component:alternate-block,component:apt-translation
scp-wiki-cn	cn	游人志异	未訳-游人志异	66	wanderers:400-years-beyond-ocean-3,wanderers:a-drowned-dragon,wanderers:a-man-chasing-a-dragon,wanderers:beyond-the-story,wanderers:burned-bones
scp-wiki-cn	cn	2022图书馆竞赛	未訳-2022图书馆竞赛	64	library-contest,wanderers:a-night-in-san-francisco,wanderers:admire-vega,wanderers:ao-sora,wanderers:aplous-lib-1
scp-wiki-cn	cn	冒险	未訳-冒险	64	a-spin-around-the-library,a-world-s-legacy,avatara,cck-class-copyright-infringement-lawsuit-scenario,code-name-the-truth
scp-wiki-cn	cn	日记	未訳-日记	64	bees,diary-of-an-adolescent-orange-blob,election-day,i-just-want-to-get-away-from-me,i-wake-for-naught
scp-wiki-cn	cn	浪漫	未訳-浪漫	64	049-x-minion-x-reader,085-romance-adult,13-reproduction,173love,26-working-wonders
scp-wiki-cn	cn	深井目录	未訳-深井目录	62	a-hymn-for-pandora,admonition,an-ode-to-transcendence,apas,art:emotionalentropy-8980-art
scp-wiki-cn	cn	人工智能	未訳-人工智能	61	a-clean-fast-end,additional-resources,alert-lockdown-initiated,alive-en,basic-observations
scp-wiki-cn	cn	基金会职员	未訳-基金会职员	59	captain-kirby-s-proposal,kate-mctiriss-s-proposal,scp-041-6-j,scp-086,scp-1132-j
scp-wiki-cn	cn	2025愚人竞赛	未訳-2025愚人竞赛	58	adult:hibernation,af-cn-2025,cn40k-contextaddmirror,cn40k-jonuarl-reden,cn40k-kanie-ja
scp-wiki-cn	cn	site-cn-999	未訳-site-cn-999	58	999freshmanchallenge,damn,destroy-the-skip-1,everythingisforgotten,forget-unforget
scp-wiki-cn	cn	政治性	未訳-政治性	58	delendases-f3b3r-x44nm-pll77,dr-dan-goes-to-washington,etc-proposal,kte-2039-carcinoma-oder-templum,kte-9817-bluebuster-mendel-shelley-renegade-armbrusteri
scp-wiki-cn	cn	2024夏季征文	未訳-2024夏季征文	57	a-long-dream,alone-or-not-alone,although-i-don-t-understand-your-humor,ambrose-as-dusk-falls,animal-finley
scp-wiki-cn	cn	琅嬛福地藏书阁	未訳-琅嬛福地藏书阁	57	wanderers:ballad-for-the-transmundane-wanderers,wanderers:biography-of-youmodu,wanderers:broken-heart,wanderers:chinese-santa-claus,wanderers:chucitugeming
scp-wiki-cn	cn	神话	未訳-神话	57	ambrose-makiling,old:wanderers:skinwalkers,scp-7971,scp-8336,scp-8814
scp-wiki-cn	cn	寓言	未訳-寓言	56	old:wanderers:the-doctor-and-death,wanderers:a-hand-an-eye-a-tooth,wanderers:a-man-chasing-a-dragon,wanderers:alice,wanderers:allegory-of-the-girl-and-the-god-in-tower
scp-wiki-cn	cn	设定中心	未訳-设定中心	55	aces-and-eights,ad-astra-per-aspera-hub,aiad-homescreen,antarctic-exchange-hub,apotheosis-hub
scp-wiki-cn	cn	_2025新竞保护	未訳-_2025新竞保护	51	2025-minus-1,2025newbee-amilia-cn-notrname,2025newbee-clementine1047,2025newbeehf-me-1,cringe
scp-wiki-cn	cn	末日	未訳-末日	51	69-red-shift,70-parasite,a-quiet-night,an-overview-of-foundation-journals-published-in-may-2017,apotheosis-hub
scp-wiki-cn	cn	逆模因部	未訳-逆模因部	50	40-waiting-to-happen,43-nothing-happens,a-thin-dangerous-line,antimemetics-division-hub,antimemetics-division-timeline
scp-wiki-cn	cn	2023重混竞赛	未訳-2023重混竞赛	49	a-matter-of-perception,art:admission,art:arachis-statuary,art:c2hlaxnozxjl,art:captain-adrien-are-you-ok
scp-wiki-cn	cn	_2025新竞控制	未訳-_2025新竞控制	49	2025newbee-asalpha,2025newbee-sleepy-and-sleep,artificial-person,baby-bat-n-jr-s-proposal,carcar
scp-wiki-cn	cn	2023新人竞赛	未訳-2023新人竞赛	48	775-hours-and-42-minutes,a-murder-in-ambrose,black-princess,bob-s-candy,deucalion
scp-wiki-cn	cn	圣诞节	未訳-圣诞节	48	25-12-2047,a-cackmas-carol,a-frosted-fate,a-kind-of-christmas,a-site-19-christmas-carol
scp-wiki-cn	cn	山城	未訳-山城	47	2025-minus-1,beibeisnight,china-ley-line,city-cloud-fish,color-fans
scp-wiki-cn	cn	2022新人竞赛	未訳-2022新人竞赛	46	good-wen-contest,non-rate:scp-cn-2866,scp-cn-1255,scp-cn-1291,scp-cn-1309
scp-wiki-cn	cn	凡人终死竞赛	未訳-凡人终死竞赛	46	a-meta-story-with-mad-author,adult:a-whore-s-memoirs,adult:letsfuckcello,adult:our-world-has-been-falling-into-the-hellfire,adult:theseaiscalling
scp-wiki-cn	cn	越狱	未訳-越狱	46	784incident5,784incident6,a-shift-at-the-factory,a-spin-around-the-library,a-world-s-legacy
scp-wiki-cn	cn	elstrom博士	未訳-elstrom博士	45	10-under-new-direction,11-turnover,15-a-clean-break,19-detour-de-force,27-we-stand-divided
scp-wiki-cn	cn	卡通渲染	未訳-卡通渲染	45	aethris-art,art:079galler,art:166-marginalia,art:49-and-999-friendship,art:a-gaggle-of-doctors-and-others
scp-wiki-cn	cn	冷帖竞赛	未訳-冷帖竞赛	44	cold-post,coldpostcon,contest-contest,gravitron,hawaiian-shirts
scp-wiki-cn	cn	神话小说	未訳-神话小说	44	a-faerie-tale-of-twin-queens,adult:scp-4960,and-now-he-is-gone,archival-document-hsa-008-advent,awakenings
scp-wiki-cn	cn	信件	未訳-信件	43	a-clean-fast-end,a-lost-advertisement,a-passed-away-pup,an-overview-of-foundation-journals-published-in-may-2017,asset-florida-orange
scp-wiki-cn	cn	2023冬季征文	未訳-2023冬季征文	42	a120-suicide-guide,agnostic,aipeoplewhonononononono,another-time-line,aplous-str-12
scp-wiki-cn	cn	元虚构	未訳-元虚构	42	acidverse,blank,break-on-through,cast,chaoskampf-and-creation
scp-wiki-cn	cn	颜料画	未訳-颜料画	42	are-we-flawed-yet,art:a-favour-a-deal,art:alex-thorley-feels-the-sea-breeze,art:alex-thorley-is-a-they,art:alex-thorley-pressed-the-escape-key
scp-wiki-cn	cn	2019夏季征文	未訳-2019夏季征文	41	a-ceace,and-so-his-eyes-were-bright,ashamed-to-accept-the-divine-gift-in-a-moist-rain,betrayal-tonight,black-or-white-faith-morality-and-sin
scp-wiki-cn	cn	2024冬季征文	未訳-2024冬季征文	41	after-the-golden-dawn,ambrose-deepwater,aplous-str-14,bloodrunner,bring-out-the-coffin
scp-wiki-cn	cn	2024图书馆竞赛	未訳-2024图书馆竞赛	41	library-contest-2024,wanderers:a-death-in-dormitory,wanderers:alice-in-scrapland,wanderers:asd-ygxxy,wanderers:be-forgotten-by-the-world
scp-wiki-cn	cn	site-cn-77	未訳-site-cn-77	41	a-death-of-an-observer,addiction,birds-007,chat-about-call-sign,confusion-cracked-chess-board
scp-wiki-cn	cn	妖精们	未訳-妖精们	41	wanderers-adult:lance,wanderers-adult:palefire,wanderers:111,wanderers:admire-vega,wanderers:allegory-of-the-girl-and-the-god-in-tower
scp-wiki-cn	cn	犯罪小说	未訳-犯罪小说	41	bigfoot-did-it,crewtime,death-of-aj-fader,do-you-remember-these-guys,flight-4145
scp-wiki-cn	cn	site-cn-64	未訳-site-cn-64	40	flaring-asia,for-the-lost-summer,one-bird-nest,qishi,scp-cn-1060
scp-wiki-cn	cn	反转生死竞赛	未訳-反转生死竞赛	40	adult:loovedream,after-rebirth,bones,cuckoo,deleted:scp-cn-1293
scp-wiki-cn	cn	暖心	未訳-暖心	40	a-special-holiday-message-from-scp-999,aeed-orientation,am-i-in-heaven,april-showers,capone
scp-wiki-cn	cn	2025幻想月	未訳-2025幻想月	39	auv-mijiha,chronicle-4-162,cloud-traveller,coffinmakers,dancedancedance
scp-wiki-cn	cn	基金会格式	未訳-基金会格式	39	173-3-or-less,32-executive-dysfunction,40-waiting-to-happen,a-brief-overview-of-antimemetic-hazards,daevite-mathematics-complex-numbers
scp-wiki-cn	cn	site-cn-96	未訳-site-cn-96	38	authcard-cn-level4,birthplace,ferrylume-rebirth,pa-mu-man-hsueeh,scp-cn-119-j
scp-wiki-cn	cn	漫画	未訳-漫画	38	2521-escaped,2521-xxx,a-spin-around-the-library,art:49-and-999-friendship,art:scp-3002-fanart
scp-wiki-cn	cn	追逐	未訳-追逐	38	1-mr-headless,19-detour-de-force,53-those-who-cant,784incident7,a-baptism-of-fire
scp-wiki-cn	cn	人员艺作	未訳-人员艺作	37	art:a-gaggle-of-doctors-and-others,art:a-shining-moon-s-observatory,art:ae-2022-synthpanda,art:alex-thorley-feels-the-sea-breeze,art:alex-thorley-is-a-they
scp-wiki-cn	cn	仪式	未訳-仪式	37	wanderers:a-brief-analysis-of-the-basic-methods,wanderers:a-love-story-beyond-planes,wanderers:abundance,wanderers:asphalmancer,wanderers:big-red
scp-wiki-cn	cn	scout主管	未訳-scout主管	36	0-underture,001-blank-i,10-under-new-direction,30-underlude,32-executive-dysfunction
scp-wiki-cn	cn	sigurros	未訳-sigurros	36	a-suicide-note,and-this-one-explains-humes,arnven-burns,art:old-movie-poster-left-behind-after-site-17-s-annual-hall,cold-below
scp-wiki-cn	cn	学校	未訳-学校	36	about-deer,alt:scp-332,anart-lecture,four-seconds-low-pitched,happiness-cant-come-from-assignments
scp-wiki-cn	cn	2023短文竞赛	未訳-2023短文竞赛	34	aptitude,eden-leap-261,evacuation-drill,mortal-emulator,my-first-intention
scp-wiki-cn	cn	site-cn-36	未訳-site-cn-36	34	13,cn3913o5-d,huoxing,maidong,mid-autumn-festival-wonton-gifts
scp-wiki-cn	cn	粪作	未訳-粪作	34	049-x-minion-x-reader,7ring,a-tale-about-petty-revenge,big-dick-chappell,boiled-scrambled-and-fried
scp-wiki-cn	cn	2021夏季征文	未訳-2021夏季征文	33	adult:clef-kondraki-and-bread,beipanzhe,beta-edition-of-bios,brain-power,clef-kondraki-and-bread
scp-wiki-cn	cn	狱卒	未訳-狱卒	33	wanderers:a-gig-nobody-asked-for,wanderers:a-strange-patron,wanderers:ant-and-butterfly,wanderers:conversations-with-the-serpent,wanderers:despair-fable
scp-wiki-cn	cn	2023科幻月	未訳-2023科幻月	32	aerospace-military-yearbook,amnemume,chonglinyuxinsheng,crane-death,disantiaolu
scp-wiki-cn	cn	ilvos	未訳-ilvos	31	wanderers:a-memory,wanderers:abundance,wanderers:an-incident-in-the-final-battle-of-the-dead-kingdo,wanderers:ascendor-storming-the-gates-tour-2014,wanderers:business-letter
scp-wiki-cn	cn	报告	未訳-报告	31	wanderers:a-brief-analysis-of-the-basic-methods,wanderers:aframos-introduction,wanderers:anchoring,wanderers:elemental,wanderers:elemental-fire
scp-wiki-cn	cn	2024愤怒竞赛	未訳-2024愤怒竞赛	30	old:a-memory-at-sea,old:alt:berryman-rogue-wrath,old:asset-florida-orange,old:berryman-rogue-wrath,old:chaos-insurgency-iz-cewl
scp-wiki-cn	cn	_2025新竞收容	未訳-_2025新竞收容	30	2025newbeeunnamedlife-2,ambrose-containing-room,demon-s-night-file-002,fluitabulla-levis,geqiangyouer
scp-wiki-cn	cn	奥秘动物	未訳-奥秘动物	30	old:wanderers:dreams-of-a-distant-future,wanderers:battlefields,wanderers:bladefish,wanderers:bone-snatcher,wanderers:caring-for-your-squonk
scp-wiki-cn	cn	新闻业	未訳-新闻业	30	a-form-to-outlast-time,a-friendly-guide-to-the-katharsys-music-festival,a-wandsman-in-the-navel-of-the-moon,adult:sex-drugs-money,alexylva-student-paper
scp-wiki-cn	cn	超级英雄	未訳-超级英雄	30	guilt-trip,how-dr-clef-saved-christmas,issue-100,jolly-cooperation,scp-10101-j
scp-wiki-cn	cn	2025公有领域竞赛	未訳-2025公有领域竞赛	29	after-the-outing,answers,archival-division-hub,arsene-lupin-vs-the-scp-foundation-hub,businessmen
scp-wiki-cn	cn	bogg	未訳-bogg	29	old:wanderers:a-point-in-7,old:wanderers:drowned-out,wanderers:after-the-cave-was-explored,wanderers:ahntem,wanderers:are-you
scp-wiki-cn	cn	kragg	未訳-kragg	29	wanderers:a-frightened-mother-s-lovesong,wanderers:all-astronauts-go-to-heaven,wanderers:cousin-dan-a-house-of-lean-times,wanderers:dee-equals-are-tee,wanderers:doctors-orders
scp-wiki-cn	cn	pangur	未訳-pangur	29	wanderers:a-loaf-story,wanderers:a-restless-wanderer-on-the-earth,wanderers:a-series-of-cats,wanderers:and-the-sound-upon-the-roof-is-only-water,wanderers:avoiding-predation
scp-wiki-cn	cn	shaw博士	未訳-shaw博士	29	a-site-19-christmas-carol,an-ending-is-only-tragic,captain-date,come-together-right-now-over-me,containment-breach-the-musical
scp-wiki-cn	cn	中国	未訳-中国	29	old:scp-199,scp-1112,scp-1186,scp-1428,scp-1726
scp-wiki-cn	cn	无题系列	未訳-无题系列	29	alex-thorley-goes-on-a-blind-date,alt:scp-7413,bagel,baroque-unreality,burger
scp-wiki-cn	cn	2018夏季征文	未訳-2018夏季征文	28	24h,alea-iacta-est,anchor-or-anchorless,battle-of-shu,butterfly-inherit
scp-wiki-cn	cn	swedenborg	未訳-swedenborg	28	wanderers:2052,wanderers:a-hand-an-eye-a-tooth,wanderers:a-prayer-to-futility,wanderers:all-hallows,wanderers:and-now-a-bit-of-conceptual-birdsong
scp-wiki-cn	cn	祈冀	未訳-祈冀	28	2000-season,archipelago-empire,born-in-smoke-crowned-a-champion,chronicle-4-162,free-pleasure-of-self-evident-truth
scp-wiki-cn	cn	area-cn-22	未訳-area-cn-22	27	bury-non-dead,cn40k-sodafountain,formulation-department-guide,perspective-switch,scp-cn-057-j
scp-wiki-cn	cn	redtooth	未訳-redtooth	27	old:wanderers:dreams-of-a-distant-future,wanderers:a-brief-analysis-of-the-basic-methods,wanderers:a-brief-history-of-stairs,wanderers:a-love-for-reading,wanderers:a-series-of-irksome-rectangles
scp-wiki-cn	cn	site-cn-08	未訳-site-cn-08	27	comic-in-ningxia,fool-by-scpcn-xianjiu,scp-cn-1954,scp-cn-1964-j,scp-cn-230-j
scp-wiki-cn	cn	乐器	未訳-乐器	27	scp-1301,scp-1758,scp-1914-j,scp-3338,scp-3357
scp-wiki-cn	cn	神灵	未訳-神灵	27	wanderers:a-conspiracy-of-five,wanderers:azathoth,wanderers:ballad-for-the-transmundane-wanderers,wanderers:communion,wanderers:conversations-with-the-serpent
scp-wiki-cn	cn	蛇手	未訳-蛇手	27	old:wanderers:a-point-in-7,old:wanderers:skinwalkers,scp-9663,wanderers:allegory-of-the-girl-and-the-god-in-tower,wanderers:conversations-with-the-serpent
scp-wiki-cn	cn	异种视角	未訳-异种视角	26	a-child-to-teach,a-concrete-shrine,a-ghost-in-the-mechanism,beast,bring-me-flesh
scp-wiki-cn	cn	褪色繁星	未訳-褪色繁星	26	alive-en,art:fading-stars-doodles,fading-stars-hub,in-an-eternity-which-is-impermanent,oris-proposal
scp-wiki-cn	cn	错误的明天	未訳-错误的明天	26	18-the-only-constant,19-detour-de-force,20-not-my-day,21-the-short-version,22-borrowing-trouble
scp-wiki-cn	cn	_设定中心	未訳-_设定中心	25	abyssal-light,air-land-rhapsody,alive,alzheimer-central,canon-hub
scp-wiki-cn	cn	地区	未訳-地区	25	old:wanderers:skinwalkers,wanderers:a-love-letter,wanderers:aframos-introduction,wanderers:asphalmancer,wanderers:broken-heart
scp-wiki-cn	cn	整合计划	未訳-整合计划	25	adult:scp-6593,hogslice-makes-a-friend,integration-program-art,integration-program-hub,many-last-words
scp-wiki-cn	cn	特工adams	未訳-特工adams	25	art:the-king-has-died,art:they-thought-he-was-your-boyfriend,art:we-die-on-the-dark-so-you-can-live-in-the-light,ball-gags-and-scrambled-eggs,calm
scp-wiki-cn	cn	goc档案	未訳-goc档案	24	goc-supplemental-arad,goc-supplemental-basic-guide,goc-supplemental-equipment,goc-supplemental-humanoid-guide,goc-supplemental-qandq
scp-wiki-cn	cn	rydderech博士	未訳-rydderech博士	24	0-underture,001-blank-i,22-borrowing-trouble,29-meeting-in-the-middle,44-next-to-nothing
scp-wiki-cn	cn	site-cn-22	未訳-site-cn-22	24	first-day-in-abnormal-engineering-department,ninjintiansilema,scp-cn-3154,scp-cn-3176,scp-cn-3224
scp-wiki-cn	cn	仪器	未訳-仪器	24	asriel-s-proposal,deleted:scp-cn-1332,rigilkentaurus-proposal,scp-039-fr,scp-136-fr
scp-wiki-cn	cn	素描	未訳-素描	24	aethris-art,art:art-of-the-fall-of-adytum-visual-archives-contest-entry,art:asset-slorp,art:collection-of-trolls,art:dio-s-9000-fanart-doodles
scp-wiki-cn	cn	解衔	未訳-解衔	24	bury-bi-an,carcar,forty-two,goi-p-belorussiya,goodbyeparawatch
scp-wiki-cn	cn	2017夏季征文	未訳-2017夏季征文	23	10th-noodle,aftershock,agent-letter,dangnidudaozhelishi-woyijingzhushizhenile,i-am-coming
scp-wiki-cn	cn	图书馆	未訳-图书馆	23	wanderers:a-gig-nobody-asked-for,wanderers:a-series-of-irksome-rectangles,wanderers:a-strange-patron,wanderers:azathoth,wanderers:conversations-with-the-serpent
scp-wiki-cn	cn	我们被切开的血管	未訳-我们被切开的血管	23	a-wandsman-in-the-navel-of-the-moon,aar-1320-chacaltaya,art:art:agent-ramirez,art:trial-by-combat,darhan-muminggan
scp-wiki-cn	cn	朝颜文学报	未訳-朝颜文学报	23	wanderers-adult:yasuharasuzu-special-galgame-in-the-galgame,wanderers:ao-sora,wanderers:asagao,wanderers:daisy-bell,wanderers:disappeared-bard
scp-wiki-cn	cn	术加市	未訳-术加市	23	a-mail-about-veil-coverage,before-it-cums,before-the-eighth-occult-war,china-ley-line,futurismo
scp-wiki-cn	cn	第二人称	未訳-第二人称	23	a-matter-of-perception,acts-of-abuse,alex-thorley-becomes-a-producer,beast,calm
scp-wiki-cn	cn	2024调酒竞赛	未訳-2024调酒竞赛	22	blendcon,extended-felis-proposal,scp-cn-3074,scp-cn-3277,scp-cn-3332
scp-wiki-cn	cn	_日本生类创研	未訳-_日本生类创研	22	a-n-0064,a-s-2025,g-b-0134,g-b-0183,g-d-0191
scp-wiki-cn	cn	归档	未訳-归档	22	wanderers:400-years-beyond-ocean-3,wanderers:a-restless-wanderer-on-the-earth,wanderers:business-letter,wanderers:communion,wanderers:deux-cent-cinquante-cinq-deux-cent-cinquante-six
scp-wiki-cn	cn	木质	未訳-木质	22	deleted:scp-cn-1236,scp-004-it-arc,scp-006-jp,scp-008-de,scp-1475-jp
scp-wiki-cn	cn	瓦尔拉文	未訳-瓦尔拉文	22	12rebel-part-11,a-wandsman-in-the-navel-of-the-moon,aar-1087-silesia,aar-1320-chacaltaya,art:re:goi-arts
scp-wiki-cn	cn	界外繁华	未訳-界外繁华	22	303-me,ailikesi,ba-ba-ni-jing-ran-xie-scp-ma-hao-li-hai,cn4kguangguailuli,cn4kzhengtaizhanshen
scp-wiki-cn	cn	学校与孩子们	未訳-学校与孩子们	21	celia,class-kill,future-except-me,handmade-nightmare,hard-to-name-20210707
scp-wiki-cn	cn	法律性	未訳-法律性	21	bigfoot-did-it,for-crimes-uncommitted,meowait-s-proposal,scp-2005-jp,scp-3000-ex
scp-wiki-cn	cn	纯纯少女网	未訳-纯纯少女网	21	art:jgt-character-art,art:keelee-jgt,art:ms-schaeffer,art:she-s-always-there,how-to-remove-glitter-from-a-polyester-dress
scp-wiki-cn	cn	2016插画竞赛a	未訳-2016插画竞赛a	20	akasima,arayashiki,blue,caged-bird-and-bird-cage,dandelion
scp-wiki-cn	cn	2019冬季征文	未訳-2019冬季征文	20	abans-el-crepuscle,arcadia,as-a-hill-in-the-tempest,backups,bucher-verbrennt
scp-wiki-cn	cn	2022万圣节竞赛	未訳-2022万圣节竞赛	20	a-self-portrait,art:forsaken-night,art:halloween-submission,art:halloweencon-6868,art:happy-halloween2022
scp-wiki-cn	cn	bohart主管	未訳-bohart主管	20	43-nothing-happens,all-i-know-is-that-i-know-pizza,ripclef,scp-005-vn,scp-4999-jp
scp-wiki-cn	cn	反乌托邦	未訳-反乌托邦	20	a-gullet-made-of-the-flesh-of-a-swan,ambrose-3ports-soda,digging-up-the-past,ecce-insurgo,from-the-clutches-of-life
scp-wiki-cn	cn	2018棍棒互殴竞赛	未訳-2018棍棒互殴竞赛	19	bbc18,scp-1053-jp,scp-1073-jp,scp-1119-jp,scp-1225-jp
scp-wiki-cn	cn	2023传说竞赛	未訳-2023传说竞赛	19	aleph-ai,common-brick,expired728vr,forgot-about,haensel-und-gretel
scp-wiki-cn	cn	_风露旅社	未訳-_风露旅社	19	archipelago-empire,bored-town-tour,cambrian,concretized-library,cuobianlvyou
scp-wiki-cn	cn	eurtec	未訳-eurtec	19	5-veil-tiers,a-friendly-guide-to-the-katharsys-music-festival,because,big-news-foundation-is-loser,centre-embargo
scp-wiki-cn	cn	goi艺作	未訳-goi艺作	19	art:a-favour-a-deal,art:art-of-the-fall-of-adytum-visual-archives-contest-entry,art:awcy-girl-meets-serpent-s-hand-girl,art:fanart-of-mr-destiny-or-scp-4239-or-kte-6561-black-or-th,art:fanart-of-the-eleven-fifty-nine
scp-wiki-cn	cn	thorn	未訳-thorn	19	old:wanderers:skinwalkers,wanderers:a-love-story-beyond-planes,wanderers:a-suicide-note,wanderers:an-introduction,wanderers:battlefields
scp-wiki-cn	cn	军队	未訳-军队	19	old:wanderers:the-doctor-and-death,wanderers:a-misplaced-letter,wanderers:battlefields,wanderers:broken-vows,wanderers:from-the-crown-press
scp-wiki-cn	cn	圣hedwig	未訳-圣hedwig	19	a-baptism-of-fire,art:kikunai-s-2023-art-exchange-gifts,basic-observations,church-of-the-broken-god-hub,corruption
scp-wiki-cn	cn	埋葬生还者	未訳-埋葬生还者	19	0-underture,1-remember-remember,10-under-new-direction,11-turnover,12-aromantic-abatement
scp-wiki-cn	cn	实事市	未訳-实事市	19	bu-ting-de-deer,china-ley-line,cloud-traveller,hatsumei-sentai-episode-49,pedialpha-rich-landlord
scp-wiki-cn	cn	死线之内	未訳-死线之内	19	43-nothing-happens,44-next-to-nothing,45-nothing-to-worry-about,46-nothing-changes,47-past-caring
scp-wiki-cn	cn	金贝格-莱兹	未訳-金贝格-莱兹	19	a-friendly-guide-to-the-katharsys-music-festival,big-news-foundation-is-loser,crying-screaming-glittering,esterberg-city-wikipedia,goldbaker-reinz-hub
scp-wiki-cn	cn	2020万圣节	未訳-2020万圣节	18	0020,346,cn75-halloween-party,dying-in-the-meathouse,fairy-tale
scp-wiki-cn	cn	2023哥布林竞赛	未訳-2023哥布林竞赛	18	goblincon,scp-3775,scp-5257,scp-5257-ex,scp-6183
scp-wiki-cn	cn	2024骄傲节	未訳-2024骄傲节	18	173love,a-shadow-over,alex-thorley-becomes-a-producer,art:they-thought-he-was-your-boyfriend,component:pride-logos
scp-wiki-cn	cn	elrich	未訳-elrich	18	wanderers:a-brief-history-of-stairs,wanderers:a-loaf-story,wanderers:broken-vows,wanderers:fifth-elrichian-national-party-manifest,wanderers:from-the-crown-press
scp-wiki-cn	cn	wlc2013	未訳-wlc2013	18	wanderers:don-t-exist,wanderers:fear-of-knowledge,wanderers:forgotten,wanderers:harlequin,wanderers:hidden-corners-of-places
scp-wiki-cn	cn	动画	未訳-动画	18	aethris-art,art:can-u-believe-it-guys-christmas-just-a-right-now-away,art:dr-wettle-edit,art:fanart-of-the-eleven-fifty-nine,art:fenmothsartpage
scp-wiki-cn	cn	物体	未訳-物体	18	wanderers:a-love-story-beyond-planes,wanderers:an-incident-in-the-final-battle-of-the-dead-kingdo,wanderers:broken-vows,wanderers:eggshells,wanderers:hot-cocoa
scp-wiki-cn	cn	系列中心	未訳-系列中心	18	antimemetics-division-hub,black-sunrise,death-and-the-doctors-hub,ever-turning,florence-thorne-hub
scp-wiki-cn	cn	2021冬季征文	未訳-2021冬季征文	17	a-long-long-story,all-broken,betrayer,brewing-memories,buxiuhuoyongheng
scp-wiki-cn	cn	_剧组	未訳-_剧组	17	a-story-of-the-fire,arash-kamangir,b-k,drama-one,drama-zero
scp-wiki-cn	cn	你我重见之时	未訳-你我重见之时	17	a-library-empty,and-every-time-we-meet-again-hub,for-crimes-uncommitted,forgotten-days,halfway-found-halfway-lost
scp-wiki-cn	cn	图像编辑	未訳-图像编辑	17	art:2025-art-exchange-bad-data,art:a730492,art:doctors-of-the-church-hub,art:elon,art:forever
scp-wiki-cn	cn	斯克兰顿博士	未訳-斯克兰顿博士	17	adult:scp-4231,are-we-flawed-yet,art-red,folding-a-red-box,foundations
scp-wiki-cn	cn	灰调	未訳-灰调	17	bouquet,carcar,grey-reality,grey-tune-hub,guigushi
scp-wiki-cn	cn	首页征文	未訳-首页征文	17	wanderers:a-knowledge-of-roads,wanderers:a-love-for-reading,wanderers:a-restless-wanderer-on-the-earth,wanderers:a-suicide-note,wanderers:after-the-cave-was-explored
scp-wiki-cn	cn	2018短篇竞赛	未訳-2018短篇竞赛	16	answer-of-life,atashi-merisa,dream,go-to-bed-if-you-re-tired,letters-to-the-dead
scp-wiki-cn	cn	星战记史	未訳-星战记史	16	baghdad-ladybug-fungus,birds-007,guitar-violin-mandolin-pipa,human-planet-ark,in-a-remote-town
scp-wiki-cn	cn	架空历史	未訳-架空历史	16	all-things-considered,illcovetyouifyoucoverme,parabox-interactive,piercing-the-veil,right-proposal
scp-wiki-cn	cn	系列0	未訳-系列0	16	scp-5968,scp-8353,scp-8739,scp-8764,scp-9176
scp-wiki-cn	cn	老冤家	未訳-老冤家	16	blood-in-the-water,broken-bowe,footage-recovered-from-a-private-server,give-it,him-and-the-other-him
scp-wiki-cn	cn	贵族	未訳-贵族	16	wanderers:a-brief-history-of-stairs,wanderers:a-king-of-winter-and-a-sprite-for-land,wanderers:from-the-crown-press,wanderers:gone-with-the-winds,wanderers:harlequin
scp-wiki-cn	cn	非人类	未訳-非人类	16	cinema-chaotique,goodbye-nightflower-beginnings,oh-lord,scp-5825,scp-6060
scp-wiki-cn	cn	_无体裁	未訳-_无体裁	15	a-few-more-words-from-the-administrator,a-hymn-for-pandora,ethical,he-who-screws-with-reality,heresy
scp-wiki-cn	cn	gat博士	未訳-gat博士	15	a-funny-thing-happened-on-the-way-to-the-manor,a-study-in-cinnabar,french-fries-without-ketchup,guilt-trip,old-faces-new-foes
scp-wiki-cn	cn	万圣节	未訳-万圣节	15	an-apple-a-day,chapter-1-corvophobia,chapter-10-a-brief-flashback,chapter-12-autumn-s-end,chapter-8-but-you-can-never-leave
scp-wiki-cn	cn	删除部	未訳-删除部	15	deleted,scp-6183,scp-6768,scp-7079,scp-7549
scp-wiki-cn	cn	异常货物委员会	未訳-异常货物委员会	15	chronicle-4-162,manifest-3231,manifest-327,manifest-445,manifest-476
scp-wiki-cn	cn	猛龙科技	未訳-猛龙科技	15	concerto,eine-seele-in-der-maschine-portalseite,projektvorschlag-2014-001,projektvorschlag-2024-001,raptor-tec-industries
scp-wiki-cn	cn	_001提案中心	未訳-_001提案中心	14	scp-001-cs,scp-001-de,scp-001-fr,scp-001-id,scp-001-it
scp-wiki-cn	cn	graham主管	未訳-graham主管	14	8000-dead-rats-hub,art:nasty-little-man-art,play-termination-attempt,scp-4051,scp-4415
scp-wiki-cn	cn	planasthai	未訳-planasthai	14	wanderers:a-gig-nobody-asked-for,wanderers:a-series-of-irksome-rectangles,wanderers:ascendor-storming-the-gates-tour-2014,wanderers:cyberscum-and-blues,wanderers:decadent-and-depraved
scp-wiki-cn	cn	幻象计划	未訳-幻象计划	14	art:montagueetc-sciptember-2022,art:tattletale,beast,scp-2744,scp-4523
scp-wiki-cn	cn	_image	未訳-_image	13	adamnpluto-s-proposal-i,adult:porn-hub-page,blackcat-s-proposal-2,compromised-center,freedomkoo-s-proposal
scp-wiki-cn	cn	hunt2021	未訳-hunt2021	13	wanderers:aliens-in-america,wanderers:an-ageusic-vintners-panegyric,wanderers:cells,wanderers:general-store,wanderers:i-purchased-a-story
scp-wiki-cn	cn	奇妙夜之下	未訳-奇妙夜之下	13	alice-in-the-mirror,asmo-02,asmo-the-same-city,before-wonder-night,ci-chapter-1
scp-wiki-cn	cn	密径	未訳-密径	13	wanderers:above-the-tower,wanderers:aframos-introduction,wanderers:azathoth,wanderers:dying-world,wanderers:excerpt-from-the-journal-of-archibald-hannity
scp-wiki-cn	cn	标志	未訳-标志	13	aethris-art,art:department-of-robotics-and-cybernetics-logo,art:doctors-of-the-church-hub,art:gem-s-uncut-gems,art:goc-logos
scp-wiki-cn	cn	灾兽梦语	未訳-灾兽梦语	13	wanderers:7-days,wanderers:about-my-life,wanderers:ancient-wooden-case,wanderers:colorful-future,wanderers:dieordream
scp-wiki-cn	cn	研究员rex	未訳-研究员rex	13	fanfa,nicos-proposal-ii,scp-371-j,scp-4902,scp-4934
scp-wiki-cn	cn	2024视觉档案	未訳-2024视觉档案	12	art:art-of-the-fall-of-adytum-visual-archives-contest-entry,art:talloraven-waltz,art:visual-art-archive-entry:the-lost-star-circle-of-life,art:we-die-on-the-dark-so-you-can-live-in-the-light,va-art-contest-hub-characters-mtf
scp-wiki-cn	cn	2025-短文竞赛-ko	未訳-2025-短文竞赛-ko	12	i-a-black-bear-hiding-in-darkness,old:scp-837-ko,scp-1085-ko,scp-1195-ko,scp-1597-ko
scp-wiki-cn	cn	传承	未訳-传承	12	scp-040-jp,scp-062-jp,scp-070-jp,scp-094-jp,scp-100-jp
scp-wiki-cn	cn	先兆	未訳-先兆	12	scp-6270,scp-6271,scp-6272,scp-6273,scp-6274
scp-wiki-cn	cn	家电战争	未訳-家电战争	12	alight,cellphone,in-an-attempt-to-feel-something,khaziaprilfools,scp-7119
scp-wiki-cn	cn	接触科	未訳-接触科	12	aeed-orientation,anomalous-entity-engagement-division-hub,routinetragedies,scp-2689,scp-6245
scp-wiki-cn	cn	赤链蛇之手	未訳-赤链蛇之手	12	chonghaejin,collected-item-no0087,dinodon-s-hand,koigarezaki-news-201212,nareum-tarot-01-magician
scp-wiki-cn	cn	2023x竞赛	未訳-2023x竞赛	11	fattyacid-s-proposal,gokiso-s-proposal,mortal-emulator-apple,mortal-emulator-note,revue-damnatio-memoriae
scp-wiki-cn	cn	_2025goif-a	未訳-_2025goif-a	11	boyi,coalition-data-volume-1961,gazette-daeva,koigarezaki-news-19831104,lte-68255-ochre
scp-wiki-cn	cn	_gp快递	未訳-_gp快递	11	gp-gzr-t2231269,gp-h-v-bio-b2887416,gp-h-v-phy-n1936025,gp-h-v-un-phy-t2078071,gp-h-v-un-phy-t5526398
scp-wiki-cn	cn	_o	未訳-_o	11	adult:letsfuckcello,adult:our-world-has-been-falling-into-the-hellfire,class-bbq-ssg,engineering-department-event-records,fatalism-game
scp-wiki-cn	cn	_厄尔玛外教	未訳-_厄尔玛外教	11	eden-leap-001,eden-leap-117,eden-leap-261,eden-leap-2903,eden-leap-2916
scp-wiki-cn	cn	天海市	未訳-天海市	11	china-ley-line,nx-40c,scp-cn-1698,scp-cn-1996,scp-cn-2131
scp-wiki-cn	cn	太空歌剧	未訳-太空歌剧	11	burnin-for-you,but-never-trees,cck-class-copyright-infringement-lawsuit-scenario,excerpts-from-the-galileo-deep-space-observatory,fire-of-unknown-origin
scp-wiki-cn	cn	观谬维基犯罪实录	未訳-观谬维基犯罪实录	11	bigfoot-did-it,crewtime,death-of-aj-fader,flight-4145,impossible-murder
scp-wiki-cn	cn	进步研究中心	未訳-进步研究中心	11	berinsk-special-administrative-zone,factory,flaring-asia,net-yperboreoi,prmths-last-but-not-the-end
scp-wiki-cn	cn	_恋昏崎新闻社	未訳-_恋昏崎新闻社	10	adult:holy-ship,holy-sushiblade,koigarezaki-news-1224,koigarezaki-news-19831104,koigarezaki-news-201212
scp-wiki-cn	cn	仙女	未訳-仙女	10	ralliston-s-proposal,scp-1323,scp-2323,scp-2523,scp-3903
scp-wiki-cn	cn	商人	未訳-商人	10	wanderers:a-gig-nobody-asked-for,wanderers:basilisk,wanderers:gathering-storms,wanderers:market-entry,wanderers:mr-johann-dark
scp-wiki-cn	cn	四季轮回	未訳-四季轮回	10	cycle-of-seasons-hub,nt-4041-nimuedianetic-karhu,sc-05-321-05-335,scp-6401,scp-6471
scp-wiki-cn	cn	国家超常防灾院	未訳-国家超常防灾院	10	big-news-foundation-is-loser,cycleman,joint-statement-12-05-2017,koigarezaki-news-201212,neps-2020m42f17
scp-wiki-cn	cn	星象宪兵队	未訳-星象宪兵队	10	centre-fractal,gendastrerie-centre,le-carnet-secret-du-gendastre,scp-410-fr,scp-627-fr
scp-wiki-cn	cn	焚书人	未訳-焚书人	10	wanderers:a-conspiracy-of-five,wanderers:ant-and-butterfly,wanderers:communion,wanderers:despair-fable,wanderers:stranded-on-hallucinations
scp-wiki-cn	cn	猫midnight	未訳-猫midnight	10	fandation,gdp2-tunneling-between-worlds,goc-supplemental-arad,goc-supplemental-thaumatology,scp-4000-jp
scp-wiki-cn	cn	野猪排	未訳-野猪排	10	hogslice-makes-a-friend,in-the-carpathians,many-last-words,rate-my-director,scp-6599
scp-wiki-cn	cn	2024夏季挑战	未訳-2024夏季挑战	9	chalete2024,scp-034-fr-ex,scp-625-fr,scp-648-fr,scp-651-fr
scp-wiki-cn	cn	_无分类	未訳-_无分类	9	dr-ghostwood-artwork,goi-2,m-yansher,rkatsitelicc-art,site-cn-16
scp-wiki-cn	cn	diaghilev主管	未訳-diaghilev主管	9	alchemic-arm-istice,an-alchemist-goes-to-war,channeling-flows,denton-and-mcdowell-recover-la-chupacabra-s-pinata-from-a-je,finding-balance
scp-wiki-cn	cn	vang博士	未訳-vang博士	9	gamedaypart1index,gdp2-basking-in-the-light,in-his-own-image-part-4,scenes-from-a-comprehensive-clusterfuck,scp-j
scp-wiki-cn	cn	传承-fr	未訳-传承-fr	9	patrimoine-francais-de-la-fondation-scp,proposition-du-dr-grym,scp-006-fr,scp-009-fr,scp-020-fr
scp-wiki-cn	cn	外星人	未訳-外星人	9	a-ghost-in-the-mechanism,scp-2859,scp-3527,scp-9002,scp-9011
scp-wiki-cn	cn	奥秘植物	未訳-奥秘植物	9	wanderers:81st-turn-seventh-year-twenty-fourth-cycle-chroday,wanderers:entomology,wanderers:flowers,wanderers:kitty,wanderers:make-like-a-tree
scp-wiki-cn	cn	待删除	未訳-待删除	9	deleted:experiment-log-914-cn-3,oeowo3o-proposal-002,scp-cn-3478-j,scp-cn-4139,scp-cn-4293
scp-wiki-cn	cn	日暮	未訳-日暮	9	appel-nocturne,centre-quand-le-soleil-se-couche,je-viens-pour-aider,scp-356,scp-cn-4222
scp-wiki-cn	cn	杂食性	未訳-杂食性	9	scp-058-fr,scp-1281-jp,scp-1409-jp,scp-1710-jp,scp-1710-jp-j
scp-wiki-cn	cn	特工日历	未訳-特工日历	9	art:agent-calendar-fanart,director-house-gets-whitewashed,nicos-proposal-ii,play-termination-attempt,pridemonth
scp-wiki-cn	cn	画廊	未訳-画廊	9	wanderers:art-design-scrapland,wanderers:che-s-art-journal,wanderers:fall-into-the-abyss,wanderers:improvised-ragtime-at-atrium-21,wanderers:me-and
scp-wiki-cn	cn	鬼灵	未訳-鬼灵	9	wanderers:nearer-my-death-to-thee,wanderers:on-demons,wanderers:platos-cave,wanderers:salvation-works,wanderers:six-day-week-part-three
scp-wiki-cn	cn	鵺-斋宫	未訳-鵺-斋宫	9	2021-hitsujikaip,gokiso-s-proposal,nue-artwork,nue-artwork-kihaku,nue-hub
scp-wiki-cn	cn	2015春节竞赛	未訳-2015春节竞赛	8	another-star,chinese-new-year-contest-2015,dig,happynewyearset,incident
scp-wiki-cn	cn	2016夏季征文	未訳-2016夏季征文	8	2016summer-ggpincus,rushtoalive,s,special-of-hd-death,summer-contest-2016
scp-wiki-cn	cn	2024春季大扫除	未訳-2024春季大扫除	8	critter-profile-corey,deer-college-spring-cleaning-event,just-another-day,scp-8055,scp-8097
scp-wiki-cn	cn	_2025goif-b2	未訳-_2025goif-b2	8	deers-riddle,fori,nightwatch,o5project,pedialpha-capital-matchmaking-platform
scp-wiki-cn	cn	_letters娱乐	未訳-_letters娱乐	8	nameless-opening,o5project,pedialpha-anger-of-scarlet,pedialpha-capital-matchmaking-platform,pedialpha-main
scp-wiki-cn	cn	_oo	未訳-_oo	8	a-meta-story-with-mad-author,adult:theseaiscalling,all-is-hell-that-begins-in-dreams,end-of-death-coldwar-nuclearweapon,lemon-seed
scp-wiki-cn	cn	_源代码	未訳-_源代码	8	component:black-highlighter-theme-dev,component:discord-chat-source,component:floppy-disruption-bar,component:note-source,component:object-class-bar-source
scp-wiki-cn	cn	mcd-curios	未訳-mcd-curios	8	mcd-curios:hairy-hands,mcd-curios:liquid-necrosis,mcd-curios:ozenkadnook-tiger,mcd-curios:personal-demise-glasses,mcd-curios:rowan-switch
scp-wiki-cn	cn	乌托邦	未訳-乌托邦	8	a-faerie-tale-of-twin-queens,chaoskampf-and-creation,miau-miau-asheworth-kun,scp-2000-b-the-lonely-cowboy,scp-9066
scp-wiki-cn	cn	人类之后	未訳-人类之后	8	as-before,children-story,halloween-event-2018,knockin-on-the-gate-guardian-s-door,niyishengdegushi
scp-wiki-cn	cn	内殿	未訳-内殿	8	a-baptism-of-fire,a-real-humdinger,cronenhambergoisii,metaphysician-karpin-proposal,oblivion-adium
scp-wiki-cn	cn	卡尔代拉	未訳-卡尔代拉	8	erreur-de-style,rapportdecouteravefm,scp-546-fr,scp-569-fr,scp-569-ko
scp-wiki-cn	cn	告诫	未訳-告诫	8	admonition,scp-6183,scp-6488,scp-6659,scp-6747
scp-wiki-cn	cn	未确定	未訳-未确定	8	proposition-du-dr-macro,scp-000-5-fr-ex,scp-200-fr,scp-210-fr,scp-242-fr
scp-wiki-cn	cn	神明	未訳-神明	8	kate-mctiriss-s-proposal,sandrewswann-s-proposal,scp-089,scp-4947,scp-9230
scp-wiki-cn	cn	蜂巢之下	未訳-蜂巢之下	8	wanderers:descending-order,wanderers:mortality,wanderers:output,wanderers:prepartum-regression,wanderers:yutu
scp-wiki-cn	cn	配区二	未訳-配区二	8	wanderers:6-a-m-pacific-daylight-time,wanderers:a-gig-nobody-asked-for,wanderers:biopunked,wanderers:cyberscum-and-blues,wanderers:egg
scp-wiki-cn	cn	2016冬季征文	未訳-2016冬季征文	7	i-manager-wang,memory-maze,play-or-dont-play,traveller,wages
scp-wiki-cn	cn	2021徒手干架竞赛	未訳-2021徒手干架竞赛	7	hey-teacher,koikoi-rainy4l-s-proposal,scp-2215-jp,scp-2430-jp,scp-2455-jp
scp-wiki-cn	cn	2023fr十一周年竞赛	未訳-2023fr十一周年竞赛	7	scp-576-fr,scp-600-fr,scp-606-fr,scp-611-fr,scp-671-fr
scp-wiki-cn	cn	2025fr十三周年竞赛	未訳-2025fr十三周年竞赛	7	scp-099-fr,scp-703-fr,scp-704-fr,scp-711-fr,scp-726-fr
scp-wiki-cn	cn	2025骄傲节	未訳-2025骄傲节	7	art:trial-by-combat,cave-canem,not-worth-a-name,scp-7728,scp-8296
scp-wiki-cn	cn	_坟场轮班	未訳-_坟场轮班	7	goodnight-sweet-dreams,muddy-skies,scp-6106,scp-6427,scp-6502
scp-wiki-cn	cn	_魔法乐团	未訳-_魔法乐团	7	2025-minus-1,art-finds-its-way-out,asmo-02,asmo-the-same-city,i-o
scp-wiki-cn	cn	trunnion特使	未訳-trunnion特使	7	a-baptism-of-fire,kern-emote-mekhvol1,rounderhouse-gold-proposal,sunny-art-cotbg-sarkicism,the-deniers
scp-wiki-cn	cn	wd2020	未訳-wd2020	7	wanderers:a-rising-wave,wanderers:bladefish,wanderers:calypso-rides-her-catamaran,wanderers:deeper,wanderers:how-the-ocean-came-to-burn
scp-wiki-cn	cn	像素艺术	未訳-像素艺术	7	aethris-art,art:fenmothsartpage,art:spring-cleaning-badges,art:when-we-went-home,envipixel-artpage
scp-wiki-cn	cn	八千死鼠	未訳-八千死鼠	7	8000-dead-rats-hub,echoes,joicl8kdr,kte-9817-bluebuster-mendel-shelley-renegade-armbrusteri,project-scarlet-dawn
scp-wiki-cn	cn	吾等即战争	未訳-吾等即战争	7	26emu,bellum-sumus-hub,cassino,cry,market-garden-art
scp-wiki-cn	cn	宇宙岛	未訳-宇宙岛	7	expired728vr,le-phare-du-vide,proposition-du-dr-macro,scp-333-fr,scp-355-fr
scp-wiki-cn	cn	文集	未訳-文集	7	wanderers:2052,wanderers:a-series-of-irksome-rectangles,wanderers:and-now-a-bit-of-conceptual-birdsong,wanderers:from-our-mailbag,wanderers:inscriptions-or-marginalia
scp-wiki-cn	cn	新面貌	未訳-新面貌	7	a-team-you-can-maybe-trust,gomboc,jolly-cooperation,light-and-the-mole,recruitment-drive
scp-wiki-cn	cn	橡树	未訳-橡树	7	note-hub,nx-146,scp-1071-ko,scp-416-ko,scp-866-ko
scp-wiki-cn	cn	活体	未訳-活体	7	scp-1166,scp-1542,scp-1717-ex,scp-1984,scp-3835
scp-wiki-cn	cn	海报	未訳-海报	7	art:a-puppet-and-his-puppeteer,art:artex-2025-frankentropy,art:chocco-s-posters,art:public-release-of-operation-witness-materials,heck-s-9kcon-poster-gallery
scp-wiki-cn	cn	珊瑚网络	未訳-珊瑚网络	7	le-reseau-corail,scp-586-fr,scp-642-fr,scp-697-fr,scp-742-fr
scp-wiki-cn	cn	理念圈	未訳-理念圈	7	autopsy,scp-2275,scp-6848,scp-7650,scp-7764
scp-wiki-cn	cn	类目	未訳-类目	7	mcd-curios:hairy-hands,mcd-curios:liquid-necrosis,mcd-curios:ozenkadnook-tiger,mcd-curios:personal-demise-glasses,mcd-curios:rowan-switch
scp-wiki-cn	cn	肖邦教	未訳-肖邦教	7	early-summer-1998,entretiens-avec-de-potentiels-nouveaux-dieux,koigarezaki-news-201212,scp-1710-jp,scp-1710-jp-j
scp-wiki-cn	cn	舌尖	未訳-舌尖	7	a-bit-of-inferior-product-1,a-bite-of-hensec,day-of-fatass,eggtart,eggtart1
scp-wiki-cn	cn	2013短篇故事竞赛	未訳-2013短篇故事竞赛	6	la-hija-bien-amada,navidad-antartica-de-gauss-castillo-y-trash,noche-tranquila-en-sitio-34,scp-1millon,suenos-navidenos
scp-wiki-cn	cn	2021十五夜团子祭	未訳-2021十五夜团子祭	6	kitei-disease,koigarezaki-news-20210809,scp-2288-jp,scp-2655-jp,scp-837-jp
scp-wiki-cn	cn	2023万圣节fr竞赛	未訳-2023万圣节fr竞赛	6	scp-602-fr,scp-656-fr,scp-663-fr,scp-666-fr,scp-682-fr
scp-wiki-cn	cn	2024恐怖竞赛	未訳-2024恐怖竞赛	6	scp-1718-jp,scp-173-and-untitled-2004-and-me,scp-3402-jp,scp-3510-jp,scp-3546-jp
scp-wiki-cn	cn	_2025goif-b1	未訳-_2025goif-b1	6	highland-tourism,hrafnagud-model,human-planet-ark,nobody-and-jigsaw-puzzles,ute-49613-velveteen-bice
scp-wiki-cn	cn	_修正花卉	未訳-_修正花卉	6	across-the-bamboo,blooming-on-the-remains,early-summer-rain-on-arca,looking-back-to-ocean,stu48-8th-hanawadarenomono
scp-wiki-cn	cn	sai	未訳-sai	6	document-sai-f-143,dossier-zone-mem,proposition-des-drs-gemini-et-tesla,sai-777-p,scp-343-fr
scp-wiki-cn	cn	wanderlust01	未訳-wanderlust01	6	wanderers:a-restless-wanderer-on-the-earth,wanderers:after-the-cave-was-explored,wanderers:dee-equals-are-tee,wanderers:give-em-the-old-razzle-dazzle,wanderers:it-s-good-to-be-awake-again
scp-wiki-cn	cn	世界超卫生组织	未訳-世界超卫生组织	6	8000-dead-rats-hub,art:public-release-of-operation-witness-materials,kte-9817-bluebuster-mendel-shelley-renegade-armbrusteri,scp-5990,scp-7864
scp-wiki-cn	cn	丛林	未訳-丛林	6	scp-5205,wanderers:hunting-the-margrawn,wanderers:queen-spade-s-rhymes-01,wanderers:the-cave-of-red-flies,wanderers:the-first-blood
scp-wiki-cn	cn	依谈	未訳-依谈	6	kata-men-005,nameless-weeds,quintessence,scp-511-jp,sinni
scp-wiki-cn	cn	图书管理员	未訳-图书管理员	6	wanderers:conversations-with-the-serpent,wanderers:employ,wanderers:fdyy,wanderers:memocide,wanderers:wanderers
scp-wiki-cn	cn	时钟	未訳-时钟	6	scp-018-jp,scp-040-cs,scp-1254-jp,scp-131-fr,scp-1401-jp
scp-wiki-cn	cn	晶体	未訳-晶体	6	scp-032-jp,scp-2760-jp,scp-423-jp,scp-575-fr,scp-cn-3493
scp-wiki-cn	cn	深夜俱乐部	未訳-深夜俱乐部	6	dark-thinig-ssul,foreign-affairs-2020-73,foreign-affairs-2021-43,midnight-club-hub,scp-877-ko
scp-wiki-cn	cn	立方体	未訳-立方体	6	scp-037-fr,scp-079-pt,scp-102-fr,scp-1514-jp,scp-2222-jp
scp-wiki-cn	cn	蓝宝石编年史	未訳-蓝宝石编年史	6	chasser-le-mal,chroniques-de-saphir,partager-le-vin,rompre-le-pain,trouver-l-absolution
scp-wiki-cn	cn	血肉马戏团	未訳-血肉马戏团	6	alinda,oh-jaj-nekem-ha-elnemulnek,scp-1027-ru,scp-1249-ru,scp-4775
scp-wiki-cn	cn	配区一	未訳-配区一	6	wanderers:81st-turn-seventh-year-twenty-first-cycle-skyday,wanderers:aliens-in-america,wanderers:decadent-and-depraved,wanderers:into-starlight,wanderers:the-lake
scp-wiki-cn	cn	阿摩尼-赖姆	未訳-阿摩尼-赖姆	6	interregnum-blackstar,interregnum-everest,ow1-second,rounderhouse-gold-proposal,scp-8499
scp-wiki-cn	cn	非正式1200字短篇征文a	未訳-非正式1200字短篇征文a	6	as-an-agent,dr-toraya-t-009,micro-heroic-tale,nekoyori,secret-of-doctor
scp-wiki-cn	cn	食品	未訳-食品	6	scp-8467,scp-8593,scp-8662,scp-9778,scp-cn-3120
scp-wiki-cn	cn	2019万圣节	未訳-2019万圣节	5	esse-is-recordatus,halloween-event-2019,i-will-remember,in-the-quiet-room,we-want-to-be-immortal
scp-wiki-cn	cn	2021放逐竞赛	未訳-2021放逐竞赛	5	wanderers:a-bud-fears-bloom-leaves-blocking-its-view,wanderers:decadent-and-depraved,wanderers:gathering-storms,wanderers:i-cannot-recall-my-first-thought,wanderers:wandercon-2021
scp-wiki-cn	cn	2024非官方吓唬nico	未訳-2024非官方吓唬nico	5	grant-request-for-the-development-of-a-portable-type-blue-co,scp-8386,scp-8824,scp-8980,scp-que13-126
scp-wiki-cn	cn	2026愚人节	未訳-2026愚人节	5	allspice-curry-system-guide,facerecognition-af,please-spend-a-lot-on-purchases,scp-2144-jp-j,scp-3482-jp-j
scp-wiki-cn	cn	_pzga	未訳-_pzga	5	baghdad-ladybug-fungus,boletus-aridas,fluitabulla-levis,pleurotus-explosive,poculumfungus-phonograph
scp-wiki-cn	cn	_skp	未訳-_skp	5	skp-017,skp-173-us,skp-217-ko,skp-groups,uebernahme-der-scp-foundation-durch-das-skp
scp-wiki-cn	cn	_吟游诗客	未訳-_吟游诗客	5	chronicle-4-162,grey-wolf-watermelon,linnekrone,promesa-al-mundo,sheep-mie-mie-mie
scp-wiki-cn	cn	_哥布林-故障	未訳-_哥布林-故障	5	scp-5257,scp-5257-ex,scp-7226,scp-7596,scp-7626
scp-wiki-cn	cn	_官僚分子	未訳-_官僚分子	5	kill-nothing-but-time,scp-6061,scp-6655,ute-1666-goodrick-freud,who-killed-silas-emerson
scp-wiki-cn	cn	_彼岸	未訳-_彼岸	5	bury-bi-an,bury-me,bury-non-dead,ri-si-quan-ren-lei,the-other-side-s-color
scp-wiki-cn	cn	_联排别墅	未訳-_联排别墅	5	scp-2744,scp-6202,scp-6274,scp-6431,scp-6609
scp-wiki-cn	cn	pangea	未訳-pangea	5	cycleman,gendastrerie-centre,goc-supplemental-implantation-fr,the-mirage-casket-1300s,ulia
scp-wiki-cn	cn	spacewitch02	未訳-spacewitch02	5	wanderers:and-the-sound-upon-the-roof-is-only-water,wanderers:retrieved-from-datacluster-found-in-gloriana-syste,wanderers:soaring-to-sol,wanderers:tespage,wanderers:the-captain-s-skull
scp-wiki-cn	cn	〈odss〉	未訳-〈odss〉	5	axe-and-whip,goi-balls-03,odss-series5-kar,officer-doctor-soldier-spy-hub,the-man-from-bekson
scp-wiki-cn	cn	典籍	未訳-典籍	5	wanderers:asagao,wanderers:langhuan-hub,wanderers:paradigm-shift-hub,wanderers:the-study-of-ancient-spells,wanderers:travellers-book-hub
scp-wiki-cn	cn	别假正经	未訳-别假正经	5	scp-9068,scp-9363,scp-9628,scp-9720,stop-making-sense
scp-wiki-cn	cn	天青色	未訳-天青色	5	scp-103-ko,scp-157-ko,scp-535-ko,scp-892-ko,theme:the-greatest-education
scp-wiki-cn	cn	布拉格魔像	未訳-布拉格魔像	5	a-man-of-clay-and-men-formerly-men,archival-document-hsa-008-advent,crash-s-flashy-art-dash,obskuracorps-memos,scp-9666
scp-wiki-cn	cn	指引	未訳-指引	5	wanderers:for-foundation-writers,wanderers:introduction,wanderers:orientation,wanderers:story-guidance,wanderers:the-librarians
scp-wiki-cn	cn	搞笑的麦克笑森	未訳-搞笑的麦克笑森	5	funerals-are-fun,mzl-1730,old-kansas-sector-part-12,scp-2030,the-revolution-will-be-televised
scp-wiki-cn	cn	无语竞赛	未訳-无语竞赛	5	dumbcon,scp-9597,scp-9967,scp-9981,the-communitys-proposal
scp-wiki-cn	cn	清海镇	未訳-清海镇	5	chonghaejin,ren-gong-zi,scp-983-ko,scp-cn-2342,the-white-whale-day
scp-wiki-cn	cn	百臂巨人之环	未訳-百臂巨人之环	5	hecatoncheires-cycle-hub,scp-4612,scp-4712,scp-5267,scp-5612
scp-wiki-cn	cn	看图说话-彼岸花	未訳-看图说话-彼岸花	5	ambrose-s-restaurant-a-k-a-closed-when-you-couldn-t-eat-any,chi-lai-de-guang-mang-sui-feng-er-qu,nol,picture-writing-manjusaka,there-s-no-end-to-sadness-we-don-t-know
scp-wiki-cn	cn	远征	未訳-远征	5	anabasis-hub,change-the-world,scp-2084,scp-2084-email-correspondence,undated-im-correspondence
scp-wiki-cn	cn	降头术士协会	未訳-降头术士协会	5	concerto,project-proposal-2025-003,scp-563-fr,scp-cn-1674,yixue671
scp-wiki-cn	cn	魔术师计划	未訳-魔术师计划	5	budgetkuerzungen,projekt-trickster,scp-121-de,scp-136-de,scp-344-de
scp-wiki-cn	cn	2019连写竞赛c	未訳-2019连写竞赛c	4	scp-1421-jp,scp-1577-jp,scp-1604-jp,scp-1828-jp
scp-wiki-cn	cn	2021寻宝游戏竞赛	未訳-2021寻宝游戏竞赛	4	wanderers:daddy-is-my-superhero,wanderers:home-bittersweet-home-or-free-as-a-bird,wanderers:my-thoughts-are-not-my-own,wanderers:one-new-voicemail
scp-wiki-cn	cn	2023辩争竞赛	未訳-2023辩争竞赛	4	wanderers:debate-club-contest,wanderers:mima,wanderers:the-fate-of-a-wanderer,wanderers:where-i-sleep-at-night
scp-wiki-cn	cn	_ooo	未訳-_ooo	4	oct-4-elena,orange,the-sun-also-rises,three-cubic-thousand-worlds-burned-into-ashes
scp-wiki-cn	cn	_公安部特事课	未訳-_公安部特事课	4	kanshin-ryoiki-enutsu,kanshin-ryoiki-koigarezaki,kanshin-ryoiki-tono,record-heisei-29-578
scp-wiki-cn	cn	_哥布林-76	未訳-_哥布林-76	4	scp-3775,scp-7423,scp-7576,scp-7674
scp-wiki-cn	cn	_哥布林-删除	未訳-_哥布林-删除	4	scp-6183,scp-7173,scp-7309,scp-7968
scp-wiki-cn	cn	av08	未訳-av08	4	wanderers:a-knowledge-of-roads,wanderers:tespage,wanderers:the-traveler-and-the-warlock,wanderers:yorker-under-the-sky
scp-wiki-cn	cn	garrison博士	未訳-garrison博士	4	anomalous-ontology-orientation,art:heather-and-lillian,ripclef,the-deadname-meme
scp-wiki-cn	cn	la	未訳-la	4	consilium-fulminis,director-bold-s-proposal-la,scp-la-001,scp-la-002
scp-wiki-cn	cn	mr.k	未訳-mr.k	4	mr-collector-and-his-collection,scp-cn-072,scp-cn-115,scp-cn-358
scp-wiki-cn	cn	relationship03	未訳-relationship03	4	wanderers:a-love-for-reading,wanderers:a-suicide-note,wanderers:my-shining-light,wanderers:tespage
scp-wiki-cn	cn	skitter-marshall	未訳-skitter-marshall	4	glitterstix-glr032-stx787-ref819,happiness-cant-come-from-assignments,skitter-marshall,some-rational-inheritance
scp-wiki-cn	cn	sl	未訳-sl	4	scp-001-sl,scp-012-sl,scp-315-sl-j,scp-mc-sl-j
scp-wiki-cn	cn	ur之书	未訳-ur之书	4	wanderers:the-floating-armada,wanderers:the-mad-land,wanderers:the-rise-of-the-steam-soul,wanderers:the-tomb-war
scp-wiki-cn	cn	ws2019	未訳-ws2019	4	wanderers:interstellar-radio-channel-5,wanderers:schooling-on-earth,wanderers:turn-off-gravity,wanderers:whistling
scp-wiki-cn	cn	圣乔治骑士团	未訳-圣乔治骑士团	4	concerto,proposition-du-dr-macro,scp-001-it-graf,scp-053-it
scp-wiki-cn	cn	太空	未訳-太空	4	wanderers:azathoth,wanderers:potatus,wanderers:projector,wanderers:worm
scp-wiki-cn	cn	寂宁派	未訳-寂宁派	4	external-relations-orientation-annihilism,message-from-annihilism-ua,scp-032-ua,tranquilo
scp-wiki-cn	cn	异常科学院	未訳-异常科学院	4	proposta-uilo-cruz-srbrasil,scp-172-pt,the-kismet-ephemeris-of-kalpas-hub,yixue671
scp-wiki-cn	cn	心灵单位	未訳-心灵单位	4	diep-luc-chan-kinh-su-tich-ba-chua-coi,don-vi-tam-linh-hub,khuc-dong-dao-phan-su,secure-facility-dossier-site-75-vn
scp-wiki-cn	cn	忘却内殿	未訳-忘却内殿	4	alinda,oblivion-adium,scp-1715-jp,the-suffering-throne
scp-wiki-cn	cn	戏剧性	未訳-戏剧性	4	wanderers:81st-turn-seventh-year-twenty-first-cycle-skyday,wanderers:egg,wanderers:everything-thats-worth-doing-is-hard,wanderers:one-by-one
scp-wiki-cn	cn	无名者剧院	未訳-无名者剧院	4	raven-s-proposal-1,scp-cn-024,scp-cn-1944,scp-cn-198
scp-wiki-cn	cn	朝鲜	未訳-朝鲜	4	gumiho,joseon-hub,scp-cn-4404,the-kismet-ephemeris-of-kalpas-hub
scp-wiki-cn	cn	泥土	未訳-泥土	4	scp-005-th,scp-065-fr,scp-418-fr,scp-cn-3310
scp-wiki-cn	cn	生活竞赛	未訳-生活竞赛	4	wanderers:battle-of-the-white-waves,wanderers:recollection,wanderers:storm-of-daggers,wanderers:the-darkness-inside
scp-wiki-cn	cn	血之大妓	未訳-血之大妓	4	scp-7603,scp-7616,therion-devours,whore-of-blood-hub
scp-wiki-cn	cn	角宇野记录官	未訳-角宇野记录官	4	amasora-aw-1,kouga-taiin-no-aisatu-mawari,ones-epilogue,scp-2101-jp
scp-wiki-cn	cn	雾津奇谭	未訳-雾津奇谭	4	a-brief-account-of-mujin,in-the-world-where-the-fog-has-vanished,mujin-yarn,secure-facility-dossier-site-64k
scp-wiki-cn	cn	2014fr二周年竞赛	未訳-2014fr二周年竞赛	3	scp-021-fr,scp-022-fr,scp-050-fr
scp-wiki-cn	cn	2017goi-es竞赛	未訳-2017goi-es竞赛	3	scp-es-083,scp-es-092,un-fantasma-del-pasado
scp-wiki-cn	cn	2019-1200字竞赛b	未訳-2019-1200字竞赛b	3	ham,mushibyebye,shock-in-tanakasensei
scp-wiki-cn	cn	2021fr九周年竞赛	未訳-2021fr九周年竞赛	3	le-carnet-secret-du-gendastre,profil-de-bestiole-zeus,proposition-du-dr-maquereau
scp-wiki-cn	cn	2021回收竞赛	未訳-2021回收竞赛	3	scp-2601-jp,scp-2950-jp,scp-837-jp
scp-wiki-cn	cn	2021夜之竞赛	未訳-2021夜之竞赛	3	scp-2332-jp,scp-2644-jp,scp-2823-jp
scp-wiki-cn	cn	2023团队站点竞赛-ko	未訳-2023团队站点竞赛-ko	3	department-of-anart,secure-facility-dossier-site-57k,team-gijicon-2023
scp-wiki-cn	cn	2025夏季挑战	未訳-2025夏季挑战	3	scp-737-fr,scp-742-fr,scp-789-fr
scp-wiki-cn	cn	_alien-invasion	未訳-_alien-invasion	3	wanderers:aliens-in-america,wanderers:cells,wanderers:other-cometh
scp-wiki-cn	cn	_donotshowinmodules	未訳-_donotshowinmodules	3	scp-cn-2537,scp-cn-640,untitled-cn
scp-wiki-cn	cn	_licensebox	未訳-_licensebox	3	attempt-successful,gomboc,scp-399-de
scp-wiki-cn	cn	_scc	未訳-_scc	3	dharma-stick-discipline,reg-profile-s11013387,reg-profile-s21356490
scp-wiki-cn	cn	_ting	未訳-_ting	3	carcar,i-wanna-track,magical-track
scp-wiki-cn	cn	_奇物室	未訳-_奇物室	3	common-brick,haensel-und-gretel,incriveis-sapatos-ozwalds
scp-wiki-cn	cn	_石榴俱乐部	未訳-_石榴俱乐部	3	artificial-blue-pomegranate,kogawa-haru-friendship,mrhashidume-memorial
scp-wiki-cn	cn	_远野妖怪保护区	未訳-_远野妖怪保护区	3	fengsuiguangbao,toyoho-202004,toyoho-203309
scp-wiki-cn	cn	creatures07	未訳-creatures07	3	wanderers:great-cowbird,wanderers:hurricane,wanderers:tespage
scp-wiki-cn	cn	cy	未訳-cy	3	fashisuto-s-proposal,scp-000-cy-j,scp-001-cy
scp-wiki-cn	cn	eo	未訳-eo	3	log-of-anomalous-items-eo,scp-eo-001,scp-eo-416
scp-wiki-cn	cn	legacy	未訳-legacy	3	wanderers:evolution,wanderers:nigerian-lava-cat,wanderers:ropen
scp-wiki-cn	cn	ravelwoods	未訳-ravelwoods	3	wanderers:81st-turn-seventh-year-twenty-first-cycle-skyday,wanderers:aframos-introduction,wanderers:hunting-the-margrawn
scp-wiki-cn	cn	resh	未訳-resh	3	scp-737-fr,scp-742-fr,scp-789-fr
scp-wiki-cn	cn	ro	未訳-ro	3	scp-ro-001,scp-ro-004,scp-ro-007-arc
scp-wiki-cn	cn	ulak	未訳-ulak	3	wanderers:a-conspiracy-of-five,wanderers:azure,wanderers:cyberscum-and-blues
scp-wiki-cn	cn	unwaking	未訳-unwaking	3	wanderers:six-day-week-part-one,wanderers:six-day-week-part-three,wanderers:six-day-week-part-two
scp-wiki-cn	cn	woi研究科	未訳-woi研究科	3	the-alleys-hub,theme:cyber-specter,woi-research-division-hub
scp-wiki-cn	cn	凝望死星	未訳-凝望死星	3	oem-hub,scp-1290-i57,scp-cn-4259
scp-wiki-cn	cn	凤凰夜莺喜鹊	未訳-凤凰夜莺喜鹊	3	florence-thorne-hub,minneapolis-burns,unexpected-interview
scp-wiki-cn	cn	十周年overflow活动	未訳-十周年overflow活动	3	kouryaku-wiki-goi,nekoiswatchingyou,sian628artwork5
scp-wiki-cn	cn	合集	未訳-合集	3	wanderers:the-journal-of-aframos-longjourney,wanderers:the-world-of-elrich,wanderers:thearchivistslog
scp-wiki-cn	cn	哲学性	未訳-哲学性	3	wanderers:conversations-with-the-serpent,wanderers:on-cisgender,wanderers:the-three-kings
scp-wiki-cn	cn	地下疗法	未訳-地下疗法	3	o-poczatkach-medycyny-altnormalnej,przyczajone-leczenie-hub,scp-pl-160
scp-wiki-cn	cn	巴西异常监管局	未訳-巴西异常监管局	3	arquivo-sbp-n-196-relatorio-de-exploracao-anomalia-dimension,sbpfile-232,scp-143-pt
scp-wiki-cn	cn	恐怖基金会	未訳-恐怖基金会	3	7-ghost-story-in-the-site-29,d-6679,horror-foundation
scp-wiki-cn	cn	恶魔	未訳-恶魔	3	scp-9076,scp-9991,therion-devours
scp-wiki-cn	cn	日暮scp	未訳-日暮scp	3	scp-fra31-236,scp-fra93-062,scp-que21-075
scp-wiki-cn	cn	时间旅行	未訳-时间旅行	3	scp-5541,scp-7574,scp-9190
scp-wiki-cn	cn	溢漫人道	未訳-溢漫人道	3	entretiens-avec-de-potentiels-nouveaux-dieux,les-danseurs-elegants,scp-598-fr
scp-wiki-cn	cn	狂人	未訳-狂人	3	wanderers:missed-connections,wanderers:thearchivistslog,wanderers:wbi-database
scp-wiki-cn	cn	猎手俱乐部	未訳-猎手俱乐部	3	concerto,nao-de-o-peixe-ensine-a-pescar,scp-065-pt
scp-wiki-cn	cn	猎手黑屋	未訳-猎手黑屋	3	oroks-ball,sarkicism-hub,thump-thump-tick-tock
scp-wiki-cn	cn	现实	未訳-现实	3	wanderers:egg,wanderers:on-cisgender,wanderers:where-i-sleep-at-night
scp-wiki-cn	cn	盖制堡	未訳-盖制堡	3	chaojiburger,greazeburger-incorporated-hub,scp-8013
scp-wiki-cn	cn	瞬息集	未訳-瞬息集	3	wanderers:one-by-one,wanderers:transient-collection,wanderers:where-i-sleep-at-night
scp-wiki-cn	cn	第三人称	未訳-第三人称	3	wanderers:conversations-with-the-serpent,wanderers:into-starlight,wanderers:the-three-kings
scp-wiki-cn	cn	老表阿丹	未訳-老表阿丹	3	wanderers:cousin-dan-a-house-of-lean-times,wanderers:cousin-dan-rearview-eddie,wanderers:cousin-dan-the-big-date
scp-wiki-cn	cn	腐主之山	未訳-腐主之山	3	entretiens-avec-de-potentiels-nouveaux-dieux,scp-1195-ru,wind-comes-from-east-5
scp-wiki-cn	cn	自由世界	未訳-自由世界	3	ecce-insurgo,mundus-liberari,re-kto-0001-bellfather
scp-wiki-cn	cn	行者游记	未訳-行者游记	3	wanderers:fearful-we-looked-on,wanderers:red-bark,wanderers:very-strong
scp-wiki-cn	cn	街巷	未訳-街巷	3	dark-thinig-ssul,scp-cn-3726,the-alleys-hub
scp-wiki-cn	cn	转祸为福竞赛	未訳-转祸为福竞赛	3	atapostle-in-my-name,emperorpenguinartwork-1-jp,isotope-big-jp-04
scp-wiki-cn	cn	部落	未訳-部落	3	wanderers:memoir-of-ongwe-ias,wanderers:riluo,wanderers:the-cave-of-red-flies
scp-wiki-cn	cn	除草	未訳-除草	3	chwasty-hub,czym-sa-obiekty-konspiracyjne,scp-pl-029
scp-wiki-cn	cn	2016scp竞赛	未訳-2016scp竞赛	2	scp-es-028,scp-es-066
scp-wiki-cn	cn	2016基金会漫画竞赛	未訳-2016基金会漫画竞赛	2	luvle-s-comic,old:whoami-by-sally
scp-wiki-cn	cn	2016插画竞赛c	未訳-2016插画竞赛c	2	foundation-sign,goi-balls-01
scp-wiki-cn	cn	2017fr五周年竞赛	未訳-2017fr五周年竞赛	2	scp-206-fr,scp-269-fr
scp-wiki-cn	cn	2018fr六周年竞赛	未訳-2018fr六周年竞赛	2	scp-300-fr,scp-303-fr
scp-wiki-cn	cn	2019-1200字竞赛a	未訳-2019-1200字竞赛a	2	dclass-search,no-spring-will-come
scp-wiki-cn	cn	2019连写竞赛a	未訳-2019连写竞赛a	2	scp-1581-jp,scp-1925-jp
scp-wiki-cn	cn	2019连写竞赛b	未訳-2019连写竞赛b	2	scp-1193-jp,scp-1936-jp
scp-wiki-cn	cn	2020fr八周年竞赛	未訳-2020fr八周年竞赛	2	scp-400-fr,scp-410-fr
scp-wiki-cn	cn	2022fr十周年竞赛	未訳-2022fr十周年竞赛	2	scp-509-fr,scp-510-fr
scp-wiki-cn	cn	2022q之竞赛	未訳-2022q之竞赛	2	project-no-0681,scp-1790-jp
scp-wiki-cn	cn	2022q竞赛	未訳-2022q竞赛	2	quintessence,the-tale-by-rokujo-yasumi
scp-wiki-cn	cn	2022夏季挑战	未訳-2022夏季挑战	2	scp-524-fr,scp-575-fr
scp-wiki-cn	cn	2023非官方观谬竞赛	未訳-2023非官方观谬竞赛	2	heavenly-body,tossup-tuesday
scp-wiki-cn	cn	2024棍棒互殴竞赛	未訳-2024棍棒互殴竞赛	2	scp-3774-jp,scp-3982-jp
scp-wiki-cn	cn	_forgotten-cities	未訳-_forgotten-cities	2	wanderers:leaving-havana,wanderers:my-island
scp-wiki-cn	cn	_peculiar-purchases	未訳-_peculiar-purchases	2	wanderers:general-store,wanderers:letter-found-after-a-credit-card-purchase
scp-wiki-cn	cn	_国家防灾管理局	未訳-_国家防灾管理局	2	neps-2020m42f17,npes-2018lc003
scp-wiki-cn	cn	_宇宙岛	未訳-_宇宙岛	2	le-phare-du-vide,universal-land-and-note
scp-wiki-cn	cn	_无尽月导众	未訳-_无尽月导众	2	ningu-tyo-1219,ningu-tyo-601
scp-wiki-cn	cn	_深夜俱乐部	未訳-_深夜俱乐部	2	foreign-affairs-2020-73,foreign-affairs-2021-43
scp-wiki-cn	cn	_版式框架	未訳-_版式框架	2	theme:aero-glass,theme:dustframe
scp-wiki-cn	cn	_精灵族	未訳-_精灵族	2	fairies-nameless-and-echoes-of-history,spring-again
scp-wiki-cn	cn	_蓝宝石	未訳-_蓝宝石	2	zetetic-bulletin-ghost-weep-xu-pei-ting,zetetic-bulletin-wu-xing-iris
scp-wiki-cn	cn	_进步研究中心	未訳-_进步研究中心	2	berinsk-special-administrative-zone,union-of-large-republics
scp-wiki-cn	cn	ar	未訳-ar	2	dr-blackbox-blackbox,scp-ar-001
scp-wiki-cn	cn	baao	未訳-baao	2	comite-denquete-n-e-7010-1934,the-kismet-ephemeris-of-kalpas-hub
scp-wiki-cn	cn	dcd协定	未訳-dcd协定	2	centre-du-dcd,dcd-0012
scp-wiki-cn	cn	greg-chudley	未訳-greg-chudley	2	scp-4230,secure-facility-dossier-site-78
scp-wiki-cn	cn	hana-thompson	未訳-hana-thompson	2	ripclef,there-is-no-secret-garden
scp-wiki-cn	cn	maria-johnston	未訳-maria-johnston	2	scp-7261,secure-facility-dossier-site-78
scp-wiki-cn	cn	nd-sv	未訳-nd-sv	2	scp-002-nd,sv:scp-001-nd
scp-wiki-cn	cn	neverwere	未訳-neverwere	2	wanderers:missed-connections,wanderers:thearchivistslog
scp-wiki-cn	cn	pig	未訳-pig	2	deleted:how-to-speak-pig-latin,deleted:scp-006-pig
scp-wiki-cn	cn	richter主管	未訳-richter主管	2	scp-7261,secure-facility-dossier-site-78
scp-wiki-cn	cn	ubicon-2022	未訳-ubicon-2022	2	scp-es-278,ubicon-2022
scp-wiki-cn	cn	vitalis	未訳-vitalis	2	wanderers:death-of-a-death,wanderers:the-dragonslayer
scp-wiki-cn	cn	vso	未訳-vso	2	psw-hub,skp-groups
scp-wiki-cn	cn	whyandwho06	未訳-whyandwho06	2	wanderers:an-incident-in-the-final-battle-of-the-dead-kingdo,wanderers:tespage
scp-wiki-cn	cn	三大千	未訳-三大千	2	scp-892-ko,theme:golden-samdaecheon
scp-wiki-cn	cn	世界系猎手	未訳-世界系猎手	2	scp-3999-jp,scp-964-jp
scp-wiki-cn	cn	亨特工业	未訳-亨特工业	2	hunter-industries-hub,zlecenie-mef-7629
scp-wiki-cn	cn	仙人掌	未訳-仙人掌	2	scp-cn-4258,scp-es-200
scp-wiki-cn	cn	件与班西	未訳-件与班西	2	scp-1146-jp,voice-cat-go
scp-wiki-cn	cn	会意出版社	未訳-会意出版社	2	scp-241-th,zetetic-bulletin-wu-xing-iris
scp-wiki-cn	cn	伪创制片社	未訳-伪创制片社	2	pseudogenesis-productions-hub,scp-821
scp-wiki-cn	cn	双站记	未訳-双站记	2	scp-7218,twin-sites-hub
scp-wiki-cn	cn	叶孙	未訳-叶孙	2	anomaly-566-the-thief-vine,diep-luc-chan-kinh-su-tich-ba-chua-coi
scp-wiki-cn	cn	地下东京奇谭	未訳-地下东京奇谭	2	record-heisei-29-578,soya-001-logo-art-02
scp-wiki-cn	cn	家庭	未訳-家庭	2	wanderers:egg,wanderers:where-i-sleep-at-night
scp-wiki-cn	cn	对外联络主任a.d.	未訳-对外联络主任a.d.	2	external-relations-orientation-annihilism,external-relations-orientation-robotic-republic
scp-wiki-cn	cn	小哈瓦那	未訳-小哈瓦那	2	carroll-305-la-pequena-habana,scp-8352
scp-wiki-cn	cn	层层帷幕	未訳-层层帷幕	2	5-veil-tiers,scp-7423
scp-wiki-cn	cn	意大利皇家异常学会	未訳-意大利皇家异常学会	2	scp-001-it-graf,scp-014-it-arc
scp-wiki-cn	cn	报道	未訳-报道	2	wanderers:from-the-crown-press,wanderers:make-something-a-dolton-press-release
scp-wiki-cn	cn	无名之眼	未訳-无名之眼	2	concerto,olhos-anonimos-central
scp-wiki-cn	cn	普里查德学院	未訳-普里查德学院	2	kanshin-ryoiki-koigarezaki,scp-front-jp
scp-wiki-cn	cn	核子之梦	未訳-核子之梦	2	hub-sueno-nuclear,scp-es-097
scp-wiki-cn	cn	歌德制片	未訳-歌德制片	2	goi-balls-05,ones-epilogue
scp-wiki-cn	cn	死亡	未訳-死亡	2	wanderers:one-by-one,wanderers:where-i-sleep-at-night
scp-wiki-cn	cn	羊类	未訳-羊类	2	scp-418-fr,scp-cn-3574
scp-wiki-cn	cn	自主性	未訳-自主性	2	scp-cn-2149,scp-cn-3436
scp-wiki-cn	cn	西部	未訳-西部	2	ghost-riders-in-the-sky,maybe-i-m-a-king
scp-wiki-cn	cn	软插头	未訳-软插头	2	plugsoft-hub,scp-185-ko
scp-wiki-cn	cn	钥匙	未訳-钥匙	2	scp-cn-2487,scp-es-083
scp-wiki-cn	cn	阴阳寮	未訳-阴阳寮	2	fusouki,scp-2630-jp
scp-wiki-cn	cn	黄色	未訳-黄色	2	scp-007-pt,scp-682-fr-j
scp-wiki-cn	cn	黑暗日	未訳-黑暗日	2	czarne-niebo-hub,scp-cn-3052
scp-wiki-cn	cn	黑衣的茹素者	未訳-黑衣的茹素者	2	scp-2371-jp,zatto13-logo
scp-wiki-cn	cn	2015故事竞赛	未訳-2015故事竞赛	1	v-er-d-2365
scp-wiki-cn	cn	2016插画竞赛b	未訳-2016插画竞赛b	1	littlewitch
scp-wiki-cn	cn	2017goi-de竞赛	未訳-2017goi-de竞赛	1	scp-188-de
scp-wiki-cn	cn	2017世界末日竞赛	未訳-2017世界末日竞赛	1	no-problem
scp-wiki-cn	cn	2018圣诞节竞赛	未訳-2018圣诞节竞赛	1	proposta-uilo-cruz-srbrasil
scp-wiki-cn	cn	2018构思竞赛	未訳-2018构思竞赛	1	scp-es-052
scp-wiki-cn	cn	2018短篇故事竞赛	未訳-2018短篇故事竞赛	1	cogito
scp-wiki-cn	cn	2019goi-ko竞赛	未訳-2019goi-ko竞赛	1	note-hub
scp-wiki-cn	cn	2019万圣节fr竞赛	未訳-2019万圣节fr竞赛	1	scp-911-fr-ex
scp-wiki-cn	cn	2019探索竞赛	未訳-2019探索竞赛	1	scp-es-138
scp-wiki-cn	cn	2020-08竞赛	未訳-2020-08竞赛	1	scp-157-ko
scp-wiki-cn	cn	2021pl设定竞赛	未訳-2021pl设定竞赛	1	czarne-niebo-hub
scp-wiki-cn	cn	2021万圣节fr竞赛	未訳-2021万圣节fr竞赛	1	bouteille-a-la-mer-dpwl
scp-wiki-cn	cn	2021假期竞赛	未訳-2021假期竞赛	1	historia-polskiego-projektu-przechowawczego
scp-wiki-cn	cn	2021地下竞赛	未訳-2021地下竞赛	1	nx-14
scp-wiki-cn	cn	2022goi格式竞赛	未訳-2022goi格式竞赛	1	wniosek-o-dotacje-na-opracowanie-srodka-przeciwko-alergii
scp-wiki-cn	cn	2022“q”竞赛	未訳-2022“q”竞赛	1	scp-2608-jp
scp-wiki-cn	cn	2023丰收节竞赛	未訳-2023丰收节竞赛	1	scp-1504-ko
scp-wiki-cn	cn	2023团队竞赛	未訳-2023团队竞赛	1	mortal-emulator-grandchild
scp-wiki-cn	cn	2024愤怒竞赛-hu	未訳-2024愤怒竞赛-hu	1	wrathcon-hu
scp-wiki-cn	cn	2025万圣节fr竞赛	未訳-2025万圣节fr竞赛	1	les-autres-aventures-du-docteur-arrow
scp-wiki-cn	cn	2025愚人节	未訳-2025愚人节	1	mortal-emulator-april-fool
scp-wiki-cn	cn	2025时之竞赛	未訳-2025时之竞赛	1	scp-3046-jp
scp-wiki-cn	cn	2026骄傲节	未訳-2026骄傲节	1	nalkan-art-exhibit
scp-wiki-cn	cn	_baao	未訳-_baao	1	comite-denquete-n-e-7010-1934
scp-wiki-cn	cn	_cc4	未訳-_cc4	1	attempt-successful
scp-wiki-cn	cn	_cfo	未訳-_cfo	1	cfo-c4t-g1rl
scp-wiki-cn	cn	_mac	未訳-_mac	1	ya-te-veo
scp-wiki-cn	cn	_东弊重工	未訳-_东弊重工	1	shouhei-project-001
scp-wiki-cn	cn	_亨特工业	未訳-_亨特工业	1	zlecenie-mef-7629
scp-wiki-cn	cn	_其他-jp	未訳-_其他-jp	1	garagara-shoppingpage-coolerbox
scp-wiki-cn	cn	_卷袖俱乐部	未訳-_卷袖俱乐部	1	boyi
scp-wiki-cn	cn	_叶孙	未訳-_叶孙	1	diep-luc-chan-kinh-su-tich-ba-chua-coi
scp-wiki-cn	cn	_哥布林-哥布林	未訳-_哥布林-哥布林	1	scp-6467
scp-wiki-cn	cn	_哥布林-大逃杀	未訳-_哥布林-大逃杀	1	scp-7209
scp-wiki-cn	cn	_巴西异常监管局	未訳-_巴西异常监管局	1	sbpfile-232
scp-wiki-cn	cn	_梦见科技	未訳-_梦见科技	1	project-no-0681
scp-wiki-cn	cn	_清海镇	未訳-_清海镇	1	ren-gong-zi
scp-wiki-cn	cn	_狄瓦	未訳-_狄瓦	1	na-bestyje-przepis-jeden-kranca-wdech
scp-wiki-cn	cn	_竞赛项目4	未訳-_竞赛项目4	1	dream-date
scp-wiki-cn	cn	_街巷	未訳-_街巷	1	dark-thinig-ssul
scp-wiki-cn	cn	_辉煌居业	未訳-_辉煌居业	1	ubikaz
scp-wiki-cn	cn	alda	未訳-alda	1	scp-642-fr
scp-wiki-cn	cn	aleph月报	未訳-aleph月报	1	gda-n-57
scp-wiki-cn	cn	altplaces05	未訳-altplaces05	1	wanderers:tespage
scp-wiki-cn	cn	blue-blooded-alien	未訳-blue-blooded-alien	1	oh-lord
scp-wiki-cn	cn	blue-crab	未訳-blue-crab	1	scp-057-int
scp-wiki-cn	cn	cc系列	未訳-cc系列	1	ein-baum-ein-juwel-eine-familie-hub
scp-wiki-cn	cn	ci	未訳-ci	1	ci:mission-statement
scp-wiki-cn	cn	cities04	未訳-cities04	1	wanderers:tespage
scp-wiki-cn	cn	cjy	未訳-cjy	1	scp-cjy-117
scp-wiki-cn	cn	cs竞赛1	未訳-cs竞赛1	1	scp-042-cs
scp-wiki-cn	cn	cs竞赛4	未訳-cs竞赛4	1	cz-contest-iv-hub
scp-wiki-cn	cn	da	未訳-da	1	scp-003-da
scp-wiki-cn	cn	daleth	未訳-daleth	1	scp-569-fr
scp-wiki-cn	cn	demon	未訳-demon	1	scp-5116
scp-wiki-cn	cn	drama	未訳-drama	1	wanderers:the-lake
scp-wiki-cn	cn	es300竞赛	未訳-es300竞赛	1	scp-es-300
scp-wiki-cn	cn	eu	未訳-eu	1	scp-eu-001
scp-wiki-cn	cn	faust博士	未訳-faust博士	1	scp-003-int
scp-wiki-cn	cn	fi	未訳-fi	1	scp-58-fi
scp-wiki-cn	cn	ir	未訳-ir	1	scp-002-ir
scp-wiki-cn	cn	is	未訳-is	1	scp-010-is
scp-wiki-cn	cn	lemrusan	未訳-lemrusan	1	scp-099-id
scp-wiki-cn	cn	music	未訳-music	1	wanderers:improvised-ragtime-at-atrium-21
scp-wiki-cn	cn	nd-da	未訳-nd-da	1	da:scp-001-nd
scp-wiki-cn	cn	nd-no	未訳-nd-no	1	no:scp-001-nd
scp-wiki-cn	cn	nl	未訳-nl	1	scp-002-nl
scp-wiki-cn	cn	norvelio-medatia	未訳-norvelio-medatia	1	nx-14
scp-wiki-cn	cn	phantomprom2024	未訳-phantomprom2024	1	wanderers:eyes-like-the-heads-of-nails
scp-wiki-cn	cn	picturepalooza2022	未訳-picturepalooza2022	1	wanderers:a-disease-of-the-flesh
scp-wiki-cn	cn	rave-fm	未訳-rave-fm	1	rapportdecouteravefm
scp-wiki-cn	cn	richard-dunwich	未訳-richard-dunwich	1	scp-es-101-j
scp-wiki-cn	cn	sga	未訳-sga	1	deleted:scp-sga-009
scp-wiki-cn	cn	sh	未訳-sh	1	scp-001-sh-j
scp-wiki-cn	cn	site-81uo	未訳-site-81uo	1	mortal-emulator-grandchild
scp-wiki-cn	cn	the-library	未訳-the-library	1	wanderers:improvised-ragtime-at-atrium-21
scp-wiki-cn	cn	tl	未訳-tl	1	scp-067-tl
scp-wiki-cn	cn	tok	未訳-tok	1	scp-021-tok
scp-wiki-cn	cn	von-braun博士	未訳-von-braun博士	1	scp-057-int
scp-wiki-cn	cn	wing-two	未訳-wing-two	1	wanderers:death-of-a-death
scp-wiki-cn	cn	yakushi‬	未訳-yakushi‬	1	yakushi-logo
scp-wiki-cn	cn	 电磁	未訳- 电磁	1	scp-8024
scp-wiki-cn	cn	三千里-光州	未訳-三千里-光州	1	scp-518-ko
scp-wiki-cn	cn	人类复兴倡议	未訳-人类复兴倡议	1	scp-156-de
scp-wiki-cn	cn	传承-jp	未訳-传承-jp	1	heritage-collection-jp
scp-wiki-cn	cn	低科技	未訳-低科技	1	wanderers:the-three-kings
scp-wiki-cn	cn	信息性	未訳-信息性	1	scp-648-fr
scp-wiki-cn	cn	儿童	未訳-儿童	1	scp-9115
scp-wiki-cn	cn	光兴电子	未訳-光兴电子	1	theme:it-pillar-of-industry
scp-wiki-cn	cn	公民	未訳-公民	1	an-article-by-a-citizen
scp-wiki-cn	cn	净土真宗本愿自傲派	未訳-净土真宗本愿自傲派	1	scp-1336-jp
scp-wiki-cn	cn	凤凰-夜莺-与喜鹊	未訳-凤凰-夜莺-与喜鹊	1	much-wisdom-much-grief
scp-wiki-cn	cn	凯	未訳-凯	1	versus-kai
scp-wiki-cn	cn	动物医院	未訳-动物医院	1	scp-7857
scp-wiki-cn	cn	十周年overhaul活动	未訳-十周年overhaul活动	1	scp-2422-jp
scp-wiki-cn	cn	卡奇世界有限公司	未訳-卡奇世界有限公司	1	tranquilo
scp-wiki-cn	cn	原初	未訳-原初	1	centre-de-primordial
scp-wiki-cn	cn	可持续收容开发科	未訳-可持续收容开发科	1	scp-569-ko
scp-wiki-cn	cn	史蒂夫·阮	未訳-史蒂夫·阮	1	don-vi-tam-linh-hub
scp-wiki-cn	cn	地中海广目会	未訳-地中海广目会	1	entretiens-avec-de-potentiels-nouveaux-dieux
scp-wiki-cn	cn	地图	未訳-地图	1	scp-029-fr
scp-wiki-cn	cn	城市奇异事务至尊议院	未訳-城市奇异事务至尊议院	1	chronicle-4-162
scp-wiki-cn	cn	基金会员工id	未訳-基金会员工id	1	dream-date
scp-wiki-cn	cn	媒介	未訳-媒介	1	scp-103-ko
scp-wiki-cn	cn	室内	未訳-室内	1	scp-cn-3385
scp-wiki-cn	cn	幕后花絮	未訳-幕后花絮	1	dans-les-coulisses
scp-wiki-cn	cn	平行地球	未訳-平行地球	1	wanderers:the-three-kings
scp-wiki-cn	cn	异常艺术学部	未訳-异常艺术学部	1	department-of-anart
scp-wiki-cn	cn	恶魔学部	未訳-恶魔学部	1	nx-666
scp-wiki-cn	cn	我未能忘记	未訳-我未能忘记	1	i-didn-t-forget-hub
scp-wiki-cn	cn	摄影师甘梨	未訳-摄影师甘梨	1	shirasutaro-artwork
scp-wiki-cn	cn	政治	未訳-政治	1	scp-9223
scp-wiki-cn	cn	无之竞赛2019	未訳-无之竞赛2019	1	scp-1369-jp
scp-wiki-cn	cn	校园	未訳-校园	1	wanderers:aliens-in-america
scp-wiki-cn	cn	桃源湾	未訳-桃源湾	1	scp-8705
scp-wiki-cn	cn	梦境	未訳-梦境	1	scp-5641
scp-wiki-cn	cn	欢声笑语	未訳-欢声笑语	1	wanderers:happy-daily-news-one
scp-wiki-cn	cn	欺瞒部门	未訳-欺瞒部门	1	scp-3546-jp
scp-wiki-cn	cn	武泰	未訳-武泰	1	scp-es-278
scp-wiki-cn	cn	河流设定	未訳-河流设定	1	wanderers:in-a-forest-dying-the-fen-is-born
scp-wiki-cn	cn	清洁有保障	未訳-清洁有保障	1	site-19-dossier
scp-wiki-cn	cn	特别安全委员会	未訳-特别安全委员会	1	scp-cn-4943
scp-wiki-cn	cn	特工rodney	未訳-特工rodney	1	broken-bowe
scp-wiki-cn	cn	特工应神	未訳-特工应神	1	shirasutaro-artwork
scp-wiki-cn	cn	特工谷崎	未訳-特工谷崎	1	shirasutaro-artwork
scp-wiki-cn	cn	特拉尼延科	未訳-特拉尼延科	1	hub-sueno-nuclear
scp-wiki-cn	cn	王室	未訳-王室	1	wanderers:the-three-kings
scp-wiki-cn	cn	玻璃	未訳-玻璃	1	scp-es-101-j
scp-wiki-cn	cn	生活片段	未訳-生活片段	1	wanderers:egg
scp-wiki-cn	cn	生物	未訳-生物	1	scp-3783
scp-wiki-cn	cn	短篇小说	未訳-短篇小说	1	wanderers:all-the-tales-about-you
scp-wiki-cn	cn	神之魔法	未訳-神之魔法	1	gottes-magie-hub-arc
scp-wiki-cn	cn	神龛	未訳-神龛	1	scp-122-pt
scp-wiki-cn	cn	离散民	未訳-离散民	1	scp-612-fr
scp-wiki-cn	cn	科技奇术师	未訳-科技奇术师	1	concerto
scp-wiki-cn	cn	突变者协会	未訳-突变者协会	1	concerto
scp-wiki-cn	cn	系列	未訳-系列	1	wanderers:transient-collection
scp-wiki-cn	cn	纸鸟	未訳-纸鸟	1	scp-750-fr
scp-wiki-cn	cn	考古	未訳-考古	1	scp-5641
scp-wiki-cn	cn	背水一战	未訳-背水一战	1	dos-au-mur
scp-wiki-cn	cn	自然	未訳-自然	1	wanderers:on-cisgender
scp-wiki-cn	cn	花之天堂	未訳-花之天堂	1	flower-heaven-hub
scp-wiki-cn	cn	若叶竞赛	未訳-若叶竞赛	1	reinofollower1-jp
scp-wiki-cn	cn	萨谬玛丽	未訳-萨谬玛丽	1	shark-harbor-wikipedia
scp-wiki-cn	cn	蚂蚁	未訳-蚂蚁	1	scp-070-de
scp-wiki-cn	cn	记录官角宇野	未訳-记录官角宇野	1	shirasutaro-artwork
scp-wiki-cn	cn	记忆删除	未訳-记忆删除	1	yesterday-once-more
scp-wiki-cn	cn	设定	未訳-设定	1	wanderers:fear-and-loathing-in-the-wanderers-library
scp-wiki-cn	cn	调停官islands	未訳-调停官islands	1	shirasutaro-artwork
scp-wiki-cn	cn	费布里斯制药	未訳-费布里斯制药	1	theme:febris-farmaceutica
scp-wiki-cn	cn	辉暮引路人	未訳-辉暮引路人	1	theme:some-guider
scp-wiki-cn	cn	逻各斯公司	未訳-逻各斯公司	1	scp-1192-ru
scp-wiki-cn	cn	酒精	未訳-酒精	1	scp-9085
scp-wiki-cn	cn	金色鸟笼	未訳-金色鸟笼	1	theme:oblast-91
scp-wiki-cn	cn	门神兄弟会	未訳-门神兄弟会	1	scp-001-it-graf
scp-wiki-cn	cn	霍尤伊尼亚	未訳-霍尤伊尼亚	1	nx-14
scp-wiki-cn	cn	音声美学	未訳-音声美学	1	sharkypedia-eoyemlau
scp-wiki-cn	cn	项目等级最强决定战2025	未訳-项目等级最强决定战2025	1	scp-3074-jp
scp-wiki-cn	cn	马克斯	未訳-马克斯	1	yamizushi-file-no052
scp-wiki-cn	cn	高塔骑士团	未訳-高塔骑士团	1	concerto
scp-wiki-cn	cn	高奇幻	未訳-高奇幻	1	wanderers:the-three-kings
scp-wiki-cn	cn	鳍民	未訳-鳍民	1	seas-of-orcadia-hub
scp-wiki-cn	cn	龍	未訳-龍	1	yamizushi-file-no052
scp-cs	cs	korekce	未訳-korekce	910	12talesaboutafactory,a-cackmas-carol,a-convincing-lyre,a-necromantic-prelude,a-night-at-the-movies
scp-cs	cs	uvědomělé	未訳-uvědomělé	269	captain-kirby-s-proposal,cimmerian-kaktus-proposal,djkaktus-s-proposal-ii,djkaktus-s-proposal-j,djoric-dmatix-proposal
scp-cs	cs	inteligentní	未訳-inteligentní	238	cimmerian-kaktus-proposal,djkaktus-s-proposal-ii,djkaktus-s-proposal-j,djoric-dmatix-proposal,fishish-s-proposal-j
scp-cs	cs	živé	未訳-živé	234	captain-kirby-s-proposal,djkaktus-s-proposal-j,djoric-dmatix-proposal,fishish-s-proposal-j,liz-the-gm-s-proposal
scp-cs	cs	ovlivňující-mysl	未訳-ovlivňující-mysl	215	scantron-s-proposal,scp-003,scp-004,scp-006-jp,scp-007-cs
scp-cs	cs	_c	未訳-_c	160	az-me-zitra-rano-v-pet-ke-zdi-postavi,cerveny-a-cerny,cesta-dlazdena-krvi,den-kdy-po-sobe-strilela-cela-oblast-91,denik-profesor-s-1
scp-cs	cs	kognitohazard	未訳-kognitohazard	125	scp-002-cs,scp-010-j,scp-011-cs,scp-019-cs,scp-023
scp-cs	cs	budování-světa	未訳-budování-světa	123	10-30-a-m,abnormalni-setkani-zuzany-rosslove,agent-ukelele,and-this-one-explains-humes,another-goddamn-magic-system
scp-cs	cs	extradimenzionální	未訳-extradimenzionální	121	djkaktus-s-proposal,djkaktus-s-proposal-ii,mackenzie-s-proposal,navrh-uzivatele-steven-choros,scantron-s-proposal
scp-cs	cs	ezoterická-třída	未訳-ezoterická-třída	118	cimmerian-kaktus-proposal,djkaktus-s-proposal-iii,djkaktus-s-proposal-j,dr-gears-s-proposal,dr-manns-proposal
scp-cs	cs	vizuální	未訳-vizuální	108	roget-s-proposal-arc,scp-002-cs,scp-005-cs,scp-012,scp-023-de
scp-cs	cs	zvířecí	未訳-zvířecí	105	djkaktus-s-proposal-j,scp-008-cs,scp-010-cs,scp-019-jp,scp-022-sk
scp-cs	cs	doplněk	未訳-doplněk	99	026-exploration-logs,662-l1,835aarfull,835revised,charakterystyka-manifestacji-scp-pl-037
scp-cs	cs	nezadržené	未訳-nezadržené	88	cimmerian-kaktus-proposal,fishish-s-proposal-j,lily-s-proposal,liz-the-gm-s-proposal,manymeats-proposal
scp-cs	cs	lokace	未訳-lokace	87	dr-manns-proposal,navrh-uzivatele-lyppiatt,scp-004-cs,scp-004-cs-arc,scp-005-sk
scp-cs	cs	autonomní	未訳-autonomní	85	jack-ike-s-proposal-i,scp-011,scp-022,scp-030,scp-032
scp-cs	cs	pochmurné	未訳-pochmurné	85	a-suicide-note,abnormalni-setkani-zuzany-rosslove,anatomie-uteku,asi-takovej-pocit-jako-je-bodnuti-noze,asynchronie-bijicich-srdci
scp-cs	cs	potřebné-překlady	未訳-potřebné-překlady	84	12talesaboutafactory,a-wandsman-in-the-court-of-the-hanged-king,code-name-the-truth,codebrown,disgusting
scp-cs	cs	přeměna	未訳-přeměna	82	not-a-seagull-proposal,scp-002,scp-003,scp-008,scp-015-cs
scp-cs	cs	komedie	未訳-komedie	80	10-30-a-m,a-cackmas-carol,abstinencni-priznaky,and-then-what-happened,assistance-for-the-boss-lady
scp-cs	cs	historické	未訳-historické	74	cista-laska-je-mozna,djkaktus-s-proposal-j,klic-k-republice,navrh-uzivatele-steven-choros,not-a-seagull-proposal
scp-cs	cs	ektoentropické	未訳-ektoentropické	73	djkaktus-s-proposal-ii,djoric-dmatix-proposal,dr-clef-s-proposal,sandrewswann-s-proposal,scp-018
scp-cs	cs	scénář-třídy-k	未訳-scénář-třídy-k	71	djkaktus-s-proposal-ii,djkaktus-s-proposal-j,dr-clef-s-proposal,kate-mctiriss-s-proposal,not-a-seagull-proposal
scp-cs	cs	_media	未訳-_media	70	scp-002-cs,scp-003-cs,scp-004-cs-arc,scp-006-cs,scp-009-cs
scp-cs	cs	memetické	未訳-memetické	67	scp-0000-ex,scp-010-cs,scp-027-cs,scp-048-cs,scp-086-cs
scp-cs	cs	žižkovská-díra	未訳-žižkovská-díra	66	abstinencni-priznaky,asi-takovej-pocit-jako-je-bodnuti-noze,asynchronie-bijicich-srdci,atelier-tveho-vnitrniho-ja,cesta-jde-porad-dal-a-dal-kupredu-pryc-jde-od-mych-vrat
scp-cs	cs	artefakt	未訳-artefakt	65	navrh-uzivatele-steven-choros,scp-010,scp-013,scp-034,scp-050-cs
scp-cs	cs	budova	未訳-budova	64	scantron-s-proposal,scp-022,scp-026,scp-035-sk,scp-081-cs
scp-cs	cs	globální-okultní-koalice	未訳-globální-okultní-koalice	62	2521-escaped,a-suicide-note,aftermath,agent-ukelele,another-goddamn-magic-system
scp-cs	cs	biologické	未訳-biologické	60	dr-gears-s-proposal,jack-ike-s-proposal-i,modular-s-proposal-j,scp-003,scp-006-j
scp-cs	cs	doktor-clef	未訳-doktor-clef	60	a-day-in-the-life-of-alto-clef,a-suicide-note,agent-ukelele,all-they-want-is-the-blood,bad-dreams
scp-cs	cs	_cc	未訳-_cc	58	scp-002-cs,scp-003-cs,scp-006-cs,scp-009-cs,scp-011-cs
scp-cs	cs	auditorní	未訳-auditorní	58	scp-006-jp,scp-058,scp-061,scp-065,scp-1004
scp-cs	cs	elektrické	未訳-elektrické	56	scp-001-ex,scp-002-cs,scp-010,scp-029-cs,scp-044-cs
scp-cs	cs	horor	未訳-horor	56	a-wandsman-in-the-court-of-the-hanged-king,bees,black-white-black-white-black-white-black-white-black-white,code-name-the-truth,dead-thing
scp-cs	cs	slice-of-life	未訳-slice-of-life	56	a-day-in-the-life-of-alto-clef,anatomie-uteku,asynchronie-bijicich-srdci,before-the-storm,capone
scp-cs	cs	mrtvola	未訳-mrtvola	55	scp-022,scp-069,scp-1573,scp-1760,scp-2086
scp-cs	cs	nepřátelské	未訳-nepřátelské	55	djkaktus-s-proposal-j,scp-017,scp-025-sk,scp-029,scp-031
scp-cs	cs	telepatické	未訳-telepatické	55	scp-003,scp-021-cs-arc,scp-031-arc,scp-032-cs,scp-035
scp-cs	cs	vyrobeno-nadací	未訳-vyrobeno-nadací	52	djkaktus-s-proposal,djkaktus-s-proposal-ii,jack-ike-s-proposal-i,navrh-uzivatele-lyppiatt,scp-001-ex
scp-cs	cs	dokument	未訳-dokument	49	jonathan-ball-s-proposal,mackenzie-s-proposal,scp-002-sk,scp-012,scp-056-cs
scp-cs	cs	kompulze	未訳-kompulze	49	scp-010,scp-012,scp-029,scp-046,scp-051
scp-cs	cs	ohýbání-reality	未訳-ohýbání-reality	49	djkaktus-s-proposal-iii,jack-ike-s-proposal-i,liz-the-gm-s-proposal,scp-0046-cs,scp-019-jp
scp-cs	cs	z-první-osoby	未訳-z-první-osoby	49	a-suicide-note,a-wandsman-in-the-court-of-the-hanged-king,black-white-black-white-black-white-black-white-black-white,cerveny-a-cerny,cesta-dlazdena-krvi
scp-cs	cs	ovlivňující-paměť	未訳-ovlivňující-paměť	48	scp-0000-ex,scp-007-cs,scp-017-cs,scp-039-cs,scp-048-cs
scp-cs	cs	akustické	未訳-akustické	47	djkaktus-s-proposal-j,scantron-s-proposal,scp-031-arc,scp-080-cs,scp-087
scp-cs	cs	časoprostor	未訳-časoprostor	47	dr-manns-proposal,navrh-uzivatele-lyppiatt,navrh-uzivatele-steven-choros,navrh-uzivatele-utylike,roget-s-proposal-arc
scp-cs	cs	akční	未訳-akční	46	archived-incident-076-2-682,asi-takovej-pocit-jako-je-bodnuti-noze,brotherhood,case-colourless-green,exoticke-snove-vzorce
scp-cs	cs	crack-fic	未訳-crack-fic	46	aprilstory,arkham,citokniha-padawana-ikea,crack-fic-hub,datova-polozka-id-clwv359qn000008le84z0czkx
scp-cs	cs	utyhotéma2024	未訳-utyhotéma2024	46	asynchronie-bijicich-srdci,der-plan-klang-klar,ditte-moi-pettite-coeur-pour-qui-tu-as-battu,do-kralici-nory-hopem,efektivita
scp-cs	cs	časové	未訳-časové	46	navrh-uzivatele-utylike,scp-004,scp-040-cs,scp-052,scp-067-cs
scp-cs	cs	mimozemské	未訳-mimozemské	45	scp-037,scp-037-cs,scp-1050,scp-1233,scp-1281
scp-cs	cs	nezničitelné	未訳-nezničitelné	44	djkaktus-s-proposal,jack-ike-s-proposal-i,qntm-s-proposal,scp-050,scp-050-cs
scp-cs	cs	počítačové	未訳-počítačové	44	jack-ike-s-proposal-i,scp-001-ex,scp-003,scp-011-de,scp-062
scp-cs	cs	struktura	未訳-struktura	43	roget-s-proposal-arc,scp-002,scp-004,scp-015,scp-017-cs
scp-cs	cs	teleportace	未訳-teleportace	43	dr-gears-s-proposal,scp-002-cs,scp-015-cs,scp-023,scp-069
scp-cs	cs	doktor-gears	未訳-doktor-gears	42	a-day-in-the-life-of-alto-clef,a-suicide-note,archived-incident-076-2-682,black-queen-hub-old,charles-ogden-gears
scp-cs	cs	halucinace	未訳-halucinace	42	scp-031,scp-046,scp-090-cs,scp-093-cs,scp-1123
scp-cs	cs	predátor	未訳-predátor	42	dr-gears-s-proposal,scp-031,scp-046,scp-075,scp-083-cs
scp-cs	cs	rostlinné	未訳-rostlinné	42	scp-025-cs,scp-038,scp-046,scp-049-j,scp-060
scp-cs	cs	hořkosladké	未訳-hořkosladké	41	az-me-zitra-rano-v-pet-ke-zdi-postavi,der-plan-klang-klar,ditte-moi-pettite-coeur-pour-qui-tu-as-battu,falsa-spes,frustrace-z-rozmotanych-uzlu
scp-cs	cs	koncept	未訳-koncept	41	djkaktus-s-proposal-iii,placeholder-5000,scp-125-cs,scp-1539,scp-2565
scp-cs	cs	náboženské	未訳-náboženské	41	djoric-dmatix-proposal,dr-clef-s-proposal,kate-mctiriss-s-proposal,scp-036,scp-070-cs
scp-cs	cs	portál	未訳-portál	41	dr-clef-s-proposal,scp-004,scp-015-cs,scp-034-cs,scp-047-sk
scp-cs	cs	001-návrh	未訳-001-návrh	40	captain-kirby-s-proposal,cimmerian-kaktus-proposal,djkaktus-s-proposal,djkaktus-s-proposal-ii,djkaktus-s-proposal-iii
scp-cs	cs	autor	未訳-autor	40	agent-lament-s-personnel-file,agent-strelnikov-s-personnel-file,chamik,djkaktus,dr-bright-s-personnel-file
scp-cs	cs	druh	未訳-druh	40	fishish-s-proposal-j,scp-016,scp-020,scp-039,scp-098
scp-cs	cs	rozbitý-bůh	未訳-rozbitý-bůh	40	aftermath,broekken-gued,church-of-the-broken-god-hub,everyone-knows,hello-world
scp-cs	cs	kovové	未訳-kovové	39	scp-005,scp-006-jp,scp-009-cs,scp-030-cs,scp-068
scp-cs	cs	přenos	未訳-přenos	39	scantron-s-proposal,scp-001-ex,scp-002-cs,scp-051,scp-082-cs
scp-cs	cs	sarkické-kulty	未訳-sarkické-kulty	39	a-necromantic-prelude,a-wandsman-in-the-court-of-the-hanged-king,an-anthropological-approach-to-sarkicism-case-study-02-the-d,blizka-setkani-sarkickeho-druhu,church-of-the-broken-god-hub
scp-cs	cs	vojenská-fikce	未訳-vojenská-fikce	39	agent-ukelele,bolestive-vzpominky,der-plan-klang-klar,ditte-moi-pettite-coeur-pour-qui-tu-as-battu,falsa-spes
scp-cs	cs	vědění	未訳-vědění	39	sandrewswann-s-proposal,scp-009-cs,scp-028,scp-030,scp-043
scp-cs	cs	marshall-carter-a-dark	未訳-marshall-carter-a-dark	38	a-wandsman-in-the-court-of-the-hanged-king,all-that-glisters,captain-kirby-s-proposal,empty-unmarked-grave,everyone-knows
scp-cs	cs	metamorfní	未訳-metamorfní	38	scp-007-cs,scp-023-cs,scp-025-cs,scp-031,scp-038
scp-cs	cs	nástroj	未訳-nástroj	37	scp-030-cs,scp-034,scp-040-cs,scp-063,scp-067
scp-cs	cs	doktor-bright	未訳-doktor-bright	36	a-suicide-note,an-evening-with-bright,codebrown,document-050,dr-bright-s-personnel-file
scp-cs	cs	médium	未訳-médium	36	scp-011-de,scp-024,scp-043,scp-078-cs,scp-079
scp-cs	cs	sebereplikující	未訳-sebereplikující	36	sandrewswann-s-proposal,scantron-s-proposal,scp-003,scp-009,scp-015
scp-cs	cs	vozidlo	未訳-vozidlo	36	scp-009-cs,scp-036,scp-052,scp-084-cs,scp-097
scp-cs	cs	archivované	未訳-archivované	35	archived-incident-076-2-682,archived-scps,archived:decommissioned-scps,archived:heritage-collection,archived:secure-facilities-locations-2
scp-cs	cs	smyslové	未訳-smyslové	35	roget-s-proposal-arc,scp-011-cs,scp-013,scp-020,scp-023-de
scp-cs	cs	světlo	未訳-světlo	35	scp-005-cs,scp-006-cs,scp-017,scp-029,scp-030
scp-cs	cs	absurdní-fikce	未訳-absurdní-fikce	34	10-30-a-m,abstinencni-priznaky,bees,bolistky,cimmerian-sends-650-pms
scp-cs	cs	jídlo	未訳-jídlo	34	scp-003-cs-j,scp-053-cs,scp-059-cs,scp-150-cs,scp-1657
scp-cs	cs	mechanické	未訳-mechanické	34	jack-ike-s-proposal-i,scp-002-cs,scp-044,scp-1054-ru,scp-1459
scp-cs	cs	nákaza	未訳-nákaza	34	scp-008,scp-016,scp-020,scp-027,scp-047
scp-cs	cs	pozorování	未訳-pozorování	34	scp-002-cs,scp-011-cs,scp-035-cs,scp-036-cs-j,scp-047-cs
scp-cs	cs	tekutina	未訳-tekutina	34	scp-006,scp-009,scp-014-cs,scp-018-cs-j,scp-045
scp-cs	cs	návod	未訳-návod	33	a-laymen-s-guide-to-tagging,about-the-scp-foundation,achievements,acs-guide,archived:heritage-collection
scp-cs	cs	zbraň	未訳-zbraň	33	djkaktus-s-proposal,scp-009-cs,scp-034,scp-044,scp-1040-ru
scp-cs	cs	doktor-kondraki	未訳-doktor-kondraki	31	a-suicide-note,big-weird-dog,document-050,dr-cimmerian-is-no-longer-allowed-to-use-temporal-anomalies,dr-kondraki-s-personnel-file
scp-cs	cs	nápis	未訳-nápis	31	scp-073,scp-076,scp-077,scp-085,scp-093
scp-cs	cs	zlatá-klec	未訳-zlatá-klec	31	az-me-zitra-rano-v-pet-ke-zdi-postavi,den-kdy-po-sobe-strilela-cela-oblast-91,exoticke-snove-vzorce,finis-auream-caveam,jak-jsem-vymenil-zbroj-za-plast
scp-cs	cs	administrátor	未訳-administrátor	30	about-the-scp-foundation,captain-kirby-s-proposal,code-name-the-truth,djkaktus-s-proposal,djkaktus-s-proposal-iii
scp-cs	cs	antimemetické	未訳-antimemetické	30	captain-kirby-s-proposal,scp-037-cs,scp-055,scp-104-cs,scp-105-cs
scp-cs	cs	etická-komise	未訳-etická-komise	30	captain-kirby-s-proposal,cesta-dlazdena-krvi,djkaktus-s-proposal-iii,ethics-committee-orientation,scp-001-ex
scp-cs	cs	umělecké	未訳-umělecké	30	scp-021,scp-067,scp-085,scp-090-cs,scp-095
scp-cs	cs	empatické	未訳-empatické	29	scp-022-cs,scp-131,scp-2498,scp-3000,scp-3423
scp-cs	cs	mysteriózní	未訳-mysteriózní	29	a-tak-zila,abnormalni-setkani-zuzany-rosslove,agent-ukelele,brnensky-sen,dalsi-prenos
scp-cs	cs	podzemní	未訳-podzemní	29	scp-004-cs,scp-018-cs,scp-052,scp-057,scp-071-cs
scp-cs	cs	povstání-chaosu	未訳-povstání-chaosu	29	aftermath,another-goddamn-magic-system,chaos-insurgency-hub,djkaktus-s-proposal-iii,empty-unmarked-grave
scp-cs	cs	doktor-dinnský	未訳-doktor-dinnský	28	bolistky,cesta-vzhuru,dalsi-prenos,epilog-ipsv,hledani-osudu-behem-zahalky
scp-cs	cs	hračka	未訳-hračka	28	scp-018,scp-066,scp-079-cs,scp-1048,scp-115
scp-cs	cs	předpovídající	未訳-předpovídající	28	jonathan-ball-s-proposal,lily-s-proposal,scp-001-ex,scp-025,scp-045-cs
scp-cs	cs	spotřebič	未訳-spotřebič	28	scp-002-cs,scp-086,scp-1032,scp-1040,scp-1146
scp-cs	cs	těžce-zničitelný-plaz	未訳-těžce-zničitelný-plaz	28	a-containment-proposal,archived-incident-076-2-682,big-weird-dog,disgusting,djkaktus-s-proposal-iii
scp-cs	cs	bez-dialogu	未訳-bez-dialogu	27	a-suicide-note,and-this-one-explains-humes,black-white-black-white-black-white-black-white-black-white,cimmerian-sends-650-pms,efektivita
scp-cs	cs	kontejner	未訳-kontejner	27	roget-s-proposal-arc,scp-019,scp-047,scp-091,scp-101
scp-cs	cs	romantické	未訳-romantické	27	asynchronie-bijicich-srdci,cesta-jde-porad-dal-a-dal-kupredu-pryc-jde-od-mych-vrat,cista-laska-je-mozna,fresh-hell,hospodska-sazka-se-strachem
scp-cs	cs	nehmotné	未訳-nehmotné	26	scp-023,scp-072,scp-080,scp-083-cs,scp-102-arc
scp-cs	cs	sebeopravující	未訳-sebeopravující	26	jack-ike-s-proposal-i,scp-006,scp-069,scp-106-cs-arc,scp-127
scp-cs	cs	stromové	未訳-stromové	26	scp-003-cs,scp-011-cs,scp-038,scp-060,scp-060-cs
scp-cs	cs	třída-roku-76	未訳-třída-roku-76	26	bicentennial,days-gone-by,illegitimum-non-carborundum-domine-savium-fac,in-symphony,interviews-with-prospective-groups-of-interest
scp-cs	cs	_tale-hub	未訳-_tale-hub	25	adventures-in-capitalism-hub,all-that-glisters,amogus-con,antimemetics-division-hub,bergmannuv-paradox
scp-cs	cs	dobové	未訳-dobové	25	aboard-the-train-to-berlin,blizka-setkani-sarkickeho-druhu,denik-profesor-s-1,denik-profesor-s-2,empedocles
scp-cs	cs	narativní	未訳-narativní	25	jack-ike-s-proposal-i,not-a-seagull-proposal,scp-091-cs,scp-1195,scp-2614
scp-cs	cs	oživování	未訳-oživování	25	scp-0000-ex,scp-006-jp,scp-008,scp-019-jp,scp-022
scp-cs	cs	spánek	未訳-spánek	25	jack-ike-s-proposal-i,scp-026,scp-072,scp-080,scp-083-cs
scp-cs	cs	vodní	未訳-vodní	25	scp-022-sk,scp-1057,scp-1264,scp-1356,scp-1522
scp-cs	cs	ábel	未訳-ábel	25	a-real-humdinger,archived-incident-076-2-682,beneath-two-trees,djoric-dmatix-proposal,dr-clef-s-proposal
scp-cs	cs	daevité	未訳-daevité	24	a-wandsman-in-the-court-of-the-hanged-king,beneath-two-trees,bloodlines,church-of-the-broken-god-hub,daevite-hub
scp-cs	cs	pravděpodobnost	未訳-pravděpodobnost	24	jack-ike-s-proposal-i,scp-043-cs,scp-048,scp-056-cs,scp-091-cs
scp-cs	cs	soutěž	未訳-soutěž	24	contest-archive,crack-fic-soutez-2-meli-jsme-smazat-wiki,crack-fic-soutez-prosim-jak-smazu-wikidot,crack-fic-soutez-uz-dost-prosim,cs-contest-ix-hub
scp-cs	cs	továrna	未訳-továrna	24	12talesaboutafactory,a-shift-at-the-factory,efektivita,good-fences-make-good-neighbors,industrial-accidents
scp-cs	cs	hadova-ruka	未訳-hadova-ruka	23	a-suicide-note,aftermath,another-goddamn-magic-system,hello-i-am-an-eldritch-horror,incident-report-x23
scp-cs	cs	hmyz	未訳-hmyz	23	scp-006-cs,scp-006-j,scp-012-sk,scp-118-cs,scp-149
scp-cs	cs	lgbtq	未訳-lgbtq	23	asynchronie-bijicich-srdci,before-the-storm,der-plan-klang-klar,ditte-moi-pettite-coeur-pour-qui-tu-as-battu,filled-to-the-brim-with-girlish-glee
scp-cs	cs	oheň	未訳-oheň	23	scp-008-cs,scp-023,scp-027-cs,scp-048-cs,scp-048-cs-arc
scp-cs	cs	rituál	未訳-rituál	23	scp-089,scp-138-cs,scp-1573,scp-2121,scp-231
scp-cs	cs	socha	未訳-socha	23	scp-011,scp-038-cs,scp-050,scp-089,scp-090-cs
scp-cs	cs	surrealistická-fikce	未訳-surrealistická-fikce	23	abnormalni-setkani-zuzany-rosslove,assistance-for-the-boss-lady,burger,disintegration,exoticke-snove-vzorce
scp-cs	cs	gru-divize-p	未訳-gru-divize-p	22	alma-kyivshchyna,gru-p-hub,klic-k-republice,scp-1011,scp-117-cs
scp-cs	cs	hudební	未訳-hudební	22	scp-012,scp-057-cs,scp-080-cs,scp-092,scp-1668
scp-cs	cs	radioaktivní	未訳-radioaktivní	22	djkaktus-s-proposal,dr-gears-s-proposal,qntm-s-proposal,scp-003,scp-059
scp-cs	cs	mezinárodní	未訳-mezinárodní	21	doctor-muerte,file-no-hkc454,macro-7happy7-proposal,scp-006-jp,scp-011-de
scp-cs	cs	novinky	未訳-novinky	21	novinky-01-2022,novinky-02-2022,novinky-03-2022,novinky-04-2022,novinky-08-2021
scp-cs	cs	průzkum	未訳-průzkum	21	026-exploration-logs,document-087-i,document-087-ii,document-087-iii,document-860-i-and-ii
scp-cs	cs	černá-královna	未訳-černá-královna	21	between-shelves,black-queen-hub,black-queen-hub-old,cassandra,charles-ogden-gears
scp-cs	cs	orientace	未訳-orientace	20	10-30-a-m,and-this-one-explains-humes,another-goddamn-magic-system,clef101,containing-yourself
scp-cs	cs	telekinetické	未訳-telekinetické	20	scp-019-jp,scp-023-cs,scp-053-cs,scp-092,scp-105
scp-cs	cs	doktor-dickens	未訳-doktor-dickens	19	do-kralici-nory-hopem,epilog-ipsv,hledani-osudu-behem-zahalky,i-pres-to-se-vracim,ja-zapomenout-nechtel
scp-cs	cs	lékařské	未訳-lékařské	19	scp-006,scp-1300,scp-138-cs,scp-201,scp-212
scp-cs	cs	létající	未訳-létající	19	scp-037,scp-087-cs,scp-1233,scp-149,scp-160
scp-cs	cs	matematické	未訳-matematické	19	scp-001-ex,scp-033,scp-048,scp-092,scp-1050
scp-cs	cs	město	未訳-město	19	scp-1053,scp-113-cs,scp-1573,scp-1678,scp-188-cs
scp-cs	cs	neurologické	未訳-neurologické	19	scp-1027,scp-1111-cs-j,scp-2004,scp-3001,scp-3020
scp-cs	cs	plazovité	未訳-plazovité	19	scp-0046-cs,scp-008-cs,scp-046-cs,scp-046-cs-arc,scp-104-cs
scp-cs	cs	psovité	未訳-psovité	19	scp-010-cs,scp-023,scp-1111,scp-1241,scp-1459
scp-cs	cs	agentka-d'ammas	未訳-agentka-d'ammas	18	bolestive-vzpominky,der-plan-klang-klar,jak-si-to-predstavuji,jeste-jednu-rundu,krasna-tepla-noc
scp-cs	cs	dobrodružné	未訳-dobrodružné	18	asi-takovej-pocit-jako-je-bodnuti-noze,cesta-vzhuru,code-name-the-truth,denik-profesor-s-1,denik-profesor-s-2
scp-cs	cs	kočičí	未訳-kočičí	18	djkaktus-s-proposal-j,scp-1316,scp-1530,scp-1732,scp-1913
scp-cs	cs	nikdo	未訳-nikdo	18	a-poem-for-nobody,brotherhood,captain-kirby-s-proposal,charles-ogden-gears,codebrown
scp-cs	cs	sexuální	未訳-sexuální	18	djkaktus-s-proposal-j,scp-031-arc,scp-071,scp-1004,scp-1472
scp-cs	cs	template	未訳-template	18	component:black-highlighter-theme-dev,component:image-block,component:image-block-left,component:image-block-left-base,component:image-block-quoted
scp-cs	cs	šarlatový-král	未訳-šarlatový-král	18	beneath-two-trees,dust-and-blood,fear-alone,found-in-a-dusty-corner-of-the-library,interviews-with-prospective-groups-of-interest
scp-cs	cs	adaptivní	未訳-adaptivní	17	scp-005,scp-019,scp-1004,scp-154-cs-arc,scp-2662
scp-cs	cs	automaton	未訳-automaton	17	scp-042-sk,scp-100,scp-1342,scp-1370,scp-1661
scp-cs	cs	deník	未訳-deník	17	batovideniky,bees,coze-se-vlastne-stalo,denik-felicie,denik-profesor-s-1
scp-cs	cs	nahrávka	未訳-nahrávka	17	kate-mctiriss-s-proposal,scp-024,scp-043,scp-065-cs,scp-092
scp-cs	cs	náboženská-fikce	未訳-náboženská-fikce	17	asi-takovej-pocit-jako-je-bodnuti-noze,chapter-1-verse-1,empedocles,his-clockwork-servants,just-a-word-to-me
scp-cs	cs	parazitické	未訳-parazitické	17	scp-021,scp-031,scp-074,scp-074-cs,scp-1003
scp-cs	cs	poutníkova-knihovna	未訳-poutníkova-knihovna	17	another-goddamn-magic-system,between-shelves,co-bylo-nelze-vzit-zpet,djkaktus-s-proposal-iii,everyone-knows
scp-cs	cs	pátá-církev	未訳-pátá-církev	17	empedocles,fifthist-hub,hanging-on-the-telephone,scp-1425,scp-1958
scp-cs	cs	jazyk	未訳-jazyk	16	scp-030,scp-062,scp-078,scp-1050,scp-108-cs
scp-cs	cs	jednotka-neobvyklých-případů	未訳-jednotka-neobvyklých-případů	16	2521-escaped,aftermath,captain-kirby-s-proposal,make-portland-weirder,quiet-days
scp-cs	cs	koule	未訳-koule	16	not-a-seagull-proposal,scp-018,scp-075-sk,scp-087-cs,scp-094
scp-cs	cs	oddělení-nereality	未訳-oddělení-nereality	16	burger,disintegration,haunt-me,its-not-real-it-never-was-you-pathetic-fools,scp-125-cs
scp-cs	cs	ptačí	未訳-ptačí	16	djkaktus-s-proposal-j,scp-1028,scp-1054-ru,scp-114-cs,scp-1507-arc
scp-cs	cs	soutěž-znamenitá-mrtvola2026	未訳-soutěž-znamenitá-mrtvola2026	16	scp-117-cs,scp-118-cs,scp-121-cs,scp-125-cs,scp-144-cs
scp-cs	cs	vojenské	未訳-vojenské	16	scp-009-cs,scp-011,scp-044,scp-108,scp-186
scp-cs	cs	črod	未訳-črod	16	encore1,intermezzo3,navrh-uzivatele-steven-choros,navrh-uzivatele-utylike,plynuti-dekad-a-blahovy-sen
scp-cs	cs	amorfní	未訳-amorfní	15	scp-031,scp-031-arc,scp-054,scp-066,scp-086-cs
scp-cs	cs	doktor-choroš	未訳-doktor-choroš	15	jako-mlha,krasna-tepla-noc,ktn-rebuild,odrazy-slabosti,osobni-slozka-drchoros
scp-cs	cs	doktorka-lightová	未訳-doktorka-lightová	15	document-050,dr-light-s-personnel-file,in-his-own-image-interlude-2,in-his-own-image-part-7,milkssiah
scp-cs	cs	honička	未訳-honička	15	finis-auream-caveam,huraakce,incident-239-b-clef-kondraki,introductory-antimemetics,ja-zapomenout-nechtel
scp-cs	cs	hra	未訳-hra	15	scp-024,scp-114-cs,scp-1590,scp-177,scp-1875
scp-cs	cs	kostra	未訳-kostra	15	scp-060,scp-077,scp-104-cs,scp-107,scp-1123
scp-cs	cs	kriminální	未訳-kriminální	15	brnensky-sen,co-se-skryva-v-listi,coze-se-vlastne-stalo,frustrace-z-rozmotanych-uzlu,kategoricky-imperativ-kraliku
scp-cs	cs	oddělení-abnormalit	未訳-oddělení-abnormalit	15	interviews-with-prospective-groups-of-interest,scp-003-sk,scp-123-cs,scp-2678,scp-3220
scp-cs	cs	prostorové	未訳-prostorové	15	scp-123,scp-1997,scp-216,scp-2682,scp-2951
scp-cs	cs	psychologický-horor	未訳-psychologický-horor	15	document-recovered-from-the-marianas-trench,efektivita,in-his-own-image-interlude-4,intrusive-thoughts,k
scp-cs	cs	špionážní	未訳-špionážní	15	hydrant,matryoshka,matryoshka-eight,matryoshka-epilogue,matryoshka-five
scp-cs	cs	šťastně-až-do-smrti-neexistuje	未訳-šťastně-až-do-smrti-neexistuje	15	der-plan-klang-klar,ditte-moi-pettite-coeur-pour-qui-tu-as-battu,falsa-spes,lass-die-revolution-kommen,ne-pas-battu-petite-coeur-de-moi
scp-cs	cs	april-2025	未訳-april-2025	14	arkham,citokniha-padawana-ikea,denik-profesor-s-2,divoka-noc-na-isla-vymazano,dva-jedna-nula
scp-cs	cs	bezejmenní	未訳-bezejmenní	14	cesta-jde-porad-dal-a-dal-kupredu-pryc-jde-od-mych-vrat,djkaktus-s-proposal-j,interviews-with-prospective-groups-of-interest,scp-019-cs,scp-4000-j
scp-cs	cs	dřevěné	未訳-dřevěné	14	scp-006-jp,scp-016-cs,scp-045-cs,scp-045-cs-arc,scp-079-cs
scp-cs	cs	fyzika	未訳-fyzika	14	dr-manns-proposal,scp-018,scp-044,scp-065-cs,scp-074
scp-cs	cs	kain	未訳-kain	14	beneath-two-trees,clef-excerpts,djoric-dmatix-proposal,dr-clef-s-proposal,i-thought-you-would-come-back-if-i-made-it-well
scp-cs	cs	kosmický-horor	未訳-kosmický-horor	14	a-wandsman-in-the-court-of-the-hanged-king,code-name-the-truth,disgusting,document-recovered-from-the-marianas-trench,dust-and-blood
scp-cs	cs	mimické	未訳-mimické	14	scp-031,scp-034,scp-038,scp-069,scp-153
scp-cs	cs	mobilní	未訳-mobilní	14	scp-085,scp-1027,scp-1661,scp-323,scp-3970
scp-cs	cs	organické	未訳-organické	14	scp-003,scp-030,scp-086,scp-099-cs,scp-106-cs-arc
scp-cs	cs	potěšující	未訳-potěšující	14	capone,fear-alone,i-m-not-like-them-but-i-can-pretend,in-his-own-image-interlude-2,jeho-hrejive-slunce
scp-cs	cs	_bez-žánru	未訳-_bez-žánru	13	cerveny-a-cerny,hotelfobia,in-his-own-image-interlude-1,in-his-own-image-part-4,nakazliva-lecba-na-neduhy-sveta
scp-cs	cs	doktor-mann	未訳-doktor-mann	13	dr-manns-personnel-file,ecceperago,joey-fucknuts-steals-the-declaration-of-independence,nico-proposal,originofclef
scp-cs	cs	děti-noci	未訳-děti-noci	13	alma-kyivshchyna,beneath-two-trees,herman-fuller-presents-the-beastly-quasimodo,scp-1000,scp-2273
scp-cs	cs	marion-wheelerová	未訳-marion-wheelerová	13	antimemetics-division-hub,case-colourless-green,fresh-hell,immemorial,introductory-antimemetics
scp-cs	cs	maxwellisté	未訳-maxwellisté	13	church-of-the-broken-god-hub,hello-world,hello-world-part-ii,hello-world-part-iii,hello-world-part-iv
scp-cs	cs	meteorologické	未訳-meteorologické	13	not-a-seagull-proposal,scp-028-cs,scp-031-cs,scp-045-cs,scp-045-cs-arc
scp-cs	cs	nepojmenovaná-série	未訳-nepojmenovaná-série	13	burger,disintegration,haunt-me,its-not-real-it-never-was-you-pathetic-fools,scp-6208
scp-cs	cs	oblečení	未訳-oblečení	13	scp-025,scp-035,scp-098-cs,scp-1264,scp-1499
scp-cs	cs	scproject	未訳-scproject	13	ethics-committee-orientation,last-man-standing,scp-054,scp-088,scp-101
scp-cs	cs	vepsané	未訳-vepsané	13	scp-049-pt,scp-102-cs,scp-1032,scp-1762,scp-2614
scp-cs	cs	cs-soutěž-9	未訳-cs-soutěž-9	12	abnormalni-setkani-zuzany-rosslove,brnensky-sen,cs-contest-ix-hub,i-m-not-like-them-but-i-can-pretend,nemeli-pravo-mi-je-vzit
scp-cs	cs	doktor-glass	未訳-doktor-glass	12	dr-glass-personnel-file,in-his-own-image-interlude-3,in-his-own-image-part-6,pozustali,routine-psychological-evaluations-by-dr-glass
scp-cs	cs	doktorka-rightsová	未訳-doktorka-rightsová	12	a-suicide-note,containing-yourself,dr-rights-personnel-file,duke-till-dawn,life-s-cold
scp-cs	cs	fantasy	未訳-fantasy	12	a-wandsman-in-the-court-of-the-hanged-king,assistance-for-the-boss-lady,denik-profesor-s-1,denik-profesor-s-2,memento-lovec
scp-cs	cs	hmatové	未訳-hmatové	12	scp-049,scp-049-arc,scp-113,scp-180,scp-2203
scp-cs	cs	kámen	未訳-kámen	12	qntm-s-proposal,scp-050-cs,scp-057,scp-089-cs,scp-093
scp-cs	cs	pro-dospělé	未訳-pro-dospělé	12	a-dark-green-kiss,every-day-of-my-life-you-test-me,just-fuck-it-up-irl,lust-in-the-time-of-anomalous-cholera,metamorfozy-milence
scp-cs	cs	soutěž-splněné-přání2026	未訳-soutěž-splněné-přání2026	12	bily-monster,dovolena-ani-nahodou,encore1,huraakce,metamorfozy-milence
scp-cs	cs	toxické	未訳-toxické	12	scp-010-j,scp-088,scp-168-cs,scp-1921,scp-352
scp-cs	cs	tělesný-horor	未訳-tělesný-horor	12	denik-profesor-s-1,denik-profesor-s-2,fresh-hell,kategoricky-imperativ-kraliku,metamorfozy-milence
scp-cs	cs	vyhynulé	未訳-vyhynulé	12	scp-104-cs,scp-1265,scp-250,scp-340-cs,scp-346
scp-cs	cs	vánoce	未訳-vánoce	12	a-cackmas-carol,adventnipribeh,how-dr-clef-contained-christmas,komunitnipsani2021,krasne-a-trpytive
scp-cs	cs	z-jiného-světa	未訳-z-jiného-světa	12	a-wandsman-in-the-court-of-the-hanged-king,asi-takovej-pocit-jako-je-bodnuti-noze,beasts-of-the-old-letters,mene-lara-utis-per,operation-galahad
scp-cs	cs	chemické	未訳-chemické	11	scp-045,scp-049,scp-049-arc,scp-1921,scp-2300
scp-cs	cs	cs-rewrite-soutěž	未訳-cs-rewrite-soutěž	11	cs-contest-rewrite-hub,scp-004-cs,scp-0046-cs,scp-021-cs,scp-045-cs
scp-cs	cs	cs-soutěž-klišé	未訳-cs-soutěž-klišé	11	cs-contest-klise-hub,scp-038-cs,scp-061-cs,scp-089-cs,scp-110-cs
scp-cs	cs	esej	未訳-esej	11	history-of-the-universe-hub,listpages-magic-and-you,mackenzie-stereotypes,rounderhouse-100,rounderhouse-critique-guide
scp-cs	cs	maria-jonesová	未訳-maria-jonesová	11	835aarfull,835revised,scp-0110-j,scp-031,scp-076
scp-cs	cs	masožravé	未訳-masožravé	11	scp-046,scp-073,scp-082,scp-1001,scp-312
scp-cs	cs	představení	未訳-představení	11	scp-1241,scp-1472,scp-1545,scp-174,scp-1841-ex
scp-cs	cs	vzorový-křikloun	未訳-vzorový-křikloun	11	interviews-with-prospective-groups-of-interest,scp-000,scp-082-cs,scp-1678,scp-190-cs
scp-cs	cs	černá-komedie	未訳-černá-komedie	11	dr-cimmerian-is-no-longer-allowed-to-use-temporal-anomalies,funerals-are-fun,internarativni-ruleta,kategoricky-imperativ-kraliku,osud
scp-cs	cs	řekytaj	未訳-řekytaj	11	anatomie-uteku,co-se-skryva-v-listi,k,kempingova-sezona,memento-lovec
scp-cs	cs	cs-soutěž-klišé-2	未訳-cs-soutěž-klišé-2	10	cs-contest-klise-2-hub,navrh-uzivatele-lyppiatt,scp-185-cs,scp-215-cs,scp-295-cs
scp-cs	cs	dinosauří	未訳-dinosauří	10	scp-104-cs,scp-1265,scp-250,scp-3637,scp-4003
scp-cs	cs	fenomén	未訳-fenomén	10	scp-033,scp-1237,scp-1851-ex,scp-3023,scp-311-cs
scp-cs	cs	geologické	未訳-geologické	10	scp-018-cs,scp-045,scp-2217,scp-2951,scp-3480
scp-cs	cs	oběšený-král	未訳-oběšený-král	10	a-wandsman-in-the-court-of-the-hanged-king,brotherhood,eulogy-for-the-living,found-in-a-dusty-corner-of-the-library,quintessence-of-dust
scp-cs	cs	politik	未訳-politik	10	scp-095,scp-189-cs,scp-1981,scp-304,scp-3874
scp-cs	cs	posmrtný-život	未訳-posmrtný-život	10	scp-2111,scp-2718,scp-2922,scp-3448,scp-4009
scp-cs	cs	příběhová-soutěž-1	未訳-příběhová-soutěž-1	10	cs-tale-contest-i-hub,denik-profesor-s-1,dennik-doktorky-tengramovej,doteky-cernych-peruti,i-pres-to-se-vracim
scp-cs	cs	roj	未訳-roj	10	scp-1028,scp-118-cs,scp-1507-arc,scp-157,scp-1638
scp-cs	cs	rybí	未訳-rybí	10	scp-1057,scp-1373,scp-1839,scp-527,scp-554-cs
scp-cs	cs	satelit	未訳-satelit	10	scp-1640,scp-1959,scp-2146,scp-2624,scp-3083
scp-cs	cs	stín	未訳-stín	10	scp-017,scp-1002,scp-122-arc,scp-188-cs,scp-1983
scp-cs	cs	tepelné	未訳-tepelné	10	scp-003,scp-1193,scp-155,scp-244,scp-264-cs
scp-cs	cs	členovec	未訳-členovec	10	scp-074,scp-1104,scp-169,scp-2086,scp-2273
scp-cs	cs	alternativní-historie	未訳-alternativní-historie	9	cassandra,paranoia,piercing-the-veil,quiet-days,recovered-data-file
scp-cs	cs	budoucnost	未訳-budoucnost	9	scp-1342,scp-150-cs,scp-2003-arc,scp-2455,scp-2911
scp-cs	cs	chuťové	未訳-chuťové	9	scp-2396,scp-3866,scp-5650,scp-597,scp-618
scp-cs	cs	cs-crack-fic	未訳-cs-crack-fic	9	crack-fic-soutez-prosim-jak-smazu-wikidot,hahaha-pogrs,krasna-tepla-noc,my-loever-the-dog-3,proc-ztracis-cas-ctenim-url-nemas-snad-nic-lepsiho-na-praci
scp-cs	cs	cs-crack-fic-2	未訳-cs-crack-fic-2	9	crack-fic-soutez-2-meli-jsme-smazat-wiki,hvezdy-na-tebe-nestekaji,klub-agresivnich-chodnikojezdcu,metalurgie-a-metan,muj-maly-skipik
scp-cs	cs	cs-crack-fic-3	未訳-cs-crack-fic-3	9	crack-fic-soutez-uz-dost-prosim,datova-polozka-id-clwv359qn000008le84z0czkx,graffiti-bridge,krest-ludvika-23,mmp-viii-parba-na-zizkove
scp-cs	cs	deepwell-catalog	未訳-deepwell-catalog	9	admonition,scp-4518-arc,scp-6747,scp-6820,site-17-hub
scp-cs	cs	doktor-iceberg	未訳-doktor-iceberg	9	duke-till-dawn,epitaph,gears-is-totally-not-a-robot-guys,iceberg-personnel-file,iceberg-puts-135-on-ice
scp-cs	cs	doktor-king	未訳-doktor-king	9	document-507-3b,experiment-log-826,long-live-the-king,scp-216,scp-294
scp-cs	cs	elektromagnetické	未訳-elektromagnetické	9	scp-1281,scp-1723,scp-179,scp-2273,scp-2332
scp-cs	cs	interaktivní	未訳-interaktivní	9	mene-lara-utis-per,pedantique-s-proposal,proc-ztracis-cas-ctenim-url-nemas-snad-nic-lepsiho-na-praci,psychotest-dr-choros,scp-072-cs
scp-cs	cs	můj-mlienec-pes	未訳-můj-mlienec-pes	9	hvezdy-na-tebe-nestekaji,mmp-viii-parba-na-zizkove,my-loever-the-dog,my-loever-the-dog-2,my-loever-the-dog-3
scp-cs	cs	nábytek	未訳-nábytek	9	scp-003-sk,scp-025,scp-076-cs,scp-086,scp-1300
scp-cs	cs	pavoukovec	未訳-pavoukovec	9	scp-023-de,scp-043-cs,scp-1006,scp-2507,scp-278
scp-cs	cs	projekt-crossover	未訳-projekt-crossover	9	crossoverprojectindex,dr-ikari-i-presume,holder-of-the-foundation,keters-with-hats,knee-deep-in-the-keter
scp-cs	cs	sběratelovy-příběhy	未訳-sběratelovy-příběhy	9	1-mr-headless,3-mr-money,6-mr-stripes,8-mr-moon,9-mr-clumsy
scp-cs	cs	sci-fi	未訳-sci-fi	9	continuous-integration,nikdo-nevi,opravovani-chyb,scp-1638,scp-289
scp-cs	cs	smyčka	未訳-smyčka	9	scp-049-pt,scp-052,scp-103-cs,scp-176,scp-3637
scp-cs	cs	soutěž-horor2025	未訳-soutěž-horor2025	9	scp-127-cs,scp-191-cs,scp-300-cs,scp-323-cs,scp-333-cs
scp-cs	cs	soutěž-spolupráce2025	未訳-soutěž-spolupráce2025	9	batovideniky,cista-laska-je-mozna,klic-k-republice,kridla-mezi-svety,pte-4201-scarlet-dagger-clockwork
scp-cs	cs	charitativní-nadace-manna	未訳-charitativní-nadace-manna	8	captain-kirby-s-proposal,empty-unmarked-grave,everyone-knows,milkssiah,scp-2005
scp-cs	cs	doktor-cimmerian	未訳-doktor-cimmerian	8	cimmerian-sends-650-pms,dr-cimmerian-is-no-longer-allowed-to-use-temporal-anomalies,dr-cimmerian-s-personnel-file,scp-002-cs,scp-4444
scp-cs	cs	doktor-dobesh	未訳-doktor-dobesh	8	krasna-tepla-noc,ktn-rebuild,osobni-slozka-dobesh,scp-056-cs,scp-099-cs
scp-cs	cs	iniciativa-tří-měsíců	未訳-iniciativa-tří-měsíců	8	mother-who-demands-ones-toes,operation-galahad,scp-2922,scp-295-cs,scp-3922
scp-cs	cs	kazisvět	未訳-kazisvět	8	medaile,nakazliva-lecba-na-neduhy-sveta,pernikove-srdce,prala-bych-si-abychom-spolu-meli-vice-casu,projekt-prefatyn
scp-cs	cs	kritik	未訳-kritik	8	a-cooler-manifesto,brotherhood,disposal-and-discourse,empty-unmarked-grave,everyone-knows
scp-cs	cs	medvědí	未訳-medvědí	8	djkaktus-s-proposal-j,scp-073-cs,scp-073-cs-arc,scp-1048,scp-1313
scp-cs	cs	obzorová-iniciativa	未訳-obzorová-iniciativa	8	aftermath,djoric-dmatix-proposal,empty-unmarked-grave,just-a-word-to-me,scp-2121
scp-cs	cs	oční	未訳-oční	8	scp-005-cs,scp-108-cs,scp-134,scp-2806,scp-312
scp-cs	cs	poezie	未訳-poezie	8	a-poem-for-nobody,kategoricky-imperativ-kraliku,peak,scp-2673,scpoems
scp-cs	cs	postapokalyptické	未訳-postapokalyptické	8	document-recovered-from-the-marianas-trench,impossible-to-destroy-reptile,last-man-standing,slipping-away,societal-census-programme
scp-cs	cs	protipožární-oddělení	未訳-protipožární-oddělení	8	fire-suppression-department-hub,scp-200-cs,scp-6130,scp-6630,scp-6856
scp-cs	cs	překládá-se	未訳-překládá-se	8	experiment-log-914,fading-stars-hub,goc-hub-page,pitch-haven-hub,scp-978-extended-test-logs
scp-cs	cs	rea-utis-per	未訳-rea-utis-per	8	asi-takovej-pocit-jako-je-bodnuti-noze,mene-lara-utis-per,scp-148-cs,scp-188-cs,scp-230-cs
scp-cs	cs	rozhovor	未訳-rozhovor	8	662-l1,interview-051-1,interview-507-g,interview-882-1,interview-log-022-751
scp-cs	cs	sigurros	未訳-sigurros	8	a-suicide-note,games-reality-benders-play,incident-239-b-clef-kondraki,scp-239,scp-239-s-spell-book
scp-cs	cs	ředitelka-mooseová	未訳-ředitelka-mooseová	8	another-goddamn-magic-system,pozustali,scp-003,scp-4444,scp-5004
scp-cs	cs	bratři-smrti	未訳-bratři-smrti	7	chapter-1-verse-1,death-and-the-doctors-hub,dust-and-blood,scp-032,scp-1440
scp-cs	cs	cesta-k-prázdnotě	未訳-cesta-k-prázdnotě	7	atelier-tveho-vnitrniho-ja,cesta-k-prazdnote-hub,co-bylo-nelze-vzit-zpet,jak-se-zbavit-svych-pratel,porozumeni-chybam
scp-cs	cs	cs-archivní-soutěž	未訳-cs-archivní-soutěž	7	asi-takovej-pocit-jako-je-bodnuti-noze,cs-contest-legacy-hub,neviditelni-lide,pismeno-pe,plynuti-dekad-a-blahovy-sen
scp-cs	cs	doktorka-everwoodová	未訳-doktorka-everwoodová	7	before-the-storm,cimmerian-sends-650-pms,scp-1841,scp-3874,scp-4498
scp-cs	cs	gravitace	未訳-gravitace	7	djkaktus-s-proposal-ii,dr-gears-s-proposal,scp-123,scp-2251,scp-2597
scp-cs	cs	houbovité	未訳-houbovité	7	scp-020,scp-059,scp-105-cs,scp-154-cs,scp-154-cs-arc
scp-cs	cs	judith-lowová	未訳-judith-lowová	7	an-anthropological-approach-to-sarkicism-case-study-02-the-d,sarkicism-hub,scp-2133,scp-2191,scp-2406
scp-cs	cs	nedorozumění	未訳-nedorozumění	7	scp-1097,scp-127-cs,scp-4098,scp-4380,scp-4428
scp-cs	cs	palisáda	未訳-palisáda	7	daffodils,good-fences-make-good-neighbors,project-palisade,scp-3818,tko
scp-cs	cs	plynné	未訳-plynné	7	scp-142-cs,scp-158,scp-2236,scp-244,scp-2915
scp-cs	cs	starý-muž	未訳-starý-muž	7	in-his-own-image-part-5,in-his-own-image-part-6,matryoshka-seven,scp-106,scp-2718
scp-cs	cs	stydlivka	未訳-stydlivka	7	a-lesson-in-power,consequences-and-collarbones,incident-096-1-a,laska-je-slepa,scp-096
scp-cs	cs	superhrdina	未訳-superhrdina	7	cassandra,scp-1233,scp-2085,scp-353,scp-4455
scp-cs	cs	výměna	未訳-výměna	7	scp-261,scp-2855,scp-294,scp-4661,scp-5000-j
scp-cs	cs	ze-druhé-osoby	未訳-ze-druhé-osoby	7	burger,hra-na-ziranou,mene-lara-utis-per,new-job,running
scp-cs	cs	údajný-bůh	未訳-údajný-bůh	7	and-this-one-explains-humes,experiment-log-316,scp-343,scp-6666,tales-from-the-bright-side-chapter-one
scp-cs	cs	bezobratlí	未訳-bezobratlí	6	scp-105-cs,scp-111,scp-149,scp-169,scp-312
scp-cs	cs	entropické	未訳-entropické	6	scp-1225,scp-2402,scp-2519,scp-3070,scp-4235
scp-cs	cs	fotografické	未訳-fotografické	6	scp-105,scp-1831,scp-1833,scp-6472,scp-6980
scp-cs	cs	ignaristé	未訳-ignaristé	6	mysl-v-nevedomi,scp-005-cs,scp-021-cs-arc,scp-022-cs,scp-051-cs
scp-cs	cs	iris-thompsonová	未訳-iris-thompsonová	6	incident-zero-part-1,incident-zero-part-2,log-of-agent-aa,portraits-of-your-father,ripped-from-the-headlines
scp-cs	cs	japonské	未訳-japonské	6	corpse-corpus-hub,scp-006-jp,scp-019-jp,scp-3013-jp,scp-3823-jp
scp-cs	cs	klaun	未訳-klaun	6	scp-127-cs,scp-1799-arc,scp-1921,scp-448,scp-760-cs
scp-cs	cs	končetina	未訳-končetina	6	scp-072,scp-1193,scp-2806,scp-3589,scp-5855
scp-cs	cs	koňské	未訳-koňské	6	djkaktus-s-proposal-j,scp-042,scp-4545,scp-6612,scp-6663
scp-cs	cs	mechanická-ortodoxie	未訳-mechanická-ortodoxie	6	church-of-the-broken-god-hub,implanting-god,scp-2273-f,sfyri-kai-amoni,the-heresy-of-disassembly
scp-cs	cs	mnohostěn	未訳-mnohostěn	6	scp-045,scp-089-cs,scp-132,scp-184,scp-233
scp-cs	cs	motýl	未訳-motýl	6	scp-2332,scp-3209,scp-408,scp-553,scp-6445
scp-cs	cs	národní-depozitář-artefaktů	未訳-národní-depozitář-artefaktů	6	plynuti-dekad-a-blahovy-sen,scp-038-cs,scp-117-cs,scp-400-cs,scp-760-cs
scp-cs	cs	ostrov	未訳-ostrov	6	scp-114-cs,scp-2095,scp-2217,scp-3737,scp-4182
scp-cs	cs	planeta	未訳-planeta	6	scp-007,scp-2362,scp-2399,scp-3070,scp-4100
scp-cs	cs	polské	未訳-polské	6	charakterystyka-manifestacji-scp-pl-037,scp-pl-005,scp-pl-029,scp-pl-037,scp-pl-066
scp-cs	cs	reprodukční	未訳-reprodukční	6	scp-113,scp-2254,scp-231,scp-268-j,scp-3287
scp-cs	cs	termodynamické	未訳-termodynamické	6	scp-266,scp-2818,scp-4812,scp-5033,scp-5404
scp-cs	cs	výzkumník-talloran	未訳-výzkumník-talloran	6	clef-excerpts,portraits-of-your-father,scp-3999,scp-978-extended-test-logs,scp-9923
scp-cs	cs	český-depozitář-nenormálna	未訳-český-depozitář-nenormálna	6	scp-008-cs,scp-117-cs,scp-188-cs,scp-227-cs,scp-923-cs
scp-cs	cs	šperk	未訳-šperk	6	scp-075-cs,scp-1561,scp-427,scp-442,scp-714
scp-cs	cs	_hadova-ruka	未訳-_hadova-ruka	5	hello-i-am-an-eldritch-horror,mother-who-demands-ones-toes,summer-s-exile,the-eschaton,the-lord-of-endowments
scp-cs	cs	_other-lic	未訳-_other-lic	5	scp-004-cs-arc,scp-042-cs,scp-071-cs,scp-082-cs,scp-173-cs
scp-cs	cs	april-2021	未訳-april-2021	5	april2021hub,aprilstory,modular-s-proposal-j,osobni-slozka-utylike-april2021,vevoda-az-do-rana
scp-cs	cs	berlonoši	未訳-berlonoši	5	a-wandsman-in-the-court-of-the-hanged-king,kridla-mezi-svety,scp-105-cs,scp-2264,scp-469-cs
scp-cs	cs	doktor-spanko	未訳-doktor-spanko	5	a-cackmas-carol,scp-2337,scp-4444,scp-5004,scp001-kln
scp-cs	cs	gravisova-ezoterická-společnost	未訳-gravisova-ezoterická-společnost	5	scp-055-cs,scp-085-cs,scp-264-cs,scp-885-cs,scp-983-cs
scp-cs	cs	hlavonožec	未訳-hlavonožec	5	scp-1097,scp-1573,scp-2662,scp-4217,scp-6222
scp-cs	cs	klaun-bobble	未訳-klaun-bobble	5	extended-scp-420-j-experiment-log,scp-1730,scp-887-log,scp-993,scp001-kln
scp-cs	cs	klíč	未訳-klíč	5	mackenzie-s-proposal,scp-004,scp-005,scp-324-cs,scp-860
scp-cs	cs	knihovna	未訳-knihovna	5	scp-1726,scp-2602,scp-4840,scp-6000,scp-8000
scp-cs	cs	korozivní	未訳-korozivní	5	scp-075,scp-088,scp-106,scp-217-cs,scp-4335
scp-cs	cs	mytologická-fikce	未訳-mytologická-fikce	5	beneath-two-trees,chapter-1-verse-1,dust-and-blood,k,the-lord-of-endowments
scp-cs	cs	měsíc	未訳-měsíc	5	scp-1233,scp-2193,scp-3609,scp-4220,scp-917
scp-cs	cs	oblast	未訳-oblast	5	experiment-log-914-hub,secure-facility-dossier-lunar-area-32,secure-facility-dossier-site-387,secure-facility-dossier-site-64,your-imaginary-friend
scp-cs	cs	opičí	未訳-opičí	5	scp-019-jp,scp-039,scp-050,scp-5004,scp-894
scp-cs	cs	politické	未訳-politické	5	cista-laska-je-mozna,klic-k-republice,matryoshka-epilogue,stiny-rudych-predsudku,the-woodvale-incident
scp-cs	cs	projekt-paragon	未訳-projekt-paragon	5	scp-2932,scp-4812,scp-4840,scp-6666,scp-6765
scp-cs	cs	ruské	未訳-ruské	5	experiment-log-1033,scp-1002-ru,scp-1033-ru,scp-1040-ru,scp-1054-ru
scp-cs	cs	sklo	未訳-sklo	5	navrh-uzivatele-steven-choros,scp-104,scp-132,scp-3154,scp-4205
scp-cs	cs	tau-5-samsara	未訳-tau-5-samsara	5	avatara,djkaktus-s-proposal-iii,grant-request-for-investigating-the-potential-application-of,scp-1730,scp-2970
scp-cs	cs	velekarcista-ion	未訳-velekarcista-ion	5	interviews-with-prospective-groups-of-interest,sarkicism-hub,scp-2095,scp-2480,the-parables-of-pseudo-nadox
scp-cs	cs	výzkumník-conwell	未訳-výzkumník-conwell	5	building-up,last-meetings,scp-978-extended-test-logs,simple-sketches,tearing-down
scp-cs	cs	výzkumník-rosen	未訳-výzkumník-rosen	5	scp-000,scp-2505,scp-2998,scp-978-extended-test-logs,technical-orientation
scp-cs	cs	všežravé	未訳-všežravé	5	scp-367,scp-3934,scp-4966,scp-5031,scp-913
scp-cs	cs	čichové	未訳-čichové	5	scp-1029,scp-618,scp-700,scp-8116,scp-999
scp-cs	cs	_cc4	未訳-_cc4	4	scp-014-cs,scp-019-cs,scp-111-cs,scp-324-cs
scp-cs	cs	_černá-královna	未訳-_černá-královna	4	cassandra,milkssiah,the-knight-of-flowers,tko
scp-cs	cs	cs-soutěž-7	未訳-cs-soutěž-7	4	co-bude-magie,cs-contest-vii-hub,scp-410-cs,scp-682-cs
scp-cs	cs	císařská-komise	未訳-císařská-komise	4	scp-105-cs,scp-2275-arc,studie-imanta-sarkicismus,wrong-proposal
scp-cs	cs	doktor-mcdoctorate	未訳-doktor-mcdoctorate	4	scp-6747,scp-6938,scp-7579,scp-7609
scp-cs	cs	doktor-scranton	未訳-doktor-scranton	4	scp-3001,scp-3812,scp-4231,until-death
scp-cs	cs	genetické	未訳-genetické	4	scp-065,scp-1237,scp-2000,scp-3773
scp-cs	cs	iris-darková	未訳-iris-darková	4	all-that-glisters,micky-d-s,text-message-in-a-bottle,the-dark-web-dke79-o2rg5-4jlw6
scp-cs	cs	kytovec	未訳-kytovec	4	scp-1608,scp-2146,scp-3932,scp-7887
scp-cs	cs	miniaturní	未訳-miniaturní	4	scp-007,scp-081-cs,scp-3934,scp-4780
scp-cs	cs	morový-doktor	未訳-morový-doktor	4	doctor-muerte,lust-in-the-time-of-anomalous-cholera,scp-049,secure-facility-dossier-site-387
scp-cs	cs	měna	未訳-měna	4	cimmerian-kaktus-proposal,scp-2855,scp-3203,scp-4018
scp-cs	cs	nadační-formát	未訳-nadační-formát	4	a-brief-overview-of-antimemetic-hazards,scp-000,scp-173-but-every-sentence-is-a-crosslink,scp-3
scp-cs	cs	nehybné	未訳-nehybné	4	djkaktus-s-proposal-ii,scp-227-cs,scp-3396,scp-354
scp-cs	cs	noční	未訳-noční	4	scp-3288,scp-3360,scp-3528,scp-939
scp-cs	cs	oddělení-surrealistiky	未訳-oddělení-surrealistiky	4	scp-469-cs,scp-6254,scp-6445,scp-9923
scp-cs	cs	přepis	未訳-přepis	4	scp-077,scp-1723,scp-600,scp-787
scp-cs	cs	reproduktivní	未訳-reproduktivní	4	scp-051,scp-1573,scp-1657,scp-3288
scp-cs	cs	sedmá-okultní-válka	未訳-sedmá-okultní-válka	4	aboard-the-train-to-berlin,scp-275-cs,scp-3457,three-portlands-hub
scp-cs	cs	slunce	未訳-slunce	4	scp-023,scp-037,scp-179,shaggydredlocks-proposal
scp-cs	cs	taktická-teologie	未訳-taktická-teologie	4	scp-324-cs,scp-5998,scp-6130,scp-7179
scp-cs	cs	tři-portlandy	未訳-tři-portlandy	4	make-portland-weirder,pulnocni-monolog,scp-5560,three-portlands-hub
scp-cs	cs	vesmírné	未訳-vesmírné	4	opravovani-chyb,scp-799-cs,scp-968-cs,svetlo-ktere-spaluje
scp-cs	cs	vibrace	未訳-vibrace	4	scp-297,scp-3383,scp-339,scp-6624
scp-cs	cs	vánoční-nadílka-2023	未訳-vánoční-nadílka-2023	4	hospodska-sazka-se-strachem,nesnasim-slovensko,scp-842-cs,vanocni-nadilka-hub
scp-cs	cs	řád-věže	未訳-řád-věže	4	az-4532-rv,az-9293-rv,hera-ladies,rad-veze-hub
scp-cs	cs	_globální-okultní-koalice	未訳-_globální-okultní-koalice	3	kte-0154-blackwood-gorgon,kte-832-cervena-ego-kewpie,pte-4201-scarlet-dagger-clockwork
scp-cs	cs	_řád-věže	未訳-_řád-věže	3	az-4532-rv,az-9293-rv,hera-ladies
scp-cs	cs	adolescentní-gaea	未訳-adolescentní-gaea	3	scp-166,scp-4231,scp-458
scp-cs	cs	apokalyptické	未訳-apokalyptické	3	scp-8513,scp-9060,slipping-away
scp-cs	cs	britská-okultní-služba	未訳-britská-okultní-služba	3	file-no-hkc454,scp-5000,three-portlands-hub
scp-cs	cs	cs-soutěž-8	未訳-cs-soutěž-8	3	cs-contest-viii-hub,mel-jsem-se-vratit,scp-037-cs
scp-cs	cs	deset-teček	未訳-deset-teček	3	2521-escaped,scp-2521,scp-3301
scp-cs	cs	detektivní	未訳-detektivní	3	oresnik-kouzelnik-a-vez,ranni-nalezy,setkani-v-knihovne
scp-cs	cs	doktor-gerald	未訳-doktor-gerald	3	dr-gerald-s-personnel-file,ecceperago,scp-666-j
scp-cs	cs	doktor-krátký	未訳-doktor-krátký	3	necht-je-ti-zeme-lehka,stastne-a-vesele,terminal-x496
scp-cs	cs	duch	未訳-duch	3	scp-1111,scp-2111,scp-3901
scp-cs	cs	generál-bowe	未訳-generál-bowe	3	incident-zero-part-3,scp-076-2,wmdd-s-proposal
scp-cs	cs	hadovité	未訳-hadovité	3	scp-3000,scp-3383,scp-722
scp-cs	cs	komunitní	未訳-komunitní	3	komunitnipsani2021,komunitnipsani2023,komunitnipsani2024
scp-cs	cs	korporátní	未訳-korporátní	3	assistance-for-the-boss-lady,scp-4703,scp-7403
scp-cs	cs	krystalické	未訳-krystalické	3	scp-3637,scp-409,scp-553
scp-cs	cs	králičí	未訳-králičí	3	scp-1640,scp-2999,scp-524
scp-cs	cs	laskavost	未訳-laskavost	3	scp-2662,scp-2992,scp-797
scp-cs	cs	legátka-trunnion	未訳-legátka-trunnion	3	sfyri-kai-amoni,the-heresy-of-disassembly,variations-on-a-schema
scp-cs	cs	mapa	未訳-mapa	3	scp-1053,scp-2332,scp-6132-j
scp-cs	cs	mikroskopické	未訳-mikroskopické	3	scp-157,scp-3020,scp-5706
scp-cs	cs	projekt-thaumiel	未訳-projekt-thaumiel	3	cygnus,rota,thaumiel
scp-cs	cs	psí	未訳-psí	3	scp-4062,scp-5366,scp-6101
scp-cs	cs	stará-ui	未訳-stará-ui	3	scp-079,scp-6820,scp-7579
scp-cs	cs	svatá-hedwig	未訳-svatá-hedwig	3	church-of-the-broken-god-hub,sfyri-kai-amoni,the-heresy-of-disassembly
scp-cs	cs	vražedné-monstrum	未訳-vražedné-monstrum	3	scp-333,scp-4666,scp-7582
scp-cs	cs	vánoční-nadílka	未訳-vánoční-nadílka	3	hospodska-sazka-se-strachem,nesnasim-slovensko,vanocni-nadilka-hub
scp-cs	cs	výzkumník-james	未訳-výzkumník-james	3	scp-682-j,scp-682-j-james-coloring-book,the-completely-canonical-story-of-james
scp-cs	cs	včelí	未訳-včelí	3	bees,scp-3045,scp-3454
scp-cs	cs	zlatá-horda	未訳-zlatá-horda	3	golden-horde-blues,golden-horde-funk,interviews-with-prospective-groups-of-interest
scp-cs	cs	ředitel-aktus	未訳-ředitel-aktus	3	hello-world,scp-6132-j,scp-978-extended-test-logs
scp-cs	cs	ředitel-lague	未訳-ředitel-lague	3	scp-6819,scp-7591,scp-8000
scp-cs	cs	_nikdo	未訳-_nikdo	2	charles-ogden-gears,note-immortality-amulet
scp-cs	cs	anomální-událost	未訳-anomální-událost	2	scp-4231,scp-4498
scp-cs	cs	bakterie	未訳-bakterie	2	scp-100000-j,scp-835
scp-cs	cs	bratranec-johnny	未訳-bratranec-johnny	2	funerals-are-fun,scp-2852
scp-cs	cs	corpse-corpus	未訳-corpse-corpus	2	corpse-corpus-hub,scp-3823-jp
scp-cs	cs	cukřenkové-sladkosti	未訳-cukřenkové-sladkosti	2	scp-1459,scp-1921
scp-cs	cs	doktor-asheworth	未訳-doktor-asheworth	2	scp-6747,scp-8000
scp-cs	cs	doktor-blank	未訳-doktor-blank	2	scp-6263,scp-8000
scp-cs	cs	doktor-dan	未訳-doktor-dan	2	consequences-and-collarbones,incident-096-1-a
scp-cs	cs	doktor-sorts	未訳-doktor-sorts	2	in-his-own-image-part-4,scp-804
scp-cs	cs	doktor-vang	未訳-doktor-vang	2	scp-j,why-change
scp-cs	cs	had	未訳-had	2	scp-6000,the-eschaton
scp-cs	cs	hodiny	未訳-hodiny	2	scp-1032,scp-498
scp-cs	cs	jelenovité	未訳-jelenovité	2	scp-166,scp-2845
scp-cs	cs	kolaborace	未訳-kolaborace	2	scp-080-cs,scp-420-cs
scp-cs	cs	kostka	未訳-kostka	2	scp-090,scp-2019
scp-cs	cs	lechtací-příšerka	未訳-lechtací-příšerka	2	new-job,scp-999
scp-cs	cs	les	未訳-les	2	scp-1638,scp-8023
scp-cs	cs	německé	未訳-německé	2	scp-011-de,scp-023-de
scp-cs	cs	paryba	未訳-paryba	2	scp-1373,spc-1057-j
scp-cs	cs	patafyzické-oddělení	未訳-patafyzické-oddělení	2	scp-5500,scp-6747
scp-cs	cs	posesivní-maska	未訳-posesivní-maska	2	life-s-cold,scp-035
scp-cs	cs	prefatýn	未訳-prefatýn	2	medaile,projekt-prefatyn
scp-cs	cs	psychologické	未訳-psychologické	2	scp-138-cs,scp-299-cs
scp-cs	cs	přednáška	未訳-přednáška	2	guide-for-translators,xan-navod-1
scp-cs	cs	předvídající	未訳-předvídající	2	scp-095,scp-6980
scp-cs	cs	půlkočka-josie	未訳-půlkočka-josie	2	jot-it-down,scp-529
scp-cs	cs	společnost-černého-králíka	未訳-společnost-černého-králíka	2	scp-2085,scpoems
scp-cs	cs	umělá-inteligence	未訳-umělá-inteligence	2	scp-164-cs,scp-9923
scp-cs	cs	velbloudovité	未訳-velbloudovité	2	scp-1296,scp-1545
scp-cs	cs	velkej-sejra-horace	未訳-velkej-sejra-horace	2	scp-1982,why-is-five-afraid-of-seven
scp-cs	cs	veverkovité	未訳-veverkovité	2	scp-2797,scp-3761
scp-cs	cs	výzkumník-smalls	未訳-výzkumník-smalls	2	scp-3309,scp-4955
scp-cs	cs	weeds	未訳-weeds	2	scp-pl-029,scp-pl-037
scp-cs	cs	wilsonova-řešení	未訳-wilsonova-řešení	2	secure-facility-dossier-site-64,wilson-s-wildlife-solutions-hub
scp-cs	cs	xenofikce	未訳-xenofikce	2	disgusting,jot-it-down
scp-cs	cs	zajícovité	未訳-zajícovité	2	djkaktus-s-proposal-j,scp-729-j
scp-cs	cs	zdroj	未訳-zdroj	2	departments,secure-facilities-locations
scp-cs	cs	ředitel-bold	未訳-ředitel-bold	2	scp-7579,scp-7777
scp-cs	cs	ředitelka-mctirissová	未訳-ředitelka-mctirissová	2	after-action-2272,yesterday
scp-cs	cs	šance-tam-nahoře	未訳-šance-tam-nahoře	2	scp-571-cs,svetlo-ktere-spaluje
scp-cs	cs	španělské	未訳-španělské	2	doctor-muerte,scp-es-112
scp-cs	cs	2022-winter-contest	未訳-2022-winter-contest	1	2521-escaped
scp-cs	cs	_gru-divize-p	未訳-_gru-divize-p	1	alma-kyivshchyna
scp-cs	cs	_jednotka-neobvyklých-případů	未訳-_jednotka-neobvyklých-případů	1	uiu-file-2017-003
scp-cs	cs	_marshall-carter-a-dark	未訳-_marshall-carter-a-dark	1	the-dark-web-dke79-o2rg5-4jlw6
scp-cs	cs	_obzorová-iniciativa	未訳-_obzorová-iniciativa	1	the-parables-of-pseudo-nadox
scp-cs	cs	_pixabay	未訳-_pixabay	1	scp-042-cs
scp-cs	cs	_remove-medium	未訳-_remove-medium	1	scp-028-cs
scp-cs	cs	_rozbitý-bůh	未訳-_rozbitý-bůh	1	wans-image-png
scp-cs	cs	_unsplash	未訳-_unsplash	1	scp-004-cs-arc
scp-cs	cs	akademie-kouzelníků	未訳-akademie-kouzelníků	1	joey-fucknuts-steals-the-declaration-of-independence
scp-cs	cs	antimemetická-divize	未訳-antimemetická-divize	1	scp-9923
scp-cs	cs	archeologické	未訳-archeologické	1	scp-7980
scp-cs	cs	byrokratické	未訳-byrokratické	1	scp-9998
scp-cs	cs	canon-hub	未訳-canon-hub	1	site-17-hub
scp-cs	cs	chudozubí	未訳-chudozubí	1	scp-2774
scp-cs	cs	doktor-heiden	未訳-doktor-heiden	1	an-evening-with-bright
scp-cs	cs	doktor-pill	未訳-doktor-pill	1	scp-999-cs-sk
scp-cs	cs	doktor-thereven	未訳-doktor-thereven	1	scp-8000
scp-cs	cs	doktor-wettle	未訳-doktor-wettle	1	scp-6263
scp-cs	cs	doktorka-elliottová	未訳-doktorka-elliottová	1	scp-1841
scp-cs	cs	druhý-hytoth	未訳-druhý-hytoth	1	scp-5959
scp-cs	cs	dynastie-sia	未訳-dynastie-sia	1	church-of-the-broken-god-hub
scp-cs	cs	dítě	未訳-dítě	1	scp-4666
scp-cs	cs	děti-pochodně	未訳-děti-pochodně	1	church-of-the-broken-god-hub
scp-cs	cs	halloween	未訳-halloween	1	haunt-me
scp-cs	cs	hliněné	未訳-hliněné	1	scp-030
scp-cs	cs	home-wonders	未訳-home-wonders	1	scp-pl-005
scp-cs	cs	hovězí	未訳-hovězí	1	scp-058
scp-cs	cs	instrument	未訳-instrument	1	scp-067
scp-cs	cs	integrační-program	未訳-integrační-program	1	scp-8000
scp-cs	cs	inženýr	未訳-inženýr	1	djkaktus-s-proposal-iii
scp-cs	cs	kanon-hub	未訳-kanon-hub	1	fading-stars-hub
scp-cs	cs	komiks	未訳-komiks	1	2521-escaped
scp-cs	cs	korejské	未訳-korejské	1	scp-600-ko
scp-cs	cs	krev	未訳-krev	1	scp-054-cs
scp-cs	cs	laskavé	未訳-laskavé	1	scp-5699
scp-cs	cs	mark-kyriu	未訳-mark-kyriu	1	scp-5004
scp-cs	cs	metafikce	未訳-metafikce	1	slipping-away
scp-cs	cs	miniatura	未訳-miniatura	1	scp-115
scp-cs	cs	mořské	未訳-mořské	1	scp-6994
scp-cs	cs	mravencovité	未訳-mravencovité	1	scp-302
scp-cs	cs	mytologické	未訳-mytologické	1	the-parables-of-pseudo-nadox
scp-cs	cs	měsíční-šampion	未訳-měsíční-šampion	1	scp-1233
scp-cs	cs	noosféra	未訳-noosféra	1	scp-9923
scp-cs	cs	návykové	未訳-návykové	1	scp-1423
scp-cs	cs	oddělení-vyřazování	未訳-oddělení-vyřazování	1	scp-7579
scp-cs	cs	onerioi	未訳-onerioi	1	scp-2272
scp-cs	cs	ovčí	未訳-ovčí	1	scp-5033
scp-cs	cs	portugalské	未訳-portugalské	1	scp-049-pt
scp-cs	cs	profesor-aw	未訳-profesor-aw	1	scp-300
scp-cs	cs	profesor-bjornsen	未訳-profesor-bjornsen	1	yesterday
scp-cs	cs	právnické	未訳-právnické	1	scp-7403
scp-cs	cs	přízrak	未訳-přízrak	1	scp-4494
scp-cs	cs	rada-medvědů	未訳-rada-medvědů	1	scp-5464
scp-cs	cs	restaurace-ambrose	未訳-restaurace-ambrose	1	scp-154-cs-arc
scp-cs	cs	robotické	未訳-robotické	1	scp-2702
scp-cs	cs	rodina-lewitt-zairi	未訳-rodina-lewitt-zairi	1	just-a-word-to-me
scp-cs	cs	series-hub	未訳-series-hub	1	white-space-hub
scp-cs	cs	short2023	未訳-short2023	1	scp-3823-jp
scp-cs	cs	skupina-hub	未訳-skupina-hub	1	black-queen-hub
scp-cs	cs	sluchové	未訳-sluchové	1	scp-504
scp-cs	cs	stroj	未訳-stroj	1	scp-055-cs
scp-cs	cs	telekomunikační-oddělení	未訳-telekomunikační-oddělení	1	hanging-on-the-telephone
scp-cs	cs	varování	未訳-varování	1	kam-odchazi-nadeje
scp-cs	cs	vyřazené	未訳-vyřazené	1	scp-268-j
scp-cs	cs	vzdušné	未訳-vzdušné	1	scp-787
scp-cs	cs	výtvarná-soutěž	未訳-výtvarná-soutěž	1	vanocni-vytvarna-soutez
scp-cs	cs	výzkumník-lloyd	未訳-výzkumník-lloyd	1	scpoems
scp-cs	cs	věc	未訳-věc	1	scp-067
scp-cs	cs	zubní	未訳-zubní	1	scp-2211
scp-cs	cs	zákonitost	未訳-zákonitost	1	scp-4703
scp-cs	cs	červ	未訳-červ	1	scp-153
scp-cs	cs	červovité	未訳-červovité	1	scp-2191
scp-cs	cs	čínské	未訳-čínské	1	2521-escaped
scp-cs	cs	čínské-tradiční	未訳-čínské-tradiční	1	scp-zh-00l
scp-cs	cs	žabí	未訳-žabí	1	scp-975
scp-cs	cs	žraločí	未訳-žraločí	1	scp-1057
scp-wiki-de	de	_bild	未訳-_bild	1461	2521-escaped,4r-hub,a-brief-explanation-on-demonics,about-the-foundation-in-germany,about-the-scp-foundation
scp-wiki-de	de	_cc	未訳-_cc	1374	2521-escaped,4r-hub,a-brief-explanation-on-demonics,about-the-foundation-in-germany,about-the-serpent
scp-wiki-de	de	_sys	未訳-_sys	85	admin:manage,anomalien,archived-news,archived-scps,audio-adaptations
scp-wiki-de	de	kind	未訳-kind	55	djkaktus-s-proposal,scp-011-j,scp-026,scp-040,scp-053
scp-wiki-de	de	nuri	未訳-nuri	41	die-frau-und-die-ratten,nach-dem-ende,nuri-1-1,nuri-1-2,nuri-10-1
scp-wiki-de	de	mörder-monster	未訳-mörder-monster	35	crunch,dr-gears-s-proposal,scp-017,scp-029-t,scp-049
scp-wiki-de	de	mtf-seher	未訳-mtf-seher	29	aceton,befehlslast,blutnacht,du-bist-ein-sprung-im-schloss-aus-glas,ereignisbericht-zu-vorfall-124-01-a
scp-wiki-de	de	der-administrator	未訳-der-administrator	25	captain-kirby-s-proposal,djkaktus-s-proposal,djkaktus-s-proposal-iii,document-001-o5,dr-clef-s-proposal
scp-wiki-de	de	mythologisch	未訳-mythologisch	23	about-the-serpent,beneath-two-trees-t,dust-and-blood-t,herr-der-traeume,party-of-gods
scp-wiki-de	de	absurdismus	未訳-absurdismus	22	10-30-a-m,addendum-scp-173-containment-procedures-update,ambrose-temecula,cimmerian-sends-650-pms,expanded-biography-of-the-administrator
scp-wiki-de	de	archäologisch	未訳-archäologisch	22	rounderhouse-gold-proposal,scp-089,scp-1050,scp-1276,scp-1348
scp-wiki-de	de	bürokratie	未訳-bürokratie	22	adana-protocol,fragments-of-someone-else,how-site-19-blew-up,iquit-t,joy-to-the-world
scp-wiki-de	de	derivat	未訳-derivat	22	asp-073,asp-076,asp-128-de,asp-128-de-el,asp-156-de-ex
scp-wiki-de	de	instrument	未訳-instrument	22	scp-004-it-arc,scp-067,scp-1020,scp-1118,scp-1144
scp-wiki-de	de	apokalyptisch	未訳-apokalyptisch	21	alexandria-burning,alpha-beta-delta-kaskade,apotheosis-hub,countdown,djoric-dmatix-proposal
scp-wiki-de	de	neun	未訳-neun	21	nach-dem-ende,neun-1,neun-10,neun-11,neun-12
scp-wiki-de	de	phänomen	未訳-phänomen	19	lily-s-proposal,scp-3125,scp-3935,scp-4182,scp-4205
scp-wiki-de	de	agent-frey	未訳-agent-frey	18	aceton,befehlslast,blutnacht,der-anfang-vom-ende,du-bist-mein
scp-wiki-de	de	metafiktion	未訳-metafiktion	17	djkaktus-s-proposal-ii,moonrise,sandrewswann-s-proposal,scp-1304,scp-2614
scp-wiki-de	de	surrealismus	未訳-surrealismus	17	13-mr-purple,hair-below,lulus-proposal,new-ritual,scp-058
scp-wiki-de	de	autonom	未訳-autonom	16	scp-085,scp-090,scp-093,scp-101,scp-1017
scp-wiki-de	de	die-skulptur	未訳-die-skulptur	16	a-keter-kinda-christmas,addendum-scp-173-containment-procedures-update,asp-173,autoerotic-assassination,crunch
scp-wiki-de	de	gruppe	未訳-gruppe	16	aiad-homescreen,alexylva-university-hub,anderson-robotics-hub,are-we-cool-yet-hub,black-queen-hub
scp-wiki-de	de	abel	未訳-abel	15	a-keter-kinda-christmas,asp-076,beneath-two-trees-t,djoric-dmatix-proposal,dr-clef-s-proposal
scp-wiki-de	de	illustriert	未訳-illustriert	15	dr-clef-s-proposal,rounderhouse-gold-proposal,scp-017,scp-049,scp-1000
scp-wiki-de	de	alien	未訳-alien	14	adana-protocol,das-taegliche-leben-mit-einer-ausserirdischen,lessons-from-history,on-the-failure-of-the-open-sky-accords,project-heimdall-prologue
scp-wiki-de	de	schule	未訳-schule	14	about-deer,address-to-the-students-and-faculty,days-gone-by,prank-war-one,prank-war-two
scp-wiki-de	de	schwer-zu-zerstörendes-reptil	未訳-schwer-zu-zerstörendes-reptil	14	djkaktus-s-proposal-iii,duke-till-dawn,experiment-log-t-98816-oc108-682,joy-to-the-world,scp-044-j
scp-wiki-de	de	empfindungsfähig	未訳-empfindungsfähig	13	lulus-proposal,scp-1897,scp-238-de,scp-2599,scp-306-de
scp-wiki-de	de	halloween	未訳-halloween	13	black-autumn-hub,chapter-1-corvophobia,chapter-2-here-comes-the-bogeyman,hair-below,hallowinside
scp-wiki-de	de	halloween-25-de	未訳-halloween-25-de	13	du-bist-mein,frei,halloween-wettbewerb-2025,herr-der-traeume,in-traeumen-nicht-vergessen
scp-wiki-de	de	klasse-von-76	未訳-klasse-von-76	13	days-gone-by,remembersummer,remembrance,scp-1423,scp-1833
scp-wiki-de	de	veraltet	未訳-veraltet	13	902-warning-t,apres-aleph,black-queen-hub,scp-072-th,scp-103
scp-wiki-de	de	bruderschaft	未訳-bruderschaft	12	bruderschaft,de-299,de-482,de-57,die-nachtwache
scp-wiki-de	de	horror	未訳-horror	12	chapter-1-corvophobia,dr-clef-s-proposal,prologue-you-can-check-out-any-time-you-want,property-values,scp-173
scp-wiki-de	de	direktor-moose	未訳-direktor-moose	11	annon-t,asset-florida-grey,asset-florida-orange,asset-florida-zero,rate-my-director
scp-wiki-de	de	halloween-21-de	未訳-halloween-21-de	11	der-beste-uebersetzer-des-sonnensystems,halloween-wettbewerb-2021,nicht-zum-ersten-mal,realitaetsdichtefluktuationen,scp-232-de
scp-wiki-de	de	korrespondenz	未訳-korrespondenz	11	asset-florida-grey,asset-florida-orange,asset-florida-zero,cimmerian-sends-650-pms,hair-below
scp-wiki-de	de	künstliche-intelligenz	未訳-künstliche-intelligenz	11	alert-lockdown-initiated,lilith-und-samson,metal-hero,scp-001-ex,scp-079
scp-wiki-de	de	portugiesisch	未訳-portugiesisch	11	artes-in-completas-de-silvacrest,grupos-de-interesse,imortal-e-o-meu-p,incriveis-sapatos-ozwalds,scp-005-int
scp-wiki-de	de	unvollständig	未訳-unvollständig	11	anomaly-classification-system-guide,experiment-log-423-a,galeria-de-yorick1,goc-supplemental-equipment,goc-supplemental-humanoid-guide
scp-wiki-de	de	valentinstag2026	未訳-valentinstag2026	11	gedankenspiel,ist-es,liebe-in-dieser-verrueckten-welt,rote-rankende-rosen,schritt-fuer-schritt
scp-wiki-de	de	taktische-theologie	未訳-taktische-theologie	10	scp-034-de-ex,scp-221-de,scp-317-de,scp-4967,scp-6130
scp-wiki-de	de	doktor-mann	未訳-doktor-mann	9	annon-t,ecceperago-t,nico-proposal,rounderhouse-proposal,scp-001-o5
scp-wiki-de	de	fantasy	未訳-fantasy	9	about-deer,das-taegliche-leben-mit-einer-ausserirdischen,playing-with-flames,scp-1000,scp-240
scp-wiki-de	de	freundlichkeit	未訳-freundlichkeit	9	scp-1252,scp-1353,scp-1551,scp-1771,scp-2353
scp-wiki-de	de	halloween-23-de	未訳-halloween-23-de	9	emily-und-kapitaen-monster,halloween-wettbewerb-2023,scp-278-de,scp-306-de,scp-316-de
scp-wiki-de	de	superheld	未訳-superheld	9	scp-1233,scp-1388,scp-2800,scp-353,scp-4051
scp-wiki-de	de	anomales-ereignis	未訳-anomales-ereignis	8	alpha-beta-delta-kaskade,lily-s-proposal,scp-2165,scp-3999,scp-4231
scp-wiki-de	de	ausgemustert	未訳-ausgemustert	8	decomm:scp-083-d,decomm:scp-122-d,decomm:scp-531-d,decomm:scp-547-d,decomm:scp-723-d
scp-wiki-de	de	der-maschinist	未訳-der-maschinist	8	burned-a-hole-in-my-mind,djkaktus-s-proposal-iii,ein-schicksalhafter-tag,hot-latitudes-cool-attitudes,revolution-earth
scp-wiki-de	de	mystery	未訳-mystery	8	amnesie-1,chapter-1-corvophobia,intheendrawhide-t,nobody-knows,scp-173
scp-wiki-de	de	politisch	未訳-politisch	8	goc-tale-sequence-assessment,scp-095,scp-1761,scp-1981,scp-2578
scp-wiki-de	de	scp-400-de	未訳-scp-400-de	8	scp-400-de,scp-400-de-wettbewerb,scp-401-de,scp-405-de,scp-444-de
scp-wiki-de	de	zeitreise	未訳-zeitreise	8	iteration-0,sc-48-404-97-786,scp-1396,scp-1780,scp-3797
scp-wiki-de	de	alkohol	未訳-alkohol	7	rounderhouse-proposal,scp-1541,scp-1626,scp-1933,scp-195
scp-wiki-de	de	deepwell-catalog	未訳-deepwell-catalog	7	admonition,regardless,scp-4051,scp-4415,scp-6820
scp-wiki-de	de	doktor-cimmerian	未訳-doktor-cimmerian	7	a-tale-about-petty-revenge,cimmerian-sends-650-pms,rate-my-director,scp-4051,scp-7777
scp-wiki-de	de	doktor-light	未訳-doktor-light	7	annon-t,peanuts,rate-my-director,scp-166,scp-5004
scp-wiki-de	de	dämon	未訳-dämon	7	a-brief-explanation-on-demonics,scp-1844,scp-2980,scp-4661,scp-5690
scp-wiki-de	de	gehängter-könig	未訳-gehängter-könig	7	about-the-serpent,party-of-gods,scp-2264,scp-4505,scp-6500
scp-wiki-de	de	halloween-24-de	未訳-halloween-24-de	7	halloween-wettbewerb-2024,nichts-ist-je-voellig-vergangen,nur-der-regen-weint-um-mich,rote-ruhen-reuevoll,scp-361-de
scp-wiki-de	de	interaktiv	未訳-interaktiv	7	everyone-s-proposal,pedantique-s-proposal,scp-001-and-a-half-j,scp-6500,scp-8500
scp-wiki-de	de	kavaliere	未訳-kavaliere	7	das-vermaechtnis,ein-notwendiges-uebel,eine-schicksalhafte-nacht,les-gentilshommes-humanistes-centre,nexus-2-1
scp-wiki-de	de	postapokalyptisch	未訳-postapokalyptisch	7	alexandria-burning,like-toy-story-except-fucked-up,scp-1985,scp-2845,scp-8502
scp-wiki-de	de	sushiblade	未訳-sushiblade	7	loved-sushi,nexus-13-2,nexus-13-3,no-sushi-no-life,scp-1134-jp
scp-wiki-de	de	xia-dynastie	未訳-xia-dynastie	7	about-the-serpent,church-of-the-broken-god-hub,document-2481,scp-2101,scp-2481
scp-wiki-de	de	_skp	未訳-_skp	6	028-e2,028-o1,scp-028-de,scp-057-de,scp-188-de
scp-wiki-de	de	anhänge-fehlen	未訳-anhänge-fehlen	6	olympia-project,scp-2016,scp-261,scp-517,scp-826
scp-wiki-de	de	ausstehend	未訳-ausstehend	6	rounderhouse-gold-proposal,scp-382-de,scp-4008,scp-6837,scp-7160
scp-wiki-de	de	cogwork-orthodoxie	未訳-cogwork-orthodoxie	6	church-of-the-broken-god-hub,haeretische-aufzeichnung-11,implanting-god,scp-3856,scp-5555
scp-wiki-de	de	doktor-glass	未訳-doktor-glass	6	scp-1848,scp-275,scp-353,scp-378,scp-5004
scp-wiki-de	de	doktor-rights	未訳-doktor-rights	6	a-keter-kinda-christmas,duke-till-dawn,rounderhouse-proposal,scp-347,scp-666-and-a-half-j
scp-wiki-de	de	drache	未訳-drache	6	scp-021,scp-111,scp-1154,scp-1762,scp-2466
scp-wiki-de	de	essen	未訳-essen	6	scp-1842,scp-224-de,scp-236-de,scp-292-de,scp-366-de
scp-wiki-de	de	kain	未訳-kain	6	asp-073,beneath-two-trees-t,djoric-dmatix-proposal,nuuko001,scp-073
scp-wiki-de	de	objekt	未訳-objekt	6	scp-213-de,scp-223-de,scp-259-de,scp-337-de,scp-346-de
scp-wiki-de	de	syndikat	未訳-syndikat	6	befehlslast,der-restaurator-und-die-soeldnerin,erfolgsquote,scp-147-de,scp-243-de
scp-wiki-de	de	tau-5-samsara	未訳-tau-5-samsara	6	avatara,grant-request-for-investigating-the-potential-application-of,nexus-16-1,nexus-16-2,nexus-16-3
scp-wiki-de	de	traum	未訳-traum	6	herr-der-traeume,scp-1230,scp-232-de,scp-242-de,scp-358-de
scp-wiki-de	de	valentinstag2025	未訳-valentinstag2025	6	bis-spaeti-in-die-nacht,dein-innerer-konflikt,scp-338-de,scp-339-de,typischkevins-autorenseite
scp-wiki-de	de	_bild_cc	未訳-_bild_cc	5	nuri-hub,scp-1248,scp-222-de,scp-521-ko,scp-923-ko
scp-wiki-de	de	abcs-des-todes	未訳-abcs-des-todes	5	scp-7027,scp-7160,scp-7179,scp-7303,scp-anthology-hub
scp-wiki-de	de	apotheose	未訳-apotheose	5	apotheosis-hub,nexus-13-3,scp-3396,scp-3731,thrive
scp-wiki-de	de	direktor-aktus	未訳-direktor-aktus	5	folly,reconciliation,rounderhouse-proposal,scp-3355,scp-715
scp-wiki-de	de	direktor-graham	未訳-direktor-graham	5	scp-4051,scp-4415,scp-7777,scp-8980,the-beast-beneath-the-library
scp-wiki-de	de	fee	未訳-fee	5	goc-tale-sequence-assessment,scp-001-o5,scp-1323,scp-6800,taboo
scp-wiki-de	de	forscher-rosen	未訳-forscher-rosen	5	rate-my-director,rounderhouse-proposal,scp-000,scp-2998,scp-s
scp-wiki-de	de	geschichten2020	未訳-geschichten2020	5	alpenkunst,geschichten-wettbewerb-2020,vorfall-136-de-5,willkommen-in-der-fuenften-dimension,zeitinvarianz-t0
scp-wiki-de	de	jaldabaoth	未訳-jaldabaoth	5	about-the-serpent,document-2481,party-of-gods,scp-2481,scp-2847
scp-wiki-de	de	komödie	未訳-komödie	5	nothing-of-importance-happens-in-this-one-just-skip-it,property-values,scp-4026,scp-8271,sloths-pit-chrimmas
scp-wiki-de	de	maxwellismus	未訳-maxwellismus	5	anderson-robotics-hub,church-of-the-broken-god-hub,implanting-god,scp-8500,the-emperor-of-many-voices
scp-wiki-de	de	namenlos	未訳-namenlos	5	scp-5404,scp-6001,scp-6800,scp-8066,taboo
scp-wiki-de	de	phobie-anthologie	未訳-phobie-anthologie	5	scp-8066,scp-8380,scp-8480,scp-8490,scp-8976
scp-wiki-de	de	regeln	未訳-regeln	5	css-policy,lizenzraid,regeln,site-rules,tag-guide
scp-wiki-de	de	trostlos	未訳-trostlos	5	scp-7921,scp-8066,scp-8480,scp-8513,scp-8607
scp-wiki-de	de	unsichtbar	未訳-unsichtbar	5	scp-056-de,scp-124-de,scp-271-de,scp-382-de,scp-398-de
scp-wiki-de	de	_n-series-archive	未訳-_n-series-archive	4	groups-of-interest,groups-of-interest-int,interessengruppen,skp-referenzliste
scp-wiki-de	de	bannregel	未訳-bannregel	4	de-299,de-482,de-57,en-173
scp-wiki-de	de	blut	未訳-blut	4	scp-1861,scp-3573,scp-578,scp-8719
scp-wiki-de	de	bobble-der-clown	未訳-bobble-der-clown	4	scp-1730,scp-4505,scp-887-log,scp-993
scp-wiki-de	de	die-kumiho	未訳-die-kumiho	4	953-interview-a,gumiho,scp-2953,scp-953
scp-wiki-de	de	die-schlange	未訳-die-schlange	4	beneath-two-trees-t,djkaktus-s-proposal-iii,lord-blackwood-in-the-land-of-wonder,scp-6000
scp-wiki-de	de	finstersushi	未訳-finstersushi	4	loved-sushi,scp-1134-jp,sushiblade-hub,yamizushi-hub
scp-wiki-de	de	grün	未訳-grün	4	scp-027-pt,scp-1465,scp-172-de,scp-380-de
scp-wiki-de	de	insel	未訳-insel	4	scp-1864,scp-2312,scp-4182,scp-7179
scp-wiki-de	de	journalismus	未訳-journalismus	4	ambrose-vineta,portlands-roller-derby,prank-war-one,prank-war-two
scp-wiki-de	de	kitzelmonster	未訳-kitzelmonster	4	asset-florida-grey,asset-florida-orange,asset-florida-zero,scp-999
scp-wiki-de	de	lateinisch	未訳-lateinisch	4	consilium-fulminis,director-bold-s-proposal-la,scp-la-001,scp-la-002
scp-wiki-de	de	lgbtq	未訳-lgbtq	4	bis-spaeti-in-die-nacht,burned-a-hole-in-my-mind,nothing-of-importance-happens-in-this-one-just-skip-it,scp-7921
scp-wiki-de	de	mtf-faust	未訳-mtf-faust	4	der-mann-mit-dem-flanierstock,die-finger-der-faust,mtf-de11-faust,unbewohnte-bewohner
scp-wiki-de	de	poesie-23	未訳-poesie-23	4	die-schattenfrau,poesie-wettbewerb,scp-267-de,scp-363-de
scp-wiki-de	de	schleier-über-schleier	未訳-schleier-über-schleier	4	sc-02-000-22-000,sc-48-404-97-786,scp-6192,scp-6192-ex
scp-wiki-de	de	seuchendoktor	未訳-seuchendoktor	4	lust-in-the-time-of-anomalous-cholera,scp-044-j,scp-049,scp-049-j
scp-wiki-de	de	weihnachten2025	未訳-weihnachten2025	4	frohe-verspaetete-weinachten,vorwaerts-durch-kerker,weihnachts-event-2025,weihnachts-event-2025-ergebnisse
scp-wiki-de	de	weiß	未訳-weiß	4	scp-007-int,scp-193-de,scp-204-de,scp-296-de
scp-wiki-de	de	wunderbare-welt	未訳-wunderbare-welt	4	lord-blackwood-in-the-land-of-wonder,phoenix-a-la-mode,scp-4046,scp-629
scp-wiki-de	de	xenofiktion	未訳-xenofiktion	4	crunch,metal-hero,scp-939,the-choir-below
scp-wiki-de	de	zeit	未訳-zeit	4	scp-030-de-ex,scp-204-de,scp-228-de,scp-362-de
scp-wiki-de	de	zu-gruselig	未訳-zu-gruselig	4	scp-044-j,scp-2006,scp-729-j,scp-8066
scp-wiki-de	de	_sonderkommando	未訳-_sonderkommando	3	das-tagebuch-eines-soldaten,projekt-morgenpforte,uebernahme-der-scp-foundation-durch-das-skp
scp-wiki-de	de	abnormalitäten-institut	未訳-abnormalitäten-institut	3	nexus-8-1,nexus-8-2,nexus-8-3
scp-wiki-de	de	ameisenartig	未訳-ameisenartig	3	scp-070-de,scp-1942,scp-302
scp-wiki-de	de	der-mann-der-nicht-da-war	未訳-der-mann-der-nicht-da-war	3	amnesie-1,postlude-nobody,prelude-nobody
scp-wiki-de	de	direktor-lague	未訳-direktor-lague	3	rate-my-director,scp-5595,scp-8000
scp-wiki-de	de	doktor-blank	未訳-doktor-blank	3	rate-my-director,scp-7000,scp-8000
scp-wiki-de	de	doktor-dan	未訳-doktor-dan	3	rate-my-director,scp-096,scp-7000
scp-wiki-de	de	doktor-everwood	未訳-doktor-everwood	3	cimmerian-sends-650-pms,scp-1799,scp-5004
scp-wiki-de	de	doktor-gerald	未訳-doktor-gerald	3	annon-t,ecceperago-t,scp-more-gun-j
scp-wiki-de	de	doktor-king	未訳-doktor-king	3	interval-2,scp-1848,scp-978-extended-test-logs
scp-wiki-de	de	embargo	未訳-embargo	3	centre-embargo,nuri-5-1,nuri-5-2
scp-wiki-de	de	englisch	未訳-englisch	3	fragment:scp-8066-1,fragment:scp-8066-2,fragment:scp-8066-3
scp-wiki-de	de	forscher-smalls	未訳-forscher-smalls	3	olicus-art,scp-3309,scp-4955
scp-wiki-de	de	gpexpress	未訳-gpexpress	3	nexus-11-1,nexus-11-2,nexus-11-3
scp-wiki-de	de	grüner-könig	未訳-grüner-könig	3	amnesie-1,ein-seltsamer-tagtraum-so-suess-wie-gift,scp-1530
scp-wiki-de	de	heritage-jp	未訳-heritage-jp	3	scp-040-jp,scp-240-jp,scp-650-jp
scp-wiki-de	de	irreführung	未訳-irreführung	3	scp-4517,scp-4773,scp-5790
scp-wiki-de	de	jagdverein	未訳-jagdverein	3	imortal-e-o-meu-p,nuri-3-1,nuri-3-2
scp-wiki-de	de	kakteenartig	未訳-kakteenartig	3	scp-1277,scp-1478,scp-822
scp-wiki-de	de	kinder-der-fackel	未訳-kinder-der-fackel	3	scp-1428,scp-1548,scp-2481
scp-wiki-de	de	kira	未訳-kira	3	datenblatt-kira,life-flow-arc,scp-299-de
scp-wiki-de	de	kollaboration	未訳-kollaboration	3	log-of-anomalous-items,scp-075-de-neutralisierungsprotokoll,scp-143-testing-log
scp-wiki-de	de	krankheit	未訳-krankheit	3	scp-013-de,scp-328-de,scp-410-de
scp-wiki-de	de	letters-entertainment	未訳-letters-entertainment	3	dinge-die-inspirieren,foundation-fi,life-s-not-a-dating-sim-you-can-just-win
scp-wiki-de	de	pataphysik-abt	未訳-pataphysik-abt	3	pataphysics-department-artworkpage,scp-347-de,theme:pataphysics
scp-wiki-de	de	projekt-crossover	未訳-projekt-crossover	3	crossoverprojectdeindex,crossoverprojectindex,crossoverprojectintindex
scp-wiki-de	de	pvsap	未訳-pvsap	3	nexus-15-1,nexus-15-2,nexus-15-3
scp-wiki-de	de	religious-fiction	未訳-religious-fiction	3	djoric-dmatix-proposal,dr-clef-s-proposal,haeretische-aufzeichnung-11
scp-wiki-de	de	sankt-hedwig	未訳-sankt-hedwig	3	church-of-the-broken-god-hub,rounderhouse-gold-proposal,scp-6800
scp-wiki-de	de	schafsartig	未訳-schafsartig	3	scp-112-de,scp-1498-t,scp-441
scp-wiki-de	de	sh	未訳-sh	3	scp-sh-012,scp-sh-016,scp-sh-049
scp-wiki-de	de	slice-of-life	未訳-slice-of-life	3	das-taegliche-leben-mit-einer-ausserirdischen,ein-mahl-nach-naelkae-art,zwei-ohne-namen-und-titel
scp-wiki-de	de	tales-of-alive	未訳-tales-of-alive	3	alive,foundation-s-death,sayonara-heaven
scp-wiki-de	de	tschechisch	未訳-tschechisch	3	scp-017-cs,scp-042-cs,scp-073-cs
scp-wiki-de	de	unrealitäts-abt	未訳-unrealitäts-abt	3	scp-7365,scp-8591,scp-9500
scp-wiki-de	de	vereinigung-der-anwender-schwarzmagischer-mächte	未訳-vereinigung-der-anwender-schwarzmagischer-mächte	3	nexus-15-1,nexus-15-2,nexus-15-3
scp-wiki-de	de	wald	未訳-wald	3	scp-6005,scp-8091,taboo
scp-wiki-de	de	yokai-zuflucht	未訳-yokai-zuflucht	3	nuri-6-2,nuri-7-1,nuri-7-2
scp-wiki-de	de	_mm-wk	未訳-_mm-wk	2	der-legendaere-zauberstab-von-morgan-le-fay,incriveis-sapatos-ozwalds
scp-wiki-de	de	abnormalität	未訳-abnormalität	2	scp-6371,scp-8790
scp-wiki-de	de	angeblich-gott	未訳-angeblich-gott	2	scp-343,tales-from-the-bright-side-chapter-one-t
scp-wiki-de	de	anihilismus	未訳-anihilismus	2	nexus-16-1,nexus-16-3
scp-wiki-de	de	aufzeichnung	未訳-aufzeichnung	2	alpha-beta-delta-kaskade,scp-211-de
scp-wiki-de	de	bittersüß	未訳-bittersüß	2	burned-a-hole-in-my-mind,fragments-of-someone-else
scp-wiki-de	de	doktor-scranton	未訳-doktor-scranton	2	scp-3812,scp-4231
scp-wiki-de	de	doktor-wettle	未訳-doktor-wettle	2	rate-my-director,scp-7000
scp-wiki-de	de	erste-person	未訳-erste-person	2	amnesie-1,burned-a-hole-in-my-mind
scp-wiki-de	de	extra-dimensional	未訳-extra-dimensional	2	scp-6000,skp-187
scp-wiki-de	de	forscher-talloran	未訳-forscher-talloran	2	olicus-art,scp-3999
scp-wiki-de	de	fuchsartig	未訳-fuchsartig	2	scp-334,scp-364-de
scp-wiki-de	de	gasförmig	未訳-gasförmig	2	scp-2255,scp-383-de
scp-wiki-de	de	hinter-den-kulissen	未訳-hinter-den-kulissen	2	dans-les-coulisses,dossier-personnel-du-dr-caroline
scp-wiki-de	de	humor	未訳-humor	2	bis-spaeti-in-die-nacht,the-swift-rise-and-fall-of-technical-researcher-david-rosen
scp-wiki-de	de	ich-perspektive	未訳-ich-perspektive	2	nobody-knows,property-values
scp-wiki-de	de	integrationsprogramm	未訳-integrationsprogramm	2	scp-5595,scp-8000
scp-wiki-de	de	kadaver	未訳-kadaver	2	scp-877-ko,scp-botnik-j
scp-wiki-de	de	kristallin	未訳-kristallin	2	deleted:skp-035,scp-357-de
scp-wiki-de	de	legal	未訳-legal	2	scp-1632,scp-6454
scp-wiki-de	de	prosopagnosie	未訳-prosopagnosie	2	cant-recognize,happiness-in-tasteless
scp-wiki-de	de	protokoll	未訳-protokoll	2	interview-log-084-de-01,test-protokoll-084-de-10
scp-wiki-de	de	raumzeit	未訳-raumzeit	2	scp-024-vn,scp-6500
scp-wiki-de	de	räuberisch	未訳-räuberisch	2	scp-379-de,scp-7819
scp-wiki-de	de	saturn-hirsch	未訳-saturn-hirsch	2	scp-2312,scp-2710
scp-wiki-de	de	schwarzer-humor	未訳-schwarzer-humor	2	scp-4026,the-swift-rise-and-fall-of-technical-researcher-david-rosen
scp-wiki-de	de	schweineartig	未訳-schweineartig	2	scp-063-de,scp-550-de-j
scp-wiki-de	de	scp-art	未訳-scp-art	2	olicus-art,pataphysics-department-artworkpage
scp-wiki-de	de	thaumaturgie	未訳-thaumaturgie	2	scp-8245,scp-9880
scp-wiki-de	de	tote-sterne	未訳-tote-sterne	2	scp-es-040,scp-es-090
scp-wiki-de	de	unkräuter	未訳-unkräuter	2	chwasty-hub,czym-sa-obiekty-konspiracyjne
scp-wiki-de	de	vorfall	未訳-vorfall	2	incident-report-i741-a,scp-049-de
scp-wiki-de	de	wissenschaftliche-akademie	未訳-wissenschaftliche-akademie	2	scp-007-int,scp-008-int
scp-wiki-de	de	_antihuman-fraktion	未訳-_antihuman-fraktion	1	heute-habe-ich-etwas-neues-gelernt
scp-wiki-de	de	_cc4	未訳-_cc4	1	scp-240
scp-wiki-de	de	_goi2014	未訳-_goi2014	1	church-of-the-broken-god-hub
scp-wiki-de	de	_image	未訳-_image	1	scp-6192-ex
scp-wiki-de	de	_psw	未訳-_psw	1	projekt-morgenpforte
scp-wiki-de	de	_raptor-tec	未訳-_raptor-tec	1	lilith-und-samson
scp-wiki-de	de	_vertont	未訳-_vertont	1	scp-7726
scp-wiki-de	de	abenteuer	未訳-abenteuer	1	amnesie-1
scp-wiki-de	de	abnormalitäten	未訳-abnormalitäten	1	scp-3790
scp-wiki-de	de	agent-neremsa	未訳-agent-neremsa	1	apres-aleph-partie-1-le-commencement
scp-wiki-de	de	amoni-ram	未訳-amoni-ram	1	rounderhouse-gold-proposal
scp-wiki-de	de	anonym-augen	未訳-anonym-augen	1	nexus-7-1
scp-wiki-de	de	bailey-brüder	未訳-bailey-brüder	1	multi-u-101
scp-wiki-de	de	beweglich	未訳-beweglich	1	scp-5595
scp-wiki-de	de	cel-shaded	未訳-cel-shaded	1	pataphysics-department-artworkpage
scp-wiki-de	de	demon	未訳-demon	1	deleted:scp-351-de
scp-wiki-de	de	der-alte-mann	未訳-der-alte-mann	1	scp-8066
scp-wiki-de	de	direktor-gillespie	未訳-direktor-gillespie	1	scp-1848
scp-wiki-de	de	direktorin-gillespie	未訳-direktorin-gillespie	1	folly
scp-wiki-de	de	doktor	未訳-doktor	1	scp-1848
scp-wiki-de	de	doktor-benji	未訳-doktor-benji	1	apres-aleph-partie-1-le-commencement
scp-wiki-de	de	doktor-frog	未訳-doktor-frog	1	apres-aleph-partie-1-le-commencement
scp-wiki-de	de	doktor-grym	未訳-doktor-grym	1	apres-aleph-partie-1-le-commencement
scp-wiki-de	de	doktor-iceberg	未訳-doktor-iceberg	1	duke-till-dawn
scp-wiki-de	de	doktor-sinclair	未訳-doktor-sinclair	1	chapter-2-here-comes-the-bogeyman
scp-wiki-de	de	doktor-sokolsky	未訳-doktor-sokolsky	1	scp-7000
scp-wiki-de	de	doktor-spanko	未訳-doktor-spanko	1	scp-5004
scp-wiki-de	de	eliminiert	未訳-eliminiert	1	asp-128-de-el
scp-wiki-de	de	eo	未訳-eo	1	scp-eo-416
scp-wiki-de	de	esoterisch	未訳-esoterisch	1	scp-8699
scp-wiki-de	de	eurtec	未訳-eurtec	1	centre-embargo
scp-wiki-de	de	feindselig	未訳-feindselig	1	scp-3812
scp-wiki-de	de	forscher-conwell	未訳-forscher-conwell	1	no-one-should-be-alone
scp-wiki-de	de	forscher-james	未訳-forscher-james	1	scp-extended-log-in-a-box
scp-wiki-de	de	forscher-labelle	未訳-forscher-labelle	1	scp-1848
scp-wiki-de	de	forscher-lloyd	未訳-forscher-lloyd	1	scp-3856
scp-wiki-de	de	foundation-collective	未訳-foundation-collective	1	ein-seltsamer-tagtraum-so-suess-wie-gift
scp-wiki-de	de	gefahr	未訳-gefahr	1	scp-2204
scp-wiki-de	de	gemalt	未訳-gemalt	1	olicus-art
scp-wiki-de	de	glossar	未訳-glossar	1	glossar
scp-wiki-de	de	goc	未訳-goc	1	neun-8
scp-wiki-de	de	graviert	未訳-graviert	1	deleted:skp-035
scp-wiki-de	de	griechisch	未訳-griechisch	1	scp-074-el
scp-wiki-de	de	großer-grüner-gott	未訳-großer-grüner-gott	1	scp-193-de
scp-wiki-de	de	gustatorisch	未訳-gustatorisch	1	scp-618
scp-wiki-de	de	herzerwärmend	未訳-herzerwärmend	1	scp-442-de
scp-wiki-de	de	home-wonders	未訳-home-wonders	1	scp-pl-005
scp-wiki-de	de	insektenhölle	未訳-insektenhölle	1	scp-4991
scp-wiki-de	de	kai	未訳-kai	1	scp-1134-jp
scp-wiki-de	de	kino	未訳-kino	1	scp-3922
scp-wiki-de	de	kognitive-gefahr	未訳-kognitive-gefahr	1	scp-267-de
scp-wiki-de	de	koktor-cimmerian	未訳-koktor-cimmerian	1	scp-1848
scp-wiki-de	de	kommissar-mortarion	未訳-kommissar-mortarion	1	apres-aleph-partie-1-le-commencement
scp-wiki-de	de	korrosiv	未訳-korrosiv	1	scp-007-int
scp-wiki-de	de	kuh	未訳-kuh	1	scp-372-de
scp-wiki-de	de	künstler	未訳-künstler	1	olicus-art
scp-wiki-de	de	lefty	未訳-lefty	1	scp-1040-ru
scp-wiki-de	de	leichnahm	未訳-leichnahm	1	scp-396-de
scp-wiki-de	de	mann	未訳-mann	1	scp-1848
scp-wiki-de	de	master-yami	未訳-master-yami	1	scp-1134-jp
scp-wiki-de	de	mental	未訳-mental	1	scp-057-de
scp-wiki-de	de	metallisch	未訳-metallisch	1	scp-6500
scp-wiki-de	de	metamorph	未訳-metamorph	1	scp-3812
scp-wiki-de	de	midnight-club	未訳-midnight-club	1	scp-877-ko
scp-wiki-de	de	mtf	未訳-mtf	1	deleted:scp-351-de
scp-wiki-de	de	mujin-garn	未訳-mujin-garn	1	secure-facility-dossier-site-64k
scp-wiki-de	de	mujin-getsudō-shū	未訳-mujin-getsudō-shū	1	kontrollverlust
scp-wiki-de	de	narrativ	未訳-narrativ	1	scp-3812
scp-wiki-de	de	oi	未訳-oi	1	scp-001-it-graf
scp-wiki-de	de	personal	未訳-personal	1	o4-12
scp-wiki-de	de	personal-art	未訳-personal-art	1	olicus-art
scp-wiki-de	de	pig	未訳-pig	1	scp-7-3-pig-j
scp-wiki-de	de	poster	未訳-poster	1	pataphysics-department-artworkpage
scp-wiki-de	de	produktiv	未訳-produktiv	1	scp-5191
scp-wiki-de	de	psychologischer-horror	未訳-psychologischer-horror	1	scp-8480
scp-wiki-de	de	raptor_tec	未訳-raptor_tec	1	scp-400-de
scp-wiki-de	de	reisen-mit-öffentlichen-mitteln	未訳-reisen-mit-öffentlichen-mitteln	1	ein-langweiliger-valentinstag
scp-wiki-de	de	resource	未訳-resource	1	gamers-against-weed-dossier
scp-wiki-de	de	romance	未訳-romance	1	das-taegliche-leben-mit-einer-ausserirdischen
scp-wiki-de	de	s&c-plasics	未訳-s&c-plasics	1	site-87-faq
scp-wiki-de	de	s&c-plastic	未訳-s&c-plastic	1	scp-001-d
scp-wiki-de	de	science-fiction	未訳-science-fiction	1	das-taegliche-leben-mit-einer-ausserirdischen
scp-wiki-de	de	seuche	未訳-seuche	1	scp-328-de
scp-wiki-de	de	sga	未訳-sga	1	scp-sga-009
scp-wiki-de	de	sigurros	未訳-sigurros	1	scp-239
scp-wiki-de	de	simonie	未訳-simonie	1	amnesie-1
scp-wiki-de	de	skitter-marshall	未訳-skitter-marshall	1	iris-dark-girls-night-1
scp-wiki-de	de	solis-custodes	未訳-solis-custodes	1	scp-006-it
scp-wiki-de	de	thianer	未訳-thianer	1	scp-480-de
scp-wiki-de	de	uhr	未訳-uhr	1	scp-204-de
scp-wiki-de	de	untitled-series	未訳-untitled-series	1	scp-7365
scp-wiki-de	de	von-120s-archive	未訳-von-120s-archive	1	in-the-name-of-purity
scp-wiki-de	de	weihnachten	未訳-weihnachten	1	scp-4103
scp-wiki-de	de	zehn-punkte	未訳-zehn-punkte	1	scp-2521
scp-wiki-de	de	zerbrochene-maskerade	未訳-zerbrochene-maskerade	1	scp-6101
scp-wiki-de	de	ziegenähnlich	未訳-ziegenähnlich	1	scp-154-de
scp-wiki-de	de	zähne	未訳-zähne	1	scp-393-de
scp-wiki	en	scp-art	未訳-scp-art	769	1831-comic-excerpt,2-rhine-2-river,2521-emoji,2521-xxx,2k24biatch
scp-wiki	en	illustrated	未訳-illustrated	712	0-underture,0-unsinkable,001-blank-i,1-hachiro,1-remember-remember
scp-wiki	en	_cc4	未訳-_cc4	480	3ports-schools,a-man-in-a-cave,alex-thorley-goes-offline-for-shabbat,all-eyes-on-silesia-hub,am-i-in-heaven
scp-wiki	en	cel-shaded	未訳-cel-shaded	449	1831-comic-excerpt,2-rhine-2-river,2521-escaped,2k24biatch,4x4x4-cell
scp-wiki	en	_listpages	未訳-_listpages	429	2521-xxx,66-kaleidoscope,67-terminal-terminal,7owrpg,a-eulogy-in-eleven-eight-time
scp-wiki	en	painted	未訳-painted	388	2521-xxx,aberrant-factor-manual,acoriander,again-and-again-comic,agente-shuffle-s-art-page
scp-wiki	en	phenomenon	未訳-phenomenon	287	lily-s-proposal,scp-027,scp-033,scp-055,scp-1155
scp-wiki	en	series-hub	未訳-series-hub	245	12-days-of-christmas-hub,1998-911-hub,8000-dead-rats-hub,a-dark-forsaken-candle,above-all-stand-i
scp-wiki	en	personnel-art	未訳-personnel-art	223	4x4x4-cell,agent-carriontrooper-s-personnel-file,aiko-artpage,amai-s-art-gallery,art-contest-hub-characters
scp-wiki	en	sketched	未訳-sketched	207	abyssal,aethris-art,agent-carriontrooper-s-personnel-file,agente-shuffle-s-art-page,amai-s-art-gallery
scp-wiki	en	child	未訳-child	169	djkaktus-s-proposal,scp-009-j,scp-011-j,scp-018-j,scp-026
scp-wiki	en	foundation-personnel	未訳-foundation-personnel	163	captain-kirby-s-proposal,djkaktus-s-proposal-ii,djkaktus-s-proposal-iii,kate-mctiriss-s-proposal,rounderhouse-gold-proposal
scp-wiki	en	dream	未訳-dream	158	scp-046,scp-097,scp-1074,scp-1154,scp-1230
scp-wiki	en	unlisted	未訳-unlisted	158	unlisted:10576876,unlisted:106-takes-manhattan,unlisted:11502197,unlisted:11709943,unlisted:11832139
scp-wiki	en	goi-art	未訳-goi-art	152	aethris-art,agente-shuffle-s-art-page,aiko-artpage,amindele-s-art-page,art-contest-hub-goi
scp-wiki	en	logo	未訳-logo	123	achievement-badges,aethris-art,art:049-but-logos,art:a-art-page-for-mtf-insignias-and-my-other-art-john-hamme,art:alternative-acroamatic-abatement-logo
scp-wiki	en	anomalous-event	未訳-anomalous-event	117	captain-kirby-s-proposal,etc-proposal,lily-s-proposal,nicos-proposal-ii,scp-092-vn
scp-wiki	en	deity	未訳-deity	99	001-blank-i,bleep-s-onyx-proposal,dyfscp0012,kate-mctiriss-s-proposal,liz-the-gm-s-proposal
scp-wiki	en	comic	未訳-comic	96	1831-comic-excerpt,2521-escaped,2521-xxx,4x4x4-cell,a-spin-around-the-library
scp-wiki	en	poster	未訳-poster	96	ananomalouswriter-s-wallpaper-place-and-more,art:5001-j-cover,art:a-death-in-containment,art:a-glimpse-onto-an-imperfect-poster,art:a-metropolis-amidst-the-sands
scp-wiki	en	animated	未訳-animated	88	a-green-squid-kid-s-arts-n-crafts,aethris-art,aiko-artpage,art:9kcon-boss-fight,art:angelus-abyss
scp-wiki	en	image-editing	未訳-image-editing	87	4784-va2024-art,a-dodo-mission,a-self-portrait,art:2025-art-exchange-bad-data,art:a-basilisk
scp-wiki	en	pixel-art	未訳-pixel-art	87	aethris-art,art-page-of-allerarey,art:4943-pixel-art,art:9kcon-boss-fight,art:angelus-abyss
scp-wiki	en	archaeological	未訳-archaeological	79	rounderhouse-bone-proposal,rounderhouse-gold-proposal,rounderhouse-jade-proposal,scp-089,scp-1050
scp-wiki	en	group-hub	未訳-group-hub	78	aiad-homescreen,alexylva-university-hub,ambrose-restaurant-hub,anderson-robotics-hub,anomalous-entity-engagement-division-hub
scp-wiki	en	deepwell-catalog	未訳-deepwell-catalog	72	a-hymn-for-pandora,admonition,apas,art:8980anniversary,art:art-mycotherapy-6747-pix
scp-wiki	en	canon-hub	未訳-canon-hub	58	aces-and-eights,ad-astra-per-aspera-hub,aiad-homescreen,antarctic-exchange-hub,apotheosis-hub
scp-wiki	en	sigurros	未訳-sigurros	58	a-nightmare-on-17th-street,a-suicide-note,and-this-one-explains-humes,aorebar0222,arnven-burns
scp-wiki	en	tale-art	未訳-tale-art	57	amindele-s-art-page,art-contest-hub-tales,art:a-glimpse-onto-an-imperfect-poster,art:abominations,art:act-your-age-harryblank-fanart
scp-wiki	en	chaos-on-the-monolith	未訳-chaos-on-the-monolith	55	a-i-e-activation-log-f232,adnan-s-alibi,all-they-are-is-them,all-they-will-be-is-them,all-we-are-is-us
scp-wiki	en	outlined	未訳-outlined	49	2521-emoji,agente-shuffle-s-art-page,art:a-glimpse-onto-an-imperfect-poster,art:abominations,art:artwork-105-and-073
scp-wiki	en	task-force-art	未訳-task-force-art	44	aethris-art,art-contest-hub-mtf,art:a-17-mobile-air-force,art:a-art-page-for-mtf-insignias-and-my-other-art-john-hamme,art:ambush
scp-wiki	en	colored-pencil	未訳-colored-pencil	40	april-fools-2021,art:049eyestrainthing,art:art-exchange-gift-for-wynths,art:aspenq-pride-art-2026,art:dash-aleph-does-not-exist
scp-wiki	en	alcohol	未訳-alcohol	39	rounderhouse-proposal,scp-1541,scp-1626,scp-1933,scp-195
scp-wiki	en	eurtec	未訳-eurtec	39	5-veil-tiers,a-friendly-guide-to-the-katharsys-music-festival,art:locations-of-interest,because,bleep-s-onyx-proposal
scp-wiki	en	inked	未訳-inked	35	art:a-normal-day,art:alex-thorley-is-on-a-poster,art:arsene-lupin-vs-the-doodle-foundation,art:but-happiness-can-t-come-before-its-fall,art:dino-bday-shitpost
scp-wiki	en	3d-rendered	未訳-3d-rendered	34	10th-animation,ananomalouswriter-s-wallpaper-place-and-more,art:079-scp-short-animation,art:ananomalouswriter-s-3d-wallpapers,art:countchrisdo
scp-wiki	en	blue-blooded-alien	未訳-blue-blooded-alien	32	after-action-report-incident-6118-7513-19-20230214,agent-calendars-hot-date-2,alienness-notwithstanding,altitudes-hub,ambrose-kepler
scp-wiki	en	skitter-marshall	未訳-skitter-marshall	32	a-completely-normal-employee-initiation-ritual-that-definite,a-wolf-at-the-door,abasedebase,aiko-artpage,all-that-glitter-s-is-fool-s-gold
scp-wiki	en	untitled-series	未訳-untitled-series	32	a-thorley-little-christmas,alex-thorley-goes-on-a-blind-date,bagel,baroque-unreality,burger
scp-wiki	en	pig	未訳-pig	30	scp-1551-ex,scp-2430,scp-2717,scp-2727,scp-2779
scp-wiki	en	doctor-rydderech	未訳-doctor-rydderech	29	0-underture,001-blank-i,22-borrowing-trouble,29-meeting-in-the-middle,44-next-to-nothing
scp-wiki	en	dragon	未訳-dragon	29	scp-021,scp-111,scp-1154,scp-1762,scp-2454
scp-wiki	en	wrong-tomorrow	未訳-wrong-tomorrow	26	18-the-only-constant,19-detour-de-force,20-not-my-day,21-the-short-version,22-borrowing-trouble
scp-wiki	en	i-didnt-forget	未訳-i-didnt-forget	25	i-didn-t-forget-hub,i-didn-t-forget-pt-1-the-galaxy-plaza-disaster,i-didn-t-forget-pt-10-the-serpent-s-hand,i-didn-t-forget-pt-11-the-jailors,i-didn-t-forget-pt-12-site-17
scp-wiki	en	unusual-cargo	未訳-unusual-cargo	25	excerpt-of-the-naelkaen-bestiary-ruensaastilaepsia,excerpt-of-the-naelkaen-bestiary-the-koepiokoerae,excerpt-of-the-naelkaen-bestiary-the-vasasoonenuetae,fish-out-of-water,from-moore
scp-wiki	en	_crom-hidden	未訳-_crom-hidden	24	an-evening-with-bright,codebrown,dr-bright-s-personnel-file,scp-001-o5,scp-029
scp-wiki	en	hana-thompson	未訳-hana-thompson	24	adrift-in-an-ocean-of-memories,alittlepush,clouded-judgement,deadgirlwalking,deer-girl-bq
scp-wiki	en	news-prompt	未訳-news-prompt	24	another-xk-another-dollar,blistering-budget,critter-profile-yvette,if-im-being-honest,pigs-is-pigs
scp-wiki	en	photographed	未訳-photographed	24	art:asgore-s-alphabet-art-annex,art:buttspoons-fanart,art:chode-to-joy,art:emotionalentropy-8980-art,art:hand-drawn-cassy
scp-wiki	en	stillborn-skies	未訳-stillborn-skies	22	a-i-e-activation-log-f232,adnan-s-alibi,all-they-are-is-them,all-they-will-be-is-them,all-we-are-is-us
scp-wiki	en	amoni-ram	未訳-amoni-ram	20	art:artex-8600,art:holiday-exchange-gold,art:miss-lapis-visual-archives,art:sweetlapiskeyboard-goldproposalfanart,artyurt
scp-wiki	en	maria-johnston	未訳-maria-johnston	20	a-tale-of-two-chugwaters,lost-souls-broken-toys-chapter-1,lost-souls-broken-toys-chapter-2,moving-on,scp-042-int
scp-wiki	en	bury-the-survivors	未訳-bury-the-survivors	19	0-underture,1-remember-remember,10-under-new-direction,11-turnover,12-aromantic-abatement
scp-wiki	en	deadlined	未訳-deadlined	19	43-nothing-happens,44-next-to-nothing,45-nothing-to-worry-about,46-nothing-changes,47-past-caring
scp-wiki	en	the-twin-sites	未訳-the-twin-sites	19	a-tale-of-two-mailrooms,an-approval-for-shadows,art:branches-reaching-home-art,art:sage-west,art:sage-west-s-guide-to-making-dead-men-talk-art
scp-wiki	en	greg-chudley	未訳-greg-chudley	18	a-tale-of-two-chugwaters,a-wyoming-frog-in-pierre,crocosquid-vs-kong,karen-queen-of-the-monsters,lost-souls-broken-toys-chapter-1
scp-wiki	en	pseudogenesis	未訳-pseudogenesis	17	4012-the-play,bridge,dissonance,marquee-moon,pseudogenesis-productions-hub
scp-wiki	en	straight-on-til-morning	未訳-straight-on-til-morning	16	all-along,dossier-fsf-delivery,first55,five-years,hamibombard1
scp-wiki	en	eternal-mxtape	未訳-eternal-mxtape	15	being-known,extra-salty,nightmare-on-archer-row-part-2,scp-4581,scp-4784
scp-wiki	en	stop-making-sense	未訳-stop-making-sense	15	found-a-job,scp-1983-ex,scp-9067,scp-9068,scp-9137
scp-wiki	en	director-richter	未訳-director-richter	14	broken-wings-and-mended-hearts,revelations-of-the-author,scp-042-int,scp-2704,scp-6187
scp-wiki	en	doctor-shaw	未訳-doctor-shaw	13	art:kurtbroppa-s-artwork-hub,containment-breach-the-musical,digging-up-the-past,nicos-stupid-proposal,persephone-project
scp-wiki	en	with-the-old-gods	未訳-with-the-old-gods	13	cat-got-your-tongue,love-across-a-nonbinary-spectrum,medea-filicidium,multi-goddess-drifting,on-the-rails
scp-wiki	en	in-saffron-sands	未訳-in-saffron-sands	12	god-i-hate-this,i-miss-you,last-train-home,lo-behold-the-tiger,saffronsands-hub
scp-wiki	en	_graveyard-shift	未訳-_graveyard-shift	11	blinded-by-white-light,elk-rock-island,goodnight-sweet-dreams,muddy-skies,scp-6106
scp-wiki	en	crowne-of-thornes	未訳-crowne-of-thornes	11	calling-on-the-blackbird,crowne-thorne-hub,decryption-by-a-necromancer,foundation-on-trial,funeral-for-the-phoenix
scp-wiki	en	miracle-liberation-front	未訳-miracle-liberation-front	11	scp-6073,scp-6344,scp-6428,scp-6577,scp-6772
scp-wiki	en	new-faces	未訳-new-faces	11	a-team-you-can-maybe-trust,bottom-floor,gomboc,jolly-cooperation,light-and-the-mole
scp-wiki	en	phoenix-nightingale-magpies	未訳-phoenix-nightingale-magpies	11	a-scp-ab,finding-scalpel,florence-thorne-hub,greater-good-necessary-evil,individual-efficacy
scp-wiki	en	wrathcon2024	未訳-wrathcon2024	10	a-merciful-end,asset-florida-orange,cooked,nosedive,revel-in-wrath-revived
scp-wiki	en	_the-bureaucrat	未訳-_the-bureaucrat	9	kill-nothing-but-time,scp-5754,scp-6052,scp-6061,scp-6655
scp-wiki	en	doctor-vang	未訳-doctor-vang	9	gamedaypart1index,gdp2-basking-in-the-light,in-his-own-image-part-4,scenes-from-a-comprehensive-clusterfuck,scp-j
scp-wiki	en	red-queens-race	未訳-red-queens-race	8	art:art-exchange-2025:gift-for-intercedent,fallout,greenlight,gunsight,handjob
scp-wiki	en	deletable	未訳-deletable	7	blue-blooded-blues,scp-261-experiment-log-ii,scp-9142,scp-9276,scp-9544
scp-wiki	en	lost-series	未訳-lost-series	7	lost-scp-series,scp-l055,scp-l056,scp-l100,scp-l425
scp-wiki	en	_townhouse	未訳-_townhouse	6	elsquibbonator,scp-2744,scp-6202,scp-6274,scp-6431
scp-wiki	en	opus-confident	未訳-opus-confident	6	opusconfidant,opusconfidant-april-1st-2023-spotlight,opusconfidant-orientation,resistile-decomm-attempt,scp-vs-j
scp-wiki	en	_pseudogenesis	未訳-_pseudogenesis	4	4012-the-play,bridge,self-expression-collection,the-color-of-static
scp-wiki	en	deletion-range	未訳-deletion-range	3	scp-9124-the-probe,scp-9459,shards-of-glass
scp-wiki	en	_homo-sapiens-sidhe	未訳-_homo-sapiens-sidhe	2	spring-again,where-dragons-dwell
scp-wiki	en	_joicl	未訳-_joicl	2	drzewa-wolnosci,joicl8kdr
scp-wiki	en	_sapphire	未訳-_sapphire	1	zetetic-bulletin-wu-xing-iris
lafundacionscp	es	ooo	未訳-ooo	1683	15-11-2012,241-tl02,5700-years-later-vo,7-ghost-story-in-the-site-29,a-child-to-teach
lafundacionscp	es	_imagen	未訳-_imagen	672	a-new-age-of-magic,about-deer,abwesenheit,ad-astra-per-aspera-hub,adoption-poster-darius
lafundacionscp	es	o	未訳-o	360	0-texts-found,10-mr-mission,11-mr-feather,14-mr-brass,15-ms-sweetie
lafundacionscp	es	clase-esotérica	未訳-clase-esotérica	295	amamiel-s-proposal,cimmerian-kaktus-proposal,consilium-fulminis,director-bold-s-proposal-j,djkaktus-s-proposal-iii
lafundacionscp	es	espacio-tiempo	未訳-espacio-tiempo	225	dr-manns-proposal,jiraku-mogana-s-proposal,keter-duty,proposition-du-dr-johannes,roget-s-proposal-vo
lafundacionscp	es	tema	未訳-tema	130	component:backdoor-soho-theme,component:cogtheme,component:halloween-2020-theme,component:letters-theme,component:mc-d-i-57
lafundacionscp	es	_san-valentin	未訳-_san-valentin	99	fragment:san-valentin-1,fragment:san-valentin-10,fragment:san-valentin-11,fragment:san-valentin-12,fragment:san-valentin-13
lafundacionscp	es	física	未訳-física	87	dr-manns-proposal,scp-020-fr,scp-074,scp-1047,scp-1141
lafundacionscp	es	_imagen-inglés	未訳-_imagen-inglés	84	about-deer,apotheosis-hub,appel-nocturne,arcadia-hub,confirmed-sightings
lafundacionscp	es	señor	未訳-señor	81	1-mr-headless,10-mr-mission,11-mr-feather,13-mr-purple,14-mr-brass
lafundacionscp	es	gdi2014	未訳-gdi2014	72	5th-global-occult-coalition-donation,a-darke-tale-new-age,are-we-cool-yet-hub,asymptomatic-carrier,birth-of-the-cool
lafundacionscp	es	componente	未訳-componente	63	component:acs-animation,component:advanced-information-methodology,component:aers:classification-stuff,component:author-label,component:author-label-source
lafundacionscp	es	estatua	未訳-estatua	59	scp-011,scp-012-pt-vo,scp-027-fr,scp-050,scp-089
lafundacionscp	es	madera	未訳-madera	59	scp-006-jp,scp-1036,scp-104,scp-1063,scp-1125
lafundacionscp	es	ensoñación	未訳-ensoñación	51	propuesta-de-orca-onirica,scp-097,scp-1074,scp-1154,scp-1230
lafundacionscp	es	deidad	未訳-deidad	49	propuesta-de-orca-onirica,sandrewswann-s-proposal,scp-089,scp-1440,scp-1541
lafundacionscp	es	obra-artística	未訳-obra-artística	48	amor-al-arte-de-rainbow,arte-es-hub,deleted:la-casita-de-virsh,dr-whitney-s-art-pile,escritorio-de-forecbai
lafundacionscp	es	_día-de-las-bromas	未訳-_día-de-las-bromas	45	alerta,amor-no-maternal,anti-es-264,arca-negra,boton-comida
lafundacionscp	es	inscrito	未訳-inscrito	44	scp-016-j,scp-035-ua,scp-1031,scp-1032,scp-1047
lafundacionscp	es	reptil-difícil-de-destruir	未訳-reptil-difícil-de-destruir	42	a-researcher-s-tale,a-world-s-legacy,addressing-the-second,archived-incident-076-2-682,big-weird-dog
lafundacionscp	es	_soluciones-de-wilson	未訳-_soluciones-de-wilson	40	a-donde-fueron-todos,adoption-poster-bandit,adoption-poster-darius,adoption-poster-lloyd,adoption-poster-ol-shock
lafundacionscp	es	pendiente	未訳-pendiente	40	scp-134-it,scp-1939-j,scp-2346-ex,scp-3181-jp,scp-3192-jp
lafundacionscp	es	intercambio-de-arte	未訳-intercambio-de-arte	39	a-history-of-reaction,a-working-theory,bird-review,cleon,condor
lafundacionscp	es	tres-portlands	未訳-tres-portlands	39	a-farewell-to-kings,about-deer,adoption-poster-lloyd,all-hallows,bal-chatri
lafundacionscp	es	sushi-oscuro	未訳-sushi-oscuro	38	alors-comme-ca-vous-voulez-tourner-des-sushis,critter-profile-shigastan,egg-drago,itamae-yami,koigarezaki-news-20210809
lafundacionscp	es	_clef	未訳-_clef	36	085-romance-adult,784incident1,agent-ukelele,clean-sweep,clef-and-dimitri-hit-the-road
lafundacionscp	es	instrumento	未訳-instrumento	33	scp-067,scp-1020,scp-1023,scp-1118,scp-1144
lafundacionscp	es	_mano-de-la-serpiente	未訳-_mano-de-la-serpiente	31	a-new-age-of-magic,a-quiet-night,cartas-del-mundo,doncella-tiempo,dragones-tonatiuh
lafundacionscp	es	amarillo	未訳-amarillo	31	scp-002-fr,scp-007-pt,scp-016-pt,scp-025-fr,scp-026-pt
lafundacionscp	es	dm2016	未訳-dm2016	30	a-convincing-lyre,an-impenitent-thief,another-goddamn-magic-system,avatara,black-lotus
lafundacionscp	es	sushiblade	未訳-sushiblade	30	alors-comme-ca-vous-voulez-tourner-des-sushis,egg-drago,itamae-yami,koigarezaki-news-20210809,otter-al-ajillo
lafundacionscp	es	vidrio	未訳-vidrio	29	scp-1023,scp-104,scp-1078,scp-1137,scp-1218
lafundacionscp	es	abc-de-la-muerte	未訳-abc-de-la-muerte	27	scp-7027,scp-7034,scp-7091,scp-7113,scp-7160
lafundacionscp	es	equipo-pájaro	未訳-equipo-pájaro	25	a-given-purpose,avian-anthology-i,avian-anthology-ii,bird,bird-review
lafundacionscp	es	subterraneo-con-2021	未訳-subterraneo-con-2021	25	el-abismo-de-odosha,exploracion-urbana-al-metro-de-mi-ciudad,kte-3770-ex-machina-pigmalion,la-cueva-entre-dimensiones,las-cuevas-del-bev
lafundacionscp	es	desmantelado	未訳-desmantelado	23	decomm:scp-083-d-vo,decomm:scp-1016-d-vo,decomm:scp-106-d-vo,decomm:scp-122-d-vo,decomm:scp-135-d-vo
lafundacionscp	es	#es_300	未訳-#es_300	22	concurso-scp-es-300,scp-es-300,scp-es-301,scp-es-303,scp-es-305
lafundacionscp	es	naranja	未訳-naranja	22	scp-006-fr,scp-014-fr,scp-036-fr,scp-054-fr,scp-060-fr
lafundacionscp	es	_marw-secreto	未訳-_marw-secreto	21	aut-viam-inveniam-aut-faciam,dc-yerko,deleted:la-casita-de-virsh,documentos-del-dr-klasz,el-cybercorral
lafundacionscp	es	relato-coleccionista	未訳-relato-coleccionista	21	1-mr-headless,10-mr-mission,11-mr-feather,13-mr-purple,14-mr-brass
lafundacionscp	es	verde	未訳-verde	21	scp-002-int,scp-006-int,scp-022-fr,scp-027-fr,scp-027-pt
lafundacionscp	es	_primer-lugar	未訳-_primer-lugar	20	cogito,doctor-muerte,manifesto793,mcd-fedora-del-fiestero,navidad-antartica-de-gauss-castillo-y-trash
lafundacionscp	es	catálogo-deepwell	未訳-catálogo-deepwell	20	hurt,scp-4175,scp-4260,scp-4415,scp-4518-vo
lafundacionscp	es	halloween-con-2020	未訳-halloween-con-2020	20	conoce-al-papelero,creek-wood-31-de-octubre-de-2018,halloween-con-2020,invitado,james-bones
lafundacionscp	es	omnívoro	未訳-omnívoro	20	scp-1710-jp,scp-2198-jp,scp-3341,scp-3465,scp-367
lafundacionscp	es	_segundo-lugar	未訳-_segundo-lugar	19	camila,eon-de-zaion,mas-alla-de-la-carcasa,noche-tranquila-en-sitio-34,scp-es-073
lafundacionscp	es	_tercer-lugar	未訳-_tercer-lugar	19	023-no-es-justo,la-hija-bien-amada,operacion-ambar,peligro-hipopotamos-de-medellin,redada-artistica
lafundacionscp	es	interactivo	未訳-interactivo	19	everyone-s-proposal,i-57-linea,pedantique-s-proposal,scp-001-and-a-half-j,scp-001-it-abad
lafundacionscp	es	personal-de-la-fundación	未訳-personal-de-la-fundación	19	scp-086,scp-139,scp-1669,scp-1943,scp-208
lafundacionscp	es	_sushi-oscuro	未訳-_sushi-oscuro	18	yamizushi-file-053,yamizushi-file-no033-d,yamizushi-file-no042,yamizushi-file-no052,yamizushi-file-no058
lafundacionscp	es	expedientes-cog	未訳-expedientes-cog	18	goc-supplemental-arad,goc-supplemental-basic-guide,goc-supplemental-equipment,goc-supplemental-humanoid-guide,goc-supplemental-implantation-fr
lafundacionscp	es	formato	未訳-formato	18	component:aapa-theme,component:area,component:colend,component:coltop,component:darkbodytheme
lafundacionscp	es	serie-sin-título	未訳-serie-sin-título	18	bagel,disintegration,give-me-back-to-the-sky,haunt-me,its-not-real-it-never-was-you-pathetic-fools
lafundacionscp	es	_coalición-oculta-global	未訳-_coalición-oculta-global	16	archival-document-hsa-008-advent,kte-2013-kapala-mendes,kte-2272-hogweed-van-allen-viridi,kte-3770-ex-machina-pigmalion,kte-6024-blit-nuntius
lafundacionscp	es	_reina-negra	未訳-_reina-negra	16	black-vassal,cassandra,evangelio-de-tamar-la-prostituta,la-cueva-entre-dimensiones,lambda-killer
lafundacionscp	es	cadáver-exquisito2020	未訳-cadáver-exquisito2020	16	deleted:deleted:scp-5068,scp-2023-ex,scp-5063,scp-5096,scp-5154
lafundacionscp	es	cristalino	未訳-cristalino	16	scp-1037,scp-1083,scp-1511,scp-1718,scp-2036
lafundacionscp	es	departamentocon2022	未訳-departamentocon2022	16	call-me,scp-6208,scp-6254-vo,scp-6261,scp-6468
lafundacionscp	es	relatocon10	未訳-relatocon10	16	all-they-want-is-the-blood,an-average-life,clef-dies,collected-data,dandelions
lafundacionscp	es	ubicon-2022	未訳-ubicon-2022	16	al-inframundo-y-de-regreso,alcohol-y-fuego,ambrose-tlaneyanco,hiperborea,kte-8926-negro-parallax-morfo
lafundacionscp	es	_unidad-de-incidentes-inusuales	未訳-_unidad-de-incidentes-inusuales	15	archivo-udii-2021-032,archivo-udii-2022-008,dossier-lph,irregularity-proposal-2001-489,paramax
lafundacionscp	es	cargas-inusuales	未訳-cargas-inusuales	15	manifest-327,manifest-476,manifest-704,manifest-803,manifesto793
lafundacionscp	es	cliché2019	未訳-cliché2019	15	fifthdation,foundation-internal-examinations-division-casefile-yykp-oyzz,scp-1322-j,scp-3597,scp-3634
lafundacionscp	es	cubo	未訳-cubo	15	scp-036-vn-vo,scp-090,scp-1125,scp-1441,scp-167
lafundacionscp	es	maestro-yami	未訳-maestro-yami	15	egg-drago,itamae-yami,koigarezaki-news-20210809,scp-1134-jp,scp-es-272
lafundacionscp	es	mapa	未訳-mapa	15	scp-1053,scp-1130,scp-1235,scp-175,scp-2332
lafundacionscp	es	pieza-de-relojería	未訳-pieza-de-relojería	15	scp-1032,scp-1244,scp-1525,scp-1808,scp-224
lafundacionscp	es	sigurrós	未訳-sigurrós	15	a-suicide-note,da-capo-al-fine,family,games-reality-benders-play,halloween-on-17th-street
lafundacionscp	es	dhea	未訳-dhea	14	all-along,dossier-fsf-delivery,first55,five-years,hamibombard1
lafundacionscp	es	rojo	未訳-rojo	14	scp-053-fr,scp-087-fr,scp-101-fr,scp-155-fr,scp-198-fr
lafundacionscp	es	steffano-gonzález	未訳-steffano-gonzález	14	9copas,distracciones,enfoque,estrella-blanca,integracion
lafundacionscp	es	víctor-penz	未訳-víctor-penz	14	casualidad,colaboracion,distracciones,enfoque,estrella-blanca
lafundacionscp	es	_amaro	未訳-_amaro	13	aut-viam-inveniam-aut-faciam,dc-yerko,deleted:la-casita-de-virsh,documentos-del-dr-klasz,el-cybercorral
lafundacionscp	es	_amogus	未訳-_amogus	13	buscando-la-biblioteca,creatividad,dc-yerko,deleted:la-casita-de-virsh,documentos-del-dr-klasz
lafundacionscp	es	_hampter	未訳-_hampter	13	aut-viam-inveniam-aut-faciam,buscando-la-biblioteca,dc-yerko,deleted:la-casita-de-virsh,documentos-del-dr-klasz
lafundacionscp	es	_int-all	未訳-_int-all	13	buscando-la-biblioteca,deleted:ficha-alienproof,ficha-alienproof,ficha-de-autor-de-ronnymodzz,ficha-de-shedd
lafundacionscp	es	_todo-era-un-sueño	未訳-_todo-era-un-sueño	13	a-second-chance-at-today,critter-profile-bakugo,critterprofile-otis,my-head-is-on-fire-and-im-not-ok,not-a-seagull-proposal
lafundacionscp	es	arcilla	未訳-arcilla	13	scp-030,scp-2101,scp-2426-jp,scp-357,scp-5034
lafundacionscp	es	dpto-folclore	未訳-dpto-folclore	13	brasilic-folklore-and-mythology,department-of-mythology-and-folkloristics-hub,scp-6078,scp-6087,scp-6097
lafundacionscp	es	necronomicon-2024	未訳-necronomicon-2024	13	aquella-extrana-mujer,aquella-gelida-noche,hatuey,la-rue-marecageuse,manifiesto-719
lafundacionscp	es	richard-dunwich	未訳-richard-dunwich	13	9copas,donde-es-posible-ver-al-creador-en-suma-majestuosidad,gouxuxo,mas-alla-de-la-carcasa,nadie-volvio-al-sitio-34
lafundacionscp	es	shrp	未訳-shrp	13	casualidad,comocreerenalgo,distracciones,enfoque,estrella-blanca
lafundacionscp	es	_marino	未訳-_marino	12	critter-profile-chel,danger-trunko,galabor-exe,manifest-476,scp-5181
lafundacionscp	es	_nadie	未訳-_nadie	12	charles-ogden-gears,close-encounter-with-nobody,jacklyn-diamandis-accountable-to-nobody,la-casa-de-nadie,nobody-is-the-true-westen-hero
lafundacionscp	es	dinastía-xia	未訳-dinastía-xia	12	about-the-serpent,church-of-the-broken-god-hub,document-2481,i-see-a-great-beast-within-the-fires,scp-2101
lafundacionscp	es	olimpia	未訳-olimpia	12	black-vassal,experiment-log-040,experiment-log-158-ag,experiment-log-784-beta,experiment-log-914-theta
lafundacionscp	es	proyecto-taumiel	未訳-proyecto-taumiel	12	clavis,corvus,cygnus,flos,lux
lafundacionscp	es	sapiente	未訳-sapiente	12	fishish-s-proposal-j,scp-0001-j,scp-0002-j,scp-001-d-j,scp-003-ua
lafundacionscp	es	vidnepa	未訳-vidnepa	12	esperanzas-de-resurrecion,imperfecta-creacion,la-ultima-noche-antes-del-comienzo,mori-consumida-volvi-moviendo-las-orejas,oem-hub
lafundacionscp	es	_calaca	未訳-_calaca	11	conoce-al-papelero,creek-wood-31-de-octubre-de-2018,james-bones,la-no-carroza-funeraria,los-pirules
lafundacionscp	es	memecon2021-no-oficial	未訳-memecon2021-no-oficial	11	scp-5493,scp-5561,scp-6169,scp-6363,scp-6529
lafundacionscp	es	negro	未訳-negro	11	proposition-du-dr-gray,proposition-du-dr-johannes,scp-042-pt,scp-185-fr,scp-237-fr
lafundacionscp	es	_individual	未訳-_individual	10	exploracion-urbana-al-metro-de-mi-ciudad,las-cuevas-del-bev,mcd-topo-extractor-de-minerales,mis-disculpas,pieza-n3-condena
lafundacionscp	es	_scp-es-zine	未訳-_scp-es-zine	10	dc-yerko,ficha-de-guengito,ficha-de-lechuga,ficha-de-shedd,ficha-personal-de-morhadow
lafundacionscp	es	_scptober	未訳-_scptober	10	escritorio-de-forecbai,ficha-de-guengito,ficha-de-the-helmet,galeria-de-agente-alan,galeria-de-artwolif
lafundacionscp	es	amalia-mondragón	未訳-amalia-mondragón	10	bestiario-expresionista,lost-in-the-translation,mismos-ojos-distinto-paisaje,ofrendas-34,proyecto-maniqui-arte
lafundacionscp	es	amaro-mondragón	未訳-amaro-mondragón	10	9copas,mismos-ojos-distinto-paisaje,proyecto-maniqui-arte,samuel-vuelve-para-siempre,scp-de-272
lafundacionscp	es	barrera	未訳-barrera	10	daffodils,good-fences-make-good-neighbors,in-the-end,project-palisade,project-palisade-test-log
lafundacionscp	es	dia-de-juego	未訳-dia-de-juego	10	game-day-1-die-hardest,game-day-1-dr-mause,game-day-1-johannes-sorts,game-day-1-smilers,gamedayindex
lafundacionscp	es	fenómeno	未訳-fenómeno	10	scp-1377,scp-1555-ko,scp-1597-ko,scp-480,scp-8153
lafundacionscp	es	festividad-2022	未訳-festividad-2022	10	26-07,concurso-festividades-2022,dia-del-astronauta,el-dia-cuando-dios-pidio-ayuda,la-pesadilla-en-un-viernes-de-halloween
lafundacionscp	es	mentiracon20	未訳-mentiracon20	10	hana-wo-taoru,scp-2113-jp,scp-2233-jp,scp-2472-jp,scp-2575-jp
lafundacionscp	es	poema	未訳-poema	10	26-07,a-poem-for-nobody,camila,hint-the-thing-is-173,me-oi
lafundacionscp	es	recurso	未訳-recurso	10	departments,dossier-personajes,esoteric-classes-complete-list,k-class-complete-list,list-of-foundation-s-internal-departments
lafundacionscp	es	sechud	未訳-sechud	10	hojas-oscuras-de-una-existencia-condenada,imperfecta-creacion,la-ultima-noche-antes-del-comienzo,oem-hub,puntos-blancos-etereos-siguen-reinando
lafundacionscp	es	shūshū-in	未訳-shūshū-in	10	collected-item-no1080,collected-item-no1091,koigarezaki-news-20210809,scp-1282-jp,scp-2707-jp
lafundacionscp	es	tou-hei	未訳-tou-hei	10	a-n-0064,critter-profile-shigastan,factorytohei,koigarezaki-news-20200602-1998ver,koigarezaki-news-20210809
lafundacionscp	es	_calabaza	未訳-_calabaza	9	galeria-de-naoya,invitado,lte-2020-goodrick,scp-es-204,scp-es-228
lafundacionscp	es	_corrupción	未訳-_corrupción	9	corruption-within-the-clown-industry,in-a-quiet-night,project-proposal-2014-012,scp-5295,scp-5383
lafundacionscp	es	_delicioso	未訳-_delicioso	9	adoption-poster-pearl,lance-and-bernard-s-culinary-capers,project-proposal-2018-145,scp-5031,scp-5211
lafundacionscp	es	_dios-roto	未訳-_dios-roto	9	broken-mind,galabor-exe,goac-chapter-2-js,gohw-chapter-5-dot-js,the-final-attack-on-eredomi
lafundacionscp	es	_insurgencia-del-caos	未訳-_insurgencia-del-caos	9	operacion-ambar,sc-02-000-22-000,sc-10-548-12-893,sc-13-234-14-362,sc-14-126-20-921
lafundacionscp	es	_ralsei	未訳-_ralsei	9	aut-viam-inveniam-aut-faciam,dc-yerko,deleted:la-casita-de-virsh,documentos-del-dr-klasz,el-cybercorral
lafundacionscp	es	amdao	未訳-amdao	9	donatello-s-sculpting-tools-circa-1409,farfalla-di-ossidiana,goliath-circa-1505,hub-madao,mon-amour-et-ma-aide-circa-1518
lafundacionscp	es	blanco	未訳-blanco	9	scp-007-int,scp-023-pt,scp-100-fr,scp-113-fr,scp-193-de
lafundacionscp	es	calle-embriaguez	未訳-calle-embriaguez	9	collected-item-no1091,jiraku-mogana-s-proposal,scp-1421-jp,scp-1681-jp,scp-1922-jp
lafundacionscp	es	crimen-con-2021	未訳-crimen-con-2021	9	crimen-con-2021,muerteirrelevante,peligro-hipopotamos-de-medellin,scp-es-211,scp-es-230
lafundacionscp	es	destacado	未訳-destacado	9	archivo-de-articulos-destacados-es,registro-de-articulos-destacados,registro-de-formatos-destacados,registro-de-paginas-variadas,registro-de-relatos-destacados
lafundacionscp	es	espacial	未訳-espacial	9	scp-104-pt,scp-1973,scp-199-pt,scp-2590,scp-3788
lafundacionscp	es	patrimonio-jp	未訳-patrimonio-jp	9	heritage-collection-jp,scp-040-jp,scp-062-jp,scp-094-jp,scp-100-jp
lafundacionscp	es	takao	未訳-takao	9	otter-al-ajillo,scp-1134-jp,sushi-3-2-1-hey-rassyai,sushiblade,yamizushi-file-no052
lafundacionscp	es	_espíritu-de-chicago	未訳-_espíritu-de-chicago	8	carroll-105-the-jabberwock,carroll-188-gemini,carroll-305-la-pequena-habana,chicago-factory,old-family-recipe
lafundacionscp	es	ccsj	未訳-ccsj	8	paganos,proposition-du-dr-macro,scp-001-it-graf,scp-015-it,scp-066-it
lafundacionscp	es	compañía-black-rabbit	未訳-compañía-black-rabbit	8	memebodies,scp-2085,scp-2085-vo,scp-2117,scp-2722
lafundacionscp	es	componente-backend	未訳-componente-backend	8	component:audio-player-woed-source,component:blacklight-box-source,component:discord-chat-source,component:flops-header-source,component:image-features-source
lafundacionscp	es	corto2023	未訳-corto2023	8	scp-3072-jp,scp-3192-jp,scp-3228-jp,scp-3335-jp,scp-3823-jp
lafundacionscp	es	elma	未訳-elma	8	early-summer-5000000000000000,eden-leap-001,grant-request-for-the-kingdom-of-prometheus,scp-2650-jp,scp-588-jp
lafundacionscp	es	equipocon20	未訳-equipocon20	8	conceive-a-shuriken,eden-leap-001,grant-request-for-the-kingdom-of-prometheus,scp-2650-jp,scp-2949-jp
lafundacionscp	es	facciones-saiga	未訳-facciones-saiga	8	collected-item-no1091,ghost-sign,goi2015-saiga,koigarezaki-news-911-1998-ver,scp-1300-jp
lafundacionscp	es	heraldo	未訳-heraldo	8	scp-6270,scp-6271,scp-6272,scp-6273,scp-6274
lafundacionscp	es	liga-pensadores-pájaro-verano	未訳-liga-pensadores-pájaro-verano	8	aquila-adalberti-series-mechanical-exoskeleton,grant-request-for-the-kingdom-of-prometheus,koigarezaki-news-20200602-1998ver,r-sinano-chuo-co-jp-2038-05-18-1730hk1,sc-99-734-01-506
lafundacionscp	es	llave	未訳-llave	8	mackenzie-s-proposal,scp-004,scp-005,scp-1016,scp-1031
lafundacionscp	es	orden-de-la-luz	未訳-orden-de-la-luz	8	a-piece-of-his-mind,critter-profile-shigastan,proposition-du-dr-macro,scp-010-int,scp-038-fr
lafundacionscp	es	_amdao	未訳-_amdao	7	donatello-s-sculpting-tools-circa-1409,goliath-circa-1505,la-foi-de-la-paix-circa-2011,mon-amour-et-ma-aide-circa-1518,reloj-de-sol
lafundacionscp	es	_cargas-inusuales	未訳-_cargas-inusuales	7	manifest-327,manifest-476,manifest-704,manifest-803,manifesto793
lafundacionscp	es	_i-57	未訳-_i-57	7	peligro-hipopotamos-de-medellin,peligro-igniciervos,scp-es-113,scp-es-120,scp-es-134
lafundacionscp	es	_iniciativa-horizonte	未訳-_iniciativa-horizonte	7	0-texts-found,book-of-isaac-son-of-zadok,el-monolito-del-miedo,excerpts-regarding-st-sophia,the-parable-of-the-conscript
lafundacionscp	es	_orai	未訳-_orai	7	memorandum-083-regarding-project-guardianship,memorandum-321-regarding-project-707,oria-001,oria-025-117,oria-4533
lafundacionscp	es	_restaurantes-ambrose	未訳-_restaurantes-ambrose	7	ambrose-backdoor-soho,ambrose-esterberg,ambrose-nyc,ambrose-temecula,ambrose-tlaneyanco
lafundacionscp	es	_últimaspalabrasfamosas	未訳-_últimaspalabrasfamosas	7	clowncon-time-clowns-temporal-tomfoolery,herman-fuller-presents-peter-cottontail-s-cotton-candy,one-hour-left-vo,scp-2011-ex,scp-5297
lafundacionscp	es	cangrejo-azulado	未訳-cangrejo-azulado	7	las-cosas-que-se-quedan,nadie-nadie-y-cangre,nadie-volvio-al-sitio-34,scp-es-264,scp-es-274
lafundacionscp	es	concurso-relatos-cortos	未訳-concurso-relatos-cortos	7	concurso-de-relatos-cortos,la-hija-bien-amada,navidad-antartica-de-gauss-castillo-y-trash,noche-tranquila-en-sitio-34,scp-1millon
lafundacionscp	es	crc2018	未訳-crc2018	7	cogito,concurso-de-relatos-cortos-2018,el-juicio-de-los-herejes,la-zona-del-no-silencio,mas-alla-de-la-carcasa
lafundacionscp	es	crisis-manhattan	未訳-crisis-manhattan	7	koigarezaki-news-911-1998-ver,sc-99-734-01-506,scp-2911-jp,scp-2912-jp,september-eleven-prequel
lafundacionscp	es	d.i.m.v.	未訳-d.i.m.v.	7	bestiario-expresionista,colaboracion,laultimadanza,ocho-veladoras,proyecto-maniqui-arte
lafundacionscp	es	dr-merlín	未訳-dr-merlín	7	mi-fundacion-scp-es,nadie-volvio-al-sitio-34,plantas-san-valentin,scp-es-101-j,scp-es-132
lafundacionscp	es	nuestras-venas-abiertas	未訳-nuestras-venas-abiertas	7	hatuey,la-promesa,ofrendas-tres-muertes,scp-6038,scp-6755
lafundacionscp	es	otpagaj	未訳-otpagaj	7	koigarezaki-news-0517,koigarezaki-news-20210809,koigarezaki-news-911-1998-ver,scp-170-jp,scp-6946
lafundacionscp	es	programa-de-integración	未訳-programa-de-integración	7	scp-1046,scp-5104,scp-5175,scp-5595,scp-6453
lafundacionscp	es	proyecto-arca	未訳-proyecto-arca	7	a-n-0064,deus-ex-arca,grant-request-for-development-of-nurturing-and-education,making-2000-hub,scp-2626-jp
lafundacionscp	es	robert-castillo	未訳-robert-castillo	7	cenizas,lost-in-the-translation,navidad-antartica-de-gauss-castillo-y-trash,noche-tranquila-en-sitio-34,scp-es-020
lafundacionscp	es	simbun-koigarezaki	未訳-simbun-koigarezaki	7	koigarezaki-news-0517,koigarezaki-news-20200602-1998ver,koigarezaki-news-20210809,koigarezaki-news-911-1998-ver,the-new-sunset
lafundacionscp	es	sol-oculto	未訳-sol-oculto	7	appel-nocturne,centre-quand-le-soleil-se-couche,je-viens-pour-aider,scp-356,scp-fra31-236
lafundacionscp	es	óscar-ibarra	未訳-óscar-ibarra	7	9copas,comocreerenalgo,enfoque,estrella-blanca,lazos
lafundacionscp	es	_aijeca	未訳-_aijeca	6	ankoshoku,kashi-sei,osanshouo,project-koza,project-shin-seikatsu-1986
lafundacionscp	es	_explosiones	未訳-_explosiones	6	herman-fuller-presents-eucestodiel,scp-5028,scp-5043,scp-5404,scp-5526-vo
lafundacionscp	es	_participante	未訳-_participante	6	galeria-de-naoya,scp-es-110,scp-es-133,scp-es-135,scp-es-196
lafundacionscp	es	_synthaxis	未訳-_synthaxis	6	apoqliphort,aut-viam-inveniam-aut-faciam,dc-yerko,documentos-del-dr-klasz,ficha-de-autor-de-ronnymodzz
lafundacionscp	es	antología-de-fobias	未訳-antología-de-fobias	6	scp-3246,scp-8465,scp-8480,scp-8490,scp-8770
lafundacionscp	es	asociación-de-la-no-rotación-del-sushi	未訳-asociación-de-la-no-rotación-del-sushi	6	koigarezaki-news-20210809,sushi-3-2-1-hey-rassyai,yamizushi-file-no052,yamizushi-file-no064,yamizushi-file-no1000
lafundacionscp	es	caballeros	未訳-caballeros	6	les-gentilshommes-humanistes-centre,proposition-du-dr-macro,scp-009-int,scp-1709-jp,scp-198-fr
lafundacionscp	es	circo-carne	未訳-circo-carne	6	bad-job,scp-1016-ru,scp-1027-ru,scp-1065-ru,scp-1069-ru
lafundacionscp	es	clan-isanagi	未訳-clan-isanagi	6	collected-item-no1080,collected-item-no1091,jiraku-mogana-s-proposal,koigarezaki-news-20200602-1998ver,r-sinano-chuo-co-jp-2038-05-18-1730hk1
lafundacionscp	es	club-sekiryu	未訳-club-sekiryu	6	ella-solo-queria-calmarse,hana-wo-taoru,scp-170-jp,scp-647-jp,scp-689-ko
lafundacionscp	es	colmena	未訳-colmena	6	a-piece-of-his-mind,scp-005-int,scp-008-int,scp-009-int,scp-010-int
lafundacionscp	es	culto-chopin	未訳-culto-chopin	6	critter-profile-shigastan,early-summer-1998,scp-1710-jp,scp-pl-243,uiu-file-1999-074
lafundacionscp	es	cupido2021	未訳-cupido2021	6	heart-and-sol,herman-fuller-presents-the-tunnel-of-love,scp-4509,scp-5164-vo,scp-5659
lafundacionscp	es	dpto-surrealismo	未訳-dpto-surrealismo	6	scp-4923,scp-5145,scp-5759,scp-6276,scp-6575
lafundacionscp	es	eurtec	未訳-eurtec	6	5-veil-tiers,halfway-lost,in-the-dark,moonlighting,scp-2744
lafundacionscp	es	imagen2019	未訳-imagen2019	6	imagen-con-2019,scp-es-110,scp-es-133,scp-es-135,scp-es-196
lafundacionscp	es	kai	未訳-kai	6	egg-drago,scp-1134-jp,sushi-3-2-1-hey-rassyai,sushiblade,yamizushi-file-no1000
lafundacionscp	es	la-reina-de-la-nada	未訳-la-reina-de-la-nada	6	el-nacer-de-nadie,la-casa-de-nadie,lareinadelanadahub,las-reinas-de-nadie,tomemos-un-trago-de-verdad-lo-necesitamos
lafundacionscp	es	mano-del-dinodon	未訳-mano-del-dinodon	6	gumiho,koigarezaki-news-911-1998-ver,scp-2911-jp,searching-for-the-demon-foxes-1,the-deniers
lafundacionscp	es	mente-alterador	未訳-mente-alterador	6	scp-004-j,scp-011-cs,scp-1581,scp-1933-ex,scp-2590
lafundacionscp	es	norvelio-medatia	未訳-norvelio-medatia	6	archivo-udii-2021-032,kte-3770-ex-machina-pigmalion,nx-14,scp-es-089,scp-es-292
lafundacionscp	es	proyecto-crossover	未訳-proyecto-crossover	6	containingcreation-vo,crossoverprojectindex,fifthbobpentapants-vo,i-wanna-be-the-very-best-vo,scp-mlp-dnc-vo
lafundacionscp	es	quelonio	未訳-quelonio	6	scp-1488,scp-3465,scp-3789,scp-4398,scp-4644
lafundacionscp	es	rex-turner	未訳-rex-turner	6	casualidad,enfoque,estrella-blanca,objetivos,preparativos
lafundacionscp	es	shigastán	未訳-shigastán	6	critter-profile-shigastan,koigarezaki-news-911-1998-ver,scp-1300-jp,scp-1304-jp,wikipedia-shigastan
lafundacionscp	es	superhéroe	未訳-superhéroe	6	scp-1233,scp-1388,scp-2085,scp-4818,scp-4912
lafundacionscp	es	_fábrica	未訳-_fábrica	5	chicago-factory,contract-negotiations-01029,corporate-sabotage-14919,internal-investigation-i-49274,recruitment-drive-28126
lafundacionscp	es	_gracias	未訳-_gracias	5	apoqliphort,dc-yerko,galeria-de-nihonio,scp-es-che-ficha-del-agente-alan,zevaxtians
lafundacionscp	es	_más-de-lo-que-ves	未訳-_más-de-lo-que-ves	5	scp-5034,scp-5059,scp-5149,scp-5919,uiu-file-2001-023
lafundacionscp	es	alicia-kalafpe	未訳-alicia-kalafpe	5	esperanzas-de-resurrecion,imperfecta-creacion,mori-consumida-volvi-moviendo-las-orejas,scp-es-090,scp-es-299
lafundacionscp	es	apsa	未訳-apsa	5	daeva-cooking-and-you,s-b-1998,scp-1345-ru,scp-pl-166,sposob-grzybiarzy
lafundacionscp	es	azul	未訳-azul	5	scp-020-fr,scp-032-fr,scp-080-fr,scp-471-fr,scp-535-fr
lafundacionscp	es	cronocon-2025	未訳-cronocon-2025	5	cronocon2025,eon-de-zaion,scp-es-031,scp-es-078,scp-es-347
lafundacionscp	es	cuerpo-corpus	未訳-cuerpo-corpus	5	corpse-corpus-hub,scp-3324-jp,scp-3823-jp,scp-cn-2186,scp-zh-981
lafundacionscp	es	ddd	未訳-ddd	5	eternal-conversation,scp-1121-ru,scp-1195-ru,scp-1200-ru,scp-1243-ru
lafundacionscp	es	dr-torayar	未訳-dr-torayar	5	yamizushi-file-no033-d,yamizushi-file-no058,yamizushi-file-no1000,yamizushi-file-no303,yamizushi-file-no795-d
lafundacionscp	es	gdicon-2024	未訳-gdicon-2024	5	camila,concurso-gdi-es-2024,la-promesa,manifesto793,testimonio-de-un-contacto-particular
lafundacionscp	es	idea2018	未訳-idea2018	5	idea2018,scp-es-052,scp-es-062,scp-es-064,scp-es-073
lafundacionscp	es	jaula-de-oro	未訳-jaula-de-oro	5	nebojuj-s-monstry,scp-023-cs,scp-3623,scp-4010,vsuvky-z-oblasti-91-i
lafundacionscp	es	letters-entertainment	未訳-letters-entertainment	5	back-to-square-one,scp-cn-1166,scp-cn-513,scp-cn-530,scp-es-203
lafundacionscp	es	mike-patterson	未訳-mike-patterson	5	nadie-volvio-al-sitio-34,ofrendas-34,plantas-san-valentin,scp-es-087,scp-es-239
lafundacionscp	es	mujin-getsudō-shū	未訳-mujin-getsudō-shū	5	conceive-a-shuriken,early-summer-5000000000000000,scp-2236-jp,scp-2949-jp,the-infiltrators
lafundacionscp	es	plantilla	未訳-plantilla	5	_o-template,_oo-template,_ooo-template,_template,component:cs-title
lafundacionscp	es	saigyō	未訳-saigyō	5	koigarezaki-news-911-1998-ver,scp-1644-jp,scp-571-jp,sushi-go-round-or-spining-sushi,sushiblade
lafundacionscp	es	sección-xxv	未訳-sección-xxv	5	scp-008-int,scp-089-de,scp-125-de,scp-139-de,scp-149-de
lafundacionscp	es	skitter-marshall	未訳-skitter-marshall	5	number-crunching,scp-5802,skitter-marshall,some-rational-inheritance,to-never-again-see-the-light-of-day
lafundacionscp	es	takayuki-hirosue	未訳-takayuki-hirosue	5	koigarezaki-news-0517,koigarezaki-news-20210809,koigarezaki-news-911-1998-ver,the-new-sunset,yamizushi-file-no911
lafundacionscp	es	_crc2018manual	未訳-_crc2018manual	4	ficha-personal-de-andres2055,ficha-personal-de-jakuwoski,ficha-personal-del-investigador-altair-cervantes,informe-confidencial-doctor-von-braun
lafundacionscp	es	_fundación-de-caridad-manna	未訳-_fundación-de-caridad-manna	4	5th-global-occult-coalition-donation,fifteenth-anonymous-donation,first-ivady-donation,septima-donacion-anonima
lafundacionscp	es	_ganador-equipo	未訳-_ganador-equipo	4	planeta-azul,scp-es-260,sonando-despierto-por-ultima-vez,spc-es-260
lafundacionscp	es	_no-morha	未訳-_no-morha	4	scp-1781-vo,scp-3009-vo,scp-437-vo,scp-783-vo
lafundacionscp	es	_simbun-koigarezaki	未訳-_simbun-koigarezaki	4	koigarezaki-news-0517,koigarezaki-news-20200602-1998ver,koigarezaki-news-20210809,koigarezaki-news-911-1998-ver
lafundacionscp	es	_sociedad-antares	未訳-_sociedad-antares	4	testimonio-de-un-contacto-particular,testimonio-de-un-iniciado,testimonio-de-viejas-cartas,testimony-by-fellowcraft-shaula
lafundacionscp	es	_tercer-lugar-grupal	未訳-_tercer-lugar-grupal	4	al-inframundo-y-de-regreso,ambrose-tlaneyanco,scp-es-139,suenos-nacientes-deseos
lafundacionscp	es	ajillo	未訳-ajillo	4	aquila-adalberti-series-mechanical-exoskeleton,otter-al-ajillo,verano-de-2035-espana,zetetic-bulletin-the-revival-of-st-chopin
lafundacionscp	es	amoladores-angulares	未訳-amoladores-angulares	4	navarro-saves-christmas-for-some-people-he-barely-knows,scp-1707,scp-4096,sunday-0600-mobile-task-force-central-training-facility
lafundacionscp	es	c10fr2022	未訳-c10fr2022	4	scp-505-fr,scp-510-fr,scp-541-fr,scp-555-fr
lafundacionscp	es	concurso-artículos-cortos-2018	未訳-concurso-artículos-cortos-2018	4	poor-class-d,scp-132-ko,scp-137-ko,scp-545-ko
lafundacionscp	es	concurso-corto-2025	未訳-concurso-corto-2025	4	scp-1085-ko,scp-1597-ko,scp-1719-ko,scp-881-ko
lafundacionscp	es	concurso-de-novatos	未訳-concurso-de-novatos	4	grant-request-for-development-of-nurturing-and-education,story-of-our-life,wikipedia-shigastan,yamizushi-file-no403
lafundacionscp	es	concurso-gdi-es-2017	未訳-concurso-gdi-es-2017	4	concurso-gdi-es-2017,scp-es-092,scp-es-098,un-fantasma-del-pasado
lafundacionscp	es	doctora-reynders	未訳-doctora-reynders	4	pickman-blank-proposal,scp-9726,spc-6500,what-s-up-with-all-the-reality-benders
lafundacionscp	es	irdai	未訳-irdai	4	scp-001-it-abad,scp-001-it-abad-inc,scp-001-it-graf,scp-014-it-arc
lafundacionscp	es	la	未訳-la	4	consilium-fulminis,director-bold-s-proposal-la,scp-la-001,scp-la-002
lafundacionscp	es	laboratorios-kiryu	未訳-laboratorios-kiryu	4	gentle-wings-flutter-quietly-in-the-dark,irrational,more-than-ever,reality-check
lafundacionscp	es	nemo-y-el-nautilus	未訳-nemo-y-el-nautilus	4	scp-226-fr,scp-264-fr,scp-299-fr,scp-555-fr
lafundacionscp	es	orenji-renji	未訳-orenji-renji	4	yamizushi-file-no033-d,yamizushi-file-no058,yamizushi-file-no1000,yamizushi-file-no303
lafundacionscp	es	patrimonio-fr	未訳-patrimonio-fr	4	scp-006-fr,scp-020-fr,scp-032-fr,scp-185-fr
lafundacionscp	es	proyecto-trickster	未訳-proyecto-trickster	4	kreaturenprofil-eden,scp-101-de,scp-193-de,scp-399-de
lafundacionscp	es	reino-univers	未訳-reino-univers	4	proposition-du-dr-macro,scp-333-fr,scp-355-fr,scp-471-fr
lafundacionscp	es	sai	未訳-sai	4	document-sai-f-143,precis-sur-la-cite-d-uluru-chapitre-premier,scp-295-fr,scp-343-fr
lafundacionscp	es	scp-sol-oculto	未訳-scp-sol-oculto	4	scp-356,scp-fra31-236,scp-fra93-062,scp-que13-126
lafundacionscp	es	serie-0	未訳-serie-0	4	scp-1538,scp-8353,scp-9083,scp-9614
lafundacionscp	es	sm-wk	未訳-sm-wk	4	belladonna-ballkleid,kreaturenprofil-eden,scp-003-int,scp-091-de
lafundacionscp	es	árbol	未訳-árbol	4	scp-010-pt,scp-3504,scp-401,scp-8411
lafundacionscp	es	_división-gru-p	未訳-_división-gru-p	3	fly-agaric,kironsk,squid-ispolin
lafundacionscp	es	_formato-gdi	未訳-_formato-gdi	3	la-foi-de-la-paix-circa-2011,larue-post-bang,summer-s-exile
lafundacionscp	es	_honor	未訳-_honor	3	mcd-reisen-traum-train-resort,muerteirrelevante,scp-es-196
lafundacionscp	es	_ljmco	未訳-_ljmco	3	a-n-0064,w-v-1260,y-b-0035
lafundacionscp	es	_mac	未訳-_mac	3	hatuey,la-promesa,ya-te-veo
lafundacionscp	es	_misterio-asesinato	未訳-_misterio-asesinato	3	scp-3154,scp-3167,scp-3940
lafundacionscp	es	_segundo-hytoth	未訳-_segundo-hytoth	3	questions-and-answers,three-musings,zeyu-eitothan
lafundacionscp	es	_segundo-lugar-grupal	未訳-_segundo-lugar-grupal	3	scp-de-272,scp-es-278,scp-es-293
lafundacionscp	es	aparato	未訳-aparato	3	scp-001-d-j,scp-139-de,scp-pl-052
lafundacionscp	es	beyond-entropy	未訳-beyond-entropy	3	critter-profile-shigastan,koigarezaki-news-20200602-1998ver,scp-009-int
lafundacionscp	es	campaña-crosslink	未訳-campaña-crosslink	3	scp-2912-jp,vinegared-rice-brainwashing-orientation,yamizushi-file-no911
lafundacionscp	es	club-caza	未訳-club-caza	3	nao-de-o-peixe-ensine-a-pescar,perfil-de-la-criatura-thor,scp-145-pt
lafundacionscp	es	cognitopeligro	未訳-cognitopeligro	3	scp-7783,scp-8153,scp-pl-380
lafundacionscp	es	colectivo-fundación	未訳-colectivo-fundación	3	amamiel-s-proposal,scp-1282-jp,scp-1936-jp
lafundacionscp	es	concurso100pt	未訳-concurso100pt	3	scp-100-pt,scp-104-pt,scp-116-pt
lafundacionscp	es	doctor-rydderech	未訳-doctor-rydderech	3	scp-5494,scp-5520,scp-6643
lafundacionscp	es	doctor-vang	未訳-doctor-vang	3	expanded-biography-of-the-administrator,gamedaypart1index,in-his-own-image-part-4
lafundacionscp	es	débil-del-cuchillo-filoso	未訳-débil-del-cuchillo-filoso	3	vinegared-rice-brainwashing-orientation,yamizushi-file-no064,yamizushi-file-no204
lafundacionscp	es	estrellas-desvanecientes	未訳-estrellas-desvanecientes	3	oris-proposal,scp-6033,scp-6404
lafundacionscp	es	gogyō-kessha	未訳-gogyō-kessha	3	goc-far-east-orientation,koigarezaki-news-20210809,lte-5230-fiji-sunset-glory
lafundacionscp	es	iglesia-derringer	未訳-iglesia-derringer	3	scp-1074-jp,scp-457-jp,the-deviationers
lafundacionscp	es	koigarezaki	未訳-koigarezaki	3	critter-profile-shigastan,koigarezaki-news-911-1998-ver,yamizushi-file-no911
lafundacionscp	es	malas-hierbas	未訳-malas-hierbas	3	czym-sa-obiekty-konspiracyjne,scp-pl-029,scp-pl-393
lafundacionscp	es	max	未訳-max	3	yamizushi-file-no052,yamizushi-file-no1000,yamizushi-file-noxyz
lafundacionscp	es	mesa-de-trabajo	未訳-mesa-de-trabajo	3	dc-yerko-workbench,luis-gm-workbench,sandbox-inwiki-de-andres2055
lafundacionscp	es	nochecon21	未訳-nochecon21	3	koigarezaki-news-20210809,scp-2433-jp,zetetic-bulletin-the-revival-of-st-chopin
lafundacionscp	es	relato-oa	未訳-relato-oa	3	esto-no-esta-bien,something-glowing,te-veo-pero-tu-no-me-ves
lafundacionscp	es	rigaiken	未訳-rigaiken	3	koigarezaki-news-0517,koigarezaki-news-911-1998-ver,scp-2911-jp
lafundacionscp	es	sitio-zh-44	未訳-sitio-zh-44	3	scp-zh-132,scp-zh-141,scp-zh-545
lafundacionscp	es	superintendencia-brasileña	未訳-superintendencia-brasileña	3	relatorio-de-inimigo-de-estado-013,scp-126-pt,scp-188-pt
lafundacionscp	es	taisho150	未訳-taisho150	3	hana-wo-taoru,scp-2061-jp,the-deviationers
lafundacionscp	es	torquemada_2025	未訳-torquemada_2025	3	scp-es-046,scp-es-047,scp-es-075
lafundacionscp	es	ubicación	未訳-ubicación	3	scp-3504,scp-3824,scp-8353
lafundacionscp	es	voluntad-del-sushi	未訳-voluntad-del-sushi	3	koigarezaki-news-20210809,yamizushi-file-no1000,yamizushi-file-noxyz
lafundacionscp	es	área-cn-07	未訳-área-cn-07	3	scp-cn-1245,scp-cn-1900,scp-cn-304
lafundacionscp	es	_agente-alan	未訳-_agente-alan	2	scp-es-che-ficha-del-agente-alan,zevaxtians
lafundacionscp	es	_audio-inglés	未訳-_audio-inglés	2	scp-1342,scp-2152
lafundacionscp	es	_calaca_729313	未訳-_calaca_729313	2	aut-viam-inveniam-aut-faciam,ficha-de-uncle-nicolini
lafundacionscp	es	_casa-urbana	未訳-_casa-urbana	2	scp-6202,scp-6274
lafundacionscp	es	_coalición-oculta-global-manuel	未訳-_coalición-oculta-global-manuel	2	aut-viam-inveniam-aut-faciam,scp-es-che-ficha-del-agente-alan
lafundacionscp	es	_desempate	未訳-_desempate	2	diseccion,una-ultima-obra-de-caridad
lafundacionscp	es	_morha	未訳-_morha	2	scp-3570,scp-437
lafundacionscp	es	_oscura-tormentosa	未訳-_oscura-tormentosa	2	a-foul-storm-in-a-fair-land,ramah
lafundacionscp	es	_primer-lugar-grupal	未訳-_primer-lugar-grupal	2	kte-8926-negro-parallax-morfo,una-idea-en-soho
lafundacionscp	es	_safiro	未訳-_safiro	2	zetetic-bulletin-the-revival-of-st-chopin,zetetic-bulletin-wu-xing-iris
lafundacionscp	es	_shūshū-in	未訳-_shūshū-in	2	collected-item-no1080,collected-item-no1091
lafundacionscp	es	_tale-hub	未訳-_tale-hub	2	tales-of-mr-collector,the-cool-war-hub
lafundacionscp	es	a.d.	未訳-a.d.	2	external-relations-orientation-annihilism,external-relations-orientation-robotic-republic
lafundacionscp	es	aki-corp	未訳-aki-corp	2	koigarezaki-news-911-1998-ver,scp-1082-jp
lafundacionscp	es	alcohol	未訳-alcohol	2	scp-3303,scp-8522
lafundacionscp	es	alfa-9	未訳-alfa-9	2	hellomuddah,scp-105
lafundacionscp	es	aniquilacionismo	未訳-aniquilacionismo	2	external-relations-orientation-annihilism,scp-065-ua
lafundacionscp	es	aodaisho	未訳-aodaisho	2	the-deviationers,the-infiltrators
lafundacionscp	es	arqueológico	未訳-arqueológico	2	scp-144-pt-ex,scp-es-216
lafundacionscp	es	asociación-de-mutantes	未訳-asociación-de-mutantes	2	otter-al-ajillo,scp-471-th
lafundacionscp	es	cinco-preguntas	未訳-cinco-preguntas	2	bugs,playing-god
lafundacionscp	es	civ2014	未訳-civ2014	2	anart-antics,exploded-diagram-of-a-young-woman
lafundacionscp	es	club-medianoche	未訳-club-medianoche	2	scp-877-ko,si-es-real-entonces-me-quedare
lafundacionscp	es	cnscp2017	未訳-cnscp2017	2	concurso-nacionalista-2017,scp-es-063
lafundacionscp	es	concurso-galería-2020	未訳-concurso-galería-2020	2	scp-cn-1245,scp-cn-1875
lafundacionscp	es	concurso-no-oficial	未訳-concurso-no-oficial	2	acuaticon-2023,educacon2024
lafundacionscp	es	concurso-relatos-1	未訳-concurso-relatos-1	2	nebojuj-s-monstry,scp-023-cs
lafundacionscp	es	concursourbano2024	未訳-concursourbano2024	2	scp-063-pt,scp-151-pt
lafundacionscp	es	doctor	未訳-doctor	2	collected-item-no1080,scp-756-jp
lafundacionscp	es	doctor-faust	未訳-doctor-faust	2	scp-003-int,scp-101-de
lafundacionscp	es	doctor-r████	未訳-doctor-r████	2	e035ua-01,scp-035-ua
lafundacionscp	es	doctor-shaw	未訳-doctor-shaw	2	containment-breach-the-musical,picture-perfect
lafundacionscp	es	dominiopúblico2025	未訳-dominiopúblico2025	2	her-future-in-bloom,scp-7493
lafundacionscp	es	empleada-kawausomaru	未訳-empleada-kawausomaru	2	otter-al-ajillo,r-sinano-chuo-co-jp-2038-05-18-1730hk1
lafundacionscp	es	escuadrón-número-negativo	未訳-escuadrón-número-negativo	2	a-n-0064,goc-far-east-orientation
lafundacionscp	es	escurridizo-del-cuchillo-oculto	未訳-escurridizo-del-cuchillo-oculto	2	itamae-yami,yamizushi-file-no204
lafundacionscp	es	ex-kitan-kai	未訳-ex-kitan-kai	2	collected-item-no1080,ghost-sign
lafundacionscp	es	federación-galáctica	未訳-federación-galáctica	2	scp-cn-204,scp-cn-252
lafundacionscp	es	ficha-técnica	未訳-ficha-técnica	2	datenblatt-kira,laserprojektor-serie-lp-x
lafundacionscp	es	fundación-de-terror	未訳-fundación-de-terror	2	7-ghost-story-in-the-site-29,d-6679
lafundacionscp	es	gendastrería	未訳-gendastrería	2	mai-68,scp-410-fr
lafundacionscp	es	gpexpress	未訳-gpexpress	2	critter-profile-shigastan,scp-1293-jp
lafundacionscp	es	indeterminado	未訳-indeterminado	2	scp-242-fr,scp-333-fr
lafundacionscp	es	informático	未訳-informático	2	scp-085-fr,scp-543-fr
lafundacionscp	es	instituto-anormal	未訳-instituto-anormal	2	koigarezaki-news-911-1998-ver,scp-cn-644
lafundacionscp	es	inteligencia-artificial	未訳-inteligencia-artificial	2	scp-5321,scp-es-217
lafundacionscp	es	kira	未訳-kira	2	datenblatt-kira,scp-299-de
lafundacionscp	es	kunō-hisashi	未訳-kunō-hisashi	2	a-n-0064,y-b-0035
lafundacionscp	es	macrocaosismo	未訳-macrocaosismo	2	koigarezaki-news-20210809,koigarezaki-news-911-1998-ver
lafundacionscp	es	mujin	未訳-mujin	2	scp-137-ko,scp-521-ko
lafundacionscp	es	niño	未訳-niño	2	scp-8480,scp-9083
lafundacionscp	es	nueva-cha-ling	未訳-nueva-cha-ling	2	yamizushi-file-053,yamizushi-file-no233
lafundacionscp	es	objeto	未訳-objeto	2	scp-012-ua,scp-1375-ru
lafundacionscp	es	obmedia	未訳-obmedia	2	critter-profile-shigastan,scp-cn-513
lafundacionscp	es	pelea-puñetazos-2021	未訳-pelea-puñetazos-2021	2	scp-2211-jp,scp-2215-jp
lafundacionscp	es	pez	未訳-pez	2	scp-067-vn,scp-399-de
lafundacionscp	es	prensa-eco	未訳-prensa-eco	2	koigarezaki-news-20210809,scp-cn-644
lafundacionscp	es	púrpura	未訳-púrpura	2	scp-078-pt,scp-189-pt
lafundacionscp	es	reescrito	未訳-reescrito	2	scp-1392,scp-2045
lafundacionscp	es	relatos-de-vida	未訳-relatos-de-vida	2	fuck-you-scp,the-plan-failed
lafundacionscp	es	república-robótica	未訳-república-robótica	2	external-relations-orientation-robotic-republic,scp-087-ua
lafundacionscp	es	samantha-hirosue	未訳-samantha-hirosue	2	koigarezaki-news-20200602-1998ver,koigarezaki-news-911-1998-ver
lafundacionscp	es	shinano-chuo-post	未訳-shinano-chuo-post	2	r-sinano-chuo-co-jp-2038-05-18-1730hk1,verano-de-2035-espana
lafundacionscp	es	sitio-cn-21	未訳-sitio-cn-21	2	scp-cn-005,scp-cn-1969
lafundacionscp	es	sitio-cn-34	未訳-sitio-cn-34	2	scp-cn-1166,scp-cn-994-vo
lafundacionscp	es	sitio-cn-91	未訳-sitio-cn-91	2	scp-cn-513,scp-cn-530
lafundacionscp	es	sitio-zh-02	未訳-sitio-zh-02	2	scp-zh-038,scp-zh-889
lafundacionscp	es	taiwaneses-indígenas	未訳-taiwaneses-indígenas	2	scp-zh-002,sh-cannibalism-in-taiwan
lafundacionscp	es	ttt-co	未訳-ttt-co	2	koigarezaki-news-20200602-1998ver,yamizushi-file-no042
lafundacionscp	es	velo-sobre-velo	未訳-velo-sobre-velo	2	5-veil-tiers,sc-48-404-97-786
lafundacionscp	es	viejos-enemigos	未訳-viejos-enemigos	2	blood-in-the-water,footage-recovered-from-a-private-server
lafundacionscp	es	xcon23	未訳-xcon23	2	indonootoko-s-proposal-v,scp-3800-jp
lafundacionscp	es	zurdo	未訳-zurdo	2	scp-1005-ru,scp-1040-ru
lafundacionscp	es	_200con-manual	未訳-_200con-manual	1	ficha-personal-luis-gm
lafundacionscp	es	_300	未訳-_300	1	galeria-de-nihonio
lafundacionscp	es	_anorm	未訳-_anorm	1	ficha-de-autor-de-ronnymodzz
lafundacionscp	es	_apsa	未訳-_apsa	1	daeva-cooking-and-you
lafundacionscp	es	_cietu	未訳-_cietu	1	analysis-of-the-plokamisuchus
lafundacionscp	es	_colegio-deer	未訳-_colegio-deer	1	deer-and-the-overseers
lafundacionscp	es	_crc2018-participante	未訳-_crc2018-participante	1	ficha-personal-del-investigador-altair-cervantes
lafundacionscp	es	_crc2018_primero	未訳-_crc2018_primero	1	ficha-personal-de-jakuwoski
lafundacionscp	es	_crc2018_segundo	未訳-_crc2018_segundo	1	ficha-personal-de-andres2055
lafundacionscp	es	_crc2018_tercero	未訳-_crc2018_tercero	1	informe-confidencial-doctor-von-braun
lafundacionscp	es	_elma	未訳-_elma	1	eden-leap-001
lafundacionscp	es	_estrellas-muertas-cr831048213	未訳-_estrellas-muertas-cr831048213	1	ficha-externa-de-la-realidad-del-agente-patterson
lafundacionscp	es	_explosión	未訳-_explosión	1	cool-guys-dont-look-at-explosions
lafundacionscp	es	_ganador-individual	未訳-_ganador-individual	1	scp-es-274
lafundacionscp	es	_gracias_8	未訳-_gracias_8	1	buscando-la-biblioteca
lafundacionscp	es	_imagen-extranjera	未訳-_imagen-extranjera	1	koigarezaki-news-911-1998-ver
lafundacionscp	es	_imagen_inglés	未訳-_imagen_inglés	1	scp-7714
lafundacionscp	es	_iniciativa-tres-lunas	未訳-_iniciativa-tres-lunas	1	pravoslavia
lafundacionscp	es	_los-heraldos	未訳-_los-heraldos	1	escape-from-your-greatest-fears-a-review
lafundacionscp	es	_mano-de-la-serpiente-manual	未訳-_mano-de-la-serpiente-manual	1	aut-viam-inveniam-aut-faciam
lafundacionscp	es	_mención-honrosa	未訳-_mención-honrosa	1	scp-es-196
lafundacionscp	es	_otro	未訳-_otro	1	main-page-wikipedia
lafundacionscp	es	_parawatch-manual	未訳-_parawatch-manual	1	ficha-personal-del-investigador-altair-cervantes
lafundacionscp	es	_pepe	未訳-_pepe	1	ficha-de-autor-de-ronnymodzz
lafundacionscp	es	_primer-lugar-individual	未訳-_primer-lugar-individual	1	scp-es-255
lafundacionscp	es	_primer-lugar12342	未訳-_primer-lugar12342	1	galeria-de-ixchel-the-moon
lafundacionscp	es	_segundo-lugar-individual	未訳-_segundo-lugar-individual	1	proyecto-amerika-no-shokuminchi
lafundacionscp	es	_synthaxis.	未訳-_synthaxis.	1	galeria-fungica-de-doc-slash
lafundacionscp	es	_sys	未訳-_sys	1	la-oda-del-personal-y-revueltas
lafundacionscp	es	_sárkico	未訳-_sárkico	1	excerpt-of-the-naelkaen-bestiary-the-vasasoonenuetae
lafundacionscp	es	_tercer-lugar-individual	未訳-_tercer-lugar-individual	1	alcohol-y-fuego
lafundacionscp	es	_tercero-lugar	未訳-_tercero-lugar	1	scp-es-135
lafundacionscp	es	_test	未訳-_test	1	expediente-personal-del-investigador-merlin
lafundacionscp	es	_trese	未訳-_trese	1	dc-yerko
lafundacionscp	es	_udii	未訳-_udii	1	scp-es-che-ficha-del-agente-alan
lafundacionscp	es	acqua-luna	未訳-acqua-luna	1	scp-198-it
lafundacionscp	es	aesthetics	未訳-aesthetics	1	scp-5634345-j
lafundacionscp	es	agente-togami	未訳-agente-togami	1	scp-1370-jp
lafundacionscp	es	alda	未訳-alda	1	scp-642-fr
lafundacionscp	es	alterador	未訳-alterador	1	scp-1581
lafundacionscp	es	arboreo	未訳-arboreo	1	scp-011-cs
lafundacionscp	es	autopsia	未訳-autopsia	1	lte-5230-fiji-sunset-glory
lafundacionscp	es	aviar	未訳-aviar	1	scp-198-it
lafundacionscp	es	añonuevo2021	未訳-añonuevo2021	1	scp-pl-176
lafundacionscp	es	bad-trip	未訳-bad-trip	1	scp-063-pt
lafundacionscp	es	balsa-salvavidas	未訳-balsa-salvavidas	1	early-summer-5000000000000000
lafundacionscp	es	barco-abandonado-del-pulpo	未訳-barco-abandonado-del-pulpo	1	scp-1587-jp
lafundacionscp	es	belleza-iwanaga	未訳-belleza-iwanaga	1	koigarezaki-news-0517
lafundacionscp	es	borrador	未訳-borrador	1	crow-s-note-s-and-to-do-list
lafundacionscp	es	c11en2023	未訳-c11en2023	1	scp-650-fr
lafundacionscp	es	c11fr2023	未訳-c11fr2023	1	scp-601-fr
lafundacionscp	es	cactáceo	未訳-cactáceo	1	scp-1330-jp
lafundacionscp	es	campaña-señor-supremo	未訳-campaña-señor-supremo	1	indonootoko-s-proposal-v
lafundacionscp	es	cf2018	未訳-cf2018	1	scp-171-pt
lafundacionscp	es	cgom	未訳-cgom	1	scp-161-it
lafundacionscp	es	ch2023	未訳-ch2023	1	scp-666-fr
lafundacionscp	es	chonghaejin	未訳-chonghaejin	1	scp-983-ko
lafundacionscp	es	clasiccon2025	未訳-clasiccon2025	1	scp-8498
lafundacionscp	es	cme	未訳-cme	1	scp-cn-815
lafundacionscp	es	co-utores	未訳-co-utores	1	scp-3927
lafundacionscp	es	cobweb-international	未訳-cobweb-international	1	koigarezaki-news-20200602-1998ver
lafundacionscp	es	cognito-péligroso	未訳-cognito-péligroso	1	scp-5471
lafundacionscp	es	cognitopeligroso	未訳-cognitopeligroso	1	scp-010-j
lafundacionscp	es	complemento	未訳-complemento	1	fragment:in-nutshell-oc
lafundacionscp	es	computadora	未訳-computadora	1	scp-2315
lafundacionscp	es	concurso-de-clichés-cs	未訳-concurso-de-clichés-cs	1	scp-038-cs
lafundacionscp	es	concurso-invernal-2022	未訳-concurso-invernal-2022	1	2521-escaped
lafundacionscp	es	concurso-q-22	未訳-concurso-q-22	1	scp-2505-jp
lafundacionscp	es	concurso-riesgos	未訳-concurso-riesgos	1	scp-1944-jp
lafundacionscp	es	concurso-verano-2022	未訳-concurso-verano-2022	1	fuck-you-scp
lafundacionscp	es	concursofundacional2025	未訳-concursofundacional2025	1	scp-173-pt
lafundacionscp	es	constr-kisaragi	未訳-constr-kisaragi	1	scp-1421-jp
lafundacionscp	es	contagio	未訳-contagio	1	scp-6093
lafundacionscp	es	correcciones	未訳-correcciones	1	scp-zh-220
lafundacionscp	es	crustáceo	未訳-crustáceo	1	scp-7425
lafundacionscp	es	cádaver	未訳-cádaver	1	scp-3181-jp
lafundacionscp	es	daassu	未訳-daassu	1	scp-065-ua
lafundacionscp	es	datura	未訳-datura	1	ghost-sign
lafundacionscp	es	deidad2000	未訳-deidad2000	1	scp-2998
lafundacionscp	es	departamento-diálogo	未訳-departamento-diálogo	1	early-summer-5000000000000000
lafundacionscp	es	departamento-formalidades	未訳-departamento-formalidades	1	early-summer-5000000000000000
lafundacionscp	es	desafío-verano-2022	未訳-desafío-verano-2022	1	scp-570-fr
lafundacionscp	es	después-de-la-contraseña-del-tiempo	未訳-después-de-la-contraseña-del-tiempo	1	lost-in-the-translation
lafundacionscp	es	división-asuntos-especiales	未訳-división-asuntos-especiales	1	scp-3181-jp
lafundacionscp	es	dm-2016	未訳-dm-2016	1	making-a-scene
lafundacionscp	es	doctor-mcdoctorade	未訳-doctor-mcdoctorade	1	scp-6938
lafundacionscp	es	doctor-narusemi	未訳-doctor-narusemi	1	scp-736-jp
lafundacionscp	es	doctor-tsuchihashi	未訳-doctor-tsuchihashi	1	scp-540-jp
lafundacionscp	es	doctor-yakym	未訳-doctor-yakym	1	scp-049-ua
lafundacionscp	es	doctora-ngo	未訳-doctora-ngo	1	scp-6911
lafundacionscp	es	dominiopúblico25	未訳-dominiopúblico25	1	secure-facility-dossier-site-101
lafundacionscp	es	dr-bright	未訳-dr-bright	1	grant-request-for-development-of-nurturing-and-education
lafundacionscp	es	dr-gémini	未訳-dr-gémini	1	scp-592-fr
lafundacionscp	es	dr-wondertaiment	未訳-dr-wondertaiment	1	scp-6558
lafundacionscp	es	editorial-el-conocer	未訳-editorial-el-conocer	1	scp-148-th
lafundacionscp	es	el_administrador	未訳-el_administrador	1	scp-001-d-j
lafundacionscp	es	emparejamiento2020	未訳-emparejamiento2020	1	r-sinano-chuo-co-jp-2038-05-18-1730hk1
lafundacionscp	es	eo	未訳-eo	1	scp-eo-416
lafundacionscp	es	era-declahielo	未訳-era-declahielo	1	early-summer-5000000000000000
lafundacionscp	es	escurridizo-del-cuchillo-filoso	未訳-escurridizo-del-cuchillo-filoso	1	yamizushi-file-no1000
lafundacionscp	es	esquelético	未訳-esquelético	1	scp-6093
lafundacionscp	es	evento-destacado	未訳-evento-destacado	1	scp-2407
lafundacionscp	es	exposición-de-los-milagros	未訳-exposición-de-los-milagros	1	sh-cannibalism-in-taiwan
lafundacionscp	es	flores-reparadas	未訳-flores-reparadas	1	scp-2626-jp
lafundacionscp	es	fondo-socialista	未訳-fondo-socialista	1	scp-188-pt
lafundacionscp	es	fundación4k	未訳-fundación4k	1	scp-cn-2380
lafundacionscp	es	fundaciónmalvada	未訳-fundaciónmalvada	1	otter-al-ajillo
lafundacionscp	es	gamer-against-weed	未訳-gamer-against-weed	1	scp-2842
lafundacionscp	es	gato	未訳-gato	1	scp-040-jp
lafundacionscp	es	gdi-wettbewerb	未訳-gdi-wettbewerb	1	scp-155-de
lafundacionscp	es	gemelos-hadfield	未訳-gemelos-hadfield	1	manifest-704
lafundacionscp	es	hecho-por-la-fundacion	未訳-hecho-por-la-fundacion	1	scp-6411
lafundacionscp	es	historias-tokio-subterráneo	未訳-historias-tokio-subterráneo	1	grant-request-for-the-underground-artificial-sun
lafundacionscp	es	hospital	未訳-hospital	1	scp-cn-304
lafundacionscp	es	hostíl	未訳-hostíl	1	scp-cn-204
lafundacionscp	es	imperio	未訳-imperio	1	ghost-sign
lafundacionscp	es	infeccioso	未訳-infeccioso	1	scp-574
lafundacionscp	es	infierno-de-cyców	未訳-infierno-de-cyców	1	scp-pl-289
lafundacionscp	es	infopeligro	未訳-infopeligro	1	scp-007-pt
lafundacionscp	es	iniciativa	未訳-iniciativa	1	scp-156-de
lafundacionscp	es	instituto-progreso	未訳-instituto-progreso	1	scp-1340-ru
lafundacionscp	es	intercambio-artístico	未訳-intercambio-artístico	1	the-doctor-s-dilemma
lafundacionscp	es	itegiri-yō	未訳-itegiri-yō	1	a-n-0064
lafundacionscp	es	jamcon2019a	未訳-jamcon2019a	1	jiraku-mogana-s-proposal
lafundacionscp	es	jamcon2019b	未訳-jamcon2019b	1	scp-1093-jp
lafundacionscp	es	jamcon2019c	未訳-jamcon2019c	1	scp-1421-jp
lafundacionscp	es	kiuyang	未訳-kiuyang	1	scp-cn-644
lafundacionscp	es	kuiyang	未訳-kuiyang	1	scp-cn-204
lafundacionscp	es	kw2017	未訳-kw2017	1	scp-pl-067
lafundacionscp	es	la-orden	未訳-la-orden	1	scp-189-pt
lafundacionscp	es	laberinto	未訳-laberinto	1	lte-1969-blaecca-ford-osmanthus-spiral
lafundacionscp	es	limpieza-de-primavera24	未訳-limpieza-de-primavera24	1	scp-8055
lafundacionscp	es	logos	未訳-logos	1	critter-profile-shigastan
lafundacionscp	es	luz-polar	未訳-luz-polar	1	early-summer-5000000000000000
lafundacionscp	es	líder-búsqueda-fukuji	未訳-líder-búsqueda-fukuji	1	r-sinano-chuo-co-jp-2038-05-18-1730hk1
lafundacionscp	es	mafia-arimura	未訳-mafia-arimura	1	yamizushi-file-no303
lafundacionscp	es	maldad18	未訳-maldad18	1	collected-item-no1091
lafundacionscp	es	maquina	未訳-maquina	1	scp-098-de
lafundacionscp	es	maravillas-del-hogar	未訳-maravillas-del-hogar	1	scp-pl-005
lafundacionscp	es	medico	未訳-medico	1	scp-zh-141
lafundacionscp	es	medios	未訳-medios	1	scp-4084
lafundacionscp	es	memorias-olvidadas	未訳-memorias-olvidadas	1	scp-9726
lafundacionscp	es	mentoraprendiz-2024	未訳-mentoraprendiz-2024	1	scp-1928-ko
lafundacionscp	es	metereológico	未訳-metereológico	1	scp-7804
lafundacionscp	es	minkovets	未訳-minkovets	1	scp-049-ua
lafundacionscp	es	misterio	未訳-misterio	1	scp-7582
lafundacionscp	es	mnemótico	未訳-mnemótico	1	scp-2789
lafundacionscp	es	monstruo-cosquillas	未訳-monstruo-cosquillas	1	asset-florida-orange
lafundacionscp	es	mordedores	未訳-mordedores	1	koigarezaki-news-20200602-1998ver
lafundacionscp	es	mori-rin	未訳-mori-rin	1	scp-647-jp
lafundacionscp	es	movil	未訳-movil	1	scp-6349
lafundacionscp	es	mu-yi	未訳-mu-yi	1	yamizushi-file-no233
lafundacionscp	es	muertecon17	未訳-muertecon17	1	scp-1050-jp
lafundacionscp	es	multimedia	未訳-multimedia	1	scp-1908
lafundacionscp	es	música	未訳-música	1	scp-156-de
lafundacionscp	es	nanba-kenji	未訳-nanba-kenji	1	w-v-1260
lafundacionscp	es	nivel-esotérico	未訳-nivel-esotérico	1	proposition-du-dr-macro
lafundacionscp	es	noonday-oak-troupe	未訳-noonday-oak-troupe	1	scp-416-ko
lafundacionscp	es	novatocon20	未訳-novatocon20	1	grant-request-for-the-g-development-project
lafundacionscp	es	oaao	未訳-oaao	1	scp-650-fr
lafundacionscp	es	occp	未訳-occp	1	uiu-file-1999-074
lafundacionscp	es	oculta-global	未訳-oculta-global	1	koigarezaki-news-911-1998-ver
lafundacionscp	es	océano-de-incertidumbre	未訳-océano-de-incertidumbre	1	scp-078-pt
lafundacionscp	es	oi	未訳-oi	1	scp-001-it-graf
lafundacionscp	es	oneroi	未訳-oneroi	1	1
lafundacionscp	es	oo	未訳-oo	1	la-llorona-model
lafundacionscp	es	osn-8	未訳-osn-8	1	scp-zh-889
lafundacionscp	es	oso	未訳-oso	1	scp-549
lafundacionscp	es	pangea	未訳-pangea	1	goc-supplemental-implantation-fr
lafundacionscp	es	patrimonial-fr	未訳-patrimonial-fr	1	scp-134-fr
lafundacionscp	es	perro	未訳-perro	1	scp-6974-ko-j
lafundacionscp	es	pifc	未訳-pifc	1	koigarezaki-news-20200602-1998ver
lafundacionscp	es	plugsoft	未訳-plugsoft	1	scp-716-ko
lafundacionscp	es	presidente-apsa	未訳-presidente-apsa	1	sposob-grzybiarzy
lafundacionscp	es	proyecto-embustero	未訳-proyecto-embustero	1	scp-344-de
lafundacionscp	es	pseudogénesis	未訳-pseudogénesis	1	scp-821
lafundacionscp	es	písciforme	未訳-písciforme	1	scp-2600-ex
lafundacionscp	es	radiación	未訳-radiación	1	scp-zh-141
lafundacionscp	es	reciclaje-2021	未訳-reciclaje-2021	1	scp-2601-jp
lafundacionscp	es	reciclaje2021	未訳-reciclaje2021	1	yamizushi-file-noxxx
lafundacionscp	es	registro	未訳-registro	1	scp-542-fr
lafundacionscp	es	relato-menor-800-palabras	未訳-relato-menor-800-palabras	1	yosh0123-5mx5mx5m
lafundacionscp	es	renacimiento-clásico	未訳-renacimiento-clásico	1	classicalrevivalindex
lafundacionscp	es	robótico	未訳-robótico	1	scp-6917
lafundacionscp	es	rokumi-saiga	未訳-rokumi-saiga	1	ghost-sign
lafundacionscp	es	samiomalie	未訳-samiomalie	1	koigarezaki-news-20200602-1998ver
lafundacionscp	es	santo-grial	未訳-santo-grial	1	early-summer-5000000000000000
lafundacionscp	es	santuario-tōno-yōkai	未訳-santuario-tōno-yōkai	1	searching-for-the-demon-foxes-1
lafundacionscp	es	scemc	未訳-scemc	1	scp-087-it
lafundacionscp	es	señor_house	未訳-señor_house	1	scp-cn-068
lafundacionscp	es	sin_diálogo	未訳-sin_diálogo	1	fishing-team-main
lafundacionscp	es	sitio-cn-02	未訳-sitio-cn-02	1	scp-cn-1976-vo
lafundacionscp	es	sitio-cn-71	未訳-sitio-cn-71	1	scp-cn-815
lafundacionscp	es	sitio-lamedh	未訳-sitio-lamedh	1	scp-445-fr
lafundacionscp	es	sitio-zh-12	未訳-sitio-zh-12	1	scp-zh-024
lafundacionscp	es	sitio-zh-31	未訳-sitio-zh-31	1	scp-zh-178
lafundacionscp	es	skitter-carter	未訳-skitter-carter	1	masks-monsters-merchants
lafundacionscp	es	snep	未訳-snep	1	scp-877-ko
lafundacionscp	es	szwagier&szwagier-motorizados	未訳-szwagier&szwagier-motorizados	1	scp-pl-183
lafundacionscp	es	tactil	未訳-tactil	1	scp-116-pt
lafundacionscp	es	tanatomanía	未訳-tanatomanía	1	scp-3192-jp
lafundacionscp	es	tratamiento-lurking	未訳-tratamiento-lurking	1	scp-pl-160
lafundacionscp	es	usuarios-de-magia-negra	未訳-usuarios-de-magia-negra	1	scp-100-th
lafundacionscp	es	vacíocon19	未訳-vacíocon19	1	scp-975-jp
lafundacionscp	es	vaporwave-anómalo	未訳-vaporwave-anómalo	1	scp-5634345-j
lafundacionscp	es	vegetal	未訳-vegetal	1	scp-es-381
lafundacionscp	es	árbol-de-la-vida	未訳-árbol-de-la-vida	1	scp-8984
lafundacionscp	es	última-esperanza	未訳-última-esperanza	1	scp-4818
lafundacionscp	es	🍐🍐🍐🍐🍐	未訳-🍐🍐🍐🍐🍐	1	scp-es-349-j
fondationscp	fr	_image	未訳-_image	251	archirelique-n-24,aussi-lentement-que-possible,document-annexe-177-fr-n-1,dossier-site-beth,dossier-site-yod
fondationscp	fr	modèle	未訳-modèle	193	ch24:_template,component:adv-search,component:anomaly-class-bar-source,component:area,component:audio-player-woed
fondationscp	fr	espace-temps	未訳-espace-temps	187	billiths-proposal,deleted:c11aryctus-10,deleted:scp-701-fr,deleted:scp-793-fr,dr-manns-proposal
fondationscp	fr	entrée	未訳-entrée	177	vagabonds:81st-turn-seventh-year-eighteenth-cycle-erevday,vagabonds:81st-turn-seventh-year-eighteenth-cycle-skalday,vagabonds:81st-turn-seventh-year-eighteenth-cycle-tresday,vagabonds:81st-turn-seventh-year-fifteenth-cycle-byrday,vagabonds:81st-turn-seventh-year-fifteenth-cycle-chroday
fondationscp	fr	thème	未訳-thème	128	component:atlas-burden-theme,component:dreamers-theme,component:gazette-css,component:ghost-record-theme,component:motherboard-theme
fondationscp	fr	2015	未訳-2015	120	objets-anormaux:2015-0001,objets-anormaux:2015-0002,objets-anormaux:2015-0003,objets-anormaux:2015-0004,objets-anormaux:2015-0005
fondationscp	fr	aile-un	未訳-aile-un	115	vagabonds:81st-turn-seventh-year-eighteenth-cycle-erevday,vagabonds:81st-turn-seventh-year-eighteenth-cycle-skalday,vagabonds:81st-turn-seventh-year-eighteenth-cycle-tresday,vagabonds:81st-turn-seventh-year-fifteenth-cycle-byrday,vagabonds:81st-turn-seventh-year-fifteenth-cycle-chroday
fondationscp	fr	électroménager	未訳-électroménager	91	scp-012-fr,scp-037-fr,scp-041-fr-ex-j,scp-086,scp-1-800-j
fondationscp	fr	physique	未訳-physique	80	deleted:scp-523-fr,dr-manns-proposal,scp-015-de-j,scp-018,scp-020-fr
fondationscp	fr	bibliothèque-des-vagabonds	未訳-bibliothèque-des-vagabonds	75	a-la-recherche-d-astro-comic,a-library-empty,a-quiet-night,a-toi-la-plus-belle-de-mes-histoires,anart-antics
fondationscp	fr	2014	未訳-2014	73	objets-anormaux:2014-0001,objets-anormaux:2014-0002,objets-anormaux:2014-0003,objets-anormaux:2014-0004,objets-anormaux:2014-0005
fondationscp	fr	s&c-plastiques	未訳-s&c-plastiques	71	a-very-bailey-christmas,and-i-feel-fine,apple-crisp-crisis,attack-of-the-keter-skeeters,black-autumn-hub
fondationscp	fr	taillé	未訳-taillé	70	proposition-du-pr-finalis,scp-048-fr,scp-048-it-t,scp-073,scp-076
fondationscp	fr	_centre-contes	未訳-_centre-contes	69	8000-dead-rats-hub,aces-and-eights,admonition,adventures-in-capitalism-hub,aiad-homescreen
fondationscp	fr	c12fr2024	未訳-c12fr2024	63	a-l-abordage,a-la-recherche-du-coeur,ambrose-bretagne,apres-nous-le-deluge,bestiaire-eden
fondationscp	fr	bois	未訳-bois	61	deleted:scp-701-fr,scp-048-it-t,scp-104,scp-1063,scp-1125
fondationscp	fr	gazette-aleph	未訳-gazette-aleph	61	centre-gda,gda-n-1,gda-n-10,gda-n-11,gda-n-12
fondationscp	fr	journal	未訳-journal	61	scp-542-fr,vagabonds:81st-turn-seventh-year-eighteenth-cycle-erevday,vagabonds:81st-turn-seventh-year-eighteenth-cycle-skalday,vagabonds:81st-turn-seventh-year-eighteenth-cycle-tresday,vagabonds:81st-turn-seventh-year-fifteenth-cycle-byrday
fondationscp	fr	arborescent	未訳-arborescent	60	copie-numerique-du-rapport-scp-316-fr-pour-accreditations-4,scp-038,scp-060,scp-1001,scp-107-fr
fondationscp	fr	longvoyage	未訳-longvoyage	55	vagabonds:81st-turn-seventh-year-eighteenth-cycle-erevday,vagabonds:81st-turn-seventh-year-eighteenth-cycle-skalday,vagabonds:81st-turn-seventh-year-eighteenth-cycle-tresday,vagabonds:81st-turn-seventh-year-fifteenth-cycle-byrday,vagabonds:81st-turn-seventh-year-fifteenth-cycle-chroday
fondationscp	fr	boismêlés	未訳-boismêlés	50	vagabonds:81st-turn-seventh-year-eighteenth-cycle-erevday,vagabonds:81st-turn-seventh-year-eighteenth-cycle-skalday,vagabonds:81st-turn-seventh-year-eighteenth-cycle-tresday,vagabonds:81st-turn-seventh-year-fifteenth-cycle-byrday,vagabonds:81st-turn-seventh-year-fifteenth-cycle-chroday
fondationscp	fr	prose	未訳-prose	50	scp-542-fr,vagabonds:81st-turn-seventh-year-twentieth-cycle-tresday,vagabonds:a-beginners-guide-to-metaphysical-architecture,vagabonds:a-brief-history-of-stairs,vagabonds:a-restless-wanderer-on-the-earth
fondationscp	fr	événement	未訳-événement	45	a-fancy-dinosaur,log-of-anomalous-ducks,quiet-days,scp-028,scp-1083
fondationscp	fr	la-meute	未訳-la-meute	41	adieu-papa-adieu-maman,centre-de-bienvenue-chez-les-ducasse,concours-ravefm-partie-1,concours-ravefm-partie-2,cygnes-amour
fondationscp	fr	reptile-difficile-à-détruire	未訳-reptile-difficile-à-détruire	37	a-researcher-s-tale,addressing-the-second,archived-incident-076-2-682,baby-s-first-guide-to-keter-class-anomalies-and-other-questi,big-weird-dog
fondationscp	fr	image	未訳-image	36	scp-542-fr,scp-565-fr,scp-597-fr,scp-797-fr,scp-897-fr
fondationscp	fr	de-garde-au-site-43	未訳-de-garde-au-site-43	32	acroamatic-abatement,scp-5056,scp-5056-audio-transcripts,scp-5056-tests,scp-5109
fondationscp	fr	instrument	未訳-instrument	32	scp-039-fr,scp-067,scp-1020,scp-1023,scp-1118
fondationscp	fr	2020	未訳-2020	31	let-the-factory-fail,objets-anormaux:2020-0001,objets-anormaux:2020-0002,objets-anormaux:2020-0003,objets-anormaux:2020-0004
fondationscp	fr	verre	未訳-verre	31	scp-040-it,scp-1023,scp-104,scp-1078,scp-1137
fondationscp	fr	aile-fr	未訳-aile-fr	26	vagabonds:cobalt-stab,vagabonds:de-la-persistance-de-l-ombre,vagabonds:deux-cent-cinquante-cinq-deux-cent-cinquante-six,vagabonds:eco-systeme-pileux,vagabonds:emprunt-mutuellement-benefique
fondationscp	fr	c10fr2022	未訳-c10fr2022	26	le-concours-des-dix-ans,scp-152-fr,scp-444-fr,scp-500-fr,scp-501-fr
fondationscp	fr	2016	未訳-2016	25	objets-anormaux:2016-0001,objets-anormaux:2016-0002,objets-anormaux:2016-0003,objets-anormaux:2016-0004,objets-anormaux:2016-0005
fondationscp	fr	bijou	未訳-bijou	25	scp-018-fr,scp-1064,scp-1184,scp-1212-j,scp-1525
fondationscp	fr	des-profondeurs-des-archives-du-site-120	未訳-des-profondeurs-des-archives-du-site-120	24	10-kwietnia-2010,8000-dead-rats-hub,a-form-to-outlast-time,a-library-empty,art:public-release-of-operation-witness-materials
fondationscp	fr	sai	未訳-sai	24	de-l-origine-de-yod,des-astres,desastre,document-sai-f-143,dossier-zone-mem
fondationscp	fr	autre-monde	未訳-autre-monde	23	her-envoy-waxing,the-hydra-s-spine,vagabonds:81st-turn-seventh-year-eighteenth-cycle-tresday,vagabonds:81st-turn-seventh-year-thirteenth-cycle-skalday,vagabonds:a-beginners-guide-to-metaphysical-architecture
fondationscp	fr	eurtec	未訳-eurtec	23	cathedrale-de-plomb,centre-embargo,cest-donc-ca-nos-vies,diabolus-in-musica,edp-1504-bibelot-burnoutenfant-ebbinghaus
fondationscp	fr	c9fr2021	未訳-c9fr2021	21	avalon,dans-les-abysses,des-rires-et-decheance,hoshito-et-le-projet-shufuku,indelicatesse-tahitienne
fondationscp	fr	jacobusiers	未訳-jacobusiers	21	a-quoi-sert-on,centre-des-jacobusiers,crise-de-reunion,des-trous-dans-les-arbres,deus-fecit-machina
fondationscp	fr	réécrit	未訳-réécrit	21	critter-profile-sandra-and-george,etc-proposal,keter-duty,lockdown-procedures,nexus-series
fondationscp	fr	échange-artistique	未訳-échange-artistique	21	a-completed-chronicle,ambrose-london-prix-fixe,critter-profile-sandra-and-george,empedocles,end-of-the-world-livestream
fondationscp	fr	agent-koop	未訳-agent-koop	20	chemin-de-memoire,cold-case,comic-halloween-2019,detour-humanitaire,dossier-de-surveillance-du-leitenant-filippov
fondationscp	fr	c13fr2025	未訳-c13fr2025	20	deleted:concours:henryvonkartoffen:scp-700-fr,scp-099-fr,scp-700-fr,scp-703-fr,scp-704-fr
fondationscp	fr	st-val2026	未訳-st-val2026	20	a-toi-la-plus-belle-de-mes-histoires,amicalite,amours-inoxydables,aujourdhui-le-great-fist-harker-fut-vaincu,confine-moi-dans-tes-bras
fondationscp	fr	amateurs	未訳-amateurs	19	a-l-intention-de-la-businesswoman-de-mon-coeur,amicalite,attache-aide-et-amour,de-bric-et-de-broc,entrevue-au-sommet
fondationscp	fr	modèle-base	未訳-modèle-base	19	component:adv-search-base,component:carousel-base,component:classified-decoration-base,component:classified-experiment-base,component:hr-base
fondationscp	fr	_wilson	未訳-_wilson	18	adoption-poster-bandit,adoption-poster-bonzo,adoption-poster-lloyd,adoption-poster-pearl,adoption-poster-phoebe
fondationscp	fr	campagne-brumeuse	未訳-campagne-brumeuse	18	adieu-papa-adieu-maman,centre-de-bienvenue-chez-les-ducasse,ennui-des-chasses-citadines,geant-de-la-foret,l-heure-ou-blanchit-la-campagne
fondationscp	fr	cryptozoologique	未訳-cryptozoologique	18	vagabonds:81st-turn-seventh-year-fifteenth-cycle-chroday,vagabonds:81st-turn-seventh-year-fifteenth-cycle-marday,vagabonds:81st-turn-seventh-year-fourteenth-cycle-byrday,vagabonds:81st-turn-seventh-year-fourteenth-cycle-skyday,vagabonds:81st-turn-seventh-year-fourteenth-cycle-tresday
fondationscp	fr	directeur-garrett	未訳-directeur-garrett	18	cessation-dactivite,dossier-personnel-du-directeur-bruce-garrett,entre-chien-et-loup,if-the-rain-comes-back-it-washes-away-all-your-pain,incident-000-5-fr
fondationscp	fr	entité	未訳-entité	18	vagabonds:81st-turn-seventh-year-eighteenth-cycle-erevday,vagabonds:81st-turn-seventh-year-seventeenth-cycle-tresday,vagabonds:81st-turn-seventh-year-sixteenth-cycle-byrday,vagabonds:81st-turn-seventh-year-sixteenth-cycle-rokday,vagabonds:asphalmancer
fondationscp	fr	aile-deux	未訳-aile-deux	17	vagabonds:a-wanderers-guide-to-first-aid-in-the-library,vagabonds:a-wanderers-guide-to-first-aid-in-the-library-aqua,vagabonds:ambrose-wanderers-library,vagabonds:at-the-edge-of-the-universe-humming-a-tune,vagabonds:cigarettes-and-rain
fondationscp	fr	corail	未訳-corail	17	le-reseau-corail,proposition-lga,scp-097-int,scp-531-fr,scp-542-fr
fondationscp	fr	cube	未訳-cube	17	scp-037-fr,scp-090,scp-102-fr,scp-167,scp-1696
fondationscp	fr	dr-benji	未訳-dr-benji	17	apres-aleph-010001000110111101101101011011010110000101100111,apres-aleph-apres-aleph-confrontation-musclee,apres-aleph-chapitre-3-un-probleme-de-taille,apres-aleph-equipe-3,apres-aleph-la-fuite
fondationscp	fr	dr-grym	未訳-dr-grym	17	a-propos-du-dr-grym,apres-aleph-l-agent-et-le-docteur,apres-aleph-partie-1-le-commencement,apres-aleph-partie-2,apres-aleph-partie-3
fondationscp	fr	2021	未訳-2021	16	objets-anormaux:2021-0001,objets-anormaux:2021-0002,objets-anormaux:2021-0003,objets-anormaux:2021-0004,objets-anormaux:2021-0005
fondationscp	fr	_staffpost	未訳-_staffpost	16	5-mr-mad,contest-archive,experience-log-294,incidence-report-log-567-4012,interviews-log-405
fondationscp	fr	agent-vandrake	未訳-agent-vandrake	16	a-propos-du-dr-grym,apres-aleph-l-agent-et-le-docteur,apres-aleph-le-depart,apres-aleph-partie-1-le-commencement,apres-aleph-partie-2
fondationscp	fr	apoïde	未訳-apoïde	16	scp-1256,scp-1598,scp-1702,scp-1912,scp-2324
fondationscp	fr	argile	未訳-argile	16	scp-030,scp-065-fr,scp-2091,scp-2101,scp-2426-jp
fondationscp	fr	c11fr2023	未訳-c11fr2023	16	deleted:c11ahenka-9,deleted:c11aryctus-10,le-concours-des-onze-ans,scp-558-fr,scp-576-fr
fondationscp	fr	ch2023	未訳-ch2023	16	concours-halloween-2023,deleted:ch2023drluciano,scp-602-fr,scp-603-fr,scp-613-fr
fondationscp	fr	ch25	未訳-ch25	16	decomposee,deleted:l-humanite,des-fleurs-pour-dado,faux-sang-blanc,fin-de-la-routine
fondationscp	fr	chronographe	未訳-chronographe	16	scp-1032,scp-1244,scp-1525,scp-1912,scp-224
fondationscp	fr	ophidien	未訳-ophidien	16	proposition-des-drs-gemini-et-tesla,scp-1132,scp-201-de,scp-2129,scp-2584
fondationscp	fr	agent-dears	未訳-agent-dears	15	apres-aleph-010001000110111101101101011011010110000101100111,apres-aleph-apres-aleph-confrontation-musclee,apres-aleph-equipe-3,apres-aleph-la-fuite,apres-aleph-la-traque
fondationscp	fr	agent-lucy	未訳-agent-lucy	15	comic-halloween-2019,devenir-le-chasseur,dossier-personnel-du-pr-lucy,guimauve,hasard-une-infime-probabilite
fondationscp	fr	c-57	未訳-c-57	15	deleted:http,i-57-hub,mcd-tabula-veritatis,peligro-hipopotamos-de-medellin,peligro-igniciervos
fondationscp	fr	ch2021	未訳-ch2021	15	ambrose-val-de-loire,bois-flotte,bouteille-a-la-mer-dpwl,concours-halloween-2021,dans-l-orbite-de-jack
fondationscp	fr	futur	未訳-futur	15	scp-077-fr,scp-1122,scp-1342,scp-1396,scp-1780
fondationscp	fr	omnivore	未訳-omnivore	15	scp-058-fr,scp-082-fr,scp-142-fr,scp-1710-jp,scp-203-fr
fondationscp	fr	rapport	未訳-rapport	15	incident-log-1245-043,vagabonds:aframos-introduction,vagabonds:field-guide-to-the-shelves-volume-one,vagabonds:fifth-elrichian-national-party-manifest,vagabonds:findings-from-the-excavation-of-new-york-city
fondationscp	fr	religion	未訳-religion	15	a-very-high-holiday,scp-7086,scp-796-fr,scp-797-fr,vagabonds:81st-turn-seventh-year-fourteenth-cycle-skalday
fondationscp	fr	2013	未訳-2013	14	objets-anormaux:2013-0001,objets-anormaux:2013-0002,objets-anormaux:2013-0003,objets-anormaux:2013-0004,objets-anormaux:2013-0005
fondationscp	fr	clé	未訳-clé	14	mackenzie-s-proposal,scp-004,scp-005,scp-1016,scp-1531
fondationscp	fr	docteur-de-la-peste	未訳-docteur-de-la-peste	14	an-angel-who-has-forsaken-sympathy,ce-qu-une-femme-ne-peut-faire,do-no-harm,doctor-muerte,everyone-wears-a-mask
fondationscp	fr	embargo	未訳-embargo	14	cathedrale-de-plomb,centre-embargo,cest-donc-ca-nos-vies,diabolus-in-musica,edp-1504-bibelot-burnoutenfant-ebbinghaus
fondationscp	fr	possession	未訳-possession	14	scp-1078-ru,scp-132-fr,scp-324-fr,scp-347-fr,scp-473-fr
fondationscp	fr	sigurros	未訳-sigurros	14	a-suicide-note,arnven-burns,dire-tidings,halloween-on-17th-street,incident-239-abridged
fondationscp	fr	c14fr2026	未訳-c14fr2026	13	concours:c14-kams,le-concours-des-quatorze-ans,scp-732-fr,scp-744-fr,scp-800-fr
fondationscp	fr	carte	未訳-carte	13	scp-029-fr,scp-1053,scp-1130,scp-1235,scp-175
fondationscp	fr	dr-kaze	未訳-dr-kaze	13	apres-aleph-010001000110111101101101011011010110000101100111,apres-aleph-apres-aleph-confrontation-musclee,apres-aleph-equipe-3,apres-aleph-la-fuite,apres-aleph-la-traque
fondationscp	fr	initiative-des-trois-lunes	未訳-initiative-des-trois-lunes	13	avalon,et-le-monde-cessa-de-rever,ill-be-home-for-christmas,operation-galahad,pravoslavia
fondationscp	fr	vermiforme	未訳-vermiforme	13	scp-1280,scp-153,scp-1695,scp-1707,scp-189
fondationscp	fr	_main-du-serpent	未訳-_main-du-serpent	12	a-quiet-night,blue-lily-chains,hello-i-am-an-eldritch-horror,la-tour-du-candelabre,marw-el-reencarnado
fondationscp	fr	baao	未訳-baao	12	comite-denquete-n-e-7010-1934,scp-349-fr,scp-360-fr,scp-365-fr,scp-458-fr
fondationscp	fr	catalogue-deepwell	未訳-catalogue-deepwell	12	admonition,scp-4260,scp-4755,scp-6183,scp-6488
fondationscp	fr	cristallin	未訳-cristallin	12	scp-1037,scp-1083,scp-1718,scp-2036,scp-328
fondationscp	fr	diaspora	未訳-diaspora	12	diaspora-centre,froid-forts-fins-feroces-reves-etranges,scp-610-fr,scp-612-fr,scp-694-fr
fondationscp	fr	enfer-insectoïde	未訳-enfer-insectoïde	12	apologies-and-redemption,arbh-class-debrief-file,arbh-class-hub,critter-profile-genghis,end-of-the-world-livestream
fondationscp	fr	humanité	未訳-humanité	12	archives-de-l-oeil-du-corbeau,entretiens-avec-de-potentiels-nouveaux-dieux,guide-d-ecriture-sur-humanite,la-mort-est-une-illusion,les-danseurs-elegants
fondationscp	fr	vedette	未訳-vedette	12	scp-015,scp-017,scp-084,scp-087,scp-111
fondationscp	fr	daleth	未訳-daleth	11	delirium-mori,kwe-contre-les-ondes,reves-de-mondes-lointains,scp-414-fr,scp-439-fr
fondationscp	fr	dr-gémini	未訳-dr-gémini	11	dans-le-marbre,dossier-personnel-du-dr-gemini,introduction-au-departement-de-censure-et-de-desinformation,lapsus-et-coutumes,les-malheurs-du-sophiste
fondationscp	fr	dr-holt	未訳-dr-holt	11	apres-aleph-chapitre-3-un-probleme-de-taille,autochtones,diancecht,emission-archive-presentateur-inconnu-annees-60,la-petite-equipe-de-lord-dottinghton
fondationscp	fr	dép-de-pataphysique	未訳-dép-de-pataphysique	11	i-h-p-proposal,never-metafictional-character-i-liked,scp-0166,scp-242-ko,scp-3143
fondationscp	fr	désert-humain	未訳-désert-humain	11	desert-humain,l-age-du-marbre,la-mort-d-un-reve,la-vraie-valeur-des-choses,le-devoir-de-memoire
fondationscp	fr	minuit-moins-cinq	未訳-minuit-moins-cinq	11	a-la-recherche-d-astro-comic,centre-de-minuit-moins-cinq,chapitre-1-la-saison-des-suicides,chapitre-2-folie-a-deux,chapitre-3-vices-et-vertus
fondationscp	fr	mythologique	未訳-mythologique	11	scp-542-fr,scp-551-fr,scp-597-fr,scp-642-fr,vagabonds:a-restless-wanderer-on-the-earth
fondationscp	fr	sous-le-monde	未訳-sous-le-monde	11	ceux-qui-meurent-dans-l-encre,dossier-site-bayard,hantologies,il-etait-une-fois-l-espace,l-enfant-des-etoiles
fondationscp	fr	théologie-tactique	未訳-théologie-tactique	11	scp-551-fr,scp-5693,scp-5993,scp-5998,scp-6130
fondationscp	fr	_et-maintenant-on-est-cool	未訳-_et-maintenant-on-est-cool	10	project-proposal-1964-238,project-proposal-1994-357-a-still-life,project-proposal-2014-1221,project-proposal-2014-234,project-proposal-2018-019
fondationscp	fr	amao	未訳-amao	10	de-fil-en-aiguille,donatello-s-sculpting-tools-circa-1409,goliath-circa-1505,hub-madao,la-foi-de-la-paix-circa-2011
fondationscp	fr	chalété2022	未訳-chalété2022	10	chalete2022,scp-524-fr,scp-543-fr,scp-551-fr,scp-562-fr
fondationscp	fr	demain-comme-hier	未訳-demain-comme-hier	10	centre-de-demain-comme-hier,faute-de-temps,juste-un-reve,l-amertume-a-les-couleurs-de-l-ennui-mais-le-piquant-de-l-ai,les-triples-de-monsieur-smith
fondationscp	fr	dr-aloices	未訳-dr-aloices	10	apres-aleph-equipe-9,ariane-au-bout-du-fil,beechanisme,chapitre-1-un-miracle-en-enfer,chapitre-2-six-pieds-sous-terre
fondationscp	fr	dr-haures	未訳-dr-haures	10	apres-aleph-equipe-9,chapitre-1-un-miracle-en-enfer,chapitre-2-six-pieds-sous-terre,dossier-personnel-du-dr-haures,hasard-une-infime-probabilite
fondationscp	fr	dr-le-docteur	未訳-dr-le-docteur	10	scp-5241,scp-5242,scp-5956,scp-6056,scp-6416
fondationscp	fr	rave-fm	未訳-rave-fm	10	concours-ravefm-partie-1,concours-ravefm-partie-2,kwe-contre-les-ondes,operation-capricorne,quand-kwe-arrive-en-ville
fondationscp	fr	vagaconcours2021	未訳-vagaconcours2021	10	vagabonds:a-bud-fears-bloom-leaves-blocking-its-view,vagabonds:an-interview-with-the-author,vagabonds:between-stars-converse-with-the-dead,vagabonds:i-cannot-recall-my-first-thought,vagabonds:identifying-hunting-and-betraying-dragons
fondationscp	fr	_cmo	未訳-_cmo	9	archival-document-hsa-008-advent,edc-1742-fidji-bercemorphe,edl-3512-kewpie-kringle-warhol,edp-1504-bibelot-burnoutenfant-ebbinghaus,ef-5247-turing-gris-nacl
fondationscp	fr	_u2i	未訳-_u2i	9	make-america-normaler,paramax,three-portlands-hub,u2i-document-1973-097,uiu-file-1933-001
fondationscp	fr	archives	未訳-archives	9	scp-527-fr,scp-597-fr,scp-617-fr,vagabonds:deux-cent-cinquante-cinq-deux-cent-cinquante-six,vagabonds:forgotten
fondationscp	fr	arpenteurs	未訳-arpenteurs	9	a-wandsman-in-the-court-of-the-hanged-king,concours-ravefm-partie-2,scp-2264,scp-5917,the-kaiju-sea
fondationscp	fr	aumn	未訳-aumn	9	en-regardant-les-etoiles,la-femme-et-ses-poupees,le-colosse-et-sa-requete,le-jeune-et-ses-problemes,le-mage-et-ses-droles-de-dames
fondationscp	fr	correspondance	未訳-correspondance	9	let-the-factory-fail,vagabonds:and-now-a-bit-of-conceptual-birdsong,vagabonds:from-white-sparrow-lost-property-office,vagabonds:househunting,vagabonds:inscriptions-or-marginalia
fondationscp	fr	digestion	未訳-digestion	9	scp-008-de-j,scp-1349,scp-266-fr,scp-418-fr,scp-528-fr
fondationscp	fr	kommissaer-mortarion	未訳-kommissaer-mortarion	9	apres-aleph-demi-tour,apres-aleph-insurrection-au-site-06-03,apres-aleph-les-quatre-cavaliers,apres-aleph-partie-1-le-commencement,apres-aleph-partie-3
fondationscp	fr	marawi	未訳-marawi	9	scp-360-fr,scp-365-fr,scp-451-fr,scp-487-fr,scp-514-fr
fondationscp	fr	nun	未訳-nun	9	de-l-origine-de-kybian,la-chute-du-site-nun,scp-363-fr,scp-398-fr,scp-500-fr
fondationscp	fr	ovin	未訳-ovin	9	scp-1845,scp-1874,scp-209-fr,scp-3615,scp-418-fr
fondationscp	fr	protocole-dcd	未訳-protocole-dcd	9	centre-du-dcd,dcd-0012,dcd-0122,dcd-1789,dcd-2874
fondationscp	fr	spé-giacardi	未訳-spé-giacardi	9	apres-aleph-de-l-atlantique-a-la-volga,apres-aleph-equipe-6-partie-2-seul-dehors,apres-aleph-equipe-6-partie-3-eveil,apres-aleph-equipe-6-partie-5-cendres,l-age-du-marbre
fondationscp	fr	_reine-noire	未訳-_reine-noire	8	cassandra,maman-me-manque-pas-vous,mr-normie,paris-massacre,prantortiz-the-vile
fondationscp	fr	brillant-brian	未訳-brillant-brian	8	be-strange-or-be-forgotten,i-don-t-get-it-i-functioned-before,phoenix-a-la-mode,to-think-i-ve-spent-my-whole-life-waiting,vend-a-friend
fondationscp	fr	cbdv2013	未訳-cbdv2013	8	vagabonds:forgotten,vagabonds:hidden-corners-of-places,vagabonds:inscriptions-or-marginalia,vagabonds:leavings-of-another-world,vagabonds:never-did-exist
fondationscp	fr	ch2024	未訳-ch2024	8	dans-le-sas,dcd-3110,de-compter-mon-cerveau-s-est-arrete,five-nights-at-luigis,les-griffes-du-confiseur
fondationscp	fr	chasse2021	未訳-chasse2021	8	vagabonds:aliens-in-america,vagabonds:beer-guns-aliens-and-sadness,vagabonds:findings-from-the-excavation-of-new-york-city,vagabonds:leaving-havana,vagabonds:letter-found-after-a-credit-card-purchase
fondationscp	fr	dr-tesla	未訳-dr-tesla	8	comic-halloween-2019,dans-le-marbre,dossier-personnel-du-dr-tesla,la-reincarnation-et-son-role-dans-l-histoire-de-l-humanite-e,les-malheurs-du-sophiste
fondationscp	fr	dr-wettle	未訳-dr-wettle	8	scp-5056-tests,scp-5243,scp-5243-video-transcripts,scp-5904,scp-5956
fondationscp	fr	fable	未訳-fable	8	vagabonds:eco-systeme-pileux,vagabonds:eggshells,vagabonds:historia-europa-i,vagabonds:how-grandmother-triode-stole-binary-from-the-sun,vagabonds:la-lune-le-canal-et-le-renard
fondationscp	fr	formicidae	未訳-formicidae	8	scp-073-fr,scp-1942,scp-2031,scp-302,scp-459-fr
fondationscp	fr	interactif	未訳-interactif	8	scp-001-it-abad,scp-1d6-j,scp-2212,scp-245,scp-2975
fondationscp	fr	le-refuge-d-en-haut	未訳-le-refuge-d-en-haut	8	pitch-haven-hub,scp-1530,scp-1619,scp-1903,scp-1913
fondationscp	fr	lettre	未訳-lettre	8	vagabonds:a-love-letter,vagabonds:la-grace-est-un-don-d-amour,vagabonds:le-fruit-defendu,vagabonds:letter-found-after-a-credit-card-purchase,vagabonds:missive-a-classer-rangee-des-cris-du-coeur
fondationscp	fr	livre	未訳-livre	8	vagabonds:atlas-burden-hub,vagabonds:legends-of-midgard,vagabonds:luminal-oasis,vagabonds:miyetlapallintlalli,vagabonds:tales-from-spears-to-flowers
fondationscp	fr	maîtrise-des-foyers	未訳-maîtrise-des-foyers	8	asset-florida-orange,fire-suppression-department-hub,life-insurance-policy,scp-525-fr,scp-6130
fondationscp	fr	problèmes-de-communication	未訳-problèmes-de-communication	8	domc-hub,scp-4098,scp-4380,scp-4428,scp-4517
fondationscp	fr	voies	未訳-voies	8	vagabonds:a-love-letter,vagabonds:a-restless-wanderer-on-the-earth,vagabonds:aframos-introduction,vagabonds:field-guide-to-the-shelves-volume-one,vagabonds:note-glissee-au-milieu-des-pages-vertes
fondationscp	fr	<500	未訳-<500	7	concours-du-scp-de-moins-de-500-mots,scp-103-fr,scp-113-fr,scp-119-fr,scp-155-fr
fondationscp	fr	_restaurants-ambrose	未訳-_restaurants-ambrose	7	ambrose-bretagne,ambrose-london-prix-fixe,ambrose-makiling,ambrose-paris,ambrose-sanfran
fondationscp	fr	apparition	未訳-apparition	7	scp-522-fr,scp-552-fr,scp-7688,vagabonds:che-s-art-journal,vagabonds:emprunt-mutuellement-benefique
fondationscp	fr	dinosaure	未訳-dinosaure	7	scp-1905,scp-250,scp-2883,scp-317,scp-3637
fondationscp	fr	divin	未訳-divin	7	scp-542-fr,scp-551-fr,scp-597-fr,scp-642-fr,vagabonds:81st-turn-seventh-year-seventeenth-cycle-skalday
fondationscp	fr	espace	未訳-espace	7	scp-2122,scp-3676,scp-4408,scp-8808,vagabonds:eco-systeme-pileux
fondationscp	fr	gentleman-dream	未訳-gentleman-dream	7	gentleman-dream-centre,gentleman-dream-chapitre-1,gentleman-dream-chapitre-2,gentleman-dream-chapitre-3,gentleman-dream-chapitre-4
fondationscp	fr	geôliers	未訳-geôliers	7	vagabonds:a-love-letter,vagabonds:emprunt-mutuellement-benefique,vagabonds:missive-a-classer-rangee-des-cris-du-coeur,vagabonds:sins-of-the-mother,vagabonds:sztuka-poza-logika
fondationscp	fr	grand-dieu-vert	未訳-grand-dieu-vert	7	entretiens-avec-de-potentiels-nouveaux-dieux,fragmentos-traducidos-del-libro-de-la-vida,phytogenese,ritual-a-la-luz-de-la-luna,scp-425-fr
fondationscp	fr	oiseaux-de-papier	未訳-oiseaux-de-papier	7	concours-ravefm-partie-2,passe-toile,rapport-d-ecoute-du-18-10-2025-mon-cygne-noir,scp-660-fr,scp-750-fr
fondationscp	fr	_amao	未訳-_amao	6	donatello-s-sculpting-tools-circa-1409,goliath-circa-1505,la-foi-de-la-paix-circa-2011,lincubo-di-pigmalione-sec-vii-a-c-circa,mon-amour-et-ma-aide-circa-1518
fondationscp	fr	bibliothécaires	未訳-bibliothécaires	6	vagabonds:cobalt-stab,vagabonds:conversations-with-the-serpent,vagabonds:field-guide-to-the-shelves-volume-one,vagabonds:gravure-sur-un-panneau-de-bois,vagabonds:the-last-will-and-testament
fondationscp	fr	cactaceae	未訳-cactaceae	6	scp-065-j,scp-123-it,scp-1277,scp-2800,scp-3388
fondationscp	fr	chroniques-de-saphir	未訳-chroniques-de-saphir	6	chasser-le-mal,chroniques-de-saphir,partager-le-vin,rompre-le-pain,trouver-l-absolution
fondationscp	fr	collection	未訳-collection	6	vagabonds:journal-of-the-walk,vagabonds:the-journal-of-aframos-longjourney,vagabonds:the-wanderer-s-station,vagabonds:the-world-of-elrich,vagabonds:thearchivistslog
fondationscp	fr	cryptobotanique	未訳-cryptobotanique	6	vagabonds:81st-turn-seventh-year-eighteenth-cycle-skalday,vagabonds:81st-turn-seventh-year-fifteenth-cycle-chroday,vagabonds:81st-turn-seventh-year-fourteenth-cycle-skyday,vagabonds:81st-turn-seventh-year-nineteenth-cycle-skalday2,vagabonds:81st-turn-seventh-year-seventeenth-cycle-skyday
fondationscp	fr	directeur-mcinnis	未訳-directeur-mcinnis	6	scp-5056-tests,scp-5109,scp-5243,scp-5751,scp-5866
fondationscp	fr	dr-attano	未訳-dr-attano	6	conference-d-histoire-antique-anormale,l-age-du-marbre,ombres-post-modernes,page-d-auteur-du-dr-attano,perte-artistique
fondationscp	fr	dr-cendres	未訳-dr-cendres	6	apres-aleph-equipe-6-partie-6-on-m-a-appele,apres-aleph-equipe-6-partie-7-sweet-euphoria,comic-halloween-2019,dossier-personnel-du-dr-cendres,loin-des-yeux-loin-du-coeur
fondationscp	fr	dr-johannes	未訳-dr-johannes	6	apres-aleph-demi-tour,apres-aleph-tout-va-rentrer-dans-l-ordre,dossier-personnel-du-dr-johannes,la-petite-equipe-de-lord-dottinghton,scp-738-fr
fondationscp	fr	dr-sonitrok	未訳-dr-sonitrok	6	apres-aleph-demi-tour,apres-aleph-insurrection-au-site-06-03,apres-aleph-les-quatre-cavaliers,apres-aleph-tout-va-rentrer-dans-l-ordre,la-petite-equipe-de-lord-dottinghton
fondationscp	fr	dép-des-suppressions	未訳-dép-des-suppressions	6	deleted,scp-6183,scp-6768,scp-7549,scp-7912
fondationscp	fr	elrich	未訳-elrich	6	vagabonds:a-brief-history-of-stairs,vagabonds:ambrose-wanderers-library,vagabonds:fifth-elrichian-national-party-manifest,vagabonds:spiraling-shape,vagabonds:stars
fondationscp	fr	lever-du-jour	未訳-lever-du-jour	6	daybreak,heart-and-sol,shaggydredlocks-proposal,the-sun-ever-sets-on-the-british-empire,unexpected-light
fondationscp	fr	mauvaises-herbes	未訳-mauvaises-herbes	6	chwasty-hub,czym-sa-obiekty-konspiracyjne,scp-pl-029,scp-pl-037,scp-pl-086
fondationscp	fr	planasthai	未訳-planasthai	6	vagabonds:ambrose-wanderers-library,vagabonds:hidden-corners-of-places,vagabonds:missed-connections,vagabonds:planasthaiisoverparty,vagabonds:sztuka-poza-logika
fondationscp	fr	resh	未訳-resh	6	defaillance-dans-la-decoherence,scp-725-fr,scp-737-fr,scp-742-fr,scp-789-fr
fondationscp	fr	réponse-amorce	未訳-réponse-amorce	6	vagabonds:a-restless-wanderer-on-the-earth,vagabonds:de-la-persistance-de-l-ombre,vagabonds:deux-cent-cinquante-cinq-deux-cent-cinquante-six,vagabonds:emprunt-mutuellement-benefique,vagabonds:juste-derriere-moi
fondationscp	fr	2012	未訳-2012	5	objets-anormaux:2012-0001,objets-anormaux:2012-0002,objets-anormaux:2012-0003,objets-anormaux:2012-0004,objets-anormaux:2012-0005
fondationscp	fr	chalete2025	未訳-chalete2025	5	defaillance-dans-la-decoherence,scp-725-fr,scp-737-fr,scp-742-fr,scp-789-fr
fondationscp	fr	champion-lunaire	未訳-champion-lunaire	5	i-dreamed-a-dream,moon-champion-s-cinco-de-mayo-extravaganza,scp-1233,two-lost-souls,waiting-in-the-sky
fondationscp	fr	chélonien	未訳-chélonien	5	scp-107,scp-197-fr,scp-3789,scp-4644,scp-698
fondationscp	fr	dessin-animé	未訳-dessin-animé	5	centre-de-retranscription-des-dessins-animes,gruesome-tale,kid-s-show,kid-s-show-edition-anormal,kid-s-show-shutdown-gouvernemental
fondationscp	fr	dimensionnel	未訳-dimensionnel	5	scp-066-fr,scp-068-fr,scp-100-fr,scp-636-fr,scp-641-fr
fondationscp	fr	directeur-scout	未訳-directeur-scout	5	acroamatic-abatement,scp-5494,scp-5520,scp-5616,scp-5751
fondationscp	fr	dr-dan	未訳-dr-dan	5	document-096-1,incident-096-1-a,scp-096,scp-5751,scp-5883
fondationscp	fr	dr-hinault	未訳-dr-hinault	5	content-de-l-entendre-encore,dossier-personnel-du-dr-hinault,ma-bubulle-bien-aimee,un-saumon-au-sommet-1,un-saumon-au-sommet-2
fondationscp	fr	dre-lillihammer	未訳-dre-lillihammer	5	scp-5109,scp-5243,scp-5883,scp-5956,scp-6056
fondationscp	fr	déclassifié	未訳-déclassifié	5	scp-4456,scp-4659,scp-4955,scp-6404,scp-6469
fondationscp	fr	fécal	未訳-fécal	5	scp-008-de-j,scp-328-fr,scp-439-fr,scp-687-fr,scp-690-fr
fondationscp	fr	juste-des-trucs-de-filles	未訳-juste-des-trucs-de-filles	5	ella-s-sickly-sweets,filled-to-the-brim-with-girlish-glee,just-girly-things-hub,scp-4319,we-can-t-plan-out-our-lives-or-can-we
fondationscp	fr	nahuaislean	未訳-nahuaislean	5	scp-439-fr,scp-639-fr,traite-d-anomalolithisation,xks2018:les-ailes-de-demain-voleront-sur-l-europe,xks2018:premieres-notes-et-resultats
fondationscp	fr	samech	未訳-samech	5	d-un-pere-a-sa-fille,guimauve,hasard-une-infime-probabilite,scp-370-fr,scp-764-fr
fondationscp	fr	_personne	未訳-_personne	4	note-a-part-of-nobody,note-immortality-amulet,note-your-name-is-nobody,notiz-sie-die-jeden-verraten-hat
fondationscp	fr	_redirection	未訳-_redirection	4	system:gazette,system:random-scp,system:random-tale,system:vagabonds-random-page
fondationscp	fr	arbre	未訳-arbre	4	scp-4021,scp-612-fr,scp-6666,scp-7055
fondationscp	fr	cdép2022	未訳-cdép2022	4	for-your-eyes-only-a-tale-of-the-tmo,life-insurance-policy,picture-this,telecommunications-monitoring-office-hub
fondationscp	fr	comédie	未訳-comédie	4	big-dick-chappell,let-the-factory-fail,scp-7398,scp-9434
fondationscp	fr	directeur-bold	未訳-directeur-bold	4	scp-4456,scp-6183,scp-6469,scp-6488
fondationscp	fr	dr-alwaid	未訳-dr-alwaid	4	ci-gisent-les-cranes,dossier-personnel-d-alwaid,revue-es-aw-1921,salut-a-toi
fondationscp	fr	dr-gerald	未訳-dr-gerald	4	annon,ecceperago,new-kid-on-the-block,scp-foundation-the-movie
fondationscp	fr	dr-gray	未訳-dr-gray	4	comic-halloween-2019,dossier-personnel-dr-gray,rapport-d-experience-182-fr-02,what-news-from-the-west-o-wandering-wind
fondationscp	fr	dr-sokolsky	未訳-dr-sokolsky	4	scp-5109,scp-5751,scp-5956,scp-7000
fondationscp	fr	dre-reynders	未訳-dre-reynders	4	scp-5616,scp-6183,scp-6416,scp-7243
fondationscp	fr	irdai	未訳-irdai	4	scp-001-it-abad,scp-001-it-graf,scp-002-it,scp-007-it
fondationscp	fr	les-mots	未訳-les-mots	4	j-ai-donne-mon-ame-parce-qu-on-me-l-a-demandee,l-ombre-d-un-echo,les-mots-des-narrateurs,rosa-alba
fondationscp	fr	orgueil-et-supprimé	未訳-orgueil-et-supprimé	4	1975,dans-le-marbre,les-malheurs-du-sophiste,ne-en-neant
fondationscp	fr	pangea	未訳-pangea	4	gendastrerie-centre,goc-supplemental-implantation-fr,scp-427-fr,ulia
fondationscp	fr	paul-kim	未訳-paul-kim	4	avant-delta-0,case-colourless-green,introductory-antimemetics,your-last-first-day
fondationscp	fr	redirection	未訳-redirection	4	licensing-guide,liste-francaise,scp-6470,scp-es-026
fondationscp	fr	requis	未訳-requis	4	deletions-guide,guide-des-tags,guide-for-newbies,legal
fondationscp	fr	tau-5-samsara	未訳-tau-5-samsara	4	avatara,deus-vulture,scp-2970,scp-4755
fondationscp	fr	tribal	未訳-tribal	4	vagabonds:81st-turn-seventh-year-eighteenth-cycle-erevday,vagabonds:81st-turn-seventh-year-first-cycle-marday,vagabonds:81st-turn-seventh-year-spring-equinox,vagabonds:nekra-myrminkia-dead-ants
fondationscp	fr	ulak	未訳-ulak	4	vagabonds:ambrose-wanderers-library,vagabonds:legends-of-midgard,vagabonds:sins-of-the-mother,vagabonds:source
fondationscp	fr	vulpes	未訳-vulpes	4	scp-1845,scp-266-fr,scp-334,scp-953
fondationscp	fr	_gru	未訳-_gru	3	dossier-de-la-gru-p-cosmodrome-von-braun,xks2018:dossier-du-gru-p-aire-dimensionnelle-a-expansion-con,xks2018:dossier-du-gru-p-foudre-de-marawi
fondationscp	fr	_initiative-horizon	未訳-_initiative-horizon	3	0-texts-found,archirelique-n-24,the-parables-of-pseudo-nadox
fondationscp	fr	aristocratique	未訳-aristocratique	3	vagabonds:a-brief-history-of-stairs,vagabonds:on-the-common-vampyre,vagabonds:the-world-of-elrich
fondationscp	fr	bonifay	未訳-bonifay	3	scp-1890,scp-1896,scp-1928
fondationscp	fr	bureau-des-télécommunications	未訳-bureau-des-télécommunications	3	for-your-eyes-only-a-tale-of-the-tmo,picture-this,telecommunications-monitoring-office-hub
fondationscp	fr	camélidé	未訳-camélidé	3	scp-1296,scp-1545,scp-2199
fondationscp	fr	canon	未訳-canon	3	let-the-factory-fail,vagabonds:cedar-bardot,vagabonds:over-root-and-under-loam
fondationscp	fr	commandours	未訳-commandours	3	scp-5464,scp-5870,scp-5977
fondationscp	fr	culte-chopinien	未訳-culte-chopinien	3	entretiens-avec-de-potentiels-nouveaux-dieux,scp-1710-jp,scp-pl-173
fondationscp	fr	dottinghton	未訳-dottinghton	3	a-la-recherche-de-scarlet,histoire-d-un-cataclysme,la-petite-equipe-de-lord-dottinghton
fondationscp	fr	harper	未訳-harper	3	memorandum-dated-6-november-1944,transcript-of-meeting-june-2-1972,transcript-of-telephone-conversation-august-9-1991
fondationscp	fr	horreur	未訳-horreur	3	let-the-factory-fail,scp-6670,scp-7378
fondationscp	fr	institut-de-l-anormal	未訳-institut-de-l-anormal	3	copie-numerique-du-rapport-scp-316-fr-pour-accreditations-4,scp-cn-296,xks2018:operation-neuvieme-soleil
fondationscp	fr	jamais-été	未訳-jamais-été	3	vagabonds:missed-connections,vagabonds:never-did-exist,vagabonds:thearchivistslog
fondationscp	fr	mais-un-rêve	未訳-mais-un-rêve	3	scp-8251,scp-8695,scp-9044
fondationscp	fr	marchands	未訳-marchands	3	vagabonds:a-restless-wanderer-on-the-earth,vagabonds:the-exhibition,vagabonds:thearchivistslog
fondationscp	fr	moi-et-moi-seul	未訳-moi-et-moi-seul	3	scp-102-fr,scp-149-fr,scp-167-fr
fondationscp	fr	nourriture	未訳-nourriture	3	scp-157-it,scp-1863,scp-8220
fondationscp	fr	nouvelle-génération	未訳-nouvelle-génération	3	autochtones,diancecht,rentree-en-matiere
fondationscp	fr	spé-arcaël	未訳-spé-arcaël	3	apres-aleph-de-l-atlantique-a-la-volga,apres-aleph-equipe-6-partie-1-falling-down,apres-aleph-equipe-6-partie-4-i-will-survive
fondationscp	fr	série-introduction	未訳-série-introduction	3	introduction-ep-1,introduction-ep-2,introduction-fr
fondationscp	fr	1999	未訳-1999	2	objets-anormaux:1999-0001,objets-anormaux:1999-0002
fondationscp	fr	2001	未訳-2001	2	objets-anormaux:2001-0001,objets-anormaux:2001-0002
fondationscp	fr	2006	未訳-2006	2	objets-anormaux:2006-0001,objets-anormaux:2006-0002
fondationscp	fr	_	未訳-_	2	le-pangirot,scp-et-enfance
fondationscp	fr	_cfo	未訳-_cfo	2	cfo-c04,il-tradimento-dei-pini
fondationscp	fr	_esprit-de-chicago	未訳-_esprit-de-chicago	2	carroll-188-gemini,xks2018:transaction-n-59
fondationscp	fr	_fondation-caritative-de-la-manne	未訳-_fondation-caritative-de-la-manne	2	draft-proposal-for-programme-arduinosis-9001,first-ivady-donation
fondationscp	fr	_ijiepa	未訳-_ijiepa	2	kashi-sei,osanshouo
fondationscp	fr	_initiative-des-trois-lunes	未訳-_initiative-des-trois-lunes	2	avalon,pravoslavia
fondationscp	fr	aile-une	未訳-aile-une	2	vagabonds:81st-turn-seventh-year-twentieth-cycle-erevday,vagabonds:81st-turn-seventh-year-twentieth-cycle-tresday
fondationscp	fr	alda	未訳-alda	2	scp-642-fr,scp-795-fr
fondationscp	fr	après-vie	未訳-après-vie	2	proposition-du-dr-macro,scp-6130
fondationscp	fr	avertissement_épilepsie	未訳-avertissement_épilepsie	2	quote-unquote-art-by-cww,scp-747-fr
fondationscp	fr	brûleurs-de-livres	未訳-brûleurs-de-livres	2	vagabonds:sztuka-poza-logika,vagabonds:thearchivistslog
fondationscp	fr	caminero	未訳-caminero	2	vagabonds:cigarettes-and-rain,vagabonds:the-warmth-of-the-other
fondationscp	fr	cargaisons-insolites	未訳-cargaisons-insolites	2	scp-728-fr,unusual-cargo-hub
fondationscp	fr	cgom	未訳-cgom	2	entretiens-avec-de-potentiels-nouveaux-dieux,scp-057-it
fondationscp	fr	club-de-minuit	未訳-club-de-minuit	2	midnight-club-hub,scp-877-ko
fondationscp	fr	crimen-con2021	未訳-crimen-con2021	2	peligro-hipopotamos-de-medellin,scp-es-230
fondationscp	fr	dark-sushi	未訳-dark-sushi	2	scp-1134-jp,scp-622-fr
fondationscp	fr	dept-déclassification	未訳-dept-déclassification	2	scp-4456,scp-6183
fondationscp	fr	dernière-lumière	未訳-dernière-lumière	2	vagabonds:last-light-hub,vagabonds:talk-of-the-town
fondationscp	fr	dr-asheworth	未訳-dr-asheworth	2	scp-6747,scp-7999
fondationscp	fr	dr-elliott	未訳-dr-elliott	2	rounderhouse-proposal,scp-2108
fondationscp	fr	dr-sinclair	未訳-dr-sinclair	2	chapter-4-nobody-prays-for-february,scp-5883
fondationscp	fr	dre-elstrom	未訳-dre-elstrom	2	scp-5109,scp-7165
fondationscp	fr	effet-sur-l'esprit	未訳-effet-sur-l'esprit	2	scp-1339,scp-8902
fondationscp	fr	fin-de-la-mascarade	未訳-fin-de-la-mascarade	2	ethics-guide,scp-4427
fondationscp	fr	ilvos	未訳-ilvos	2	vagabonds:hunting-the-margrawn,vagabonds:the-last-will-and-testament
fondationscp	fr	la	未訳-la	2	director-bold-s-proposal-la,scp-la-001
fondationscp	fr	liferaft	未訳-liferaft	2	early-summer-5000000000000000,noir-blanc-jaune
fondationscp	fr	localisation	未訳-localisation	2	scp-2403,scp-4647
fondationscp	fr	maxwellisme	未訳-maxwellisme	2	scp-5241,scp-5751
fondationscp	fr	merveilles-de-la-maison	未訳-merveilles-de-la-maison	2	scp-pl-005,scp-pl-174
fondationscp	fr	pdv2020	未訳-pdv2020	2	vagabonds:quiet-uneventful-affairs,vagabonds:wanderers-depths-contest
fondationscp	fr	poursuite	未訳-poursuite	2	wayfarers,we-boldly-went
fondationscp	fr	rongeur	未訳-rongeur	2	scp-6622,scp-7398
fondationscp	fr	réaliste	未訳-réaliste	2	vagabonds:cigarettes-and-rain,vagabonds:the-warmth-of-the-other
fondationscp	fr	science-fiction	未訳-science-fiction	2	scp-8147,the-assassination-of-xyank
fondationscp	fr	sdv2019	未訳-sdv2019	2	vagabonds:the-wanderer-s-station,vagabonds:wanderer-s-station
fondationscp	fr	simony	未訳-simony	2	dokumentacja-bezpiecznej-placowki-osrodek-101,symonia-hub
fondationscp	fr	sur	未訳-sur	2	deleted:scp-730-fr,deleted:scp-730-fr-2
fondationscp	fr	surréalisme	未訳-surréalisme	2	scp-2156,scp-9088
fondationscp	fr	sushiblade	未訳-sushiblade	2	scp-1134-jp,scp-622-fr
fondationscp	fr	tou-hei	未訳-tou-hei	2	scp-714-fr,scp-795-fr
fondationscp	fr	traduction	未訳-traduction	2	scp-179,scp-206
fondationscp	fr	vedette-en	未訳-vedette-en	2	traductions-vedettes-de-contes-archivees,traductions-vedettes-de-scp-archivees
fondationscp	fr	vedette-fr	未訳-vedette-fr	2	contes-vedettes-archives,scp-vedettes-archives
fondationscp	fr	vitalis	未訳-vitalis	2	vagabonds:following-the-paper-trail,vagabonds:vitalis-llc
fondationscp	fr	équipe-oiseau	未訳-équipe-oiseau	2	bird,team-bird-art-page
fondationscp	fr	1986	未訳-1986	1	objets-anormaux:1986-0001
fondationscp	fr	2002	未訳-2002	1	objets-anormaux:2002-0001
fondationscp	fr	2008	未訳-2008	1	objets-anormaux:2008-0001
fondationscp	fr	2009	未訳-2009	1	objets-anormaux:2009-0001
fondationscp	fr	2011	未訳-2011	1	objets-anormaux:2011-0001
fondationscp	fr	_académie-des-mages	未訳-_académie-des-mages	1	xks2018:chapitre-de-la-pierre-de-sobek-et-du-spoutnik
fondationscp	fr	_baao	未訳-_baao	1	comite-denquete-n-e-7010-1934
fondationscp	fr	_brai	未訳-_brai	1	memorandum-321-regarding-project-707
fondationscp	fr	_cc	未訳-_cc	1	a-farewell-to-kings
fondationscp	fr	_cinquistes	未訳-_cinquistes	1	1-staar-cuttt-2-5
fondationscp	fr	_dieu-brisé	未訳-_dieu-brisé	1	broken-mind
fondationscp	fr	_gendastrerie	未訳-_gendastrerie	1	dossier-broch-majax-theodor
fondationscp	fr	_gentilshommes	未訳-_gentilshommes	1	xks2018:les-ailes-de-demain-voleront-sur-l-europe
fondationscp	fr	_institut-de-l-anormal	未訳-_institut-de-l-anormal	1	xks2018:operation-neuvieme-soleil
fondationscp	fr	_insurrection-du-chaos	未訳-_insurrection-du-chaos	1	sc-10-548-12-893
fondationscp	fr	_licensebox	未訳-_licensebox	1	scp-5219
fondationscp	fr	_modèle	未訳-_modèle	1	component:audio-player-woed-source
fondationscp	fr	_sarkique	未訳-_sarkique	1	xks2018:chants-de-dissension
fondationscp	fr	_skp	未訳-_skp	1	skp-173-us
fondationscp	fr	_univers-île	未訳-_univers-île	1	centro-centre-18-20-oct-312
fondationscp	fr	a.d.	未訳-a.d.	1	scp-2014-ua-ex
fondationscp	fr	académie-scientifique	未訳-académie-scientifique	1	scp-197-pt
fondationscp	fr	académique	未訳-académique	1	vagabonds:on-demons
fondationscp	fr	accoustique	未訳-accoustique	1	scp-718-fr
fondationscp	fr	adams-andrea	未訳-adams-andrea	1	hellomuddah
fondationscp	fr	adaptif	未訳-adaptif	1	scp-8891
fondationscp	fr	affectation-de-l'esprit	未訳-affectation-de-l'esprit	1	scp-2122
fondationscp	fr	affectation-de-la-mémoire	未訳-affectation-de-la-mémoire	1	scp-2122
fondationscp	fr	alchimie	未訳-alchimie	1	scp-586-fr
fondationscp	fr	allison-eckhart	未訳-allison-eckhart	1	scp-2565
fondationscp	fr	anniversaire-scp-051	未訳-anniversaire-scp-051	1	scp-001-it-abad-inc
fondationscp	fr	annonciateur	未訳-annonciateur	1	scp-6274
fondationscp	fr	archivésexuel	未訳-archivésexuel	1	scp-1004-t
fondationscp	fr	asia	未訳-asia	1	secure-facility-dossier-site-7
fondationscp	fr	auto-réparation	未訳-auto-réparation	1	scp-8220
fondationscp	fr	aventure	未訳-aventure	1	wayfarers
fondationscp	fr	bibliothèque	未訳-bibliothèque	1	vagabonds:sins-of-the-mother
fondationscp	fr	boite	未訳-boite	1	scp-784-fr
fondationscp	fr	brillant-seigneur	未訳-brillant-seigneur	1	theologie
fondationscp	fr	cadavre-exquis2020	未訳-cadavre-exquis2020	1	scp-5993
fondationscp	fr	ccourroux2024	未訳-ccourroux2024	1	asset-florida-orange
fondationscp	fr	cedar-bardot	未訳-cedar-bardot	1	vagabonds:cedar-bardot
fondationscp	fr	cerf	未訳-cerf	1	scp-6193
fondationscp	fr	cf2018-pt	未訳-cf2018-pt	1	scp-050-pt
fondationscp	fr	cheffe-ibanez	未訳-cheffe-ibanez	1	scp-6056
fondationscp	fr	cinq-éléments	未訳-cinq-éléments	1	goc-far-east-orientation
fondationscp	fr	clan-isanagi	未訳-clan-isanagi	1	scp-1343-jp
fondationscp	fr	club-sekiryu	未訳-club-sekiryu	1	scp-689-ko
fondationscp	fr	collectif-fondation	未訳-collectif-fondation	1	amamiel-s-proposal
fondationscp	fr	comedy	未訳-comedy	1	scp-8159
fondationscp	fr	comique	未訳-comique	1	moon-champion-s-cinco-de-mayo-extravaganza
fondationscp	fr	comité-d'éthique	未訳-comité-d'éthique	1	scp-1204
fondationscp	fr	commissariat	未訳-commissariat	1	hub-comisaria
fondationscp	fr	concours-gdi-es-2017	未訳-concours-gdi-es-2017	1	scp-es-083-t
fondationscp	fr	concours-hivernal-2022	未訳-concours-hivernal-2022	1	2521-escaped
fondationscp	fr	conscience	未訳-conscience	1	scp-626-fr
fondationscp	fr	construction	未訳-construction	1	scp-2122
fondationscp	fr	corporatif	未訳-corporatif	1	let-the-factory-fail
fondationscp	fr	cycle-des-hécatonchires	未訳-cycle-des-hécatonchires	1	scp-3743
fondationscp	fr	de-mann	未訳-de-mann	1	delta-wave
fondationscp	fr	death-con2017	未訳-death-con2017	1	solvex-s-proposal
fondationscp	fr	dimension	未訳-dimension	1	scp-4408
fondationscp	fr	directeur-moose	未訳-directeur-moose	1	scp-5004
fondationscp	fr	divinité	未訳-divinité	1	vagabonds:on-demons
fondationscp	fr	division-des-affaires-spéciales	未訳-division-des-affaires-spéciales	1	ulia
fondationscp	fr	dma-ssu	未訳-dma-ssu	1	scp-2014-ua-ex
fondationscp	fr	dr-faust	未訳-dr-faust	1	scp-003-int
fondationscp	fr	dr-macro	未訳-dr-macro	1	macro-au-micro
fondationscp	fr	dr-wondertainement	未訳-dr-wondertainement	1	concours-ravefm-partie-2
fondationscp	fr	département-de-folklore	未訳-département-de-folklore	1	scp-6193
fondationscp	fr	eau-lune	未訳-eau-lune	1	scp-169-it
fondationscp	fr	emoec	未訳-emoec	1	scp-702-fr
fondationscp	fr	entreprise	未訳-entreprise	1	let-the-factory-fail
fondationscp	fr	entropie	未訳-entropie	1	scp-711-fr
fondationscp	fr	envie-de-voyage01	未訳-envie-de-voyage01	1	vagabonds:a-restless-wanderer-on-the-earth
fondationscp	fr	espace-dimensionnel	未訳-espace-dimensionnel	1	scp-598-fr
fondationscp	fr	espionnage-fiction	未訳-espionnage-fiction	1	the-assassination-of-xyank
fondationscp	fr	exploration2019	未訳-exploration2019	1	scp-es-138
fondationscp	fr	fantasy	未訳-fantasy	1	scp-8309
fondationscp	fr	fleurs	未訳-fleurs	1	scp-780-fr
fondationscp	fr	fédération-galactique	未訳-fédération-galactique	1	entretiens-avec-de-potentiels-nouveaux-dieux
fondationscp	fr	gdg	未訳-gdg	1	entretiens-avec-de-potentiels-nouveaux-dieux
fondationscp	fr	gdi	未訳-gdi	1	une-parade-pour-les-oiseaux
fondationscp	fr	hallucinations	未訳-hallucinations	1	scp-788-fr
fondationscp	fr	histoires-dimensionnelles	未訳-histoires-dimensionnelles	1	scp-461-fr
fondationscp	fr	horror	未訳-horror	1	scp-8159
fondationscp	fr	humoristique	未訳-humoristique	1	scp-1970-j
fondationscp	fr	insectivore	未訳-insectivore	1	scp-780-fr
fondationscp	fr	intelligence-artificielle	未訳-intelligence-artificielle	1	scp-8902
fondationscp	fr	jeux	未訳-jeux	1	scp-1737
fondationscp	fr	journal-de-la-marche	未訳-journal-de-la-marche	1	vagabonds:journal-of-the-walk
fondationscp	fr	la-ruche	未訳-la-ruche	1	the-hive-hub
fondationscp	fr	lapin	未訳-lapin	1	scp-6193
fondationscp	fr	le-critique	未訳-le-critique	1	the-critic
fondationscp	fr	ljaco	未訳-ljaco	1	kte-9817-bluebuster-mendel-shelley-renegade-armbrusteri
fondationscp	fr	llumière	未訳-llumière	1	scp-635-fr
fondationscp	fr	lurking-treatment	未訳-lurking-treatment	1	przyczajone-leczenie-hub
fondationscp	fr	meuleurs-d-angles	未訳-meuleurs-d-angles	1	navarro-saves-christmas-for-some-people-he-barely-knows
fondationscp	fr	monstre-chatouilleur	未訳-monstre-chatouilleur	1	asset-florida-orange
fondationscp	fr	mort	未訳-mort	1	scp-760-fr
fondationscp	fr	mujin-getsudō-shū	未訳-mujin-getsudō-shū	1	early-summer-5000000000000000
fondationscp	fr	musique	未訳-musique	1	scp-784-fr
fondationscp	fr	métamorphique	未訳-métamorphique	1	scp-1863
fondationscp	fr	nombres-négatifs	未訳-nombres-négatifs	1	goc-far-east-orientation
fondationscp	fr	non-humain	未訳-non-humain	1	unhuman-hub
fondationscp	fr	objet	未訳-objet	1	scp-713-fr
fondationscp	fr	oiseau	未訳-oiseau	1	scp-6193
fondationscp	fr	patrimoine-jp	未訳-patrimoine-jp	1	scp-280-jp
fondationscp	fr	pora	未訳-pora	1	scp-2014-ua-ex
fondationscp	fr	pr-nephandi	未訳-pr-nephandi	1	dossier-personnel-de-l-agent-nephandi
fondationscp	fr	racine-et-terre	未訳-racine-et-terre	1	vagabonds:over-root-and-under-loam
fondationscp	fr	rebar	未訳-rebar	1	scp-024-it
fondationscp	fr	religious-fiction	未訳-religious-fiction	1	scp-8159
fondationscp	fr	ressource	未訳-ressource	1	expanded-security-clearance-codes
fondationscp	fr	roi-écarlete	未訳-roi-écarlete	1	na-bestyje-przepis-jeden-kranca-wdech
fondationscp	fr	rps	未訳-rps	1	psw-hub
fondationscp	fr	réinscriptible	未訳-réinscriptible	1	scp-8220
fondationscp	fr	république-robotique	未訳-république-robotique	1	scp-579-fr
fondationscp	fr	réécriture	未訳-réécriture	1	salutations
fondationscp	fr	saint-derringer	未訳-saint-derringer	1	entretiens-avec-de-potentiels-nouveaux-dieux
fondationscp	fr	samdaecheon	未訳-samdaecheon	1	samdaecheonhub
fondationscp	fr	secret	未訳-secret	1	concours:jtdntest
fondationscp	fr	site-02-zh	未訳-site-02-zh	1	scp-zh-617
fondationscp	fr	site-31-zh	未訳-site-31-zh	1	scp-zh-261
fondationscp	fr	site-34-cn	未訳-site-34-cn	1	scp-cn-296
fondationscp	fr	snup	未訳-snup	1	scp-877-ko
fondationscp	fr	son	未訳-son	1	scp-784-fr
fondationscp	fr	template	未訳-template	1	deleted:enregistrement-des-objets-anormaux-fr-apres-2020:_te
fondationscp	fr	tranche-de-porc	未訳-tranche-de-porc	1	the-trainee-gets-trolled
fondationscp	fr	univers	未訳-univers	1	scp-686-fr
fondationscp	fr	équidé	未訳-équidé	1	scp-6193
fondationscp	fr	étoiles-mortes	未訳-étoiles-mortes	1	propuesta-de-almarduk
scp-int	int	language-incubator	未訳-language-incubator	564	deleted:deleted:dark02-art,deleted:scp-oc-987-j,deleted:tales,deleted:unofficial:jbo:scp-cn-2180,deleted:unofficial:son:common-translations
scp-int	int	sentient	未訳-sentient	231	anti-es-264,bonneneige-s-proposal,deleted:scp-037-vn-2025-02-18,deleted:scp-4519,deleted:scp-es-116
scp-int	int	deleted	未訳-deleted	130	deleted:26-07,deleted:a-psychologist-in-the-foundation,deleted:aflame-with-the-fires-of-delusion,deleted:and-a-heaven-in-a-wild-flower,deleted:art-is-boring-but-profitable
scp-int	int	catalan	未訳-catalan	87	unofficial:ca:big-dick-chappell,unofficial:ca:church-of-the-broken-god-hub,unofficial:ca:departments,unofficial:ca:dr-clef-s-proposal,unofficial:ca:dr-gears-s-proposal
scp-int	int	spacetime	未訳-spacetime	67	deleted:scp-1941-jp,henry-von-kartoffe-proposal,proposition-du-dr-johannes,scp-001-it-abad,scp-001-it-abad-inc
scp-int	int	iranic	未訳-iranic	53	an-end-and-a-beginning,remembrance-of-the-past,sand-and-ash,unofficial:ir:001-security-checkpoint,unofficial:ir:a-modern-introduction-to-the-scp-foundation
scp-int	int	basque	未訳-basque	47	unofficial:eu:experiment-log-114-a,unofficial:eu:joke-scps,unofficial:eu:scp-001,unofficial:eu:scp-002,unofficial:eu:scp-004
scp-int	int	nuri	未訳-nuri	39	nuri-1-1,nuri-1-2,nuri-10-1,nuri-10-2,nuri-11-1
scp-int	int	esperanto	未訳-esperanto	37	unofficial:eo:first-as-tragedy-then-as-farce,unofficial:eo:i-a-polar-bear-covering-my-nose-in-a-snowstorm,unofficial:eo:i-thought-you-would-leave-even-the-reaper-for,unofficial:eo:in-which-dr-clef-does-not-die-nor-participate,unofficial:eo:kamarada-amrilato
scp-int	int	lithuanian	未訳-lithuanian	37	unofficial:lt:6-mr-stripes,unofficial:lt:8-mr-moon,unofficial:lt:9-mr-clumsy,unofficial:lt:canon-hub,unofficial:lt:fishish-s-proposal-j
scp-int	int	doctor-vang	未訳-doctor-vang	35	deleted:unofficial:son:scp-j,unofficial:bg:scp-j,unofficial:bra:scp-j,unofficial:ca:scp-j,unofficial:cpi:scp-j
scp-int	int	f-57	未訳-f-57	33	carroll-305-la-pequena-habana,colaboracion,deleted:scp-es-157-j,deleted:scp-es-200,doctor-muerte
scp-int	int	physics	未訳-physics	33	deleted:unofficial:son:scp-la-002,scp-015-de-j,scp-020-fr,scp-025-pt,scp-048-ko
scp-int	int	review	未訳-review	25	sand-and-ash,unofficial:ir:001-security-checkpoint,unofficial:ir:a-modern-introduction-to-the-scp-foundation,unofficial:ir:about-the-scp-foundation,unofficial:ir:gem-proposal
scp-int	int	illustrated	未訳-illustrated	24	unofficial:bg:scp-017,unofficial:bg:scp-529,unofficial:bg:scp-682,unofficial:ca:church-of-the-broken-god-hub,unofficial:ca:departments
scp-int	int	pig-latin	未訳-pig-latin	23	scp-100-pig,scp-420-pig-j,unofficial:pig:lily-s-proposal,unofficial:pig:scp-001,unofficial:pig:scp-002
scp-int	int	thing	未訳-thing	23	d-001,d-002,d-003,d-007,d-008
scp-int	int	toki-pona	未訳-toki-pona	23	unofficial:tok-sp:scp-021-j,unofficial:tok-sp:scp-173,unofficial:tok-sp:scp-426,unofficial:tok-sp:scp-444,unofficial:tok-sp:scp-527
scp-int	int	pig	未訳-pig	22	ayay-umblehay-etterlay,doctor-janns-proposal,ingray,istfay-anniversaryyay-ontestcay-pig,scp-001-pig
scp-int	int	short2023	未訳-short2023	22	scp-3008-jp,scp-3072-jp,scp-3096-jp,scp-3101-jp,scp-3168-jp
scp-int	int	_sys	未訳-_sys	21	admin:manage,component:colend,component:colstyle,component:coltop,component:nirvana-theme
scp-int	int	dossier	未訳-dossier	21	dossier:arianna-contadi,dossier:aurora-gemelli,dossier:camilla-cortellesi,dossier:domenico-iriarte,dossier:elia-contadi
scp-int	int	001-hub	未訳-001-hub	19	scp-001-cs,scp-001-de,scp-001-fr,scp-001-int,scp-001-it
scp-int	int	background	未訳-background	19	aetherische-information,datenblatt-kira,einrichtung-dossier-standort-de12,einrichtung-dossier-standort-de13,einrichtung-dossier-standort-de15
scp-int	int	series	未訳-series	19	chefpaultree-1,chefpaultree-10,chefpaultree-11,chefpaultree-12,chefpaultree-2
scp-int	int	spiritual-division	未訳-spiritual-division	19	bao-cao-khai-quat-diem-g198-vn,chuong-su-ngam-khuc,diep-ton-hub,don-vi-tam-linh-hub,hung-hoa-mot-chen-tra
scp-int	int	wooden	未訳-wooden	19	scp-004-it-arc,scp-006-jp,scp-022-pt,scp-051-ua,scp-139-it
scp-int	int	intelligent	未訳-intelligent	17	scp-006-pig,scp-011-int,scp-027-de-j,scp-053-de,scp-087-de
scp-int	int	bulgarian	未訳-bulgarian	16	unofficial:bg:scp-005,unofficial:bg:scp-007,unofficial:bg:scp-012,unofficial:bg:scp-014-j,unofficial:bg:scp-017
scp-int	int	interslavic	未訳-interslavic	16	unofficial:isv:macro-7happy7-proposal,unofficial:isv:scp-005,unofficial:isv:scp-006,unofficial:isv:scp-017,unofficial:isv:scp-048
scp-int	int	phenomenon	未訳-phenomenon	15	scp-008-pig,scp-034-vn,scp-1555-ko,scp-1597-ko,scp-645-ko
scp-int	int	project-arca	未訳-project-arca	15	a-n-0064,ambrose-the-end-of-the-world,birds-027,comeout-from-arca,dear-dr-please-remember-us
scp-int	int	sushiblade	未訳-sushiblade	15	alors-comme-ca-vous-voulez-tourner-des-sushis,can-you-feel-yamizushi-file-555,koigarezaki-news-20210809,nexus-13-2,nexus-13-3
scp-int	int	association-of-black-magic-power-users	未訳-association-of-black-magic-power-users	13	en-regardant-les-etoiles,la-femme-et-ses-poupees,le-colosse-et-sa-requete,le-jeune-et-ses-problemes,le-mage-et-ses-droles-de-dames
scp-int	int	dead-stars	未訳-dead-stars	13	la-ultima-noche-antes-del-comienzo,mori-consumida-volvi-moviendo-las-orejas,oem-hub,propuesta-de-almarduk,roedor-hexapodo
scp-int	int	subterranean-con-2021	未訳-subterranean-con-2021	13	el-abismo-de-odosha,exploracion-urbana-al-metro-de-mi-ciudad,kte-3770-ex-machina-pigmalion,mcd-reisen-traum-train-resort,mis-disculpas
scp-int	int	cma	未訳-cma	12	dossier-lph,hatuey,mac-hub,scp-es-119,scp-es-157
scp-int	int	dutch	未訳-dutch	12	deleted:unofficial:unofficial:nl:scp-2874,unofficial:nl:document-096-1,unofficial:nl:scp-002,unofficial:nl:scp-003,unofficial:nl:scp-005
scp-int	int	foundation-collective	未訳-foundation-collective	12	aeliana,amamiel-s-proposal,blair-urbana-on-the-gumball,ein-seltsamer-tagtraum-so-suess-wie-gift,foundation-collective-hub
scp-int	int	doctor-faust	未訳-doctor-faust	11	ein-angebot-eine-bitte,ein-langweiliger-valentinstag,personalakte-von-dr-faust,scp-003-int,scp-101-de
scp-int	int	eo	未訳-eo	11	log-of-anomalous-items-eo,scp-eo-416,unofficial:eo:log-of-anomalous-items-eo,unofficial:eo:realo-exe,unofficial:eo:scp-529
scp-int	int	finnish	未訳-finnish	11	unofficial:fi:ai-classification-guide,unofficial:fi:sandrewswann-s-proposal,unofficial:fi:scp-001,unofficial:fi:scp-048,unofficial:fi:scp-096
scp-int	int	golden-cage	未訳-golden-cage	11	az-me-zitra-rano-v-pet-ke-zdi-postavi,my-loever-the-dog-2,nebojuj-s-monstry,scp-002-cs-j,scp-023-cs
scp-int	int	heritage-jp	未訳-heritage-jp	11	heritage-collection-jp,scp-040-jp,scp-062-jp,scp-094-jp,scp-100-jp
scp-int	int	kazakh	未訳-kazakh	11	unofficial:kk:black-white-black-white-black-white-black-whit,unofficial:kk:esmeralda-s-proposal,unofficial:kk:scp-040-jp,unofficial:kk:scp-1711-ru,unofficial:kk:scp-173
scp-int	int	lojban	未訳-lojban	11	deleted:unofficial:jbo:scp-cn-2180,unofficial:jbo:macro-7happy7-proposal,unofficial:jbo:scp-017,unofficial:jbo:scp-021-j,unofficial:jbo:scp-1577-jp
scp-int	int	reptilian	未訳-reptilian	11	scp-001-it-j,scp-011-it,scp-036-fr,scp-038-pt,scp-103-fr
scp-int	int	tagalog	未訳-tagalog	11	unofficial:tl:scp-005,unofficial:tl:scp-012,unofficial:tl:scp-069,unofficial:tl:scp-1504,unofficial:tl:scp-173
scp-int	int	brazilian-superintendence	未訳-brazilian-superintendence	10	armazem,arquivo-sbp-n-196-relatorio-de-exploracao-anomalia-dimension,caminhoes,joao-ninguem,proposta-spatial
scp-int	int	chinese-pinyin	未訳-chinese-pinyin	10	fragment:unofficial:zh-py:scp-cn-296-01,fragment:unofficial:zh-py:scp-cn-296-02,unofficial:zh-py:i-miss-your-eyes,unofficial:zh-py:scp-008,unofficial:zh-py:scp-173
scp-int	int	hebrew	未訳-hebrew	10	unofficial:he:esoteric-classes-complete-list,unofficial:he:scp-005,unofficial:he:scp-017,unofficial:he:scp-021-j,unofficial:he:scp-049
scp-int	int	_skp	未訳-_skp	9	028-o1,scp-188-de,skp-136,skp-173-us,skp-217-ko
scp-int	int	anomalous-event	未訳-anomalous-event	9	scp-092-vn,scp-1719-ko,scp-198-vn,scp-1990-ko,scp-cn-3103
scp-int	int	c10fr2022	未訳-c10fr2022	9	le-concours-des-dix-ans,scp-444-fr,scp-500-fr,scp-503-fr,scp-505-fr
scp-int	int	instrument	未訳-instrument	9	k1s10r0d-s-proposal,scp-022-ko,scp-171-ko,scp-416-ko,scp-540-fr
scp-int	int	mtf-list	未訳-mtf-list	9	destacamentos-moviles-hispanoparlantes,forcas-tarefa-moveis,forces-intervention,mobile-task-forces-pl,mtf-liste
scp-int	int	site-list	未訳-site-list	9	instalacoes-seguras,installations-de-la-branche-francophone,placowki-polskiej-filii,secure-facilities-locations,secure-facilities-locations-cn
scp-int	int	_joicl	未訳-_joicl	8	a-n-0064,drzewa-wolnosci,f-a-1030,k-b-0519,m-p-0316
scp-int	int	arabic	未訳-arabic	8	unofficial:ar:scp-001,unofficial:ar:scp-002,unofficial:ar:scp-005,unofficial:ar:scp-012,unofficial:ar:scp-028
scp-int	int	chopinian-cult	未訳-chopinian-cult	8	an-end-and-a-beginning,critter-profile-shigastan,early-summer-1998,scp-1710-jp,scp-1999-ko
scp-int	int	corpse-corpus	未訳-corpse-corpus	8	corpse-corpus-hub,scp-3324-jp,scp-3423-jp,scp-3823-jp,scp-cn-2186
scp-int	int	crystalline	未訳-crystalline	8	scp-021-pt,scp-032-jp,scp-045-de,scp-080-it,scp-2760-jp
scp-int	int	dutton-speedwords	未訳-dutton-speedwords	8	unofficial:dws:macro-7happy7-proposal,unofficial:dws:scp-001,unofficial:dws:scp-173,unofficial:dws:scp-2165,unofficial:dws:scp-cn-20210401-j
scp-int	int	globasa	未訳-globasa	8	unofficial:qgb:scp-005,unofficial:qgb:scp-012,unofficial:qgb:scp-111,unofficial:qgb:scp-173,unofficial:qgb:scp-529
scp-int	int	heritage-fr	未訳-heritage-fr	8	patrimoine-francais-de-la-fondation-scp,proposition-du-dr-grym,scp-006-fr,scp-009-fr,scp-028-fr
scp-int	int	lingua-franca-nova	未訳-lingua-franca-nova	8	unofficial:lfn:black-white-black-white-black-white-black-whi,unofficial:lfn:component:adult-content-warning,unofficial:lfn:component:anomaly-class-bar,unofficial:lfn:component:anomaly-class-bar-source,unofficial:lfn:scp-002
scp-int	int	luxembourgish	未訳-luxembourgish	8	unofficial:lux:black-white-black-white-black-white-black-whi,unofficial:lux:scp-1057,unofficial:lux:scp-173,unofficial:lux:scp-2165,unofficial:lux:scp-2851
scp-int	int	tales-of-alive	未訳-tales-of-alive	8	alive,foundation-s-death,fuck-you-scp,sayonara-heaven,scp-cn-1256
scp-int	int	yue-chinese	未訳-yue-chinese	8	deleted:unofficial:yue:scp-yue-011,unofficial:yue:i-a-polar-bear-covering-my-nose-in-a-snowstor,unofficial:yue:la-propuesta-de-nico-j,unofficial:yue:macro-7happy7-proposal,unofficial:yue:scp-173
scp-int	int	#es_300	未訳-#es_300	7	concurso-scp-es-300,deleted:scp-es-310,scp-es-300,scp-es-301,scp-es-305
scp-int	int	2025-shorts-contest	未訳-2025-shorts-contest	7	scp-1085-ko,scp-1597-ko,scp-1719-ko,scp-1990-ko,scp-466-ko
scp-int	int	central-kitchen	未訳-central-kitchen	7	kitchen,scp-cn-2405,scp-cn-2406,scp-cn-2426,scp-cn-2427
scp-int	int	clay	未訳-clay	7	scp-065-fr,scp-2426-jp,scp-418-fr,scp-828-jp,scp-cn-200
scp-int	int	evilfoundation	未訳-evilfoundation	7	bad-fondation-01,canon-jp-2,dclass-search,holy-nova-tale-wordfromdominator,oral-examination-for-site-director
scp-int	int	flower-heaven	未訳-flower-heaven	7	flower-heaven-hub,lostwhat-s-proposal,scp-034-vn,scp-056-vn,scp-057-vn
scp-int	int	gogyō-kessha	未訳-gogyō-kessha	7	collected-item-no0723,goc-far-east-orientation,kanshin-ryoiki-tono,koigarezaki-news-20210809,scp-1642-jp
scp-int	int	hindi	未訳-hindi	7	unofficial:hi:scp-002,unofficial:hi:scp-049,unofficial:hi:scp-096,unofficial:hi:scp-131,unofficial:hi:scp-140
scp-int	int	i-say-age	未訳-i-say-age	7	early-summer-5000000000000000,hyogaki-hub,korekara,scp-2203-jp,scp-2795-jp
scp-int	int	latin	未訳-latin	7	unofficial:la:consilium-fulminis,unofficial:la:director-bold-s-proposal-la,unofficial:la:procidens-sicut-ego-sum-ego-crepidinem-adhuc-d,unofficial:la:scp-3797,unofficial:la:scp-5538
scp-int	int	memeism	未訳-memeism	7	gravity-paranoia,scp-cn-1169,scp-cn-1969,scp-cn-20210401-j,scp-cn-3990
scp-int	int	object	未訳-object	7	scp-004-th,scp-012-ua,scp-1026-ru,scp-1033-ru,scp-1311-ru
scp-int	int	shigastan	未訳-shigastan	7	ambrose-shigastan,critter-profile-shigastan,koigarezaki-news-911-1998-ver,scp-1300-jp,scp-1304-jp
scp-int	int	vietnamese-chunom	未訳-vietnamese-chunom	7	unofficial:vi-cn:scp-002-vn,unofficial:vi-cn:scp-003-vn,unofficial:vi-cn:scp-005,unofficial:vi-cn:scp-173,unofficial:vi-cn:scp-4465
scp-int	int	weeds	未訳-weeds	7	chwasty-hub,czym-sa-obiekty-konspiracyjne,scp-pl-029,scp-pl-037,scp-pl-086
scp-int	int	anonymous-eyes	未訳-anonymous-eyes	6	nexus-7-1,nexus-7-2,nexus-7-3,olhos-anonimos-central,os-caca-amalgamas
scp-int	int	goi-view	未訳-goi-view	6	a-steht-fuer-anfang-oder-so,das-taegliche-leben-mit-einer-ausserirdischen,ein-mahl-nach-naelkae-art,gestatten-mein-name-ist-ridter,kontrollverlust
scp-int	int	hunting-club	未訳-hunting-club	6	nao-de-o-peixe-ensine-a-pescar,nuri-3-1,nuri-3-2,perfil-de-la-criatura-thor,scp-033-pt-ex
scp-int	int	it-summer-contest-2020	未訳-it-summer-contest-2020	6	concorso-estivo-2020,scp-070-it,scp-071-it,scp-079-it,scp-080-it
scp-int	int	la	未訳-la	6	consilium-fulminis,deleted:unofficial:son:scp-la-002,director-bold-s-proposal-la,scp-la-001,scp-la-002
scp-int	int	mtf-seher	未訳-mtf-seher	6	du-bist-ein-sprung-im-schloss-aus-glas,personalakte-von-agent-peterson,scp-075-int,scp-124-de,seltsame-dinge-geschehen-an-ruhigen-tagen-prolog
scp-int	int	nuclear-dream	未訳-nuclear-dream	6	comienza-el-sueno-nuclear,dragones-tonatiuh,hub-sueno-nuclear,perfil-de-la-criatura-levi,scp-097-int
scp-int	int	ordo-iani	未訳-ordo-iani	6	scp-001-it-graf,scp-035-it,scp-055-it,scp-079-it,scp-137-it
scp-int	int	sambahsa-mundialect	未訳-sambahsa-mundialect	6	unofficial:qsb:macro-7happy7-proposal,unofficial:qsb:scp-002,unofficial:qsb:scp-012,unofficial:qsb:scp-173,unofficial:qsb:scp-cn-2823
scp-int	int	sky-and-earth	未訳-sky-and-earth	6	eine-seele-in-der-maschine-portalseite,gestatten-mein-name-ist-ridter,iris-dark-girls-night-1,kontrollverlust,projektvorschlag-2014-001
scp-int	int	the-pack	未訳-the-pack	6	le-son-des-clochettes,oliphant-airavata,scp-392-fr,scp-412-fr,scp-560-fr
scp-int	int	<500	未訳-<500	5	scp-103-fr,scp-113-fr,scp-119-fr,scp-155-fr,scp-192-fr
scp-int	int	_dark-sushi	未訳-_dark-sushi	5	yamizushi-file-no042,yamizushi-file-no064,yamizushi-file-no233,yamizushi-file-no314-d,yamizushi-file-no995
scp-int	int	_shūshū-in	未訳-_shūshū-in	5	collected-item-no0025,collected-item-no0723,collected-item-no1080,collected-item-no19316,collected-item-no2020
scp-int	int	absencecon2023	未訳-absencecon2023	5	2023-canon-contest-hub,demarcaters-of-the-edge-center,scp-cn-2169,testify-ai-s-innocence,transcription-malfunctioned-hub
scp-int	int	af2020-cn	未訳-af2020-cn	5	2020-waifu-contest,kill-my-wife,sexy-682-2333,shoot-in-your-underwear,zs-39as-waifu
scp-int	int	alzheimer	未訳-alzheimer	5	alzheimer-central,honour-of-die,kill-that-foundation-man,project-proposal-2059-059,wither-and-fall
scp-int	int	angriff	未訳-angriff	5	scp-041-ua,scp-046-ua,scp-054-ua,scp-095-ua,scp-2014-ua-ex
scp-int	int	aodaishō	未訳-aodaishō	5	aodaisho-hub,dreamlandiwate,scp-4000-jp,surface-to-air-bamboo,yakubyo-gami
scp-int	int	cycóws-hell	未訳-cycóws-hell	5	pieklo-cycow-hub,projekt-aplikacji-malphas,scp-pl-289,zimno-jak-w-piekle,zlecenie-mef-2839
scp-int	int	doctor-surge	未訳-doctor-surge	5	scp-zh-310,scp-zh-922,scp-zh-9288-ex,the-death-of-sam-or-semibreve-etc,unofficial:eo:scp-zh-999-j
scp-int	int	embargo	未訳-embargo	5	cathedrale-de-plomb,centre-embargo,nuri-5-1,nuri-5-2,scp-021-int
scp-int	int	engraved	未訳-engraved	5	deleted:scp-cn-3197,scp-689-fr,scp-cn-005,scp-cn-1313,scp-cn-237
scp-int	int	exploration2019	未訳-exploration2019	5	concurso-exploracion-2019,scp-es-138,scp-es-152,scp-es-161-2,scp-es-193
scp-int	int	holy-derringer	未訳-holy-derringer	5	repairing-a-gun,scp-2424-jp,scp-457-jp,scp-638-jp,scp-711-jp
scp-int	int	key	未訳-key	5	deleted:scp-es-083,scp-500-fr,unofficial:ar:scp-005,unofficial:lt:scp-005,unofficial:nl:scp-005
scp-int	int	koigarezaki	未訳-koigarezaki	5	critter-profile-shigastan,kanshin-ryoiki-koigarezaki,koigarezaki-news-911-1998-ver,koutou-no-umi,scp-2955-jp
scp-int	int	omnivorous	未訳-omnivorous	5	scp-1710-jp,scp-2188-jp,scp-255-de,scp-es-050-h2o-j,unofficial:tok:scp-913
scp-int	int	richard-dunwich	未訳-richard-dunwich	5	9copas,ofrendas-34,scp-es-101-j,scp-es-132,scp-es-269
scp-int	int	sona	未訳-sona	5	deleted:unofficial:son:common-translations,deleted:unofficial:son:scp-021-j,deleted:unofficial:son:scp-j,deleted:unofficial:son:scp-la-002,deleted:unofficial:son:scp-son-100
scp-int	int	special-affairs-division	未訳-special-affairs-division	5	kanshin-ryoiki-koigarezaki,kanshin-ryoiki-tono,r-sinano-chuo-co-jp-2045-08-14-42a7279,scp-014-jp-ex,scp-3181-jp
scp-int	int	venedic	未訳-venedic	5	unofficial:qwd:macro-7happy7-proposal,unofficial:qwd:scp-021-j,unofficial:qwd:scp-173,unofficial:qwd:scp-527,unofficial:qwd:scp-j
scp-int	int	_hunter-industries	未訳-_hunter-industries	4	hunter-industries-hub,projekt-aplikacji-malphas,zlecenie-mef-2839,zlecenie-mef-7629
scp-int	int	artificial	未訳-artificial	4	indonootoko-s-proposal,scp-043-jp,scp-1407-jp,scp-602-ko
scp-int	int	black-sky	未訳-black-sky	4	czarne-niebo-hub,dwie-strony-z-pamietnika-gorala,scp-pl-207,scp-pl-231
scp-int	int	brotherhood	未訳-brotherhood	4	bruderschaft,nexus-17-1,nexus-17-2,nexus-17-3
scp-int	int	c12fr2024	未訳-c12fr2024	4	bestiaire-eden,documentation-chercheur-corbin,le-son-des-clochettes,scp-668-fr
scp-int	int	children-of-the-leaf	未訳-children-of-the-leaf	4	diep-ton-hub,nx-59-vn,scp-420-vn,tan-cuoc
scp-int	int	commission	未訳-commission	4	deleted:scp-es-157-j,hub-comisaria,scp-es-101,scp-es-115
scp-int	int	da	未訳-da	4	unofficial:da:scp-002,unofficial:da:scp-003-da,unofficial:da:scp-682,unofficial:da:scp-999
scp-int	int	deepwell-catalog	未訳-deepwell-catalog	4	scp-2566-jp,scp-2844-jp,scp-2855-jp,scp-zh-988
scp-int	int	doctor-yakym	未訳-doctor-yakym	4	scp-049-ua,scp-051-ua,scp-054-ua,scp-095-ua
scp-int	int	eurtec	未訳-eurtec	4	cathedrale-de-plomb,centre-embargo,scp-021-int,scp-es-229
scp-int	int	formality-department	未訳-formality-department	4	early-summer-5000000000000000,formality-department-orientation,scp-2844-jp,scp-3599-jp
scp-int	int	green-sparrow-foundation	未訳-green-sparrow-foundation	4	birds-027,gsf,reg-profile-s11443617,scp-3188-jp
scp-int	int	iranic-review	未訳-iranic-review	4	an-end-and-a-beginning,remembrance-of-the-past,unofficial:ir:an-end-and-a-beginning,unofficial:ir:remembrance-of-the-past
scp-int	int	koigarezaki-shimbun	未訳-koigarezaki-shimbun	4	kanshin-ryoiki-koigarezaki,koigarezaki-news-20210809,koigarezaki-news-911-1998-ver,koigarezaki-news-lobanhoi-1998-ver
scp-int	int	lost-history	未訳-lost-history	4	sand-and-ash,unofficial:ir:gem-and-foolad,unofficial:ir:gem-proposal,unofficial:ir:sand-and-ash
scp-int	int	lurking-treatment	未訳-lurking-treatment	4	o-poczatkach-medycyny-altnormalnej,przemeczenie,przyczajone-leczenie-hub,scp-pl-160
scp-int	int	lurkon23	未訳-lurkon23	4	lurkoncorso-i,scp-088-it,scp-116-it,scp-141-it
scp-int	int	master-yami	未訳-master-yami	4	koigarezaki-news-20210809,scp-1134-jp,yamizushi-file-no042,yamizushi-file-no064
scp-int	int	midnight-club	未訳-midnight-club	4	deleted:midnight-club-hub,nostalgia-s-flag,scp-877-ko,si-es-real-entonces-me-quedare
scp-int	int	plugsoft	未訳-plugsoft	4	scp-013-ko,scp-185-ko,scp-617-ko,scp-716-ko
scp-int	int	project-aidita	未訳-project-aidita	4	kte-3930-ex-machina-bosch-sunset,scp-cn-1260,scp-cn-145,scp-cn-2000
scp-int	int	purple-series	未訳-purple-series	4	blair-urbana-on-the-gumball,purple-hub,scp-2337-jp,scp-2670-jp
scp-int	int	redtape	未訳-redtape	4	sand-and-ash,unofficial:ir:gem-and-foolad,unofficial:ir:gem-proposal,unofficial:ir:sand-and-ash
scp-int	int	sapphire-chronicles	未訳-sapphire-chronicles	4	chroniques-de-saphir,partager-le-vin,rompre-le-pain,verser-le-sang
scp-int	int	scp-it-birthday-051	未訳-scp-it-birthday-051	4	concorso-scp-051-it,scp-001-it-abad,scp-057-it,scp-066-it
scp-int	int	shinano-chuo-simbun	未訳-shinano-chuo-simbun	4	r-sinano-chuo-co-jp-2020-03-17-7wybf8,r-sinano-chuo-co-jp-2045-08-14-42a7279,r-sinano-chuo-co-jp-2050-09-07-e34j876,scp-front-jp
scp-int	int	simony	未訳-simony	4	dokumentacja-bezpiecznej-placowki-osrodek-101,dokumentacja-bezpiecznej-placowki-strefa-pl-34,symonia-hub,w-osrodku-101-bez-zmian
scp-int	int	site-zh-01	未訳-site-zh-01	4	lostwhat-s-proposal,scp-zh-228,scp-zh-60053-j,scp-zh-865
scp-int	int	standard-galactic-alphabet	未訳-standard-galactic-alphabet	4	unofficial:galactic:scp-173,unofficial:sga:scp-4645,unofficial:sga:scp-sga-002,unofficial:sga:scp-sga-009
scp-int	int	statue	未訳-statue	4	scp-065-fr,scp-185-cs,scp-500-fr,scp-cn-2065
scp-int	int	summer-bird-thought	未訳-summer-bird-thought	4	sc-99-734-01-506,the-f,uiu-file-2001-745,yamizushi-file-no233
scp-int	int	sun-down	未訳-sun-down	4	appel-nocturne,centre-quand-le-soleil-se-couche,je-viens-pour-aider,scp-fra93-062
scp-int	int	tau-5-samsara	未訳-tau-5-samsara	4	nexus-16-1,nexus-16-2,nexus-16-3,unofficial:ar:scp-6442
scp-int	int	the-hospital	未訳-the-hospital	4	foundation-is-watching-you,hospital-hub,reg-profile-s11443617,yixue671
scp-int	int	troupe-s	未訳-troupe-s	4	an-ode-to-transcendence,honour-of-die,revue,scp-cn-2169
scp-int	int	univers-isle	未訳-univers-isle	4	centro-centre-18-20-oct-312,le-phare-du-vide,scp-471-fr,scp-522-fr
scp-int	int	wanderers	未訳-wanderers	4	wanderers:dargon-s-mum,wanderers:the-fool-and-the-fools,wanderers:the-poem-in-dust-that-xuanpin,wanderers:the-seven-preciousness-lection-of-xu-empyrean
scp-int	int	yokai-sanctuary	未訳-yokai-sanctuary	4	nuri-6-1,nuri-6-2,nuri-7-1,nuri-7-2
scp-int	int	100-pig	未訳-100-pig	3	scp-100-pig,scp-199-pig,scp100pigontestcayubhay
scp-int	int	1st-anniversary-pig	未訳-1st-anniversary-pig	3	istfay-anniversaryyay-ontestcay-pig,scp-001-pig-ex,scp-007-pig
scp-int	int	2021-3day-ko	未訳-2021-3day-ko	3	3day-writting-hub,scp-755-ko,scp-809-ko
scp-int	int	2024-creepypasta-con	未訳-2024-creepypasta-con	3	hecatolite,humid,next-station
scp-int	int	_code	未訳-_code	3	deleted:ratemod:sentimentbar-credit-style,ratemod:sbar-adapter-cn,ratemod:sbar-adapter-en
scp-int	int	absinthe-dreams	未訳-absinthe-dreams	3	absinthiana-dream,reve-degalite,scp-107-jp
scp-int	int	aimb	未訳-aimb	3	bsia,djinn-tonic,reveil-d-un-homme
scp-int	int	akane-isanagi	未訳-akane-isanagi	3	collected-item-no0723,collected-item-no1080,collected-item-no2020
scp-int	int	amalia-mondragón	未訳-amalia-mondragón	3	bestiario-expresionista,ofrendas-34,scp-es-222
scp-int	int	antihuman-faction	未訳-antihuman-faction	3	antihuman-fraktion,nexus-10-2,nexus-10-3
scp-int	int	arboreal	未訳-arboreal	3	scp-011-cs,scp-027-ua,scp-es-314
scp-int	int	association-of-mutants	未訳-association-of-mutants	3	otter-al-ajillo,scp-346-th,scp-471-th
scp-int	int	azure-skydome	未訳-azure-skydome	3	azure-skydome-hub,scp-zh-621,scp-zh-835
scp-int	int	blackout-contest-vn	未訳-blackout-contest-vn	3	anh-nhin-t-man-dem,blackout-contest-vn,me-oi
scp-int	int	blissymbolics	未訳-blissymbolics	3	unofficial:zbl:scp-021-j,unofficial:zbl:scp-1047-j,unofficial:zbl:scp-j
scp-int	int	blue-crab	未訳-blue-crab	3	anti-es-264,scp-057-int,scp-es-264
scp-int	int	chonghaejin	未訳-chonghaejin	3	chonghaejin,scp-983-ko,theme:legend-of-blue
scp-int	int	classical-chinese	未訳-classical-chinese	3	unofficial:lzh:go-to-bed-if-you-re-tired,unofficial:lzh:scp-173,unofficial:lzh:scp-j
scp-int	int	crack-fic	未訳-crack-fic	3	crack-fic-hub,my-loever-the-dog-2,my-loever-the-dog-3
scp-int	int	cs-contest-cliche-2	未訳-cs-contest-cliche-2	3	navrh-uzivatele-lyppiatt,scp-185-cs,scp-609-cs
scp-int	int	dcd-protocol	未訳-dcd-protocol	3	centre-du-dcd,dcd-0012,dcd-0122
scp-int	int	district-zero	未訳-district-zero	3	nx-59-vn,scp-030-vn,scp-420-vn
scp-int	int	entry	未訳-entry	3	wanderers:the-fool-and-the-fools,wanderers:the-poem-in-dust-that-xuanpin,wanderers:the-seven-preciousness-lection-of-xu-empyrean
scp-int	int	formic	未訳-formic	3	scp-070-de,scp-073-fr,scp-632-jp
scp-int	int	frog	未訳-frog	3	scp-106-it,scp-403-fr,scp-8918-ko-j
scp-int	int	glass	未訳-glass	3	scp-195-pt,scp-475-jp,scp-es-101-j
scp-int	int	icelandic	未訳-icelandic	3	unofficial:is:scp-006,unofficial:is:scp-010-is,unofficial:is:scp-173
scp-int	int	indigenous-taiwanese	未訳-indigenous-taiwanese	3	scp-zh-002,scp-zh-922,sh-cannibalism-in-taiwan
scp-int	int	invisible	未訳-invisible	3	scp-056-de,scp-124-de,scp-cn-2091
scp-int	int	it-summer-contest-2021	未訳-it-summer-contest-2021	3	concorso-estivo-2021,scp-069-it,vedi-napoli-e-poi-muori
scp-int	int	kai	未訳-kai	3	scp-1134-jp,sushi-3-2-1-hey-rassyai,sushiblade
scp-int	int	latinized-chinese	未訳-latinized-chinese	3	unofficial:zh-la:director-bold-s-proposal-la,unofficial:zh-la:scp-075,unofficial:zh-la:scp-j
scp-int	int	lepidopteran	未訳-lepidopteran	3	scp-097-ko,scp-214-fr,scp-500-fr
scp-int	int	lv	未訳-lv	3	unofficial:lv:scp-002,unofficial:lv:scp-096,unofficial:lv:scp-173
scp-int	int	macrochaosism	未訳-macrochaosism	3	koigarezaki-news-20210809,koigarezaki-news-911-1998-ver,reg-profile-s11443617
scp-int	int	necronomicon-2024	未訳-necronomicon-2024	3	hatuey,scp-es-344,tiendita-de-minerales
scp-int	int	new-cha-ling	未訳-new-cha-ling	3	file-no-hkc454,new-cha-ling,yamizushi-file-no233
scp-int	int	non-rotary-sushi-association	未訳-non-rotary-sushi-association	3	koigarezaki-news-20210809,sushi-3-2-1-hey-rassyai,yamizushi-file-no064
scp-int	int	norvelio-medatia	未訳-norvelio-medatia	3	kte-3770-ex-machina-pigmalion,nx-14,scp-es-089
scp-int	int	npes	未訳-npes	3	joint-statement-12-05-2017,scp-045-int,scp-877-ko
scp-int	int	oc-fr	未訳-oc-fr	3	deleted:scp-oc-987-j,deleted:tales,scp-oc-002
scp-int	int	organic	未訳-organic	3	scp-106-ua,scp-574-fr,scp-cn-1313
scp-int	int	overlapped-hometown	未訳-overlapped-hometown	3	double-hometown-hub,k-b-0519,utsuki-k-03
scp-int	int	pcs	未訳-pcs	3	an-ode-to-transcendence,kte-3930-ex-machina-bosch-sunset,scp-cn-1486
scp-int	int	prichard-gakuin	未訳-prichard-gakuin	3	kanshin-ryoiki-koigarezaki,prichard-sc-narratological-foundations-of-the-multiverse,scp-front-jp
scp-int	int	project-oules	未訳-project-oules	3	deleted:scp-es-208,deleted:scp-es-310,la-irrealidad-permiana
scp-int	int	reliquary	未訳-reliquary	3	scp-033-pt-ex,scp-122-pt,um-tiro-no-escuro-parte-i
scp-int	int	researcher-l.what	未訳-researcher-l.what	3	comic,scp-zh-005,scp-zh-041
scp-int	int	romanian	未訳-romanian	3	unofficial:ro:scp-012,unofficial:ro:scp-173,unofficial:ro:scp-871
scp-int	int	rookie-contest	未訳-rookie-contest	3	alove,comeout-from-arca,scp-2077-jp
scp-int	int	saigyō	未訳-saigyō	3	koigarezaki-news-911-1998-ver,scp-571-jp,sushiblade
scp-int	int	sga	未訳-sga	3	scp-sga-002,scp-sga-009,scp-sga-171
scp-int	int	site-zh-11	未訳-site-zh-11	3	scp-zh-424,scp-zh-865,sea-and-you
scp-int	int	slovenian	未訳-slovenian	3	unofficial:sl:scp-012,unofficial:sl:scp-043,unofficial:sl:scp-048
scp-int	int	steve-nguyen	未訳-steve-nguyen	3	don-vi-tam-linh-hub,scp-031-vn,scp-420-vn
scp-int	int	taisho-150	未訳-taisho-150	3	collected-item-no1879,scp-2061-jp,taisho150-hub
scp-int	int	the-kismet-ephemeris-of-kalpas	未訳-the-kismet-ephemeris-of-kalpas	3	nobody-would-sing-the-rhythm-in-the-wing-again-and-again,uiu-file-1996-005,yixue671
scp-int	int	the-langhuan-archives-of-the-blessed-realm	未訳-the-langhuan-archives-of-the-blessed-realm	3	wanderers:the-fool-and-the-fools,wanderers:the-poem-in-dust-that-xuanpin,wanderers:the-seven-preciousness-lection-of-xu-empyrean
scp-int	int	tok	未訳-tok	3	unofficial:tok:scp-020-tok,unofficial:tok:scp-021-tok,unofficial:tok:theme:lukin-lipu-pi-toki-pona
scp-int	int	torquemada_2025	未訳-torquemada_2025	3	scp-es-046,scp-es-047,scp-es-075
scp-int	int	transformation	未訳-transformation	3	scp-1026-ru,unofficial:pig:scp-002,unofficial:pig:scp-509
scp-int	int	víctor-penz	未訳-víctor-penz	3	deleted:scp-es-214,ofrendas-34,scp-es-222
scp-int	int	why-say-beautiful-day	未訳-why-say-beautiful-day	3	exit-deus-ex-machina,quiet-and,why-did-they-say-its-a-beautiful-day-in-the-quiet-world-hub
scp-int	int	yabu-isanagi	未訳-yabu-isanagi	3	dreamlandiwate,poi-1933,surface-to-air-bamboo
scp-int	int	zizkovs-pit	未訳-zizkovs-pit	3	abstinencni-priznaky,scp-500-cs,zizkovska-dira-hub
scp-int	int	_abnormality-institute	未訳-_abnormality-institute	2	yixue021,yixue671
scp-int	int	_canon-hub	未訳-_canon-hub	2	don-vi-tam-linh-hub,flower-heaven-hub
scp-int	int	_cma	未訳-_cma	2	hatuey,ya-te-veo
scp-int	int	_koigarezaki-shimbun	未訳-_koigarezaki-shimbun	2	koigarezaki-news-20210809,koigarezaki-news-lobanhoi-1998-ver
scp-int	int	_mages-academy	未訳-_mages-academy	2	persoenliches-log-l7194066,persoenliches-log-l7194066-1
scp-int	int	_mm-wk	未訳-_mm-wk	2	der-legendaere-zauberstab-von-morgan-le-fay,the-incredible-ozwalds-shoes
scp-int	int	_scc	未訳-_scc	2	reg-profile-s11013387,reg-profile-s11443617
scp-int	int	_special-affairs-division	未訳-_special-affairs-division	2	kanshin-ryoiki-koigarezaki,kanshin-ryoiki-tono
scp-int	int	_univers-isle	未訳-_univers-isle	2	centro-centre-18-20-oct-312,le-phare-du-vide
scp-int	int	agent	未訳-agent	2	oral-examination-for-site-director,unofficial:ir:agent-daal
scp-int	int	ajillo	未訳-ajillo	2	otter-al-ajillo,scp-1129-jp
scp-int	int	aki-corp	未訳-aki-corp	2	koigarezaki-news-911-1998-ver,scp-1579-jp
scp-int	int	al	未訳-al	2	project-proposal-2059-059,unofficial:ca:scp-527
scp-int	int	aquaticon-2023	未訳-aquaticon-2023	2	look-at-the-sea,scp-es-227
scp-int	int	aratta	未訳-aratta	2	sand-and-ash,unofficial:ir:sand-and-ash
scp-int	int	astronomy-dept	未訳-astronomy-dept	2	scp-1597-ko,scp-280-ko
scp-int	int	avian	未訳-avian	2	bonneneige-s-proposal,scp-198-it
scp-int	int	biology	未訳-biology	2	scp-009-ko,scp-1112-ko
scp-int	int	blackstar	未訳-blackstar	2	sand-and-ash,unofficial:ir:sand-and-ash
scp-int	int	bureau-of-onmyō	未訳-bureau-of-onmyō	2	goc-far-east-orientation,scp-2218-jp
scp-int	int	canon	未訳-canon	2	scp-foundation-in-deutschland-portal,unofficial:ir:lost-history
scp-int	int	cel-shaded	未訳-cel-shaded	2	unofficial:ca:scp-2521,unofficial:eu:scp-2521
scp-int	int	celeste	未訳-celeste	2	scp-157-ko,scp-602-ko
scp-int	int	chinese-pidgin-english	未訳-chinese-pidgin-english	2	unofficial:cpi:scp-173,unofficial:cpi:scp-j
scp-int	int	comic	未訳-comic	2	unofficial:ca:scp-2521,unofficial:eu:scp-2521
scp-int	int	cs-revival2025	未訳-cs-revival2025	2	scp-109-cs,scp-923-cs
scp-int	int	cs-utystheme2024	未訳-cs-utystheme2024	2	obraz-a-odraz,scp-923-cs
scp-int	int	d.i.m.v.	未訳-d.i.m.v.	2	bestiario-expresionista,colaboracion
scp-int	int	data-sheet	未訳-data-sheet	2	datenblatt-kira,ftcm-modell-c9
scp-int	int	dept-of-logic	未訳-dept-of-logic	2	dol-hub,scp-cn-2626
scp-int	int	director-nguyễn-dương	未訳-director-nguyễn-dương	2	scp-173-vn,scp-zh-281
scp-int	int	doctor-shirako	未訳-doctor-shirako	2	scp-052-jp,scp-front-jp
scp-int	int	dr-ann	未訳-dr-ann	2	scp-009-vn,scp-031-vn
scp-int	int	empire	未訳-empire	2	ghost-sign,scp-711-jp
scp-int	int	essoteric-class	未訳-essoteric-class	2	scp-es-2357-j,scp-es-4991-j
scp-int	int	ex-kitan-kai	未訳-ex-kitan-kai	2	collected-item-no1080,ghost-sign
scp-int	int	georgian	未訳-georgian	2	unofficial:ka:glossary-of-terms,unofficial:ka:scp-173
scp-int	int	halloween-23-de	未訳-halloween-23-de	2	emily-und-kapitaen-monster,scp-278-de
scp-int	int	hirosue-takayuki	未訳-hirosue-takayuki	2	kanshin-ryoiki-koigarezaki,koigarezaki-news-911-1998-ver
scp-int	int	holiday-2022	未訳-holiday-2022	2	concurso-festividades-2022,suicidiocon-2022
scp-int	int	ido	未訳-ido	2	unofficial:io:macro-7happy7-proposal,unofficial:io:scp-j
scp-int	int	image-editing	未訳-image-editing	2	unofficial:ca:scp-2521,unofficial:eu:scp-2521
scp-int	int	intellect	未訳-intellect	2	scp-074-ko,scp-310-ko
scp-int	int	interlingua	未訳-interlingua	2	unofficial:ia:scp-173,unofficial:ia:scp-j
scp-int	int	interlingue	未訳-interlingue	2	unofficial:ie:scp-262-ie,unofficial:ie:scp-j
scp-int	int	it-birthday-2019	未訳-it-birthday-2019	2	concorso-scp-050-it,scp-050-it
scp-int	int	it-halloween-contest-2020	未訳-it-halloween-contest-2020	2	concorso-halloween-2020,scp-100-it
scp-int	int	jailors	未訳-jailors	2	wanderers:the-fool-and-the-fools,wanderers:the-seven-preciousness-lection-of-xu-empyrean
scp-int	int	jin-chinese	未訳-jin-chinese	2	unofficial:cjy:scp-cjy-001,unofficial:cjy:scp-cn-010-j
scp-int	int	kamikase-clan	未訳-kamikase-clan	2	collected-item-no0723,scp-045-int
scp-int	int	kira	未訳-kira	2	datenblatt-kira,scp-299-de
scp-int	int	kunō-hisashi	未訳-kunō-hisashi	2	a-n-0064,y-b-0035
scp-int	int	maltese	未訳-maltese	2	unofficial:mt:scp-002,unofficial:mt:scp-6255
scp-int	int	mekhanite	未訳-mekhanite	2	sand-and-ash,unofficial:ir:sand-and-ash
scp-int	int	mike-patterson	未訳-mike-patterson	2	ofrendas-34,plantas-san-valentin
scp-int	int	mirror-flashpoint	未訳-mirror-flashpoint	2	mirror-flashpoint,scp-022-vn
scp-int	int	mujin-yarn	未訳-mujin-yarn	2	in-the-world-where-the-fog-has-vanished,mujin-yarn
scp-int	int	my-loever-the-dog	未訳-my-loever-the-dog	2	my-loever-the-dog-2,my-loever-the-dog-3
scp-int	int	nanba-kenji	未訳-nanba-kenji	2	scp-1321-jp,w-v-1260
scp-int	int	nl	未訳-nl	2	unofficial:nl:main,unofficial:nl:scp-series
scp-int	int	occitan	未訳-occitan	2	scp-173,unofficial:oc:scp-002
scp-int	int	oink-5-council	未訳-oink-5-council	2	scp-001-pig-j,scp-199-pig
scp-int	int	old-english	未訳-old-english	2	unofficial:ang:ic-hierde-bangian,unofficial:ang:scp-173
scp-int	int	original	未訳-original	2	deleted:scp-pl-286,wanderers:dargon-s-mum
scp-int	int	ovine	未訳-ovine	2	scp-418-fr,scp-pl-091
scp-int	int	physical	未訳-physical	2	deleted:unofficial:son:scp-son-100,skp-136
scp-int	int	poetry-competition	未訳-poetry-competition	2	scp-267-de,scp-363-de
scp-int	int	poorfoundation	未訳-poorfoundation	2	poor-foundation-hub,tele-contain-orientation
scp-int	int	post-singularity	未訳-post-singularity	2	an-end-and-a-beginning,unofficial:ir:an-end-and-a-beginning
scp-int	int	practical-examination	未訳-practical-examination	2	practical-examination-548-jp,practical-examination-hub
scp-int	int	regional-scp	未訳-regional-scp	2	scp-1290-i57,scp-ru-178
scp-int	int	religion	未訳-religion	2	wanderers:the-poem-in-dust-that-xuanpin,wanderers:the-seven-preciousness-lection-of-xu-empyrean
scp-int	int	rigaiken	未訳-rigaiken	2	koigarezaki-news-911-1998-ver,r-sinano-chuo-co-jp-2045-08-14-42a7279
scp-int	int	scemc	未訳-scemc	2	scp-087-it,scp-100-it
scp-int	int	seguro	未訳-seguro	2	unofficial:ca:scp-es-047,unofficial:ca:scp-es-095
scp-int	int	seulga	未訳-seulga	2	scp-839-ko,yakubyo-gami
scp-int	int	sh	未訳-sh	2	meat-and-vapor,scp-sh-012
scp-int	int	shadows-seeking-the-grail	未訳-shadows-seeking-the-grail	2	early-summer-5000000000000000,holding-grails-hub
scp-int	int	simian	未訳-simian	2	scp-726-ko,unofficial:zh-py:scp-cn-010
scp-int	int	site-cn-64	未訳-site-cn-64	2	scp-cn-1080,scp-cn-1318
scp-int	int	sl	未訳-sl	2	scp-mc-sl-j,unofficial:sl:scp-series-int
scp-int	int	summercon2024	未訳-summercon2024	2	scp-648-fr,scp-655-fr
scp-int	int	sustainability-division	未訳-sustainability-division	2	scp-1112-ko,scp-569-ko
scp-int	int	szwagier&szwagier-motorised	未訳-szwagier&szwagier-motorised	2	scp-pl-183,sprawa-warta-uranu
scp-int	int	template	未訳-template	2	component:how-to-use-acs-alt,component:letters-theme
scp-int	int	the-violet	未訳-the-violet	2	scp-326-ko,scp-529-ko
scp-int	int	ubicon-2022	未訳-ubicon-2022	2	scp-es-278,scp-es-293
scp-int	int	unforgettable	未訳-unforgettable	2	when-we-are-not-an-hidden-one,zai-nan-yi-wang
scp-int	int	unusual-cargo	未訳-unusual-cargo	2	manifest-704,scp-zh-338
scp-int	int	variolomancer	未訳-variolomancer	2	scp-839-ko,yakubyo-gami
scp-int	int	verse	未訳-verse	2	wanderers:the-fool-and-the-fools,wanderers:the-poem-in-dust-that-xuanpin
scp-int	int	volapuk	未訳-volapuk	2	unofficial:vo:scp-173,unofficial:vo:scp-j
scp-int	int	waiter	未訳-waiter	2	ambrose-shigastan,scp-1321-jp
scp-int	int	wellman-family	未訳-wellman-family	2	airport,scp-077-vn
scp-int	int	xiyu	未訳-xiyu	2	lte-1969-blaecca-ford-osmanthus-spiral,scp-cn-1296
scp-int	int	yasashii-nihongo	未訳-yasashii-nihongo	2	unofficial:yasashii:scp-173,unofficial:yasashii:scp-280-jp
scp-int	int	yidan	未訳-yidan	2	scp-676-jp,yidan-hub
scp-int	int	"""progress"""	"未訳-""progress"""	1	scp-1340-ru
scp-int	int	19th-bureau	未訳-19th-bureau	1	unofficial:eo:kamarada-amrilato
scp-int	int	200-con	未訳-200-con	1	scp-250-it
scp-int	int	2015-summer-con	未訳-2015-summer-con	1	downvoted
scp-int	int	2018-winter-con	未訳-2018-winter-con	1	keep-tired-work
scp-int	int	2019-memories-contest-zh	未訳-2019-memories-contest-zh	1	unofficial:eo:scp-zh-120
scp-int	int	2021-newbie-contest	未訳-2021-newbie-contest	1	scp-cn-1409
scp-int	int	2022-summer-con	未訳-2022-summer-con	1	kawaii-o5-3
scp-int	int	2022-title-contest	未訳-2022-title-contest	1	scp-778-ko
scp-int	int	2024noobcon	未訳-2024noobcon	1	scp-cn-3969
scp-int	int	_brazilian-superintendence	未訳-_brazilian-superintendence	1	relatorio-de-inimigo-de-estado-013
scp-int	int	_cc4	未訳-_cc4	1	scp-153-vn
scp-int	int	_cfo	未訳-_cfo	1	cfo-c4t-g1rl
scp-int	int	_deleted	未訳-_deleted	1	deleted:scp-es-116
scp-int	int	_fixed-flowers	未訳-_fixed-flowers	1	early-summer-rain-on-arca
scp-int	int	_gpexpress	未訳-_gpexpress	1	gp-phy-ele-t169534964
scp-int	int	_green-sparrow-foundation	未訳-_green-sparrow-foundation	1	birds-027
scp-int	int	_lisencebox	未訳-_lisencebox	1	scp-142-vn
scp-int	int	_listpages	未訳-_listpages	1	scp-031-vn
scp-int	int	_oo	未訳-_oo	1	scp-041-ua
scp-int	int	_progress-institute	未訳-_progress-institute	1	berinsk-special-administrative-zone
scp-int	int	_pzga	未訳-_pzga	1	boletus-aridas
scp-int	int	_team-zero	未訳-_team-zero	1	file-no-hkc454
scp-int	int	_team-zero-goi-format	未訳-_team-zero-goi-format	1	new-cha-ling
scp-int	int	aaa	未訳-aaa	1	une-histoire-d-apero
scp-int	int	acqua-luna	未訳-acqua-luna	1	scp-198-it
scp-int	int	acústico	未訳-acústico	1	unofficial:ca:scp-es-095
scp-int	int	addendum	未訳-addendum	1	242-de-traumtagebuch
scp-int	int	aesthetic-of-music-sound	未訳-aesthetic-of-music-sound	1	scp-1999-ko
scp-int	int	agent-dears	未訳-agent-dears	1	dossier-personnel-agent-lylah-dears
scp-int	int	agent-togami	未訳-agent-togami	1	scp-2005-jp
scp-int	int	agent-vandrake	未訳-agent-vandrake	1	proposition-du-dr-grym
scp-int	int	air-land-rhapsody	未訳-air-land-rhapsody	1	air-land-rhapsody
scp-int	int	aircraft	未訳-aircraft	1	scp-1944-jp
scp-int	int	alda	未訳-alda	1	scp-642-fr
scp-int	int	amaro-mondragón	未訳-amaro-mondragón	1	scp-es-278
scp-int	int	amis	未訳-amis	1	unofficial:ami:scp-173
scp-int	int	apparition	未訳-apparition	1	scp-522-fr
scp-int	int	aranese	未訳-aranese	1	unofficial:oc-gsc-ar:scp-173
scp-int	int	arimura-gumi	未訳-arimura-gumi	1	kanshin-ryoiki-koigarezaki
scp-int	int	art	未訳-art	1	scp-2601-jp
scp-int	int	as2022	未訳-as2022	1	scp-047-pt
scp-int	int	babm	未訳-babm	1	unofficial:qbb:scp-j
scp-int	int	bad-trip	未訳-bad-trip	1	scp-033-pt-ex
scp-int	int	braille	未訳-braille	1	unofficial:bra:scp-j
scp-int	int	bustling-outside-world	未訳-bustling-outside-world	1	the-great-peace-prayer-tower
scp-int	int	c11fr2023	未訳-c11fr2023	1	scp-611-fr
scp-int	int	c9fr2021	未訳-c9fr2021	1	scp-466-fr
scp-int	int	cadmo	未訳-cadmo	1	ricordi-di-un-nessuno
scp-int	int	camelid	未訳-camelid	1	scp-105-it
scp-int	int	cgom	未訳-cgom	1	scp-057-it
scp-int	int	ch25	未訳-ch25	1	des-fleurs-pour-dado
scp-int	int	church-of-yong-heng	未訳-church-of-yong-heng	1	scp-zh-251
scp-int	int	clase-esotérica	未訳-clase-esotérica	1	unofficial:ca:la-propuesta-de-nico-j
scp-int	int	cognito-peligroso	未訳-cognito-peligroso	1	unofficial:ca:scp-es-053
scp-int	int	conceptual	未訳-conceptual	1	deleted:scp-pl-286
scp-int	int	concorso-halloween-2021	未訳-concorso-halloween-2021	1	scp-113-it
scp-int	int	consciente	未訳-consciente	1	unofficial:ca:scp-es-053
scp-int	int	contagioso	未訳-contagioso	1	unofficial:ca:scp-es-053
scp-int	int	corail	未訳-corail	1	le-reseau-corail
scp-int	int	corpse	未訳-corpse	1	scp-193-it
scp-int	int	crack-hard	未訳-crack-hard	1	unofficial:ca:big-dick-chappell
scp-int	int	crossroad-comedy	未訳-crossroad-comedy	1	collected-item-no2020
scp-int	int	cs-competition-1	未訳-cs-competition-1	1	scp-023-cs
scp-int	int	cs-contest-cliche	未訳-cs-contest-cliche	1	scp-342-cs
scp-int	int	cs-contest-horror2025	未訳-cs-contest-horror2025	1	scp-333-cs
scp-int	int	cs-crack-fic	未訳-cs-crack-fic	1	my-loever-the-dog-3
scp-int	int	cs-rewrite-contest	未訳-cs-rewrite-contest	1	scp-073-cs
scp-int	int	cube	未訳-cube	1	scp-2222-jp
scp-int	int	cy	未訳-cy	1	deleted:scp-001-cy
scp-int	int	czech-depository-of-abnormalities	未訳-czech-depository-of-abnormalities	1	scp-923-cs
scp-int	int	daal	未訳-daal	1	unofficial:ir:agent-daal
scp-int	int	datura	未訳-datura	1	ghost-sign
scp-int	int	demarcators-of-the-frontiers	未訳-demarcators-of-the-frontiers	1	demarcaters-of-the-edge-center
scp-int	int	derivative	未訳-derivative	1	skp-136
scp-int	int	dialogue-department	未訳-dialogue-department	1	early-summer-5000000000000000
scp-int	int	digestion	未訳-digestion	1	scp-418-fr
scp-int	int	dimensiology-dept	未訳-dimensiology-dept	1	chawonhagbu2
scp-int	int	director-addams	未訳-director-addams	1	retrospektrologia
scp-int	int	director-vũ-quỳnh-thư	未訳-director-vũ-quỳnh-thư	1	scp-009-vn
scp-int	int	divine	未訳-divine	1	wanderers:the-seven-preciousness-lection-of-xu-empyrean
scp-int	int	doctor-ad	未訳-doctor-ad	1	comic
scp-int	int	doctor-apoyn	未訳-doctor-apoyn	1	scp-zh-072
scp-int	int	doctor-baeilho	未訳-doctor-baeilho	1	chawonhagbu2
scp-int	int	doctor-bales	未訳-doctor-bales	1	comic
scp-int	int	doctor-clara	未訳-doctor-clara	1	chawonhagbu2
scp-int	int	doctor-flavir	未訳-doctor-flavir	1	scp-zh-610
scp-int	int	doctor-honeori	未訳-doctor-honeori	1	scp-397-jp
scp-int	int	doctor-kris	未訳-doctor-kris	1	comic
scp-int	int	doctor-makima	未訳-doctor-makima	1	scp-zh-281
scp-int	int	doctor-ośmiornicki	未訳-doctor-ośmiornicki	1	scp-pl-207
scp-int	int	doctor-reverberate	未訳-doctor-reverberate	1	comic
scp-int	int	doctor-semibreve	未訳-doctor-semibreve	1	the-death-of-sam-or-semibreve-etc
scp-int	int	doctor-tennōji	未訳-doctor-tennōji	1	scp-397-jp
scp-int	int	doctor-ukita	未訳-doctor-ukita	1	collected-item-no19316
scp-int	int	doctor-vangen	未訳-doctor-vangen	1	unofficial:rc:scp-j
scp-int	int	dog	未訳-dog	1	scp-6974-ko-j
scp-int	int	dr-aloices	未訳-dr-aloices	1	scp-668-fr
scp-int	int	dr-grym	未訳-dr-grym	1	proposition-du-dr-grym
scp-int	int	dr-gémini	未訳-dr-gémini	1	introduction-au-departement-de-censure-et-de-desinformation
scp-int	int	dr-hinault	未訳-dr-hinault	1	dossier-personnel-du-dr-hinault
scp-int	int	dr-maehara	未訳-dr-maehara	1	scp-024-jp
scp-int	int	dr-merlín	未訳-dr-merlín	1	plantas-san-valentin
scp-int	int	dr-sugoi	未訳-dr-sugoi	1	scp-zh-006
scp-int	int	dr.ad	未訳-dr.ad	1	unofficial:eo:scp-zh-120
scp-int	int	dr_r████	未訳-dr_r████	1	scp-027-ua
scp-int	int	dream	未訳-dream	1	scp-242-de
scp-int	int	edificio	未訳-edificio	1	unofficial:ca:scp-es-076
scp-int	int	eigenständig	未訳-eigenständig	1	scp-186-de
scp-int	int	employee-kawausomaru	未訳-employee-kawausomaru	1	otter-al-ajillo
scp-int	int	empático	未訳-empático	1	unofficial:ca:scp-es-053
scp-int	int	entity	未訳-entity	1	wanderers:the-seven-preciousness-lection-of-xu-empyrean
scp-int	int	environment	未訳-environment	1	deleted:unofficial:son:scp-son-100
scp-int	int	esoteric	未訳-esoteric	1	deleted:scp-pl-286
scp-int	int	essokinetics	未訳-essokinetics	1	scp-034-fr-ex
scp-int	int	extinct	未訳-extinct	1	scp-104-cs
scp-int	int	fable	未訳-fable	1	wanderers:the-seven-preciousness-lection-of-xu-empyrean
scp-int	int	febris-pharmaceuticals	未訳-febris-pharmaceuticals	1	scp-178-it
scp-int	int	feralfes2024	未訳-feralfes2024	1	scp-084-vn
scp-int	int	fire-suppression-department	未訳-fire-suppression-department	1	scp-1500-jp-ex
scp-int	int	folklore	未訳-folklore	1	scp-cn-1313
scp-int	int	foundation	未訳-foundation	1	unofficial:ir:agent-daal
scp-int	int	galician	未訳-galician	1	unofficial:gl:scp-173
scp-int	int	gangrenous-god	未訳-gangrenous-god	1	scp-075-int
scp-int	int	goi-art	未訳-goi-art	1	goi-balls-09
scp-int	int	goi-contest	未訳-goi-contest	1	scp-188-de
scp-int	int	grayscale	未訳-grayscale	1	grayscale-hub
scp-int	int	green-earth-project	未訳-green-earth-project	1	early-summer-rain-on-arca
scp-int	int	green-tree-and-blood	未訳-green-tree-and-blood	1	wanderers:dargon-s-mum
scp-int	int	hakka-chinese	未訳-hakka-chinese	1	unofficial:hak:scp-j
scp-int	int	halloween-event-2019	未訳-halloween-event-2019	1	in-the-quiet-room
scp-int	int	hc2019	未訳-hc2019	1	personne-de-tres-important
scp-int	int	heavy-baggages	未訳-heavy-baggages	1	nuova-gestione-e-pesanti-bagagli
scp-int	int	hell	未訳-hell	1	scp-111-th
scp-int	int	history	未訳-history	1	deleted:scp-1941-jp
scp-int	int	histórico	未訳-histórico	1	unofficial:ca:scp-es-076
scp-int	int	humanoide	未訳-humanoide	1	unofficial:ca:scp-es-053
scp-int	int	humorístico	未訳-humorístico	1	unofficial:ca:la-propuesta-de-nico-j
scp-int	int	ibarbengoa	未訳-ibarbengoa	1	unofficial:eu:scp-eu-002
scp-int	int	ie	未訳-ie	1	scp-262-ie
scp-int	int	image	未訳-image	1	wanderers:the-fool-and-the-fools
scp-int	int	immovable	未訳-immovable	1	scp-cn-879
scp-int	int	indes	未訳-indes	1	unofficial:isv:scp-682
scp-int	int	infectious	未訳-infectious	1	scp-zh-446
scp-int	int	info-peligroso	未訳-info-peligroso	1	unofficial:ca:scp-es-053
scp-int	int	informatic	未訳-informatic	1	scp-085-fr
scp-int	int	inteligente	未訳-inteligente	1	unofficial:ca:scp-es-053
scp-int	int	interrogation	未訳-interrogation	1	scp-023-de
scp-int	int	introduction-series	未訳-introduction-series	1	introduction-fr
scp-int	int	isanagi-yabu	未訳-isanagi-yabu	1	kanshin-ryoiki-tono
scp-int	int	it-anniversary-contest-2021	未訳-it-anniversary-contest-2021	1	concorso-anniversario-2021
scp-int	int	it-anniversary-contest-2022	未訳-it-anniversary-contest-2022	1	concorso-anniversario-2022
scp-int	int	it-halloween-contest-2021	未訳-it-halloween-contest-2021	1	concorso-halloween-2021
scp-int	int	it-halloween-contest-2022	未訳-it-halloween-contest-2022	1	concorso-halloween-2022
scp-int	int	it-summer-contest-2022	未訳-it-summer-contest-2022	1	concorso-estivo-2022
scp-int	int	jamcon_2023	未訳-jamcon_2023	1	scp-3844-jp
scp-int	int	jbo	未訳-jbo	1	unofficial:jbo:theme:lojbo-jadni
scp-int	int	joseon	未訳-joseon	1	yakubyo-gami
scp-int	int	kcia-10th-bu	未訳-kcia-10th-bu	1	scp-045-int
scp-int	int	latvian	未訳-latvian	1	unofficial:lv:scp-001
scp-int	int	law	未訳-law	1	scp-062-jp
scp-int	int	lemrusan	未訳-lemrusan	1	scp-099-id
scp-int	int	letter	未訳-letter	1	wanderers:the-fool-and-the-fools
scp-int	int	lie-contest-2020	未訳-lie-contest-2020	1	unknownmothergoose
scp-int	int	lingwa-de-planeta	未訳-lingwa-de-planeta	1	unofficial:qlp:scp-173
scp-int	int	live	未訳-live	1	unofficial:ca:scp-527
scp-int	int	localización	未訳-localización	1	unofficial:ca:scp-es-095
scp-int	int	lofia	未訳-lofia	1	scp-zh-041
scp-int	int	luminous-pathfinders	未訳-luminous-pathfinders	1	nostalgia-s-flag
scp-int	int	map	未訳-map	1	scp-es-087
scp-int	int	mecánico	未訳-mecánico	1	unofficial:ca:scp-es-047
scp-int	int	memory	未訳-memory	1	scp-655-fr
scp-int	int	min-nan-chinese	未訳-min-nan-chinese	1	unofficial:nan:scp-j
scp-int	int	mind-control	未訳-mind-control	1	all-things-are-one-s-proposal
scp-int	int	mongolian	未訳-mongolian	1	unofficial:mn:scp-j
scp-int	int	mori-rin	未訳-mori-rin	1	scp-647-jp
scp-int	int	murine	未訳-murine	1	scp-008-ko
scp-int	int	music	未訳-music	1	scp-1071-ko
scp-int	int	na_zare	未訳-na_zare	1	scp-zh-968
scp-int	int	navigation	未訳-navigation	1	navigation
scp-int	int	nyorai-sightseeing	未訳-nyorai-sightseeing	1	scp-820-jp
scp-int	int	obe2017	未訳-obe2017	1	sur-l-oreiller
scp-int	int	ocean-of-uncertainties	未訳-ocean-of-uncertainties	1	scp-078-pt
scp-int	int	oke	未訳-oke	1	unofficial:qwd:scp-j
scp-int	int	organogram	未訳-organogram	1	niveis-de-acesso-e-seguranca
scp-int	int	out-of-canon	未訳-out-of-canon	1	trovare-un-confine
scp-int	int	page	未訳-page	1	unofficial:ca:scp-527
scp-int	int	pangea	未訳-pangea	1	goc-supplemental-implantation-fr
scp-int	int	parasite	未訳-parasite	1	scp-655-fr
scp-int	int	pataphysical	未訳-pataphysical	1	scp-cn-2200
scp-int	int	pentagrama	未訳-pentagrama	1	unofficial:ca:scp-es-076
scp-int	int	personnel	未訳-personnel	1	o4-12
scp-int	int	photo-interpretation-lavender	未訳-photo-interpretation-lavender	1	oblivious
scp-int	int	polar-light-night	未訳-polar-light-night	1	early-summer-5000000000000000
scp-int	int	possess	未訳-possess	1	unofficial:tl:scp-547-tl
scp-int	int	progress-institute	未訳-progress-institute	1	berinsk-special-administrative-zone
scp-int	int	project-reincarnation	未訳-project-reincarnation	1	k1s10r0d-s-proposal
scp-int	int	proto-germanic	未訳-proto-germanic	1	unofficial:pg:scp-j
scp-int	int	psique-alternador	未訳-psique-alternador	1	unofficial:ca:scp-es-076
scp-int	int	psychological	未訳-psychological	1	scp-2760-jp
scp-int	int	qin-han-foundation	未訳-qin-han-foundation	1	hoi-ba-phu-thuy
scp-int	int	quiet-current	未訳-quiet-current	1	scp-1129-ru
scp-int	int	radiation	未訳-radiation	1	scp-zh-141
scp-int	int	railway	未訳-railway	1	scp-023-jp
scp-int	int	rebar	未訳-rebar	1	scp-024-it
scp-int	int	recycle-2021	未訳-recycle-2021	1	scp-2601-jp
scp-int	int	researcher-knave	未訳-researcher-knave	1	scp-zh-968
scp-int	int	researcher-lucifelle	未訳-researcher-lucifelle	1	scp-123-vn
scp-int	int	reunionese-creole	未訳-reunionese-creole	1	unofficial:rc:scp-j
scp-int	int	robert-castillo	未訳-robert-castillo	1	scp-es-020
scp-int	int	saiga-rokumi	未訳-saiga-rokumi	1	ghost-sign
scp-int	int	samantha-hirosue	未訳-samantha-hirosue	1	koigarezaki-news-911-1998-ver
scp-int	int	samcheonri-busan	未訳-samcheonri-busan	1	scp-398-ko
scp-int	int	samdaecheon	未訳-samdaecheon	1	scp-903-ko
scp-int	int	sanctuary-of-the-holistic	未訳-sanctuary-of-the-holistic	1	the-broken-cargo
scp-int	int	school-hanakago	未訳-school-hanakago	1	yakubyo-gami
scp-int	int	scpsculpture	未訳-scpsculpture	1	unofficial:eu:scp-7914
scp-int	int	seocheon-country-club	未訳-seocheon-country-club	1	yakubyo-gami
scp-int	int	setting	未訳-setting	1	aodaisho-hub
scp-int	int	shopping-arcade	未訳-shopping-arcade	1	scp-zh-618
scp-int	int	simple-english	未訳-simple-english	1	unofficial:simple:scp-173
scp-int	int	sin-contener	未訳-sin-contener	1	unofficial:ca:scp-es-076
scp-int	int	site-81uo	未訳-site-81uo	1	scp-4005-jp
scp-int	int	site-cn-11	未訳-site-cn-11	1	scp-cn-3077
scp-int	int	site-cn-77	未訳-site-cn-77	1	scp-cn-2008
scp-int	int	site-cn-96	未訳-site-cn-96	1	scp-cn-3086
scp-int	int	site-vn	未訳-site-vn	1	secure-facility-dossier-site-75-vn
scp-int	int	site-zh-13	未訳-site-zh-13	1	scp-zh-865
scp-int	int	site-zh-22	未訳-site-zh-22	1	scp-zh-865
scp-int	int	site-zh-50	未訳-site-zh-50	1	scp-zh-911
scp-int	int	site-zh-59	未訳-site-zh-59	1	scp-198-vn
scp-int	int	site-zh-72	未訳-site-zh-72	1	scp-zh-730
scp-int	int	skeleton	未訳-skeleton	1	scp-104-cs
scp-int	int	spirit	未訳-spirit	1	wanderers:the-seven-preciousness-lection-of-xu-empyrean
scp-int	int	stationary	未訳-stationary	1	scp-es-278
scp-int	int	steffano-gonzález	未訳-steffano-gonzález	1	9copas
scp-int	int	story-contest-1	未訳-story-contest-1	1	nebojuj-s-monstry
scp-int	int	subterraneo-con-2021	未訳-subterraneo-con-2021	1	scp-int-wikidot-com-mcd-reisen-traum-train-resort-offset-1
scp-int	int	summer-contest-2021-zh	未訳-summer-contest-2021-zh	1	unofficial:eo:scp-zh-339
scp-int	int	summer-contest-2022	未訳-summer-contest-2022	1	fuck-you-scp
scp-int	int	sun-down-scp	未訳-sun-down-scp	1	scp-fra93-062
scp-int	int	takayuki-hirosue	未訳-takayuki-hirosue	1	koigarezaki-news-20210809
scp-int	int	telepatic	未訳-telepatic	1	scp-397-de
scp-int	int	teoswa-chinese	未訳-teoswa-chinese	1	unofficial:nan-tws:scp-j
scp-int	int	ter	未訳-ter	1	unofficial:ca:scp-2521
scp-int	int	the-store-is-now-closed	未訳-the-store-is-now-closed	1	scp-008-pig
scp-int	int	this-lovely-world	未訳-this-lovely-world	1	scp-1732-jp
scp-int	int	time	未訳-time	1	scp-362-de
scp-int	int	timepiece	未訳-timepiece	1	scp-177-pt
scp-int	int	tl	未訳-tl	1	scp-067-tl
scp-int	int	toaq-delta	未訳-toaq-delta	1	unofficial:qtq:scp-017
scp-int	int	travel-by-public-funds	未訳-travel-by-public-funds	1	ein-langweiliger-valentinstag
scp-int	int	tsukumo-kikan	未訳-tsukumo-kikan	1	scp-cn-2008
scp-int	int	tw	未訳-tw	1	deleted:scp-tw-001
scp-int	int	universe	未訳-universe	1	unofficial:tl:scp-547-tl
scp-int	int	unmovable	未訳-unmovable	1	all-things-are-one-s-proposal
scp-int	int	unofficial	未訳-unofficial	1	scp-oc-002
scp-int	int	untied-knot	未訳-untied-knot	1	civilwar
scp-int	int	upsilon-4-new-neighbors	未訳-upsilon-4-new-neighbors	1	scp-pl-231
scp-int	int	urban-legend-dept	未訳-urban-legend-dept	1	scp-zh-968
scp-int	int	ursine	未訳-ursine	1	scp-106-jp
scp-int	int	victor-penz	未訳-victor-penz	1	colaboracion
scp-int	int	viossa	未訳-viossa	1	unofficial:vp:scp-173
scp-int	int	vivo	未訳-vivo	1	unofficial:ca:scp-es-053
scp-int	int	wakaba-contest	未訳-wakaba-contest	1	scp-2784-jp
scp-int	int	ways	未訳-ways	1	wanderers:the-fool-and-the-fools
scp-int	int	weak-of-the-slicing-knife	未訳-weak-of-the-slicing-knife	1	yamizushi-file-no064
scp-int	int	weather	未訳-weather	1	scp-cn-1417
scp-int	int	welsh	未訳-welsh	1	unofficial:cy:scp-000-cy-j
scp-int	int	werful-vails	未訳-werful-vails	1	scp-005-pig
scp-int	int	winter-ace-2021-contest-zh	未訳-winter-ace-2021-contest-zh	1	unofficial:eo:scp-zh-2005-ex
scp-int	int	wuu-chinese	未訳-wuu-chinese	1	unofficial:wuu:scp-j
scp-int	int	zh-lc	未訳-zh-lc	1	unofficial:zh-la:scp-075
scp-int	int	zhuang	未訳-zhuang	1	unofficial:za:scp-j
scp-int	int	črod	未訳-črod	1	podvodstoleti1
scp-int	int	řekytaj	未訳-řekytaj	1	rekytaj-hub
fondazionescp	it	o	未訳-o	2328	1-001-dark-and-stormy-nights,241-tl02,603-ft-2012,662-l1,784incident1
fondazionescp	it	_o	未訳-_o	415	026-exploration-logs,1-mr-headless,10-30-a-m,173,2521-escaped
fondazionescp	it	classe-esoterica	未訳-classe-esoterica	118	director-bold-s-proposal-j,djkaktus-s-proposal-j,dr-gears-s-proposal,dr-manns-proposal,jack-ike-s-proposal-i
fondazionescp	it	spaziotempo	未訳-spaziotempo	88	concorso-halloween-2022-kronotech,dr-manns-proposal,keter-duty,scp-001-it-abad,scp-001-it-graf
fondazionescp	it	resurrezione	未訳-resurrezione	72	a-restless-wanderer-on-the-earth,additional-resources,are-we-there-yet,back-alley-deals,ball-gags-and-scrambled-eggs
fondazionescp	it	corriere	未訳-corriere	71	archivio-del-corriere-redatto,archivio-notizie-completo,corriere-redatto-edizione-agosto-2022,corriere-redatto-edizione-agosto-2023,corriere-redatto-edizione-agosto-2024
fondazionescp	it	smascherati	未訳-smascherati	47	a-lesson-in-power,ambroseinternational-pdf,broken-masquerade-epistolary,broken-masquerade-hub,demande-reel-mensonges
fondazionescp	it	ontocinetico	未訳-ontocinetico	44	jack-ike-s-proposal-i,jim-north-s-proposal,proposition-des-drs-gemini-et-tesla,scp-001-it-graf,scp-001-it-heck
fondazionescp	it	canoni-alternativi	未訳-canoni-alternativi	43	addio-roma-addio-napoli,canta-il-gallo,cenobirma,dossier-del-sito-deus,dossier-luca-spallacci
fondazionescp	it	sarkico	未訳-sarkico	37	1-001-dark-and-stormy-nights,about-the-serpent,ancestrecall,apocrifo,are-we-gentrified-yet
fondazionescp	it	_corriere	未訳-_corriere	35	abbastanza,benvenuti-alla-divisione-nettezza-e-igiene-dannati,cfo-begins,cfo-c04,due-piu-due
fondazionescp	it	comitato-etico	未訳-comitato-etico	32	dr-robinsons-statement,ethical,ethics-committee-orientation,ethics-guide,forum-post
fondazionescp	it	ligneo	未訳-ligneo	32	173-con-jncolossus,il-favore-del-pubblico,la-secchia,scp-004-it-arc,scp-048-it-arc
fondazionescp	it	fisico	未訳-fisico	31	dr-manns-proposal,scp-018,scp-044,scp-044-it,scp-048-it
fondazionescp	it	template	未訳-template	28	component:3d-logo,component:3d-logo-base,component:acs-hybrid-text-bar-source,component:anomaly-class-bar,component:area
fondazionescp	it	amministratore	未訳-amministratore	27	captain-kirby-s-proposal,damnatio-memoriae,djkaktus-s-proposal,document-001-o5,dr-clef-s-proposal
fondazionescp	it	la-scultura	未訳-la-scultura	24	173,a-cooler-manifesto,autoerotic-assassination,crunch,date-night
fondazionescp	it	agente-lament	未訳-agente-lament	23	a-formal-apology,annon,calm,containing-yourself,i-wanna-be-the-very-best
fondazionescp	it	concorso	未訳-concorso	23	archivio-concorsi,concorso-anniversario-2021,concorso-anniversario-2022,concorso-anniversario-2024,concorso-anniversario-2025
fondazionescp	it	dossier	未訳-dossier	22	dossier-luca-spallacci,dossier:artemia-iadanza,dossier:aurora-gemelli,dossier:battista-bruno,dossier:domenico-iriarte
fondazionescp	it	rifiuti-al-rogo	未訳-rifiuti-al-rogo	22	a-crack-in-the-porcelain,a-eulogy-in-eleven-eight-time,ambrose-backdoor-soho,are-we-gentrified-yet,christ-in-scarlet
fondazionescp	it	sai	未訳-sai	21	de-l-origine-de-yod,des-astres,desastre,document-sai-f-143,dossier-zone-mem
fondazionescp	it	giallo	未訳-giallo	20	scp-002-fr,scp-002-pt-j,scp-003-fr,scp-004-fr,scp-008-fr
fondazionescp	it	rettile-difficile-da-distruggere	未訳-rettile-difficile-da-distruggere	20	duke-till-dawn,home-is-a-place-with-mushrooms,kill-682,prisoners,quiet-days
fondazionescp	it	arancione	未訳-arancione	19	scp-006-fr,scp-008-pt,scp-014-fr,scp-031-pt,scp-057-fr
fondazionescp	it	ordo-iani	未訳-ordo-iani	19	il-crepuscolo-dell-ordine,nero-285,onde-la-serpe-dimora,rena-rossa-membra-nere,scp-001-it-graf
fondazionescp	it	re-impiccato	未訳-re-impiccato	19	about-the-serpent,competitive-teleology,dr-robinsons-statement,only-game-in-town-hub,party-of-gods
fondazionescp	it	strumento	未訳-strumento	19	scp-056-it,scp-067,scp-1023,scp-1404,scp-155-it
fondazionescp	it	dottoressa-light	未訳-dottoressa-light	18	annon,calm,deals-with-the-devil,ganymede,getting-into-treble
fondazionescp	it	trionfo	未訳-trionfo	18	dialogo-di-un-alchimista-e-di-un-teschio,espero,ex-tenebris-fluctus,la-tua-detective-preferita,scp-050-it
fondazionescp	it	vetro	未訳-vetro	17	173-con-jncolossus,scp-004-ua,scp-040-it,scp-083-it-arc,scp-1023
fondazionescp	it	archivi-120	未訳-archivi-120	16	ambrose-esterberg,and-every-time-we-meet-again-hub,fresh-blood,from-120-s-archives-hub,in-life-as-in-language
fondazionescp	it	catalogo-deepwell	未訳-catalogo-deepwell	16	admonition,hurt,nagiros-proposal,scp-4736,scp-5097
fondazionescp	it	febris-farmaceutica	未訳-febris-farmaceutica	16	cardiopatia,hub-febris-farmaceutica,ibogan,inoculazione,lotusolo
fondazionescp	it	biblioteca-del-viandante	未訳-biblioteca-del-viandante	15	another-goddamn-magic-system,broken-masquerade-epistolary,family,ganymede,nagiros-proposal
fondazionescp	it	cgom	未訳-cgom	15	abisso-eterno-il-tridente,corazza-elba,les-sirenes-de-bellecour,rena-rossa-membra-nere,scp-038-it
fondazionescp	it	dinosauro	未訳-dinosauro	15	scp-1265,scp-178-it,scp-250,scp-3057,scp-317
fondazionescp	it	riscrittura	未訳-riscrittura	15	dossier:francesco-valtieri,dossier:napoleone-bernini,filled-to-the-brim-with-girlish-glee,scp-039,scp-105
fondazionescp	it	senza-nome	未訳-senza-nome	15	ambrose-esterberg,djkaktus-s-proposal-j,interviews-with-prospective-groups-of-interest,no-matter-what,scp-116-it
fondazionescp	it	abele	未訳-abele	14	goc-supplemental-threat-entities,halloween-on-17th-street,i-thought-you-died-alone,i-thought-you-would-come-back-if-i-made-it-well,incident-zero-part-2
fondazionescp	it	_marshall-carter-dark	未訳-_marshall-carter-dark	13	a-second-chance-at-today,imperfectly-fossilized-eggs-m4rho-edope-fo5le,kaiju-caviar-ocn39-t5fg6-7hjl2,lego-minithinkers-8y9d5-2x4h7-s89m2,mcd-bloodbaths
fondazionescp	it	adulto	未訳-adulto	13	autoerotic-assassination,dialogo-di-un-alchimista-e-di-un-teschio,is-it-weird-if-i-want-to-fuck-the-shark,scp-2254,scp-3929
fondazionescp	it	agente-adams	未訳-agente-adams	13	ball-gags-and-scrambled-eggs,calm,contingency,dressing-up,getting-drunk
fondazionescp	it	anormalità	未訳-anormalità	13	interviews-with-prospective-groups-of-interest,scp-2678,scp-3220,scp-3790,scp-5356
fondazionescp	it	dottor-mann	未訳-dottor-mann	13	a-formal-apology,annon,calm,ecceperago,mann-with-the-plann-or-the-dog-gone-days-of-summer
fondazionescp	it	generale-bowe	未訳-generale-bowe	13	blood-in-the-water,footage-recovered-from-a-private-server,give-it,him-and-the-other-him,in-harm-s-way
fondazionescp	it	il-vecchio	未訳-il-vecchio	13	containment-breach-the-musical,experiment-log-187-1,he-sees-you,i-wanna-be-the-very-best,keter-duty
fondazionescp	it	spaziale	未訳-spaziale	13	keter-duty,scp-1272,scp-2406,scp-3200,scp-3212
fondazionescp	it	verde	未訳-verde	13	scp-005-fr,scp-006-int,scp-009-fr,scp-026-pt,scp-027-fr
fondazionescp	it	fotografico	未訳-fotografico	12	scp-105,scp-1833,scp-223,scp-228,scp-404
fondazionescp	it	onnivoro	未訳-onnivoro	12	scp-058-fr,scp-160-it,scp-203-it,scp-367,scp-373-fr
fondazionescp	it	sisma	未訳-sisma	12	in-trappola-come-bestie,la-branca-italiana-ai-tempi-del-covid,scp-073-it,scp-093-it,scp-111-it
fondazionescp	it	teologia-tattica	未訳-teologia-tattica	12	one-hundred-and-fifty-thousand,scp-4967,scp-5693,scp-5709,scp-5998
fondazionescp	it	unico-sulla-piazza	未訳-unico-sulla-piazza	12	a-child-to-teach,competitive-teleology,interlude-scenes-from-the-fall,on-the-origins,only-game-in-town-hub
fondazionescp	it	vecchi-nemici	未訳-vecchi-nemici	12	blood-in-the-water,footage-recovered-from-a-private-server,give-it,him-and-the-other-him,moose-on-the-loose
fondazionescp	it	cristallino	未訳-cristallino	11	scp-043-it,scp-059-it,scp-080-it,scp-142-it,scp-1718
fondazionescp	it	direttrice-moose	未訳-direttrice-moose	11	annon,another-goddamn-magic-system,elder-baconator,in-harm-s-way,moose-on-the-loose
fondazionescp	it	ofide	未訳-ofide	11	proposition-des-drs-gemini-et-tesla,scp-1132,scp-3000,scp-3847,scp-486
fondazionescp	it	pesanti-bagagli	未訳-pesanti-bagagli	11	apocrifo,canta-il-gallo,nuova-gestione-e-pesanti-bagagli,scp-014-int,scp-it-032
fondazionescp	it	r	未訳-r	11	deleted:scp-122,scp-1277,scp-1833,scp-2082,scp-238
fondazionescp	it	173-con	未訳-173-con	10	173-con-heloderma-horridum,173-con-jncolossus,173-con-kaiwanna,173-con-luke-mcdonut,173-con-luke-mcdonut-2
fondazionescp	it	alda	未訳-alda	10	diluvio-universale,la-tua-tomba-e-la-memoria,proprio-come-pensavo,requiem-di-un-pentito,scp-034-it
fondazionescp	it	bobble-il-clown	未訳-bobble-il-clown	10	behind-the-scenes,extended-scp-420-j-experiment-log,scp-1730,scp-2170,scp-4505
fondazionescp	it	capitanata	未訳-capitanata	10	dossier-del-sito-deus,dossier-luca-spallacci,epilogo-di-un-assassino,eredi,gian-galeazzo
fondazionescp	it	classe-del-76	未訳-classe-del-76	10	interviews-with-prospective-groups-of-interest,not-fade-away,scp-1833,scp-2316,scp-332
fondazionescp	it	ente-caritatevole-manna	未訳-ente-caritatevole-manna	10	damnatio-memoriae,goc-tale-sequence-strike,scp-1176,scp-2099,scp-2273-f
fondazionescp	it	obbligatorio	未訳-obbligatorio	10	deleted:guida-nuovi-arrivati,deleted:regole-del-sito,deleted:scrivere-un-articolo-scp,ecco-lo-staff,guida-all-eliminazione
fondazionescp	it	scemc	未訳-scemc	10	dossier-del-sito-deus,scp-076-it,scp-078-it,scp-081-it,scp-087-it
fondazionescp	it	sotterraneo	未訳-sotterraneo	10	scp-2217,scp-2697,scp-5285,scp-5693,scp-6666
fondazionescp	it	terrore&giochi-del-circo	未訳-terrore&giochi-del-circo	10	a-vale-of-tears,all-that-glisters,dark-and-disquieting,kaiju-caviar-ocn39-t5fg6-7hjl2,micky-d-s
fondazionescp	it	urlatori-esterni	未訳-urlatori-esterni	10	interviews-with-prospective-groups-of-interest,party-of-gods,scp-000,scp-1678,scp-3340
fondazionescp	it	agente-lurk	未訳-agente-lurk	9	additional-resources,alert-lockdown-initiated,are-we-there-yet,ball-gags-and-scrambled-eggs,calm
fondazionescp	it	argilla	未訳-argilla	9	173-con-jncolossus,scp-030,scp-357,scp-5034,scp-580
fondazionescp	it	concorso-estate-2020	未訳-concorso-estate-2020	9	concorso-estivo-2020,farfalla-di-ossidiana,scp-070-it,scp-071-it,scp-079-it
fondazionescp	it	concorso-estivo-2023	未訳-concorso-estivo-2023	9	concorso-estivo-2023-civilwestern,concorso-estivo-2023-kristent,concorso-estivo-2023-procastinationtime,concorso-estivo-2023-scpswitch,concorso-estivo-2023-theboxoffun
fondazionescp	it	dipartimento-irrealtà	未訳-dipartimento-irrealtà	9	gravitron,scp-5097,scp-6208,scp-7591,scp-8591
fondazionescp	it	dottor-cimmerian	未訳-dottor-cimmerian	9	cimmerian-sends-650-pms,dr-bright-is-no-longer-allowed-to-use-temporal-anomalies,four-stories-told-in-order,getting-into-treble,lending-a-hand
fondazionescp	it	dottor-dan	未訳-dottor-dan	9	document-096-1,incident-096-1-a,moose-on-the-loose,scp-096,scp-7000
fondazionescp	it	dottor-glass	未訳-dottor-glass	9	clef-and-dimitri-hit-the-road,in-his-own-image-interlude-3,in-his-own-image-part-2,in-his-own-image-part-6,scp-191
fondazionescp	it	dottoressa-elliott	未訳-dottoressa-elliott	9	calm,dressing-up,getting-drunk,light-dependent-reactions,number-one-with-a-bullet
fondazionescp	it	in-guardia-43	未訳-in-guardia-43	9	a-canadian-standoff,pickman-blank-proposal,scp-5358,scp-5904,scp-6591
fondazionescp	it	interattivo	未訳-interattivo	9	pedantique-s-proposal,scp-001-it-abad,scp-051-it,scp-088-it,scp-173-it
fondazionescp	it	saffiro	未訳-saffiro	9	alors-comme-ca-vous-voulez-ecrire-sur-saphir,apocrifo,interviews-with-prospective-groups-of-interest,jahdben-nakrik,saphir-centre
fondazionescp	it	sigurros	未訳-sigurros	9	family,halloween-on-17th-street,incident-239-b-clef-kondraki,keter-duty,prisoners
fondazionescp	it	terza-legge	未訳-terza-legge	9	ancestrecall,fragment:third-law-hub-hub-7,make-portland-weirder,moonlighting,scp-2350
fondazionescp	it	concorso-halloween-2021	未訳-concorso-halloween-2021	8	concorso-halloween-2021,concorso-halloween-2021-1bsagata-1,concorso-halloween-2021-1bsagata-2,concorso-halloween-2021-1bsagata-3,concorso-halloween-2021-1bsagata-4
fondazionescp	it	dottor-iceberg	未訳-dottor-iceberg	8	calm,duke-till-dawn,gears-is-totally-not-a-robot-guys,in-his-own-image-epilogue,in-his-own-image-part-1
fondazionescp	it	heck-o-ween2025	未訳-heck-o-ween2025	8	apocrifo,aracne-salamandra,dialogo-di-un-alchimista-e-di-un-teschio,heck-o-ween,heck-o-ween-ho-avuto-un-incubo
fondazionescp	it	il-golfo	未訳-il-golfo	8	christ-in-scarlet,scp-2072,scp-2131,scp-2172,scp-2272
fondazionescp	it	nicola-rossi	未訳-nicola-rossi	8	il-corridoio,l-odore-della-fratellanza,myosotis-sylvatica,primo-giorno-alla-divisione-di-antimemetica,scp-064-it-arc
fondazionescp	it	orologio	未訳-orologio	8	scp-1032,scp-224,scp-429,scp-442,scp-498
fondazionescp	it	rosso	未訳-rosso	8	scp-007-fr,scp-101-fr,scp-373-fr,scp-427-fr,scp-501-fr
fondazionescp	it	sul-monte-golgota	未訳-sul-monte-golgota	8	bloodlines,empedocles,on-mount-golgotha-hub,primae-formae,scp-2458
fondazionescp	it	termodinamico	未訳-termodinamico	8	scp-1718,scp-266,scp-4812,scp-5033,scp-5404
fondazionescp	it	ambrose	未訳-ambrose	7	ambrose-backdoor-soho,ambrose-esterberg,ambrose-goricna,ambroseinternational-pdf,broken-masquerade-epistolary
fondazionescp	it	arturo-santilli	未訳-arturo-santilli	7	gita-nel-bosco,prima-volta,scp-001-it-abad,scp-045-it,scp-070-it
fondazionescp	it	compleanno-scp-051	未訳-compleanno-scp-051	7	scp-001-it-abad,scp-001-it-abad-inc,scp-051-it,scp-057-it,scp-064-it-arc
fondazionescp	it	direttore-aktus	未訳-direttore-aktus	7	additional-resources,classification-committee-memo,folly,hello-world,integrity-project
fondazionescp	it	dottor-everwood	未訳-dottor-everwood	7	cimmerian-sends-650-pms,scp-1908,scp-3874,scp-4468,scp-4498
fondazionescp	it	dottoressa-rights	未訳-dottoressa-rights	7	containing-yourself,duke-till-dawn,in-his-own-image-interlude-3,in-his-own-image-part-1,metafiction
fondazionescp	it	gentilezza	未訳-gentilezza	7	scp-2662,scp-414,scp-747,scp-797,scp-979
fondazionescp	it	manipola-realtà	未訳-manipola-realtà	7	scp-153-it,scp-3936,scp-4736,scp-6172,scp-6747
fondazionescp	it	mappa	未訳-mappa	7	scp-1053,scp-175,scp-2332,scp-425,scp-476
fondazionescp	it	pini-contorti	未訳-pini-contorti	7	make-portland-weirder,paper-pusher,realignment,scp-1360,scp-2987
fondazionescp	it	progetto-crossover	未訳-progetto-crossover	7	crossoverprojectindex,fifthbobpentapants,home-is-a-place-with-mushrooms,i-wanna-be-the-very-best,incident-report-kaf-09
fondazionescp	it	summercon	未訳-summercon	7	ex-tenebris-fluctus,scp-299-it,sette-rintocchi,summercon-ilars,summercon-koddueraid
fondazionescp	it	tutore-a-l	未訳-tutore-a-l	7	goliath-circa-1505,pic-gloriosa-j,pic-l-h-o-o-q-j,quando-napoli-piange-firenze-ride,scp-051-it
fondazionescp	it	agente-strelnikov	未訳-agente-strelnikov	6	clef-and-dimitri-hit-the-road,elder-baconator,in-his-own-image-part-1,in-his-own-image-part-7,like-a-russian-racehorse
fondazionescp	it	blu	未訳-blu	6	scp-274-fr,scp-428-fr,scp-490-fr,scp-513-fr,scp-529-fr
fondazionescp	it	campione-lunare	未訳-campione-lunare	6	keter-duty,scp-1233,scp-it-004,sun-sister-and-moon-champion,the-bowe-decommission-part-one
fondazionescp	it	chiave	未訳-chiave	6	mackenzie-s-proposal,scp-004,scp-005,scp-1016,scp-370
fondazionescp	it	concorso-anniversario-2024	未訳-concorso-anniversario-2024	6	concorso-anniversario-2024ilars,epilogo-di-un-assassino,il-richiamo-del-tramonto,scp-155-it,scp-190-it
fondazionescp	it	concorso-estivo-2021	未訳-concorso-estivo-2021	6	concorso-estivo-2021,i-fiori-d-estate,scp-069-it,scp-121-it,scp-144-it
fondazionescp	it	cubo	未訳-cubo	6	scp-079-pt,scp-090,scp-167,scp-173-it,scp-345
fondazionescp	it	dottor-asheworth	未訳-dottor-asheworth	6	and-every-time-we-meet-again-hub,from-120-s-archives-hub,o4-s-summit,scp-6596,scp-6747
fondazionescp	it	gendastreria	未訳-gendastreria	6	centre-fractal,de-l-origine-de-yod,des-astres,desastre,gendastrerie-centre
fondazionescp	it	gentiluomini	未訳-gentiluomini	6	les-gentilshommes-humanistes-centre,proposition-des-drs-gemini-et-tesla,scp-274-fr,scp-295-fr,scp-427-fr
fondazionescp	it	iacs	未訳-iacs	6	interviews-with-prospective-groups-of-interest,scp-2350,scp-378,scp-5908,scp-6861
fondazionescp	it	in-riscrittura	未訳-in-riscrittura	6	scp-007-it-arc,scp-008-it-arc,scp-038-it,scp-083-it-arc,scp-106-it-arc
fondazionescp	it	lurkon23	未訳-lurkon23	6	lurkoncorso-i,scp-088-it,scp-116-it,scp-130-it,scp-141-it
fondazionescp	it	maureen-callassi	未訳-maureen-callassi	6	gita-nel-bosco,prima-volta,scp-106-it-arc,scp-111-it,scp-136-it
fondazionescp	it	mondo-meraviglioso	未訳-mondo-meraviglioso	6	borne-on-the-fm-waves-of-the-heart,scp-4468,scp-629,scp-8726,this-toy-facsimile-of-life
fondazionescp	it	ovino	未訳-ovino	6	scp-098-it,scp-143-it,scp-160-it,scp-1874,scp-441
fondazionescp	it	roberto-demichelis	未訳-roberto-demichelis	6	dossier:roberto-demichelis,giorni-da-ricordare,lo-yeti-del-monviso,orientamento-alla-ssm-x,scp-135-it
fondazionescp	it	sara-ferri	未訳-sara-ferri	6	giorni-da-ricordare,lo-yeti-del-monviso,orientamento-alla-ssm-x,scp-135-it,ssm-x-speciale-di-san-valentino
fondazionescp	it	supremo-karcista-ion	未訳-supremo-karcista-ion	6	about-the-serpent,ancestrecall,interviews-with-prospective-groups-of-interest,of-the-crimeless-traitors,sarkicism-hub
fondazionescp	it	tullio-cruciani	未訳-tullio-cruciani	6	cronaca-di-un-infuocata-discussione-etica,incidente-black-knight-despirito,incidente-vela-cuore-d-inchiostro,scp-001-it-abad,scp-086-it
fondazionescp	it	uno-olistico	未訳-uno-olistico	6	la-secchia,scp-001-it-abad,scp-020-it,scp-121-it,scp-146-it
fondazionescp	it	acqua-luna	未訳-acqua-luna	5	fanciulla-alla-fonte-antica,gli-occhi-di-un-padre-gli-occhi-di-una-madre,scp-010-it,scp-169-it,scp-198-it
fondazionescp	it	agente-trauss	未訳-agente-trauss	5	forum-post,scp-3484,scp-4427,sex-drugs-money,when-the-time-comes-i-do-not-want-to-be-forgotten
fondazionescp	it	alice-molinari	未訳-alice-molinari	5	prima-volta,scp-009-it,scp-049-it,scp-051-it,scp-112-it
fondazionescp	it	annihilismo	未訳-annihilismo	5	message-from-annihilism-ua,revenge-of-a-dying-world,scp-060-ua,scp-093-ua,scp-164-it
fondazionescp	it	cadmo	未訳-cadmo	5	ricordi-di-un-nessuno,scp-109-it,scp-125-it,scp-153-it,scp-it-077
fondazionescp	it	concorso-anniversario-2021	未訳-concorso-anniversario-2021	5	concorso-anniversario-2021,espero,i-giorni-peggiori-della-mia-vita,un-compito-difficile,uno-spaventapasseri
fondazionescp	it	concorso-anniversario-2026	未訳-concorso-anniversario-2026	5	concorso-anniversario-2026-picok-alt,scp-064-it,scp-211-it,scp-222-it,scp-233-it
fondazionescp	it	concorso-estivo-2024	未訳-concorso-estivo-2024	5	concorso-estivo-2024-drcrocodile-sabaulto,gombloddo,la-tua-detective-preferita,scp-131-it,scp-191-it
fondazionescp	it	dinastia-xia	未訳-dinastia-xia	5	about-the-serpent,church-of-the-broken-god-hub,scp-2101,scp-2711,scp-3847
fondazionescp	it	elia-contadi	未訳-elia-contadi	5	prima-volta,scp-060-it,scp-063-it,scp-078-it,scp-135-it
fondazionescp	it	emanuele-bigotti	未訳-emanuele-bigotti	5	benvenuti-alla-divisione-di-ricerca-memetica,incidente-vela-cuore-d-inchiostro,scp-082-it,scp-092-it,scp-101-it
fondazionescp	it	ennio-fanucci	未訳-ennio-fanucci	5	giorni-da-ricordare,lo-yeti-del-monviso,orientamento-alla-ssm-x,scp-135-it,ssm-x-speciale-di-san-valentino
fondazionescp	it	fine-della-morte	未訳-fine-della-morte	5	in-the-clutches-of-life,scp-4322,scp-4979,scp-5012,scp-6872
fondazionescp	it	horror	未訳-horror	5	scp-6668,scp-7862,scp-8085,scp-8408,scp-8626
fondazionescp	it	rebar	未訳-rebar	5	bambino-in-fil-dacciaio,incidente-vela-cuore-d-inchiostro,scp-024-it,scp-065-it,scp-108-it
fondazionescp	it	ricercatore-rosen	未訳-ricercatore-rosen	5	scp-000,scp-2998,scp-6872,scp-978-extended-test-logs,scp-s
fondazionescp	it	zombieverso	未訳-zombieverso	5	l-ultimo-della-linea-15,sette-rintocchi,ultimo-in-vita,un-ultimo-saluto,vittoria-di-pirro
fondazionescp	it	200-con	未訳-200-con	4	200-con-heartless-echo,200-con-jncolossus,scp-200-it,scp-250-it
fondazionescp	it	agente-navarro	未訳-agente-navarro	4	another-goddamn-magic-system,making-a-scene,realignment,scp-978-extended-test-logs
fondazionescp	it	artme	未訳-artme	4	resurrection-old-foes-hub,scp-7000,the-b-b-decommission,the-bowe-decommission-part-one
fondazionescp	it	bianco	未訳-bianco	4	scp-048-fr,scp-225-fr,scp-270-fr,scp-505-fr
fondazionescp	it	cactaceo	未訳-cactaceo	4	scp-123-it,scp-1277,scp-2800,scp-822
fondazionescp	it	club-di-caccia	未訳-club-di-caccia	4	nao-de-o-peixe-ensine-a-pescar,perfil-de-la-criatura-thor,scp-033-pt-ex,scp-081-pt
fondazionescp	it	concorso-anniversario-2022	未訳-concorso-anniversario-2022	4	concorso-anniversario-2022,la-fine-della-segretezza,pax-anartistica,scp-122-it
fondazionescp	it	concorso-halloween-2020	未訳-concorso-halloween-2020	4	concorso-halloween-2020,scp-100-it,scp-119-it,scp-143-it
fondazionescp	it	cosciente	未訳-cosciente	4	bambino-in-fil-dacciaio,proposition-des-drs-gemini-et-tesla,scp-295-fr,scp-es-199
fondazionescp	it	dipartimento-folklore	未訳-dipartimento-folklore	4	scp-5362,scp-6587,scp-7254,scp-7854
fondazionescp	it	direttore-lague	未訳-direttore-lague	4	o4-s-summit,scp-5595,scp-7591,scp-8000
fondazionescp	it	dismesso	未訳-dismesso	4	decomm:scp-083-d,decomm:scp-153-d,decomm:scp-531-d,decomm:scp-809-d
fondazionescp	it	dottor-gerald	未訳-dottor-gerald	4	annon,ecceperago,metafiction,scp-666-j
fondazionescp	it	dottor-heiden	未訳-dottor-heiden	4	an-evening-with-bright,annon,scp-641,scp-943
fondazionescp	it	figli-della-torcia	未訳-figli-della-torcia	4	church-of-the-broken-god-hub,scp-1548,scp-475,zetetic-bulletin-wu-xing-iris
fondazionescp	it	formico	未訳-formico	4	scp-302,scp-671,scp-743,scp-937
fondazionescp	it	guerra-su-tutti-i-fronti	未訳-guerra-su-tutti-i-fronti	4	anastasis-hub,kaiju-caviar-ocn39-t5fg6-7hjl2,the-kaiju-sea,war-on-all-fronts-hub
fondazionescp	it	il-corriere	未訳-il-corriere	4	diluvio-universale,scp-067-it,scp-105-it,uno-spaventapasseri
fondazionescp	it	oc-m	未訳-oc-m	4	corazza-elba,la-flamberga-volante-di-villa-mamurra,scp-064-it-arc,scp-115-it
fondazionescp	it	patrimonio-fr	未訳-patrimonio-fr	4	proposition-du-dr-grym,scp-006-fr,scp-009-fr,scp-140-fr
fondazionescp	it	pentagramma	未訳-pentagramma	4	scp-2350,scp-3874,scp-4776,scp-es-076
fondazionescp	it	presunto-dio	未訳-presunto-dio	4	experiment-log-187-1,scp-343,scp-6666,tales-from-the-bright-side-chapter-one
fondazionescp	it	riappropriazione	未訳-riappropriazione	4	not-a-seagull-proposal,oria-hub,scp-281-fr,wrong-proposal
fondazionescp	it	ricercatore-james	未訳-ricercatore-james	4	scp-682-j,scp-682-j-james-coloring-book,scp-789-j,scp-8726
fondazionescp	it	ricercatore-talloran	未訳-ricercatore-talloran	4	1-001-dark-and-stormy-nights,scp-3999,scp-978-extended-test-logs,talloran-shoots-archduke-franz-ferdinand
fondazionescp	it	s-57	未訳-s-57	4	scp-3874,scp-es-076,scp-es-113,scp-es-169
fondazionescp	it	solis-custodes	未訳-solis-custodes	4	scp-006-it,scp-008-it,scp-125-it,scp-159-it
fondazionescp	it	svelati	未訳-svelati	4	addio-roma-addio-napoli,quando-napoli-piange-firenze-ride,tutto-il-mondo-e-paese,vedi-napoli-e-poi-muori
fondazionescp	it	valeria-cattaneo	未訳-valeria-cattaneo	4	scp-060-it,scp-072-it,scp-098-it,scp-118-it
fondazionescp	it	virgofori	未訳-virgofori	4	dark-and-disquieting,scp-2264,scp-6034,the-kaiju-sea
fondazionescp	it	_iniziativa-orizzonte	未訳-_iniziativa-orizzonte	3	excerpts-regarding-st-sophia,the-book-of-mathisi-chapter-1,the-parable-of-the-conscript
fondazionescp	it	_mano-serpente	未訳-_mano-serpente	3	la-dama-del-sol,summer-s-exile,the-eschaton
fondazionescp	it	_unità-incidenti-insoliti	未訳-_unità-incidenti-insoliti	3	uiu-file-1933-001,uiu-file-1941-016,uiu-file-2019-031
fondazionescp	it	alfa-9	未訳-alfa-9	3	hellomuddah,no-joke,the-siege-of-site-19
fondazionescp	it	biblioteca	未訳-biblioteca	3	scp-4840,scp-8000,scp-888
fondazionescp	it	body-horror	未訳-body-horror	3	scp-7862,scp-8200,scp-8557
fondazionescp	it	chelonio	未訳-chelonio	3	scp-103-it,scp-107,scp-698
fondazionescp	it	compleanno-it-2019	未訳-compleanno-it-2019	3	concorso-scp-050-it,scp-047-it,scp-050-it
fondazionescp	it	concorso-estivo-2022	未訳-concorso-estivo-2022	3	concorso-estivo-2022,scp-it-068-arc,scp-it-096
fondazionescp	it	concorso-halloween-2022	未訳-concorso-halloween-2022	3	concorso-halloween-2022-kronotech,la-secchia,scp-it-003
fondazionescp	it	cose-da-ragazze	未訳-cose-da-ragazze	3	a-crack-in-the-porcelain,filled-to-the-brim-with-girlish-glee,standing-on-the-shore-at-dusk
fondazionescp	it	cupo	未訳-cupo	3	scp-7862,scp-8408,the-tombstone-of-alto-clef
fondazionescp	it	dottor-blank	未訳-dottor-blank	3	scp-7000,scp-8000,the-b-b-decommission
fondazionescp	it	dottor-king	未訳-dottor-king	3	containment-breach-the-musical,scp-6747,scp-978-extended-test-logs
fondazionescp	it	dottor-mcdoctorate	未訳-dottor-mcdoctorate	3	o4-s-summit,scp-6659,scp-6747
fondazionescp	it	dottor-spanko	未訳-dottor-spanko	3	scp-2337,scp-615-j,scp001-kln
fondazionescp	it	dottor-wettle	未訳-dottor-wettle	3	scp-5904,scp-7000,the-lamest-story-never-told
fondazionescp	it	dottoressa-rivera	未訳-dottoressa-rivera	3	and-every-time-we-meet-again-hub,from-120-s-archives-hub,o4-s-summit
fondazionescp	it	escatologia-competitiva	未訳-escatologia-competitiva	3	ganymede,stirrings,the-bloody-autumn
fondazionescp	it	fratelli-della-morte	未訳-fratelli-della-morte	3	about-the-serpent,scp-032,scp-1440
fondazionescp	it	horror-psicologico	未訳-horror-psicologico	3	scp-8085,scp-8200,scp-8408
fondazionescp	it	la-guerra-più-fredda	未訳-la-guerra-più-fredda	3	scp-2350,scp-2664,stay-in-here-away-in-wet-dry-world
fondazionescp	it	lgbtq	未訳-lgbtq	3	scp-6113,scp-8085,scp-8557
fondazionescp	it	non-ritorno	未訳-non-ritorno	3	scp-6172,scp-7000,the-edge-of-all-light
fondazionescp	it	pangea	未訳-pangea	3	gendastrerie-centre,goc-supplemental-implantation-fr,scp-427-fr
fondazionescp	it	paul-kim	未訳-paul-kim	3	case-colourless-green,introductory-antimemetics,your-last-first-day
fondazionescp	it	politico	未訳-politico	3	scp-2072,scp-5908,scp-8172
fondazionescp	it	regina-mab	未訳-regina-mab	3	from-120-s-archives-hub,tears-and-bone,they-had-names
fondazionescp	it	ricercatore-smalls	未訳-ricercatore-smalls	3	scp-3309,scp-4955,scp-4955-coltello
fondazionescp	it	robotico	未訳-robotico	3	scp-2936,scp-658,scp-8891
fondazionescp	it	servizi-occulti-britannici	未訳-servizi-occulti-britannici	3	scp-5000,scp-6681,three-portlands-hub
fondazionescp	it	sito	未訳-sito	3	secure-facility-dossier-site-120,secure-facility-dossier-site-56,secure-facility-dossier-site-64
fondazionescp	it	sondaggione	未訳-sondaggione	3	rapporto-sondaggione-2020,report-sondaggio-2021,report-sondaggio-2022
fondazionescp	it	sovrintendenza-brasiliana	未訳-sovrintendenza-brasiliana	3	relatorio-de-inimigo-de-estado-013,scp-012-pt,scp-131-pt
fondazionescp	it	volpesco	未訳-volpesco	3	scp-062-it,scp-334,scp-953
fondazionescp	it	_cc	未訳-_cc	2	scp-2954,scp-6820
fondazionescp	it	_cfo	未訳-_cfo	2	cfo-c04,cfo-l07
fondazionescp	it	_hide	未訳-_hide	2	concorso-estivo-2020,concorso-halloween-2020
fondazionescp	it	_nessuno	未訳-_nessuno	2	jacklyn-diamandis-accountable-to-nobody,la-casa-de-nadie
fondazionescp	it	_sede-pestaggio-carcarodonti	未訳-_sede-pestaggio-carcarodonti	2	spc-169-j,spc-172-j
fondazionescp	it	accelerare-il-futuro	未訳-accelerare-il-futuro	2	reality-tv-designer-pets-and-fine-dining,stormsite19
fondazionescp	it	agente-yoric	未訳-agente-yoric	2	annon,clef-and-dimitri-hit-the-road
fondazionescp	it	altera-realtà	未訳-altera-realtà	2	scp-3313,scp-5655
fondazionescp	it	auditorio	未訳-auditorio	2	scp-2022,scp-es-059
fondazionescp	it	azzurro	未訳-azzurro	2	proposta-uilo-cruz-srbrasil,scp-044-pt
fondazionescp	it	camelide	未訳-camelide	2	scp-105-it,scp-1545
fondazionescp	it	campanaro	未訳-campanaro	2	learning,thetalkingcat
fondazionescp	it	cf2018	未訳-cf2018	2	scp-050-pt,scp-171-pt
fondazionescp	it	ch2021	未訳-ch2021	2	le-chant-de-la-cigogne,scp-486-fr
fondazionescp	it	ci-rivediamo	未訳-ci-rivediamo	2	and-every-time-we-meet-again-hub,o4-s-summit
fondazionescp	it	compagnia-del-coniglio-nero	未訳-compagnia-del-coniglio-nero	2	scp-2085,stealingsolidarityphase1
fondazionescp	it	concorso-halloween-2024	未訳-concorso-halloween-2024	2	l-ultimo-della-linea-15,scp-it-080
fondazionescp	it	concorso-natalizio-2018	未訳-concorso-natalizio-2018	2	proposta-uilo-cruz-srbrasil,scp-080-pt
fondazionescp	it	concorso-storico	未訳-concorso-storico	2	scp-060-pt,scp-131-pt
fondazionescp	it	contagio	未訳-contagio	2	scp-673,scp-836
fondazionescp	it	corail	未訳-corail	2	scp-531-fr,scp-642-fr
fondazionescp	it	corporazione	未訳-corporazione	2	scp-570,scp-748
fondazionescp	it	covo-ratti	未訳-covo-ratti	2	nonpareil,the-four-arcana
fondazionescp	it	daao	未訳-daao	2	scp-349-fr,scp-458-fr
fondazionescp	it	dipartimento-alchimia	未訳-dipartimento-alchimia	2	finding-balance,scp-6172
fondazionescp	it	direttore-mcinnis	未訳-direttore-mcinnis	2	the-b-b-decommission,the-lamest-story-never-told
fondazionescp	it	direttrice-gillespie	未訳-direttrice-gillespie	2	folly,in-harm-s-way
fondazionescp	it	direttrice-mctiriss	未訳-direttrice-mctiriss	2	after-action-2272,yesterday
fondazionescp	it	dottor-sorts	未訳-dottor-sorts	2	annon,in-his-own-image-part-4
fondazionescp	it	dottor-vang	未訳-dottor-vang	2	in-his-own-image-part-4,scp-j
fondazionescp	it	dottoressa-lillihammer	未訳-dottoressa-lillihammer	2	scp-7457,the-lamest-story-never-told
fondazionescp	it	dottoressa-reynders	未訳-dottoressa-reynders	2	o4-s-summit,pickman-blank-proposal
fondazionescp	it	dottoressa-sinclair	未訳-dottoressa-sinclair	2	scp-3189,scp-3277
fondazionescp	it	fantascienza	未訳-fantascienza	2	scp-712,the-b-b-decommission
fondazionescp	it	farfalla	未訳-farfalla	2	scp-2598,scp-7408
fondazionescp	it	fraintendimenti	未訳-fraintendimenti	2	scp-4428,scp-5034
fondazionescp	it	guerra-figa-2	未訳-guerra-figa-2	2	la-foi-de-la-paix-circa-2011,scp-4066
fondazionescp	it	il-critico	未訳-il-critico	2	are-we-gentrified-yet,re-kto-0001-bellfather
fondazionescp	it	inferno-di-insetti	未訳-inferno-di-insetti	2	end-of-the-world-livestream,scp-4991
fondazionescp	it	inseguimento	未訳-inseguimento	2	a-formal-apology,the-b-b-decommission
fondazionescp	it	intelligente	未訳-intelligente	2	scp-es-081,scp-es-199
fondazionescp	it	l-ingegnere	未訳-l-ingegnere	2	footage-recovered-from-a-private-server,scp-7000
fondazionescp	it	la-muta	未訳-la-muta	2	de-l-origine-de-yod,sai-1702
fondazionescp	it	maschera-possessiva	未訳-maschera-possessiva	2	midnight-parade,scp-035
fondazionescp	it	narrativa-religiosa	未訳-narrativa-religiosa	2	scp-2273-f,the-b-b-decommission
fondazionescp	it	nave-in-bottiglia	未訳-nave-in-bottiglia	2	text-message-in-a-bottle,waffle-date
fondazionescp	it	nero	未訳-nero	2	proposta-uilo-cruz-srbrasil,scp-598-fr
fondazionescp	it	oceano-di-incertezze	未訳-oceano-di-incertezze	2	sala-de-conferencias-04-b,scp-078-pt
fondazionescp	it	olimpia	未訳-olimpia	2	experiment-log-158-ag,olympia-project
fondazionescp	it	orrore	未訳-orrore	2	scp-712,scp-748
fondazionescp	it	orrore-cosmico	未訳-orrore-cosmico	2	scp-712,unthreaded
fondazionescp	it	predatore	未訳-predatore	2	scp-2863,scp-974
fondazionescp	it	prima-persona	未訳-prima-persona	2	a-formal-apology,scp-2273-f
fondazionescp	it	professor-hutchinson	未訳-professor-hutchinson	2	scp-033,scp-1313
fondazionescp	it	programma-integrazione	未訳-programma-integrazione	2	scp-5595,scp-8000
fondazionescp	it	racconto-collector	未訳-racconto-collector	2	1-mr-headless,tales-of-mr-collector
fondazionescp	it	reliquiario	未訳-reliquiario	2	scp-033-pt-ex,scp-155-pt
fondazionescp	it	riscrivibile	未訳-riscrivibile	2	scp-046-it,scp-761
fondazionescp	it	surrealismo	未訳-surrealismo	2	scp-8408,unreality-orientation
fondazionescp	it	terrore&giochi_del_circo	未訳-terrore&giochi_del_circo	2	freaks-friends-and-fiends,text-message-in-a-bottle
fondazionescp	it	uditivo	未訳-uditivo	2	scp-691,scp-8626
fondazionescp	it	vecchia-ia	未訳-vecchia-ia	2	a-clean-fast-end,scp-6820
fondazionescp	it	<500	未訳-<500	1	scp-103-fr
fondazionescp	it	_ambrose	未訳-_ambrose	1	ambrose-backdoor-soho
fondazionescp	it	_dio-frantumato	未訳-_dio-frantumato	1	church-of-the-broken-god-hub
fondazionescp	it	_ente-caritatevole-manna	未訳-_ente-caritatevole-manna	1	septima-donacion-anonima
fondazionescp	it	_iniziativa-tre-lune	未訳-_iniziativa-tre-lune	1	three-moons-initiative-hub
fondazionescp	it	_licensebox	未訳-_licensebox	1	scp-6820
fondazionescp	it	_ristoranti-ambrose	未訳-_ristoranti-ambrose	1	ambrose-esterberg
fondazionescp	it	_saffiro	未訳-_saffiro	1	zetetic-bulletin-wu-xing-iris
fondazionescp	it	_sarkico	未訳-_sarkico	1	sarkicism-hub
fondazionescp	it	_tale-hub	未訳-_tale-hub	1	third-death
fondazionescp	it	aaa	未訳-aaa	1	un-feu-d-artifice-pour-olivia
fondazionescp	it	accademia-maghi	未訳-accademia-maghi	1	top-5-colleges
fondazionescp	it	accademia-scientifica	未訳-accademia-scientifica	1	proposta-uilo-cruz-srbrasil
fondazionescp	it	agente-bijhan	未訳-agente-bijhan	1	incident-239-b-clef-kondraki
fondazionescp	it	agente-kulzn	未訳-agente-kulzn	1	scp-419
fondazionescp	it	agente-laferrier	未訳-agente-laferrier	1	scp-3874
fondazionescp	it	agente-merlo	未訳-agente-merlo	1	realignment
fondazionescp	it	agente-neremsa	未訳-agente-neremsa	1	proposition-du-dr-grym
fondazionescp	it	agente-rodney	未訳-agente-rodney	1	the-bowe-decommission-part-two
fondazionescp	it	agrodolce	未訳-agrodolce	1	scp-2273-f
fondazionescp	it	albero	未訳-albero	1	scp-824
fondazionescp	it	alteramente	未訳-alteramente	1	scp-3878
fondazionescp	it	armi	未訳-armi	1	scp-2954
fondazionescp	it	auditivo	未訳-auditivo	1	scp-168-it
fondazionescp	it	auto-replicazione	未訳-auto-replicazione	1	scp-754
fondazionescp	it	azione	未訳-azione	1	the-b-b-decommission
fondazionescp	it	bad-trip	未訳-bad-trip	1	scp-033-pt-ex
fondazionescp	it	brian-brillante	未訳-brian-brillante	1	scp-4468
fondazionescp	it	burocrazia	未訳-burocrazia	1	paper-pusher
fondazionescp	it	c10fr2022	未訳-c10fr2022	1	scp-589-fr
fondazionescp	it	c11fr2023	未訳-c11fr2023	1	scp-576-fr
fondazionescp	it	c9fr2021	未訳-c9fr2021	1	scp-408-fr
fondazionescp	it	canide	未訳-canide	1	scp-7404
fondazionescp	it	carichi-insoliti	未訳-carichi-insoliti	1	giara-abbondanza
fondazionescp	it	cinque-domande	未訳-cinque-domande	1	iteration-0
fondazionescp	it	classe_esoterica	未訳-classe_esoterica	1	scp-6668
fondazionescp	it	classicon2025	未訳-classicon2025	1	scp-7862
fondazionescp	it	co-autore	未訳-co-autore	1	scp-689
fondazionescp	it	collaborazione-fr	未訳-collaborazione-fr	1	centre-fractal
fondazionescp	it	commedia	未訳-commedia	1	a-formal-apology
fondazionescp	it	concorso-gdi-internazionale-2019	未訳-concorso-gdi-internazionale-2019	1	international-goi-contest-2019
fondazionescp	it	concorsovecchiascuola	未訳-concorsovecchiascuola	1	scp-155-pt
fondazionescp	it	contenuto	未訳-contenuto	1	scp-8408
fondazionescp	it	crosslink	未訳-crosslink	1	scp-4428
fondazionescp	it	cugino-johnny	未訳-cugino-johnny	1	scp-2852
fondazionescp	it	cupido2021	未訳-cupido2021	1	face-in-the-dollhouse
fondazionescp	it	ddd	未訳-ddd	1	un-diario-di-guerra-datato-1943
fondazionescp	it	dieci-punti	未訳-dieci-punti	1	keter-duty
fondazionescp	it	dietro-le-quinte	未訳-dietro-le-quinte	1	dossier-personnel-du-dr-valbeaugris
fondazionescp	it	dipartimento-dismissione	未訳-dipartimento-dismissione	1	such-a-shame-it-didn-t-work
fondazionescp	it	dipartimento-patafisica	未訳-dipartimento-patafisica	1	scp-6747
fondazionescp	it	dipartimento-soppressione-incendi	未訳-dipartimento-soppressione-incendi	1	scp-6130
fondazionescp	it	direttore-bold	未訳-direttore-bold	1	scp-6469
fondazionescp	it	direttore-diaghilev	未訳-direttore-diaghilev	1	finding-balance
fondazionescp	it	direttore-scout	未訳-direttore-scout	1	pickman-blank-proposal
fondazionescp	it	disinformazione	未訳-disinformazione	1	scp-7278
fondazionescp	it	disponibile	未訳-disponibile	1	scp-915
fondazionescp	it	divisione-antimemetica	未訳-divisione-antimemetica	1	unthreaded
fondazionescp	it	domestico	未訳-domestico	1	deleted:scp-4717-it
fondazionescp	it	dottor-roget	未訳-dottor-roget	1	in-harm-s-way
fondazionescp	it	dottor-shaw	未訳-dottor-shaw	1	scp-4498
fondazionescp	it	dottor-sokolsky	未訳-dottor-sokolsky	1	the-b-b-decommission
fondazionescp	it	dottor-thereven	未訳-dottor-thereven	1	scp-8000
fondazionescp	it	dottor-wensley	未訳-dottor-wensley	1	scp-2599
fondazionescp	it	dottor-zartion	未訳-dottor-zartion	1	scp-287
fondazionescp	it	dr-grym	未訳-dr-grym	1	proposition-du-dr-grym
fondazionescp	it	dr-johannes	未訳-dr-johannes	1	scp-423-fr
fondazionescp	it	elettrodomestico	未訳-elettrodomestico	1	scp-719
fondazionescp	it	ematico	未訳-ematico	1	scp-6356
fondazionescp	it	emotivo	未訳-emotivo	1	deleted:scp-4717-it
fondazionescp	it	eurtec	未訳-eurtec	1	moonlighting
fondazionescp	it	evento	未訳-evento	1	secret-santa-2025
fondazionescp	it	famiglia-lewitt-zairi	未訳-famiglia-lewitt-zairi	1	alternate-character-interpretations
fondazionescp	it	fantasma	未訳-fantasma	1	scp-7128
fondazionescp	it	fantasy	未訳-fantasy	1	the-b-b-decommission
fondazionescp	it	fenomeno	未訳-fenomeno	1	scp-8172
fondazionescp	it	fetta-di-vita	未訳-fetta-di-vita	1	scp-2273-f
fondazionescp	it	fisica	未訳-fisica	1	scp-095-it
fondazionescp	it	format-gdi	未訳-format-gdi	1	sai-3512
fondazionescp	it	fratelli-bailey	未訳-fratelli-bailey	1	a-merry-fellow
fondazionescp	it	gru-divisione-p	未訳-gru-divisione-p	1	scp-1011
fondazionescp	it	halloween	未訳-halloween	1	halloween-on-17th-street
fondazionescp	it	in-evidenza	未訳-in-evidenza	1	scp-754
fondazionescp	it	infettivo	未訳-infettivo	1	scp-053-it
fondazionescp	it	influenza-memoria	未訳-influenza-memoria	1	scp-6820
fondazionescp	it	infondato	未訳-infondato	1	finding-asmodeus-hub
fondazionescp	it	informatico	未訳-informatico	1	scp-101-fr
fondazionescp	it	intelligenza-artificiale	未訳-intelligenza-artificiale	1	a-clean-fast-end
fondazionescp	it	isola	未訳-isola	1	scp-5347
fondazionescp	it	jamcon2021	未訳-jamcon2021	1	scp-5693
fondazionescp	it	luomo-che-non-cera	未訳-luomo-che-non-cera	1	the-man-in-the-white-suit-hub
fondazionescp	it	manipolatore-della-realtà	未訳-manipolatore-della-realtà	1	scp-6820
fondazionescp	it	maxwellismo	未訳-maxwellismo	1	church-of-the-broken-god-hub
fondazionescp	it	memecon2021-nonufficiale	未訳-memecon2021-nonufficiale	1	scp-6820
fondazionescp	it	mentale	未訳-mentale	1	scp-215-it
fondazionescp	it	mistero	未訳-mistero	1	scp-748
fondazionescp	it	mobilio	未訳-mobilio	1	scp-2130-j
fondazionescp	it	modifica-realtà	未訳-modifica-realtà	1	scp-570
fondazionescp	it	mu-yi	未訳-mu-yi	1	scp-529-fr
fondazionescp	it	narrativa-mitologica	未訳-narrativa-mitologica	1	the-b-b-decommission
fondazionescp	it	nemo-e-il-nautilus	未訳-nemo-e-il-nautilus	1	scp-555-fr
fondazionescp	it	norne-silicone	未訳-norne-silicone	1	moonlighting
fondazionescp	it	occhi-anonimi	未訳-occhi-anonimi	1	scp-033-pt-ex
fondazionescp	it	ordine-della-luce	未訳-ordine-della-luce	1	scp-030-fr
fondazionescp	it	ortodossia-ingranaggio	未訳-ortodossia-ingranaggio	1	scp-2273-f
fondazionescp	it	parassita	未訳-parassita	1	scp-8408
fondazionescp	it	personale	未訳-personale	1	deleted:scp-4717-it
fondazionescp	it	piante	未訳-piante	1	scp-754
fondazionescp	it	possessione	未訳-possessione	1	scp-615-fr
fondazionescp	it	post-apocalittico	未訳-post-apocalittico	1	a-clean-fast-end
fondazionescp	it	protocollo-dcd	未訳-protocollo-dcd	1	dcd-3859
fondazionescp	it	quintismo	未訳-quintismo	1	scp-6659
fondazionescp	it	racconto-ea	未訳-racconto-ea	1	time-after-time
fondazionescp	it	relazioni	未訳-relazioni	1	deleted:scp-4717-it
fondazionescp	it	ricercatore-conwell	未訳-ricercatore-conwell	1	scp-978-extended-test-logs
fondazionescp	it	ricercatrice-labelle	未訳-ricercatrice-labelle	1	this-is-the-real-life
fondazionescp	it	richard-dunwich	未訳-richard-dunwich	1	scp-es-101-j
fondazionescp	it	riscrizione	未訳-riscrizione	1	scp-761
fondazionescp	it	risorsa	未訳-risorsa	1	inc:highlighter
fondazionescp	it	roditore	未訳-roditore	1	scp-6668
fondazionescp	it	ruota-dentata	未訳-ruota-dentata	1	church-of-the-broken-god-hub
fondazionescp	it	santa-edvige	未訳-santa-edvige	1	church-of-the-broken-god-hub
fondazionescp	it	sapienza	未訳-sapienza	1	scp-755
fondazionescp	it	scambio-antartico	未訳-scambio-antartico	1	a-merry-fellow
fondazionescp	it	scp-096	未訳-scp-096	1	deleted:scp-4717-it
fondazionescp	it	scp-it	未訳-scp-it	1	deleted:scp-4717-it
fondazionescp	it	serpente	未訳-serpente	1	scp-4495
fondazionescp	it	settima-guerra-occulta	未訳-settima-guerra-occulta	1	scp-3878
fondazionescp	it	società-antares	未訳-società-antares	1	scp-es-172
fondazionescp	it	sogno	未訳-sogno	1	scp-781
fondazionescp	it	sotto-il-mondo	未訳-sotto-il-mondo	1	il-etait-une-fois-l-espace
fondazionescp	it	sottovegas	未訳-sottovegas	1	scp-4967
fondazionescp	it	spettro	未訳-spettro	1	scp-2863
fondazionescp	it	spirito	未訳-spirito	1	scp-458-fr
fondazionescp	it	tau-5-samsara	未訳-tau-5-samsara	1	scp-1730
fondazionescp	it	tipo-timido	未訳-tipo-timido	1	such-a-shame-it-didn-t-work
fondazionescp	it	uccello	未訳-uccello	1	scp-746
fondazionescp	it	ucronia	未訳-ucronia	1	scp-2273-f
fondazionescp	it	ufficio-telecomunicazioni	未訳-ufficio-telecomunicazioni	1	picture-this
fondazionescp	it	umanità	未訳-umanità	1	scp-598-fr
fondazionescp	it	umano	未訳-umano	1	deleted:scp-4717-it
fondazionescp	it	vestario	未訳-vestario	1	scp-158-it
fondazionescp	it	viola	未訳-viola	1	scp-078-pt
fondazionescp	it	visuale	未訳-visuale	1	scp-2501
fondazionescp	it	wilson-wildlife	未訳-wilson-wildlife	1	apocrifo
fondazionescp	it	zero-dialoghi	未訳-zero-dialoghi	1	scp-2273-f
scpko	ko	연작	未訳-연작	1208	0ne-last-k1ss,1-5-51-cloudy,1-mr-headless,10-mr-mission,11-mr-feather
scpko	ko	_cc	未訳-_cc	881	12thanniversarycontest,13thanniversarycontest,1st-unofficial-c-bonefish-contest,2018-crime-contest,21k-poi-intru
scpko	ko	현상	未訳-현상	126	deleted:scp-5500,lily-s-proposal,scp-027,scp-033,scp-055
scpko	ko	파운데이션-스토리	未訳-파운데이션-스토리	120	17minutes,casedefectivewoman,casehippie-kay-yay,chessboard,d-escape-recovery-record
scpko	ko	카논	未訳-카논	82	absinthiana-dream,ad-astra-per-aspera-hub,aiad-homescreen,alive,anomalympic-hub
scpko	ko	145k-협력사	未訳-145k-협력사	79	a-journal-of-principal-researcher,ad-undas,adoption-poster-sqeeze,after-all-winter,atellif-s-holiday-special
scpko	ko	작품교환	未訳-작품교환	76	a-josie-holiday,a-long-dream-or-a-short-life,a-pietro-wilson-christmas,alex-thorley-does-lsd,alex-thorley-goes-on-a-blind-date
scpko	ko	김철현	未訳-김철현	67	a-day-of-npes-agents,a-tea-perfume,analysis-of-ao-01935a,arogadagyunmunrok,bomeun-kkaeonago-1
scpko	ko	cb	未訳-cb	66	cb:chaos-insurgency,cb:class-d-personnel,cb:console,cb:customdrink,cb:death-messages
scpko	ko	어린이	未訳-어린이	63	djkaktus-s-proposal,scp-009-j,scp-011-j,scp-026,scp-040
scpko	ko	윤성재	未訳-윤성재	63	a-tea-perfume,aoi-sangoshou,aoi-sangoshou-001,aoi-sangoshou-0010,aoi-sangoshou-0011
scpko	ko	_이미지	未訳-_이미지	62	bomeun-kkaeonago-3,climate-prophecy-report,critter-profile-ruben,department-of-pharmaceutics,department-of-research-against-transcendental-ancient-entity
scpko	ko	왕하십삼검	未訳-왕하십삼검	56	a-sct-001,a-sct-002,a-sct-003,a-sct-004,a-sct-005
scpko	ko	노래마인-관리이사관	未訳-노래마인-관리이사관	54	a-tea-perfume,and-both-worlds-are,and-there-will-be-cake,bail-amnesty-and-return,birthday-and-chocolate
scpko	ko	2014-요주의단체-en	未訳-2014-요주의단체-en	52	16th-wondertainment-donation,5th-global-occult-coalition-donation,a-song-about-serious-information-leaks,are-we-cool-yet-hub,birth-of-the-cool
scpko	ko	_뱀의-손	未訳-_뱀의-손	49	absolute-requirement-for-dawn,agglomeration-spieldose,artificial-dragons-gate,bareusareum,blue-lily-chains
scpko	ko	청록학교	未訳-청록학교	49	a-stage-of-loss,b-1213-yibiui,brutalism,cheongnok-scary-stories,cheongnokschool
scpko	ko	2023-기지경연-ko	未訳-2023-기지경연-ko	47	again-again-again-not-much,aju-botongui-yeonae,burning-culture,chanmi-what-the-hack,circle-of-propaganda
scpko	ko	두술사	未訳-두술사	44	a-day-of-npes-agents,adeukhan-gyebo,arogadagyunmunrok,beokoyugo-soeulchongi,chubangja-02
scpko	ko	변칙-사건	未訳-변칙-사건	44	captain-kirby-s-proposal,deleted:scp-186,deleted:scp-6961,etc-proposal,lily-s-proposal
scpko	ko	_윌슨-야생	未訳-_윌슨-야생	43	adoption-poster-bandit,adoption-poster-bonzo,adoption-poster-cupid,adoption-poster-darius,adoption-poster-hx
scpko	ko	tf급-시나리오	未訳-tf급-시나리오	42	tf-5-base-maze,tf-at-27-base,tf-betrayal,tf-betrayer-one,tf-black-march
scpko	ko	분석심리학부	未訳-분석심리학부	42	bailho-christmas,damgi-got-mad-at-your-fucking-sandwich,department-of-analytical-psychology,doap-orientation,hello-me
scpko	ko	2018-최후의-날-en	未訳-2018-최후의-날-en	41	amnesticization,arbh-class-debrief-file,arbh-class-hub,archival-document-hsa-008-advent,artist-formerly-known-as-chuck
scpko	ko	2025-부서경연-ko	未訳-2025-부서경연-ko	39	21k-muisme-orientation,57k-parents-day,child-and-young,code-blue,department-of-research-against-transcendental-ancient-entity
scpko	ko	호야	未訳-호야	39	a-city-of-corruption-and-pleasure,a-day-of-npes-agents,a-tea-perfume,adoption-poster-hx,dialogue-at-toono
scpko	ko	최신해	未訳-최신해	38	1st-sakura-hime-donation,a-long-dream-or-a-short-life,between-two-worlds,collab-scp-695-ko,even-if-you-wander-alone-in-such-a-dark-land-a-thousand-time
scpko	ko	2020-팀경연-jp	未訳-2020-팀경연-jp	36	abandoning-death,conceive-a-shuriken,critter-profile-garuda,dialogue-department-hub,dialogue-department-orientation
scpko	ko	2022-별칭경연	未訳-2022-별칭경연	36	scp-241-ko,scp-251-ko,scp-279-ko,scp-319-ko,scp-328-ko
scpko	ko	타로-이야기	未訳-타로-이야기	36	bullet-of-trial,ex-falso-quodlibet-1,ex-falso-quodlibet-2,ex-falso-quodlibet-3,ex-falso-quodlibet-4
scpko	ko	2013-신년경연-en	未訳-2013-신년경연-en	35	all-things-considered,apakht,awakenings,board-meeting-transcript,broken-masquerade-hub
scpko	ko	2019-요주의단체ko	未訳-2019-요주의단체ko	35	13-cowbell,ac-309-blue-mermaid-lady,ac-705-flag-bearer-of-hamelin,anchor-moongazers-rhapsody,bareusareum
scpko	ko	신격	未訳-신격	35	scp-089,scp-1329-ko,scp-1343-ko,scp-1440,scp-1541
scpko	ko	_코이가레자키신문사	未訳-_코이가레자키신문사	34	koigarezaki-news-0130,koigarezaki-news-0517,koigarezaki-news-1224,koigarezaki-news-19980714-veil,koigarezaki-news-20010825-1998-ver
scpko	ko	재단-인원	未訳-재단-인원	34	scp-086,scp-1013-ko,scp-1110-ko,scp-1329-ko,scp-139
scpko	ko	풍소경-박사	未訳-풍소경-박사	34	a-long-dream-or-a-short-life,adjhfl,anart-dep-exhibition,artmoney,at-the-niche-of-dream-and-life
scpko	ko	_어둠의-초밥	未訳-_어둠의-초밥	33	can-you-feel-yamizushi-file-555,dark-sushi-file-no-1221,even-such-incandescent-totters,meat-vs-chungmugong-vs-sushi,wilsonvssushi
scpko	ko	고고학	未訳-고고학	33	rounderhouse-gold-proposal,rounderhouse-jade-proposal,scp-063-ko,scp-089,scp-1050
scpko	ko	악마학과	未訳-악마학과	33	ackumasolution,christmas-site-145k-cafeteria,demonology-with-007-vn,division-of-demonology-well-actually-stocks-hub,mare-shipping
scpko	ko	이강수-이사관	未訳-이강수-이사관	32	a-tea-perfume,adoption-poster-hx,bailho-christmas,black-white-sushi-chef,canaria-8th
scpko	ko	조요의-인도자	未訳-조요의-인도자	32	between-two-worlds,even-if-you-wander-alone-in-such-a-dark-land-a-thousand-time,even-such-incandescent-totters,foreign-affairs-2023-13,garak-gavage
scpko	ko	팀-글래시즈	未訳-팀-글래시즈	32	1-5-51-cloudy,12-30-50-little-cloudy,6-10-2011-rainy,agent-yuri,agent-yuri-1
scpko	ko	포-올-러브	未訳-포-올-러브	32	ex-falso-quodlibet-1,ex-falso-quodlibet-2,ex-falso-quodlibet-3,ex-falso-quodlibet-4,ex-falso-quodlibet-5
scpko	ko	배일호-박사	未訳-배일호-박사	31	bailho-christmas,chawonhagbu,chawonhagbu2,clara-with-scp-5648,department-of-dimensionality
scpko	ko	수신도	未訳-수신도	31	a-day-of-npes-agents,dawn-scc-prajna,ecstasy-waves,garigi-02,garigi-04
scpko	ko	최산해	未訳-최산해	31	1st-sakura-hime-donation,a-long-dream-or-a-short-life,anart-dep-exhibition,at-the-niche-of-dream-and-life,department-of-anart
scpko	ko	템플릿	未訳-템플릿	31	cb:_template,cb:template:gallery,cb:template:scp-infobox,cb:template:spolier,cb:template:video
scpko	ko	2016-기특대-en	未訳-2016-기특대-en	29	another-goddamn-magic-system,avatara,deleted:lltc-x-17,deleted:lltc-y-23,deleted:long-live-the-cake-1
scpko	ko	2016-일러스트경연-jp	未訳-2016-일러스트경연-jp	29	131-137,2016-illust-contest,548-40,akasima,arayashiki
scpko	ko	강윤상-이사관	未訳-강윤상-이사관	29	black-white-sushi-chef,boaxandpancia,burning-culture,but-thou-shalt-not-eat-it,cheo-dul
scpko	ko	_세계-오컬트-연합	未訳-_세계-오컬트-연합	28	archival-document-hsa-008-advent,art:goc-logos,compound-614,goc-casefile-plugsoft,goc-facility-dossier-geohae
scpko	ko	명천구	未訳-명천구	28	adjhfl,art-and-the-dead-artist,dasutgarak,election-for-people-hub,fall-among-the-thorn-2
scpko	ko	2015-단편경연-en	未訳-2015-단편경연-en	27	deleted:scp-2911,scp-2140,scp-2154,scp-2158,scp-2165
scpko	ko	스완-요원	未訳-스완-요원	27	6332,adjhfl,adlfklffff,awaken,crawldear
scpko	ko	천문학부	未訳-천문학부	27	code-blue,grad-student,hey-friend,lets-eat-star,lunar-halo
scpko	ko	천세윤-박사	未訳-천세윤-박사	27	awaken,death-punishment,department-of-analytical-psychology,doap-orientation,hello-me
scpko	ko	12년-작전	未訳-12년-작전	26	2012-op-hub,clean-up,cp-111-op,cp-end-times,cp-interrogation
scpko	ko	유아청소년부	未訳-유아청소년부	26	a-good-kid,ackumasolution,b-1213-yibiui,brutalism,cheongnokschool
scpko	ko	심시영-연구원	未訳-심시영-연구원	25	anart-dep-exhibition,bailho-christmas,birthday,damgi-got-mad-at-your-fucking-sandwich,hello-2022-world
scpko	ko	즈소-연구원	未訳-즈소-연구원	25	black-white-sushi-chef,dumb-way-to-die,gta-foundation,in-the-confusing-sea,ldoavtea
scpko	ko	지속가능격리개발과	未訳-지속가능격리개발과	25	chanmi-what-the-hack,demonology-with-007-vn,division-of-sustainable-containment-development-hub,division-of-sustainable-containtment-development-s-radio,how-to-survive-in-07k
scpko	ko	함필규-연구원	未訳-함필규-연구원	25	about-the-funeral-of-bugs,ad-undas,bells-and-ghosts-in-dreams,betta-halfmoon,cheongchunsang
scpko	ko	변칙예술학부	未訳-변칙예술학부	24	adjhfl,anart-dep-exhibition,at-the-niche-of-dream-and-life,bucheon,bucheon2
scpko	ko	2020-거짓경연-jp	未訳-2020-거짓경연-jp	23	collected-item-no2525,dreamlandiwate,hanen,his-name-is,japanese-area-directors-dossier
scpko	ko	극한	未訳-극한	23	blue-dots-on-the-sky,climate-prophecy-report,ice-hub,pole,red-pine-forever
scpko	ko	차원학부	未訳-차원학부	23	chawonhagbu,chawonhagbu2,clara-with-scp-5648,department-of-dimensionality,empty-shell
scpko	ko	클라라-박사	未訳-클라라-박사	23	chawonhagbu,chawonhagbu2,clara-with-scp-5648,department-of-dimensionality,ethics-committee-log-regarding-dod
scpko	ko	2022-등장인물ko	未訳-2022-등장인물ko	22	2022-character-contest,adjhfl,anart-dep-exhibition,donation-of-star,gaya-golden-sword
scpko	ko	2026-시빌워경연-ko	未訳-2026-시빌워경연-ko	22	ackumasolution,civilwarcon2026,hunter-shepherd-guard,korea-mundus-liberari,red-pine-forever
scpko	ko	이상교화국	未訳-이상교화국	22	389-ko-tragedy,doom-republic,enterprise-of-underground-tunnel-1,enterprise-of-underground-tunnel-2,enterprise-of-underground-tunnel-hub
scpko	ko	인공지능	未訳-인공지능	22	scp-001-ex,scp-079,scp-1045-ko-ex,scp-1370,scp-1633-ko
scpko	ko	04k-논스톱	未訳-04k-논스톱	21	black-white-sushi-chef,boaxandpancia,burning-culture,but-thou-shalt-not-eat-it,counterpart
scpko	ko	2010-이야기경연-en	未訳-2010-이야기경연-en	21	along-came-a-spider,an-average-life,and-it-starts-with-a-song,clef-dies,collected-data
scpko	ko	2019-즉흥경연-en	未訳-2019-즉흥경연-en	21	144-hour-jam-contest,critter-profile-bakugo,critter-profile-midas,critterprofile-otis,deleted:scp-4430
scpko	ko	2021-밤경연-jp	未訳-2021-밤경연-jp	21	bakekuzira,dropping-into-the-night,junen,koigarezaki-news-19980714-veil,koigarezaki-news-20210809
scpko	ko	2025-클래식경연-en	未訳-2025-클래식경연-en	21	scp-5315,scp-7256,scp-7687,scp-7823,scp-8242
scpko	ko	뇌수종-박사	未訳-뇌수종-박사	21	dokidoki-secure-contain-school-3,gg-guests-12,gg-guests-15,letters-to-the-dead,scp-1099-ko
scpko	ko	임찬미-박사	未訳-임찬미-박사	21	black-white-sushi-chef,chanmi-what-the-hack,demonology-with-007-vn,division-of-sustainable-containment-development-hub,division-of-sustainable-containtment-development-s-radio
scpko	ko	초월적-고대-독립체-연구부	未訳-초월적-고대-독립체-연구부	21	department-of-research-against-transcendental-ancient-entity,i-am-chris-cherno,korea-mundus-liberari,scp-1120-ko,scp-1329-ko
scpko	ko	2021-2인3각	未訳-2021-2인3각	20	2g3a-contest-hub,awol-of-fedorov,hide,i-wont-forget-you,operation-alcatraz
scpko	ko	두레원	未訳-두레원	20	a-day-of-npes-agents,bomeun-kkaeonago-3,crossroad,garigi-02,garigi-04
scpko	ko	2023-쇼트경연-jp	未訳-2023-쇼트경연-jp	19	dharma,evidence-of-being-a-person,mortal-emulator,psychopathy-test,scent-of-a
scpko	ko	2020-즉흥경연-en	未訳-2020-즉흥경연-en	18	144-hour-jam-contest-two,adoption-poster-pearl,cool-guys-dont-look-at-explosions,just-desserts,scp-5031
scpko	ko	통계예언학과	未訳-통계예언학과	18	climate-prophecy-report,marine-love-goodbye,scp-1021-ko,scp-1216-ko,scp-1488-ko
scpko	ko	_시나노중앙신문	未訳-_시나노중앙신문	17	r-sinano-chuo-co-jp-2007-09-09-pj621b,r-sinano-chuo-co-jp-2014-3-26-5hda4t7y,r-sinano-chuo-co-jp-2015-07-21-c6kf4,r-sinano-chuo-co-jp-2015-11-04-6o10s8sa,r-sinano-chuo-co-jp-2018-07-14-tum22zok1
scpko	ko	혼원대	未訳-혼원대	17	breathless-to-the-point,devilishness,human-weapon,last-penalty,op-001
scpko	ko	_능구렁이-손	未訳-_능구렁이-손	16	abnormal-powerful-disorderly-spiritual,dirty-and-clean,gaya-golden-sword,guests,gumiho
scpko	ko	광흥전자	未訳-광흥전자	16	21th-memori,21thmemories-1,gwangheung-bicheon,gwangheung-pale-king,gwangsaeng-life
scpko	ko	삼천리-경기	未訳-삼천리-경기	16	bucheon,crashing-down,samcheonri-contest-gyeonggi,scp-1049-ko,scp-1201-ko
scpko	ko	스올	未訳-스올	16	ackumasolution,devilstock,division-of-demonology-well-actually-stocks-hub,golbungstonk,how-to-invest-feat-satan
scpko	ko	조선인민군-p국	未訳-조선인민군-p국	16	doom-republic,enterprise-of-underground-tunnel-hub,foreign-affairs-2023-13,fragment:scp-987-ko-1968,fragment:scp-987-ko-1998
scpko	ko	2025-연말경연-ko	未訳-2025-연말경연-ko	15	13thanniversarycontest,bloodstream,heartfulness,hermanfuller-has-no-humanity,kategorischer-imperativ
scpko	ko	_기타	未訳-_기타	15	92nd-maneuver-brigade-wikipedia,beokoyugo-soeulchongi,devilstock,equal4363,gwangmyeong-115-to-117
scpko	ko	나데시코-연구원	未訳-나데시코-연구원	15	i-am-chris-cherno,isanagi-makgan,scp-1343-ko,scp-1480-ko,scp-1499-ko
scpko	ko	무제-연작	未訳-무제-연작	15	alex-thorley-goes-on-a-blind-date,disintegration,haunt-me,its-not-real-it-never-was-you-pathetic-fools,scp-5863
scpko	ko	백연서-연구원	未訳-백연서-연구원	15	a-journal-of-principal-researcher,about-the-funeral-of-bugs,ansikjeong,body-recovery,bullet-of-trial
scpko	ko	재단-서식	未訳-재단-서식	15	bell-weather,fmaf-hub,how-the-spc-ruined-halloween,job-opportunities,red-lily-church-hub
scpko	ko	2012-할로윈경연-en	未訳-2012-할로윈경연-en	14	bell-weather,costume-change,deleted:guiser-s-night,ghost-stories,halloween-at-s-c-plastics
scpko	ko	2018-즉흥경연-en	未訳-2018-즉흥경연-en	14	72-hour-jam-contest,a-foul-storm-in-a-fair-land,rainier-night,scp-049-d,scp-3154
scpko	ko	2022-부서경연-en	未訳-2022-부서경연-en	14	department-contest,entomology-intro-tale,hanging-on-the-telephone,life-insurance-policy,scp-6208
scpko	ko	2024-공포경연-jp	未訳-2024-공포경연-jp	14	crevasse-of-trap,dictionary-0,harukiharukiharuki,ideas,inspiration-exam
scpko	ko	_부서진-신	未訳-_부서진-신	14	broken-mind,goac-chapter-2-js,gohw-chapter-17-py,gohw-chapter-5-dot-js,hist-327-comparative-mythology-of-mekhanism-and-naelkae
scpko	ko	가락겨루기	未訳-가락겨루기	14	dasutgarak,garak-critic,garak-critic-bulgeunsesang,garak-gavage,garak-the-beginning
scpko	ko	타이콘데로가	未訳-타이콘데로가	14	scp-1555-ko,scp-1633-jp,scp-189-ko,scp-1994-ko,scp-2102-jp
scpko	ko	2024-멘토&멘티	未訳-2024-멘토&멘티	13	mentor-mentee-contest-s2,scp-1331-ko,scp-1799-ko,scp-1804-ko,scp-1850-ko
scpko	ko	삼천리-전북	未訳-삼천리-전북	13	kte-961-ko,news4pamwac-snail,ride-on-reclamation,salty,samcheonri-contest-jeonbuk
scpko	ko	자줏빛-궁정	未訳-자줏빛-궁정	13	bound-by-the-golden-chain,in-the-flames-of-byzantion,night-and-dawn-day-and-dusk,nika-riots,on-the-border-of-the-purple-court
scpko	ko	재번역	未訳-재번역	13	archive:scp-105,archive:scp-2317,archive:theme:basalt,document-096-1,gears-is-totally-not-a-robot-guys
scpko	ko	2020-06경연	未訳-2020-06경연	12	bimonthly-contests-2020,lady-of-domokoro,mr-key-sighed,scp-216-ko,scp-224-ko
scpko	ko	2020-카논부흥-en	未訳-2020-카논부흥-en	12	ai-classification-guide,anastasis-hub,awakening,canon-renaissance-contest,finding-asmodeus-hub
scpko	ko	2021-연말경연-ko	未訳-2021-연말경연-ko	12	9thanniversarycontest,ac-315-cruelty-free,birds,scp-076-ko,scp-426-ko
scpko	ko	2021-즉흥경연-en	未訳-2021-즉흥경연-en	12	corruption-within-the-clown-industry,critter-profile-chel,deleted:one-hour-left,jam-con-2021,scp-2011-ex
scpko	ko	2023-개구라경연	未訳-2023-개구라경연	12	2026-year-end-awards-ko,bullsht-contest-hub-2023,department-of-psycho-analysis,druggirlshub,everyone-do-not-know-hub
scpko	ko	_골목길	未訳-_골목길	12	2025-07-12,alley-chuseok-legend,alley-hunting,alleys-404,dark-thinig-ssul
scpko	ko	_이자메아	未訳-_이자메아	12	okjung-001,project-aodake,project-katou,project-koza,project-saigo
scpko	ko	_일본생류창연	未訳-_일본생류창연	12	a-a-0111,f-a-1030,g-b-0134,g-b-0183,g-e-1370
scpko	ko	_특이사건반	未訳-_특이사건반	12	paralaw,three-portlands-hub,uiu-file-1933-001,uiu-file-1941-016,uiu-file-1948-019
scpko	ko	술	未訳-술	12	rounderhouse-proposal,scp-112-ko,scp-1541,scp-1626,scp-1865-ko
scpko	ko	학교	未訳-학교	12	scantron-s-proposal,scp-026,scp-069-j,scp-1380,scp-1833
scpko	ko	2009-기어스생일-en	未訳-2009-기어스생일-en	11	astronomical,deleted:birthday-cheer,deleted:the-rearguard,deleted:the-siberian-well,deleted:waxxentry
scpko	ko	2017-재건경연	未訳-2017-재건경연	11	and-both-worlds-are,dedekind-cut,financial-orientation,last-stand,nobody-would-know
scpko	ko	2020-루키경연-jp	未訳-2020-루키경연-jp	11	collected-item-no2020,meshiochislash-s-proposal,mishary-s-proposal,ryogen,scp-2048-jp
scpko	ko	_마셜-카터&다크	未訳-_마셜-카터&다크	11	imperfectly-fossilized-eggs-m4rho-edope-fo5le,kaiju-caviar-ocn39-t5fg6-7hjl2,mcd-bloodbaths,night-s-collection,parasite-for-diet
scpko	ko	대화방-릴레이	未訳-대화방-릴레이	11	collab-december-5-5st,collab-once-mechane-was-oiled,collab-scp-1235-ko,collab-scp-1423-ko,collab-scp-1555-ko
scpko	ko	삼천리-대전-세종	未訳-삼천리-대전-세종	11	koigarezaki-news-20220718,project-proposal-2026-042,samcheonri-contest-daejeon-sejong,scp-1038-ko,scp-1426-ko
scpko	ko	삼천리-울산	未訳-삼천리-울산	11	samcheonri-contest-ulsan,scp-238-ko,scp-244-ko,scp-257-ko,scp-614-ko
scpko	ko	옥수수교	未訳-옥수수교	11	church-of-maize-hub,corn-in-korea,cornvasion,good-luck-queen-of-corn,into-the-bottomless-pit
scpko	ko	2016-d계급-en	未訳-2016-d계급-en	10	after-the-end,d-class-contest,deleted:scp-2669,history,insertjokeinurlhere
scpko	ko	2024-등장인물-ko	未訳-2024-등장인물-ko	10	2024-character-contest,about-the-funeral-of-bugs,alleys-404,haewon,money-is-power
scpko	ko	_상어-죽빵-센터	未訳-_상어-죽빵-센터	10	peppersghosts-stupid-proposal,spc-001,spc-1418-ko-ex,spc-1545-and-a-half-j,spc-169-j
scpko	ko	_수집원	未訳-_수집원	10	collected-item-no0025,collected-item-no0091,collected-item-no0723,collected-item-no0724,collected-item-no0914
scpko	ko	고유무기대응부	未訳-고유무기대응부	10	meat-hub,meat-meet-corn,meat-orientation,meat-vs-chungmugong-vs-sushi,scp-1316-ko
scpko	ko	삼천리-경북	未訳-삼천리-경북	10	npes-2923a000c14,samcheonri-contest-gyeongbuk,scp-1105-ko,scp-1444-ko,scp-1605-ko
scpko	ko	삼천리-대구	未訳-삼천리-대구	10	new-hunt,samcheonri-contest-daegu,scp-1102-ko,scp-1240-ko,scp-1590-ko
scpko	ko	제50넥서스	未訳-제50넥서스	10	enterprise-of-underground-tunnel-1,enterprise-of-underground-tunnel-2,enterprise-of-underground-tunnel-hub,hello-my-microflora,nexus-dossier-50
scpko	ko	홍익사	未訳-홍익사	10	hongiksa-43rd-meeting,juche113-0424-shred,parkyeji-goc-yamizushi,scp-016-ko,scp-233-ko
scpko	ko	2014-800자-jp	未訳-2014-800자-jp	9	800-taletale,collected-item-no19316,hirose-tale02,mary-tale09,takamata-chili-sauce
scpko	ko	2017-아트워크경연-en	未訳-2017-아트워크경연-en	9	art-contest-hub-characters,art-contest-hub-goi,art-contest-hub-mtf,art-contest-hub-series-1,art-contest-hub-series-2
scpko	ko	2021-언령경연-jp	未訳-2021-언령경연-jp	9	collected-item-no0723,decay,frozen-flowers-for-the-farewell,kotodama-contest-2021,r-sinano-chuo-co-jp-2030-05-28-t971039
scpko	ko	2022-즉흥경연-ko	未訳-2022-즉흥경연-ko	9	2022-3day-writting-hub,scp-242-ko,scp-266-ko,scp-395-ko,scp-420-ko
scpko	ko	2023-x경연-jp	未訳-2023-x경연-jp	9	nameless-weeds,night-road,postoperativedelirium-jp,quarantine-vacation-rental,scp-3099-jp
scpko	ko	2023-연말경연-ko	未訳-2023-연말경연-ko	9	11thanniversarycontest,destruction-log-t-98816-oc109-682,scp-1199-ko,scp-1399-ko,scp-1499-ko
scpko	ko	2025-에스테틱경연-ko	未訳-2025-에스테틱경연-ko	9	aesthetic-contest,atlas-vol-1,circus-recruit-in-the-pool,jirai-ni-notte-bokutachi-wa,scp-1210-ko
scpko	ko	_검은-여왕	未訳-_검은-여왕	9	hirosuetakayuki,imperialist-punishment,lambda-killer,maman-me-manque-pas-vous,mr-normie
scpko	ko	hea	未訳-hea	9	crossroad,jae-wa-gumjeong,koigarezaki-news-20210816,muj-b,narasi-s-3rd-brother-02
scpko	ko	병-속의-배	未訳-병-속의-배	9	always-love-you-ben,every-day-of-my-life-you-test-me,group-date,i-want-to-dream,just-fuck-it-up-irl
scpko	ko	삼천리-경남	未訳-삼천리-경남	9	samcheonri-contest-gyeongnam,scp-271-ko,scp-302-ko,scp-408-ko,scp-437-ko
scpko	ko	삼천리-관서	未訳-삼천리-관서	9	parkyeji-goc-yamizushi,samcheonri-contest-gwanseo,scp-1427-ko,scp-1591-ko,scp-1943-ko
scpko	ko	삼천리-인천	未訳-삼천리-인천	9	samcheonri-contest-incheon,scp-1029-ko,scp-1032-ko,scp-1326-ko,scp-1434-ko
scpko	ko	삼천리-해서	未訳-삼천리-해서	9	21k-poi-intru,garak-the-origin,samcheonri-contest-haeseo,scp-1241-ko,scp-1490-ko
scpko	ko	2015-요주의단체-jp	未訳-2015-요주의단체-jp	8	archives-f,goi2015-saiga,r-g-b-planning,sadahiko-s-homepage-html,scp-509-jp
scpko	ko	2017-역사경연-en	未訳-2017-역사경연-en	8	history-contest,imperfectly-fossilized-eggs-m4rho-edope-fo5le,make-portland-weirder,scp-2238,scp-2624
scpko	ko	2019-성탄경연	未訳-2019-성탄경연	8	bimonthly-contests-2020,contest-ko-christmas-2019,present-for-christmas-eve,scp-164-ko,scp-425-ko
scpko	ko	2019-요주의단체-int	未訳-2019-요주의단체-int	8	donatello-s-sculpting-tools-circa-1409,goliath-circa-1505,international-goi-contest-2019,non-prophet-organization-hub,scp-4161
scpko	ko	2022-잠들-수-없는-밤	未訳-2022-잠들-수-없는-밤	8	arcadia-kingdom,dream-of-merry-go-round,jaeui-jungreok,scp-267-ko,scp-306-ko
scpko	ko	2023-리믹스경연-en	未訳-2023-리믹스경연-en	8	art:arachis-statuary,art:hand-drawn-cassy,scp-7165,scp-7342,scp-7409
scpko	ko	2024-만우절	未訳-2024-만우절	8	a-strange-deliverer,april-fools-2024-ko,component:af2024theme,futariha-scip,oyakunin-daisensei-samurai-shinobi-hub
scpko	ko	888ko	未訳-888ko	8	scp-184-ko,scp-397-ko,scp-616-ko,scp-666-ko,scp-799-ko
scpko	ko	_앰브로즈-레스토랑스	未訳-_앰브로즈-레스토랑스	8	ambrose-at-home,ambrose-esterberg,ambrose-seoul,ambrose-shigastan,ambrose-temecula
scpko	ko	_파무왁	未訳-_파무왁	8	news4pamwac-confessionyuck,news4pamwac-fox,news4pamwac-horse-racing,news4pamwac-kaguya,news4pamwac-meme
scpko	ko	_허먼-풀러	未訳-_허먼-풀러	8	icky-the-magic-clown,summer-onomatopoeia,the-amazing-sluggo,the-birth-of-a-miracle,the-dread-behemoth
scpko	ko	게임데이	未訳-게임데이	8	game-day-1-die-hardest,game-day-1-johannes-sorts,gamedayindex,gamedaypart1imago,gamedaypart1index
scpko	ko	나루건설	未訳-나루건설	8	collab-scp-491-ko,goc-facility-dossier-geohae,naru-and-factory,scp-094-ko,scp-381-ko
scpko	ko	삼천리-관북	未訳-삼천리-관북	8	hongiksa-43rd-meeting,juche113-0424-shred,samcheonri-contest-gwanbuk,scp-1075-ko,scp-1202-ko
scpko	ko	삼천리-광주	未訳-삼천리-광주	8	samcheonri-contest-gwangju,scp-464-ko,scp-518-ko,scp-558-ko,scp-634-ko
scpko	ko	삼천리-전남	未訳-삼천리-전남	8	garak-the-beginning,hourounotouken,ride-on-jindo-island,samcheonri-contest-jeonnam,scp-429-ko
scpko	ko	삼천리-충북	未訳-삼천리-충북	8	how-to-survive-in-07k,monday-of-07k-h-u-b,samcheonri-contest-chungbuk,scp-1238-ko,scp-1601-ko
scpko	ko	영국-오컬트-사무국	未訳-영국-오컬트-사무국	8	black-sunrise,obskuracorps-memos,paralaw,scp-3931,scp-4918
scpko	ko	지도	未訳-지도	8	scp-055-ko,scp-096-ko,scp-1053,scp-175,scp-2332
scpko	ko	2015-500단어-fr	未訳-2015-500단어-fr	7	concours-du-scp-de-moins-de-500-mots,scp-103-fr,scp-113-fr,scp-119-fr,scp-155-fr
scpko	ko	2018-악경연-jp	未訳-2018-악경연-jp	7	collected-item-no1091,scp-1078-jp,scp-1374-jp,scp-1868-jp,scp-1970-jp
scpko	ko	2019-무경연-jp	未訳-2019-무경연-jp	7	cage-of-null,collected-item-no0914,koigarezaki-news-911,m-a-2407,mucon19
scpko	ko	2019-즉흥경연-jp	未訳-2019-즉흥경연-jp	7	efreetsoud,hotel-kgb,scp-1581-jp,scp-1892-jp,scp-1898-jp
scpko	ko	2021-십오야경단-jp	未訳-2021-십오야경단-jp	7	kitei-disease,narkissos-glare,pile-up-dumplings-2021,prichard-hs-outline-of-veil-history,short-pieces-of-the-frozen-world
scpko	ko	2021-악몽축연-en	未訳-2021-악몽축연-en	7	scp-6061,scp-6106,scp-6274,scp-6427,scp-6502
scpko	ko	2022-q경연-jp	未訳-2022-q경연-jp	7	dentyudyuron,hinankunren,koigarezaki-news-20220819-poorfoundation-ver,nishihama,project-yaegaki-1933
scpko	ko	2023-즉흥경연-jp	未訳-2023-즉흥경연-jp	7	burial-notification,memories-of-petrichor,scp-3595-jp,scp-3844-jp,scp-3996-jp
scpko	ko	2023-콜드포스트-en	未訳-2023-콜드포스트-en	7	hawaiian-shirts,kill-the-feeling,scp-7311,scp-7313,scp-7441
scpko	ko	2024-곤봉경연-jp	未訳-2024-곤봉경연-jp	7	scp-1539-jp,scp-1662-jp,scp-3514-jp,scp-3562-jp,scp-3774-jp
scpko	ko	2024-신성경연-jp	未訳-2024-신성경연-jp	7	islamic-complex-economy,kaima,koigarezaki-news-20010825-1998-ver,midsummer-ded-moroz,scp-3055-jp
scpko	ko	_가락겨루기	未訳-_가락겨루기	7	garak-critic,garak-critic-bulgeunsesang,garak-gavage,garak-the-echo,garak-the-origin
scpko	ko	_심야클럽	未訳-_심야클럽	7	diplomacy-2012-03,diplomacy-2020-03,foreign-affairs-2019-11,foreign-affairs-2023-13,like-dancer
scpko	ko	공역	未訳-공역	7	calm,scp-5175,scp-700-j,scp-7999,scp-anthology-hub
scpko	ko	김서방	未訳-김서방	7	ginagin-guihyang,jeomulsera-1,jeomulsera-2,milhang,scp-1610-ko
scpko	ko	누리	未訳-누리	7	nuri-1-1,nuri-1-2,nuri-2-1,nuri-2-2,nuri-3-1
scpko	ko	삼천리-부산	未訳-삼천리-부산	7	gwanganli-incident,samcheonri-contest-busan,scp-398-ko,scp-733-ko,scp-904-ko
scpko	ko	삼천리-충남	未訳-삼천리-충남	7	meat-vs-chungmugong-vs-sushi,samcheonri-contest-chungnam,scp-1044-ko,scp-1497-ko,scp-1652-ko
scpko	ko	2013-노래마인-생일축전	未訳-2013-노래마인-생일축전	6	birthday-and-chocolate,birthday-box,birthday-shfoakdls,interview-with-shfoakdls,let-s-make-a-cake
scpko	ko	2019-클리셰-en	未訳-2019-클리셰-en	6	scp-1322-j,scp-3871,scp-4205,scp-4310,scp-4955
scpko	ko	2020-외부문서경연	未訳-2020-외부문서경연	6	external-documents-contest-2020,project-saigo,sept-scc-barbarossa,the-finale-of-the-broken-things,the-lizard-adapting-endlessly-6gjqg-jt8xh-wobu2
scpko	ko	2020-우아한-시체-en	未訳-2020-우아한-시체-en	6	exquisite-corpse-contest,scp-4563,scp-5270,scp-5280,scp-5545
scpko	ko	2025-시간경연-jp	未訳-2025-시간경연-jp	6	immortality-dreamer,practical-examination-173,scp-2526-jp,scp-3046-jp,scp-3680-jp
scpko	ko	_국가초상방재원	未訳-_국가초상방재원	6	narasi-s-7th-sister,npes-2004he00r07,npes-2018lc003,npes-2019c025m01,npes-2024a38d02
scpko	ko	_엔트로피를-넘어서	未訳-_엔트로피를-넘어서	6	ac-309-blue-mermaid-lady,ac-315-cruelty-free,ac-705-flag-bearer-of-hamelin,beyond-entropy-organization-and-personnel-dossier,cc-319-ursula
scpko	ko	_토오노-요괴보호구	未訳-_토오노-요괴보호구	6	fengsuiguangbao,tono-1031,tono-158,toyoho-202004,toyoho-202401
scpko	ko	_프로메테우스	未訳-_프로메테우스	6	grant-request-for-a-replacement-keyboard-because-the-caps-lo,grant-request-for-investigating-the-potential-application-of,grant-request-for-the-construction-of-an-interstellar-scienc,grant-request-for-using-tontata-and-ect,grant-request-for-utilization-of-electro-thaumic-computers-t
scpko	ko	삼천리-제주	未訳-삼천리-제주	6	samcheonri-contest-jeju,scp-205-ko,scp-270-ko,scp-605-ko,scp-725-ko
scpko	ko	2016-1200자-jp	未訳-2016-1200자-jp	5	1200-taletale-hub,as-an-agent,dancingkanahebi,micro-heroic-tale,nekoyori
scpko	ko	2017-1600자-jp	未訳-2017-1600자-jp	5	1600con17,chicken-or-cake,shark-of-sappho,the-continue,uoaaaaa
scpko	ko	2017-173페스티벌-en	未訳-2017-173페스티벌-en	5	173-festival,it-s-just-paint-right,now-watch-and-learn-heres-the-deal,scp-173-d,what-am-i
scpko	ko	2017-5주년-fr	未訳-2017-5주년-fr	5	le-concours-des-cinq-ans,scp-204-fr,scp-206-fr,scp-214-fr,scp-264-fr
scpko	ko	2021-만우절	未訳-2021-만우절	5	af2021kanesousuba,april-fools-2021,electo-com-news-namba-sky-sale,ningu-tyo-401,spc-287-jp-ko-j
scpko	ko	2021-비평-클리셰-ko	未訳-2021-비평-클리셰-ko	5	critique-cliche-contest,scp-357-ko,scp-681-ko,scp-789-ko,scp-897-ko
scpko	ko	2021-주먹다짐경연-jp	未訳-2021-주먹다짐경연-jp	5	hey-teacher,scp-2211-jp,scp-2430-jp,scp-2581-jp,sutegorocontest-2021-hub
scpko	ko	2021-큐피드-en	未訳-2021-큐피드-en	5	critter-profile-max,cupid-contest-2021,heart-and-sol,scp-3809,scp-5596
scpko	ko	2022-떡잎경연-jp	未訳-2022-떡잎경연-jp	5	isogasii-zaidan,r-suika-s-proposal,scp-1422-jp,scp-1602-jp,stairs-in-dream
scpko	ko	2026-비기너즈경연-jp	未訳-2026-비기너즈경연-jp	5	in-1872-at-a-pub-in-rochester,scp-2712-jp,scp-3513-jp,scp-3881-jp,yumeiruka-kaihin
scpko	ko	_만나-자선재단	未訳-_만나-자선재단	5	13th-yurika-donation,16th-wondertainment-donation,1st-sakura-hime-donation,1st-star-donation,5th-global-occult-coalition-donation
scpko	ko	_아무도-아닌-자	未訳-_아무도-아닌-자	5	memories-of-petrichor,nobody-s-observations-on-temporal-displacement-family-and-wa,note-a-part-of-nobody,note-immortality-amulet,note-nobodyhadname
scpko	ko	_오네이로이	未訳-_오네이로이	5	ansikjeong,la-quinta-corda,oneiroi-chulpuc,the-black-dream,tontata-dreamed-tontata-dream
scpko	ko	_이야기-허브	未訳-_이야기-허브	5	antimemetics-division-hub,crossoverprojectindex,murphy-law-hub,new,rammer-jammer-yellow-hammer-hub
scpko	ko	la	未訳-la	5	consilium-fulminis,director-bold-s-proposal-la,other-hub,scp-la-001,scp-la-002
scpko	ko	개구라경연-3-경연	未訳-개구라경연-3-경연	5	amongus-imposter-level-bullsht-contest-hub-2026,bullsht-contest-3-contest,civilwarcon2026,reference-contest-hub-2026,vicious-symphony-contest
scpko	ko	2013-다섯개의질문-en	未訳-2013-다섯개의질문-en	4	a-slumber-did-my-spirit-seal,five-questions,for-elise,playing-god
scpko	ko	2013-시간경연-en	未訳-2013-시간경연-en	4	and-the-winner-is,i-ll-see-you-next-time,time-contest,worn
scpko	ko	2014-디스토피아-en	未訳-2014-디스토피아-en	4	cakework,deleted:i-autarch,dystopia-contest,stop-me-if-youve-heard-this-one-before
scpko	ko	2016-재단방송경연	未訳-2016-재단방송경연	4	foundation-broadcast,gta-foundation,o5quiz-s05e12,qkdthdwpszpf1
scpko	ko	2017-재활용경연-jp	未訳-2017-재활용경연-jp	4	scp-1083-jp,scp-1801-jp,scp-789-jp,scp-890-jp
scpko	ko	2017-죽음경연-jp	未訳-2017-죽음경연-jp	4	deathcontest,scp-1283-jp,scp-233-jp-ex,solvex-s-proposal
scpko	ko	2018-6주년-fr	未訳-2018-6주년-fr	4	le-concours-des-six-ans,scp-300-fr,scp-303-fr,scp-333-fr
scpko	ko	2019-공동작업-en	未訳-2019-공동작업-en	4	collaboration-contest,mother-who-demands-ones-toes,off-the-hook,scp-4733
scpko	ko	2019-멘토&멘티	未訳-2019-멘토&멘티	4	mentor-mentee-contest,scp-156-ko,scp-463-ko,scp-823-ko
scpko	ko	2019-재활용경연-jp	未訳-2019-재활용경연-jp	4	scp-1086-jp,scp-1598-jp,scp-1637-jp,scp-1988-jp
scpko	ko	2021-밈경연-en	未訳-2021-밈경연-en	4	scp-6363,scp-6599,scp-6777,scp-6820
scpko	ko	2023-팀경연-jp	未訳-2023-팀경연-jp	4	scp-3173-jp,scp-3339-jp,the-pit-viper,toyoho-202401
scpko	ko	2024-자긍심축연-en	未訳-2024-자긍심축연-en	4	pridefest,scp-8818,the-squirrel,theme:eventyr
scpko	ko	2024-침묵단편경연-cn	未訳-2024-침묵단편경연-cn	4	maybe-artwork-im-not-sure,scp-cn-2938,scp-cn-3055,scp-cn-3811
scpko	ko	2025-등급경연-jp	未訳-2025-등급경연-jp	4	scp-2065-jp,scp-3360-jp,scp-3633-jp,tutu-sh-s-proposal
scpko	ko	2026-만우절	未訳-2026-만우절	4	allspice-curry-system-guide,april-fools-2026-ko,scp-2144-jp-j,scp-4333-jp
scpko	ko	_공안부-특사과	未訳-_공안부-특사과	4	kanshin-ryoiki-koigarezaki,kanshin-ryoiki-tono,record-reiwa-01-191,record-reiwa-06-aoi-sangoshou
scpko	ko	_다섯째	未訳-_다섯째	4	a-song-about-serious-information-leaks,chilly-the-space-trucker,the-book-of-dave,you-and-me
scpko	ko	_떡갈나무	未訳-_떡갈나무	4	flos-festival-1460,melody-of-beginning,song-of-the-sea-stars-and-sharks,the-finale-of-the-broken-things
scpko	ko	_사슴대학	未訳-_사슴대학	4	deer-and-the-overseers,lotus-eater-pho,rogues-of-the-april-deer,scry-the-future
scpko	ko	_청대장	未訳-_청대장	4	dreamlandiwate,from-busan-to-tono-2020,hello-i-am-an-nameless-aodaisho,surface-to-air-bamboo
scpko	ko	_파라워치	未訳-_파라워치	4	midsummer-ded-moroz,the-king-company-textile-plant,the-lambton-ghoul,yumeiruka-kaihin
scpko	ko	_혼돈의-반란	未訳-_혼돈의-반란	4	deleted:sc-48-71-15-5013,op-001,sc-17-035-20-462,tontata-butter
scpko	ko	목록-0	未訳-목록-0	4	scp-1326-ko,scp-9160,scp-9853,series-0
scpko	ko	쇼-박사	未訳-쇼-박사	4	scp-4444,scp-4498,scp-5004,scp-6871
scpko	ko	2014-만우절	未訳-2014-만우절	3	april-fools-2014,scp-006-cu-ex,scp-682-cu
scpko	ko	2016-4주년-fr	未訳-2016-4주년-fr	3	de-l-autre-cote,la-fondation-scp-a-un-incroyable-talent,le-concours-des-quatre-ans
scpko	ko	2016-만우절	未訳-2016-만우절	3	gears-is-totally-not-a-robot-guys,lust-in-the-time-of-anomalous-cholera,not-just-a-cat-in-a-labcoat
scpko	ko	2018-곤봉경연-jp	未訳-2018-곤봉경연-jp	3	bbc18,scp-1406-jp,scp-1939-jp
scpko	ko	2019-만우절	未訳-2019-만우절	3	april-fools-2019,component:af2019theme,scp-1896-jp-j
scpko	ko	2019-할로윈경연-fr	未訳-2019-할로윈경연-fr	3	concours-halloween-2019,lorem-ipsum-dolor,maman-me-manque-pas-vous
scpko	ko	2020-만우절	未訳-2020-만우절	3	april-fools-2020,koigarezaki-news-201900401,yonedu-gensui
scpko	ko	2021-재활용경연-jp	未訳-2021-재활용경연-jp	3	narkissos-glare,scp-2366-jp,yamizushi-file-no0721
scpko	ko	2023-만우절	未訳-2023-만우절	3	april-fools-2023-ko,koigarezaki-news-202300401,saikyo-gois
scpko	ko	404fr	未訳-404fr	3	le-concours-des-404-ans,scp-404-fr,scp-484-fr
scpko	ko	_공장	未訳-_공장	3	contract-negotiations-01029,naru-and-factory,recruitment-drive-28126
scpko	ko	_메디치-한림원	未訳-_메디치-한림원	3	copy-of-midas-dismegistus-circa-1532,donatello-s-sculpting-tools-circa-1409,goliath-circa-1505
scpko	ko	_삼대천	未訳-_삼대천	3	samdaechun-florida-pt,samdaechun-night-bird-flying,samdaechun-satan-body-plan
scpko	ko	렉스-연구원	未訳-렉스-연구원	3	nicos-proposal-ii,scp-3867,scp-4934
scpko	ko	번역	未訳-번역	3	family-ties,free-freaks,upside-down-cake
scpko	ko	보니페이	未訳-보니페이	3	scp-1890,scp-1896,scp-1928
scpko	ko	아래세상	未訳-아래세상	3	hantologies,legs-701,sous-le-monde-centre
scpko	ko	역설	未訳-역설	3	scp-8001,scp-8490,scp-9066
scpko	ko	지각	未訳-지각	3	scp-484-fr,scp-666-fr,scp-zh-774
scpko	ko	캘린더-요원	未訳-캘린더-요원	3	director-house-gets-whitewashed,nicos-proposal-ii,undervegas-hub
scpko	ko	호모-사피엔스-시드헤	未訳-호모-사피엔스-시드헤	3	a-faerie-tale-of-twin-queens,ambrose-esterberg,poczatki-normalnosci-i-jej-przyszlosc
scpko	ko	2014-2주년-fr	未訳-2014-2주년-fr	2	le-concours-des-2-ans-de-la-fondation,scp-022-fr
scpko	ko	2014-할로윈경연-jp	未訳-2014-할로윈경연-jp	2	2014-haloween-kikaku-hub-byboatob,scp-345-jp
scpko	ko	2015-재구성-en	未訳-2015-재구성-en	2	hello-i-am-an-eldritch-horror,reimagining-contest
scpko	ko	2015-하계경연-cn	未訳-2015-하계경연-cn	2	downvoted,white-queen-to-d8
scpko	ko	2017-신참경연-jp	未訳-2017-신참경연-jp	2	scp-1334-jp,scp-zzz-jp-j
scpko	ko	2017-호적수-fr	未訳-2017-호적수-fr	2	concours-nos-meilleurs-ennemis,des-cercles-dans-le-sable
scpko	ko	2018-할로윈경연-en	未訳-2018-할로윈경연-en	2	dining-out,halloween-contest-2018
scpko	ko	2019-1200자-jp	未訳-2019-1200자-jp	2	absinthe-dream,dclass-search
scpko	ko	2019-탐사경연-es	未訳-2019-탐사경연-es	2	concurso-exploracion-2019,scp-es-138
scpko	ko	2020-8주년-fr	未訳-2020-8주년-fr	2	le-concours-des-huit-ans,scp-400-fr
scpko	ko	2021-동계경연-zh	未訳-2021-동계경연-zh	2	scp-zh-2005-ex,winter-ace-2021
scpko	ko	2022-만우절	未訳-2022-만우절	2	april-fools-2022,theme:fish
scpko	ko	2022-병맛경연-pl	未訳-2022-병맛경연-pl	2	evviva-l-arte,jak-zburzylem-wieze-babel
scpko	ko	2023-로어경연-int	未訳-2023-로어경연-int	2	scp-030-vn,scp-569-ko
scpko	ko	2023-할로윈경연-fr	未訳-2023-할로윈경연-fr	2	scp-602-fr,scp-666-fr
scpko	ko	2024-격노경연-en	未訳-2024-격노경연-en	2	asset-florida-orange,deleted:greatest-of-all-time
scpko	ko	2024-존도우경연-jp	未訳-2024-존도우경연-jp	2	koigarezaki-news-20240316,secure-facility-dossier-site-81tg
scpko	ko	2025-만우절	未訳-2025-만우절	2	april-fools-2025-ko,mortal-emulator-april-fool
scpko	ko	2025-크리스마스-vn-zh	未訳-2025-크리스마스-vn-zh	2	art:vnxzh-khoquaday,vn-zh-xmas25
scpko	ko	_skp	未訳-_skp	2	skp-173-us,skp-217-ko
scpko	ko	_sys	未訳-_sys	2	series-archive,series-archive-ko
scpko	ko	_권사단	未訳-_권사단	2	a-pathetic-attempt-to-explain-fifthism,the-wanderer-s-library-is-not-enough
scpko	ko	_대마초를-반대하는-게이머들	未訳-_대마초를-반대하는-게이머들	2	dairy-calamity,the-pale-people
scpko	ko	_라-뤼-마카브르	未訳-_라-뤼-마카브르	2	la-rue-posts-willie-s-shine,nancy-shoe
scpko	ko	_맥스웰교	未訳-_맥스웰교	2	hist-327-comparative-mythology-of-mekhanism-and-naelkae,wans-image-png
scpko	ko	_서천컨트리클럽	未訳-_서천컨트리클럽	2	dawn-scc-prajna,sept-scc-barbarossa
scpko	ko	_앤더슨	未訳-_앤더슨	2	new-buteo-series-mechanical-exoskeleton,new-yurika-series-nano-machines
scpko	ko	_엘마외교	未訳-_엘마외교	2	eden-leap-001,eden-leap-391
scpko	ko	_이상교화국	未訳-_이상교화국	2	juche113-0424-shred,northkoreareport-1
scpko	ko	_중정-제10국	未訳-_중정-제10국	2	kcia10-0018,kcia10-0049
scpko	ko	_플러그소프트	未訳-_플러그소프트	2	saintlich-series,two-keter-love-love
scpko	ko	그림-박사	未訳-그림-박사	2	proposition-du-dr-grym,un-jour-de-plus-sur-terre
scpko	ko	땅거미가-지면	未訳-땅거미가-지면	2	appel-nocturne,centre-quand-le-soleil-se-couche
scpko	ko	만화영화제작부	未訳-만화영화제작부	2	centre-de-retranscription-des-dessins-animes,kid-s-show
scpko	ko	생명의-나무	未訳-생명의-나무	2	scp-9423,scp-anthology-2025
scpko	ko	스키터-마셜	未訳-스키터-마셜	2	ephemeral-theatrics,of-makiri-and-vampire
scpko	ko	아나바시스	未訳-아나바시스	2	anabasis-hub,scp-2288
scpko	ko	여왕-마브	未訳-여왕-마브	2	a-faerie-tale-of-twin-queens,poczatki-normalnosci-i-jej-przyszlosc
scpko	ko	열린-혈맥	未訳-열린-혈맥	2	our-open-veins-hub,the-chiron-model
scpko	ko	저작권	未訳-저작권	2	image-use-policy,licensing-guide
scpko	ko	판게아	未訳-판게아	2	gendastrerie-centre,scp-191-ko
scpko	ko	프리처드학원	未訳-프리처드학원	2	prichard-hs-basic-of-paratech-history-1,prichard-hs-outline-of-veil-history
scpko	ko	100vn	未訳-100vn	1	scp-099-vn
scpko	ko	2013-망년회-jp	未訳-2013-망년회-jp	1	bounenkai
scpko	ko	2013-할로윈경연-es	未訳-2013-할로윈경연-es	1	scp-es-099
scpko	ko	2014-푸대접-en	未訳-2014-푸대접-en	1	anart-antics
scpko	ko	2015-3주년-fr	未訳-2015-3주년-fr	1	scp-199-fr
scpko	ko	2015-단편경연	未訳-2015-단편경연	1	scp-2161
scpko	ko	2015-무명직원은-말한다-jp	未訳-2015-무명직원은-말한다-jp	1	seafield13-tale-2-2
scpko	ko	2016-언령이야기축연-jp	未訳-2016-언령이야기축연-jp	1	zennose1200yen
scpko	ko	2017-크로스경연-jp	未訳-2017-크로스경연-jp	1	scp-131-jp
scpko	ko	2018-동계경연-cn	未訳-2018-동계경연-cn	1	fuban-s-proposal
scpko	ko	2018-신인경연-jp	未訳-2018-신인경연-jp	1	scp-1210-jp-j
scpko	ko	2019-신인경연-cn	未訳-2019-신인경연-cn	1	scp-cn-1145
scpko	ko	2020-맞선-jp	未訳-2020-맞선-jp	1	r-sinano-chuo-co-jp-2038-05-18-1730hk1
scpko	ko	2021-9주년-fr	未訳-2021-9주년-fr	1	le-carnet-secret-du-gendastre
scpko	ko	2021-하계경연-zh	未訳-2021-하계경연-zh	1	scp-zh-220
scpko	ko	2022-동계경연-cn	未訳-2022-동계경연-cn	1	2521-escaped
scpko	ko	2022-여름챌린지-fr	未訳-2022-여름챌린지-fr	1	scp-524-fr
scpko	ko	2022-할로윈경연-en	未訳-2022-할로윈경연-en	1	haunt-me
scpko	ko	2023-11주년-fr	未訳-2023-11주년-fr	1	scp-600-fr
scpko	ko	2023-x경연	未訳-2023-x경연	1	xane-qanat
scpko	ko	2023-고블린경연-en	未訳-2023-고블린경연-en	1	scp-6183
scpko	ko	2023-국제협력-int	未訳-2023-국제협력-int	1	international-collaboration-contest-2023
scpko	ko	2024-동계경연-zh	未訳-2024-동계경연-zh	1	scp-zh-716
scpko	ko	2024-봄맞이대청소-en	未訳-2024-봄맞이대청소-en	1	scp-8055
scpko	ko	2024-하계경연-cn	未訳-2024-하계경연-cn	1	past-whisper
scpko	ko	2024년-존도우경연-jp	未訳-2024년-존도우경연-jp	1	scp-3415-jp
scpko	ko	2025-만우절경연-cn	未訳-2025-만우절경연-cn	1	scp-cn-noooooooooooooooooooooo-j
scpko	ko	2025-자긍심축연-en	未訳-2025-자긍심축연-en	1	we-will-fall-together
scpko	ko	2025-전화위복-jp	未訳-2025-전화위복-jp	1	atapostle-in-my-name
scpko	ko	2025-퍼블릭도메인-en	未訳-2025-퍼블릭도메인-en	1	arsene-lupin-vs-the-scp-foundation-hub
scpko	ko	2026-바보경연-en	未訳-2026-바보경연-en	1	scp-9981
scpko	ko	2026-스포츠경연-en	未訳-2026-스포츠경연-en	1	spc-1545-and-a-half-j
scpko	ko	_cc4	未訳-_cc4	1	scp-9601
scpko	ko	_gru-p-부서	未訳-_gru-p-부서	1	squid-ispolin
scpko	ko	_꿈결-테크놀로지	未訳-_꿈결-테크놀로지	1	project-no-0189
scpko	ko	_목역	未訳-_목역	1	weird-800-story
scpko	ko	_무진월도중	未訳-_무진월도중	1	ningu-tyo-401
scpko	ko	_발라븐	未訳-_발라븐	1	the-chiron-model
scpko	ko	_석류구락부	未訳-_석류구락부	1	mrhashidume-memorial
scpko	ko	_세을가	未訳-_세을가	1	gihae-06-01-jinin-hyunseung-s-book-of-cultivation
scpko	ko	_요주의단체-서식	未訳-_요주의단체-서식	1	ackumasolution
scpko	ko	_유물환수	未訳-_유물환수	1	oria-025-117
scpko	ko	_이매지내니멀	未訳-_이매지내니멀	1	harukiharukiharuki
scpko	ko	_제25분견국	未訳-_제25분견국	1	awol-of-fedorov
scpko	ko	_캠페인	未訳-_캠페인	1	pile-up-dumplings-2021
scpko	ko	_쿠스노동물의료소	未訳-_쿠스노동물의료소	1	kusuno-karte-no-6927
scpko	ko	_크리피파스타	未訳-_크리피파스타	1	station-395
scpko	ko	_테마-임시	未訳-_테마-임시	1	component:black-highlighter-theme-dev
scpko	ko	_특이화물	未訳-_특이화물	1	compound-614
scpko	ko	_홍익사	未訳-_홍익사	1	hongiksa-43rd-meeting
scpko	ko	l.왓-연구원	未訳-l.왓-연구원	1	scp-zh-005
scpko	ko	개리슨-박사	未訳-개리슨-박사	1	nicos-proposal-ii
scpko	ko	구조물	未訳-구조물	1	scp-2309
scpko	ko	그레이트-부시독-왕국	未訳-그레이트-부시독-왕국	1	scp-1775-jp
scpko	ko	기업	未訳-기업	1	scp-1288-ko
scpko	ko	네렘사-요원	未訳-네렘사-요원	1	proposition-du-dr-grym
scpko	ko	다회용-비밀번호	未訳-다회용-비밀번호	1	the-time-after-time-password-hub
scpko	ko	대마초에-반대하는-게이머들	未訳-대마초에-반대하는-게이머들	1	scp-2658
scpko	ko	도사쿠-관리관	未訳-도사쿠-관리관	1	emperor-s-february-2
scpko	ko	독필가	未訳-독필가	1	pickman-blank-proposal
scpko	ko	로버트-카터	未訳-로버트-카터	1	of-makiri-and-vampire
scpko	ko	맥기니스-박사	未訳-맥기니스-박사	1	scp-5056-tests
scpko	ko	블랙-다이아몬드-빌리언스	未訳-블랙-다이아몬드-빌리언스	1	scp-9433
scpko	ko	서지-박사	未訳-서지-박사	1	scp-zh-010
scpko	ko	성인	未訳-성인	1	bound-by-the-golden-chain
scpko	ko	소콜스키-박사	未訳-소콜스키-박사	1	scp-5956
scpko	ko	스탑-메이킹-센스	未訳-스탑-메이킹-센스	1	stop-making-sense
scpko	ko	시공간	未訳-시공간	1	scp-200-fr
scpko	ko	신참	未訳-신참	1	resurrection-new-faces-hub
scpko	ko	신화	未訳-신화	1	scp-8917
scpko	ko	아마기리-고문관	未訳-아마기리-고문관	1	please-kill-me
scpko	ko	아모니-람	未訳-아모니-람	1	interregnum-everest
scpko	ko	어인	未訳-어인	1	scp-6222
scpko	ko	연속성부	未訳-연속성부	1	scp-8557
scpko	ko	열역	未訳-열역	1	scp-9300
scpko	ko	오코리에-박사	未訳-오코리에-박사	1	scp-5956
scpko	ko	올리비에-귀네스	未訳-올리비에-귀네스	1	a-faerie-tale-of-twin-queens
scpko	ko	완성	未訳-완성	1	aces-and-eights
scpko	ko	외계인	未訳-외계인	1	scp-7999
scpko	ko	윌슨-야생동물대책	未訳-윌슨-야생동물대책	1	yeji-vs-yunsang
scpko	ko	인간	未訳-인간	1	scp-7769
scpko	ko	인공	未訳-인공	1	scp-1996-ko
scpko	ko	장소	未訳-장소	1	scp-8356
scpko	ko	재번역-중	未訳-재번역-중	1	scp-6000
scpko	ko	적대	未訳-적대	1	scp-7769
scpko	ko	제zh-22기지	未訳-제zh-22기지	1	scp-zh-010
scpko	ko	제미니-박사	未訳-제미니-박사	1	introduction-au-departement-de-censure-et-de-desinformation
scpko	ko	종교적	未訳-종교적	1	scp-207-ko
scpko	ko	케르눈노스	未訳-케르눈노스	1	scp-7566
scpko	ko	특이한림원	未訳-특이한림원	1	proposition-des-drs-gemini-et-tesla
scpko	ko	틸로-츠비스트	未訳-틸로-츠비스트	1	pickman-blank-proposal
scpko	ko	플라버-박사	未訳-플라버-박사	1	scp-zh-010
scpko	ko	항밈	未訳-항밈	1	scp-7582
scpko	ko	항밈학부	未訳-항밈학부	1	scp-1868-jp
scpko	ko	헤더-메이슨	未訳-헤더-메이슨	1	we-will-fall-together
scpko	ko	회칼의-위크	未訳-회칼의-위크	1	yamizushi-file-no1000
scp-pl	pl	_cc	未訳-_cc	290	akta-dr-silnickiego,akta-futurity,akta-whiterpl,ambrose-biegun-polnocny,ambrose-warszawa
scp-pl	pl	horror	未訳-horror	71	1-mr-headless,a-lesson-in-power,alone,atzak-i,autoerotic-assassination
scp-pl	pl	dziecko	未訳-dziecko	61	djkaktus-s-proposal,scp-009-j,scp-011-j,scp-026,scp-040
scp-pl	pl	komedia	未訳-komedia	48	049-x-minion-x-reader,10-30-a-m,9-mr-clumsy,a-cooler-manifesto,a-trip-down-memory-lane
scp-pl	pl	worldbuilding	未訳-worldbuilding	46	10-30-a-m,a-brief-explanation-on-demonics,about-deer,agent-ukelele,ai-classification-guide
scp-pl	pl	zjawisko	未訳-zjawisko	46	scp-033,scp-1173,scp-1893,scp-2003,scp-2578
scp-pl	pl	fikcja-naukowa	未訳-fikcja-naukowa	45	a-side-step-forward,a-symphony-of-iron-and-steel,ai-classification-guide,alert-lockdown-initiated,amnestic-orientation-manual
scp-pl	pl	pierwszoosobowe	未訳-pierwszoosobowe	44	3-mr-money,4-mr-lie,a-letter-taped-to-a-pipe-bomb-found-in-the-site-19-break-roo,a-suicide-note,autoerotic-assassination
scp-pl	pl	posępne	未訳-posępne	35	4-mr-lie,9-mr-clumsy,a-foul-storm-in-a-fair-land,a-suicide-note,biel
scp-pl	pl	gad-trudny-do-zniszczenia	未訳-gad-trudny-do-zniszczenia	31	a-containment-proposal,archived-incident-076-2-682,diary-of-an-existential-kid,disgusting,djkaktus-s-proposal-iii
scp-pl	pl	inny-świat	未訳-inny-świat	29	049-x-minion-x-reader,biel,cjpw-hub,co-z-innymi,corruption
scp-pl	pl	nieaktualne	未訳-nieaktualne	29	black-queen-hub,chaos-insurgency-hub,departments-complete-list,document-050,document-507-3b
scp-pl	pl	fikcja-militarna	未訳-fikcja-militarna	28	a-lesson-in-power,agent-ukelele,bazyliszek,chiaroscuro,command-performance
scp-pl	pl	horror-psychologiczny	未訳-horror-psychologiczny	28	alone,atzak-i,autoerotic-assassination,biel,cjpw-hub
scp-pl	pl	fantasy	未訳-fantasy	27	a-foul-storm-in-a-fair-land,about-deer,bazyliszek,bloodlines,down-the-silver-river
scp-pl	pl	katalog-deepwell	未訳-katalog-deepwell	26	a-hymn-for-pandora,admonition,apas,diary-of-an-existential-kid,he-who-screws-with-reality
scp-pl	pl	archeologiczne	未訳-archeologiczne	25	scp-089,scp-1427,scp-208,scp-2095,scp-2309
scp-pl	pl	wydarzenie-anomalne	未訳-wydarzenie-anomalne	24	lily-s-proposal,scp-1730,scp-3071,scp-3557,scp-3691
scp-pl	pl	akcja	未訳-akcja	23	a-little-bit-of-help,a-symphony-of-iron-and-steel,anachronisms,apas,archived-incident-076-2-682
scp-pl	pl	fikcja-historyczna	未訳-fikcja-historyczna	23	bazyliszek,bloodlines,chiaroscuro,chrobry-chrobry-byles-dobry,condor
scp-pl	pl	bez-dialogu	未訳-bez-dialogu	22	a-letter-taped-to-a-pipe-bomb-found-in-the-site-19-break-roo,a-suicide-note,about-deer,alex-thorley-goes-offline-for-shabbat,dwie-strony-z-pamietnika-gorala
scp-pl	pl	_tale-hub	未訳-_tale-hub	20	all-that-glisters,and-every-time-we-meet-again-hub,antimemetics-division-hub,atzak-hub,damocles
scp-pl	pl	kanonpl2021	未訳-kanonpl2021	20	calkowite-zacmienie,czarne-niebo-hub,dokumentacja-strzezonej-placowki-osrodek-101,dokumentacja-strzezonej-placowki-strefa-pl-34,dwie-strony-z-pamietnika-gorala
scp-pl	pl	slice-of-life	未訳-slice-of-life	20	3-mr-money,a-side-step-forward,about-deer,awans-pana-wierzynskiego,boiled-scrambled-and-fried
scp-pl	pl	gorycz	未訳-gorycz	19	confiscated-documents-march-2022,decency,hiccup-jacet,history,it-might-have-been
scp-pl	pl	lądy-południa	未訳-lądy-południa	19	ambrose-medsir,duszosiew-polnocny,gerard-drugi,klamka-zapadla,koigarezaki-substancje-odkryptydowe
scp-pl	pl	mikołajki	未訳-mikołajki	18	ambrose-biegun-polnocny,autor-na-dnie-swojej-profesji,bukowski-marsz-zalobny,chrobry-chrobry-byles-dobry,cykl
scp-pl	pl	wielki-konstruktor	未訳-wielki-konstruktor	18	admitancja,dokumentacja-strzezonej-placowki-osrodek-pl-37,impedancja,induktancja,kapacytancja
scp-pl	pl	postapokalipsa	未訳-postapokalipsa	17	calkowite-zacmienie,document-recovered-from-the-marianas-trench,dwie-strony-z-pamietnika-gorala,impossible-to-destroy-reptile,omega-k
scp-pl	pl	x	未訳-x	17	ja-jestem-mesjaszem,propozycja-futurity,scp-025-fr,scp-158,scp-181
scp-pl	pl	doktor-fostergrant	未訳-doktor-fostergrant	16	dlaczego-przechowywanie-scp-pl-188-jest-chujowe-i-doktora-cl,exodus,knd,masz-czas,ostatnie-spotkanie
scp-pl	pl	dziedzictwo	未訳-dziedzictwo	16	bo-wszyscy-juz-zgineli,chroniona-strefa-63,cjpw-hub,dekalog-bohatera,dziedzictwo
scp-pl	pl	fikcja-absurdystyczna	未訳-fikcja-absurdystyczna	16	049-x-minion-x-reader,10-30-a-m,a-cooler-manifesto,asmr-by-dado,bees
scp-pl	pl	alkohol	未訳-alkohol	15	rounderhouse-proposal,scp-1933,scp-195,scp-209,scp-2253
scp-pl	pl	syl2023	未訳-syl2023	15	drzewa-wolnosci,dysonans-poznawczy,inicjatywy-sylwestrowe,profil-zwierzaka-kijetesantakalu,scp-pl-308
scp-pl	pl	sztuczna-inteligencja	未訳-sztuczna-inteligencja	15	scp-001-ex,scp-079,scp-1370,scp-2897,scp-5094
scp-pl	pl	tajemnica	未訳-tajemnica	15	agent-ukelele,blood-in-the-water,condor,external-relations-orientation-annihilism,foreign-aid
scp-pl	pl	fikcja-szpiegowska	未訳-fikcja-szpiegowska	14	chiaroscuro,condor,delta-wave,fresh-blood,it-just-shattered
scp-pl	pl	fundacya	未訳-fundacya	14	kasztelan-sochaczewski,krolewska-fundacya-hub,poczet-krolow-i-ksiazat-polskich-hub,przypadek-dymitra-iwanowicza-czesc-1,scp-pl-268
scp-pl	pl	ipsylon-4-nowi-sąsiedzi	未訳-ipsylon-4-nowi-sąsiedzi	14	duszosiew-polnocny,lady-poludnia,scp-pl-045,scp-pl-163,scp-pl-231
scp-pl	pl	_t	未訳-_t	13	a-trip-down-substance-lane,adams-worthless-choose-yokim,broken-faith,image-in-mail-by-dado,letters-from-benares
scp-pl	pl	doktor-blank	未訳-doktor-blank	13	scp-5056,scp-5056-tests,scp-5109,scp-5243,scp-5243-video-transcripts
scp-pl	pl	polityczne	未訳-polityczne	13	scp-095,scp-1981,scp-2072,scp-2433,scp-2578
scp-pl	pl	pl300	未訳-pl300	12	konkurs-pl-300,scp-pl-300,scp-pl-301,scp-pl-303,scp-pl-305
scp-pl	pl	racjonalizator	未訳-racjonalizator	12	admitancja,dokumentacja-strzezonej-placowki-osrodek-pl-37,impedancja,induktancja,kapacytancja
scp-pl	pl	syl2024	未訳-syl2024	12	ambrose-medsir,bajka-o-czlowieku-wyzwolonym,inicjatywy-sylwestrowe,my-z-ksiezyca,ostatnia-kartka-kalendarza-cyfrowego
scp-pl	pl	bk2023	未訳-bk2023	11	barok-kanonow-2023,faust-hub,food-truck,ja-jestem-mesjaszem,lazurowy-sen-ma-chabrowe-wlosy
scp-pl	pl	comcon2023	未訳-comcon2023	11	ballada-o-sasiadach,konkurs-powszechny-2023,manifest-354-odmienny-wsrod-odmiencow,scp-pl-224,scp-pl-251
scp-pl	pl	fikcja-religijna	未訳-fikcja-religijna	11	alex-thorley-goes-offline-for-shabbat,corruption,down-the-silver-river,empedocles,external-relations-orientation-annihilism
scp-pl	pl	format-fundacji	未訳-format-fundacji	11	incydent-bialowieski,it-might-have-been,koniec-wiwatu,niepelna-infekcja-spirytologiczna-case-study,outdated
scp-pl	pl	syl2022	未訳-syl2022	11	cierpienia-noworoczne,czas-na-pisanie,inicjatywy-sylwestrowe,scp-pl-218,scp-pl-304
scp-pl	pl	body-horror	未訳-body-horror	10	good-as-new,mr-clank,pod-ta-powloka-ludzka,populated-control-led,rzezbiarz-ciala
scp-pl	pl	dyrektor-addams	未訳-dyrektor-addams	10	calkowite-zacmienie,incydent-bialowieski,pierwsze-24-godziny-cz-1,pierwsze-24-godziny-cz-2,retroretrospektrologia
scp-pl	pl	pl400	未訳-pl400	10	konkurs-pl-400,scp-pl-400,scp-pl-401,scp-pl-402,scp-pl-404
scp-pl	pl	placówka-57	未訳-placówka-57	10	carroll-305-la-pequena-habana,dossier-lph,mcd-tabula-veritatis,scp-3874,scp-es-076
scp-pl	pl	teoria-obwodów	未訳-teoria-obwodów	10	admitancja,impedancja,induktancja,kapacytancja,konduktancja
scp-pl	pl	wzruszające	未訳-wzruszające	10	a-containment-proposal,a-little-bit-of-help,capone,coming-out-to-the-woods,fear-alone
scp-pl	pl	_tale-hub-pl	未訳-_tale-hub-pl	9	argus-bcppotwzm-hub,cjpw-hub,dekalog-bohatera,faust-hub,horror-wonders
scp-pl	pl	fikcja-surrealistyczna	未訳-fikcja-surrealistyczna	9	awans-pana-wierzynskiego,diary-of-an-existential-kid,down-the-silver-river,in-symphony,koniec-wiwatu
scp-pl	pl	romans	未訳-romans	9	049-x-minion-x-reader,a-little-bit-of-help,content-warning-this-is-still-a-foundation-story-after-all,finding-scalpel,relationskips
scp-pl	pl	roztrzyn	未訳-roztrzyn	9	chrzest-bojowy,cisza-przed-burza,dlaczego-strzelilem,dziewczynka-i-bestie,gdzie-zabladzilem
scp-pl	pl	szkoła	未訳-szkoła	9	prank-war-one,scantron-s-proposal,scp-026,scp-1833,scp-2960
scp-pl	pl	crackfic2023	未訳-crackfic2023	8	dim-i-wit-sezon-chuj,evviva-larte-akt-ii,haszyszofikcjokonkurs-2-haszysz-twardszy,obecny-stan-create-a-nomaly-300,przemek-nie-zyje
scp-pl	pl	doktor-kot	未訳-doktor-kot	8	krew-proch-i-wrzosy,ostatnie-wycie,ryba-pod-kocim-nozem,scp-pl-139,scp-pl-189
scp-pl	pl	doktor-rasiewicz	未訳-doktor-rasiewicz	8	dezorientacja,druga-szansa,nadzieja,niepewnosc,opowiesci-z-granic-swiatow
scp-pl	pl	cosmic-horror	未訳-cosmic-horror	7	disgusting,dust-and-blood,heart-and-sol,metafiction,reka-mistrza-i-mocarza-serce
scp-pl	pl	cyoa2022	未訳-cyoa2022	7	emporium-wyzwan,scp-pl-046,scp-pl-205,scp-pl-216,scp-pl-240
scp-pl	pl	czarna-komedia	未訳-czarna-komedia	7	9-mr-clumsy,a-trip-down-memory-lane,dr-cimmerian-is-no-longer-allowed-to-use-temporal-anomalies,michael-the-kiler,mr-laugh
scp-pl	pl	dziewięciu	未訳-dziewięciu	7	ambrose-medsir,niepelna-infekcja-spirytologiczna-case-study,scp-pl-234,scp-pl-244,scp-pl-277
scp-pl	pl	goif2022	未訳-goif2022	7	ambrose-warszawa,gerard-drugi,konkurs-formatow-goi-2022,profil-zwierzaka-gonzo,uh-75m-ad-argus-inc-jj-doc
scp-pl	pl	iwiel2020	未訳-iwiel2020	7	inicjatywa-wielkanocna-2020,scp-pl-154,scp-pl-162,scp-pl-168,scp-pl-254
scp-pl	pl	kryminał	未訳-kryminał	7	greater-good-necessary-evil,her-masterpiece,minneapolis-burns,scp-049-d,slice-of-life
scp-pl	pl	nadkon2024	未訳-nadkon2024	7	aw-man,dlugie-wieczory-na-q-11,konkurs-nadpisany-2024,pod-spodem,puste-spojrzenie-odwzajemnione
scp-pl	pl	niezatytułowana-seria	未訳-niezatytułowana-seria	7	scp-6208,scp-6938,scp-7195,scp-7591,something-glowing
scp-pl	pl	przemek-i-stary	未訳-przemek-i-stary	7	ballada-o-sasiadach,kolubryna-w-ladach-poludnia,kroniki-kolubryny-czesc-1,przemek-nie-zyje,ripieno
scp-pl	pl	smok	未訳-smok	7	scp-021,scp-111,scp-1762,scp-3844,scp-826
scp-pl	pl	epicka-saga-oliwii	未訳-epicka-saga-oliwii	6	art-is-dead,aura,epicka-saga-oliwii,ma-jej-oczy,pokazac-ci-cos
scp-pl	pl	goif2026	未訳-goif2026	6	artefakt-2228,informacja-o-dzialalnosci-sap-w-roku-2025,konkurs-formatow-goi-2026,on-th4717,spowiedz-dozorcy-anonim
scp-pl	pl	horror-wonders	未訳-horror-wonders	6	horror-wonders,propozycja-arcydziegiel,scp-pl-280,scp-pl-281,scp-pl-282
scp-pl	pl	idiomcon2024	未訳-idiomcon2024	6	emocje-jak-na-grzybach,konkurs-doslowny-2024,scp-pl-324,scp-pl-331,scp-pl-373
scp-pl	pl	kubańskie-ministerstwo-anomalii	未訳-kubańskie-ministerstwo-anomalii	6	dossier-lph,mac-hub,scp-es-119,scp-es-157,scp-es-194
scp-pl	pl	kw2017	未訳-kw2017	6	czwartowymiarowy-patrol,inkwizytor,konkurs-wakacyjny-2017,niezapominajki,scp-pl-067
scp-pl	pl	lgbtq	未訳-lgbtq	6	a-little-bit-of-help,coming-out-to-the-woods,content-warning-this-is-still-a-foundation-story-after-all,pod-krwawym-gwiazdozbiorem,stairway-to-the-stars
scp-pl	pl	pościg	未訳-pościg	6	1-mr-headless,it-might-have-been,magnum-opus-or-a-diatribe-in-defence-of-cliche,operation-galahad,plumbing
scp-pl	pl	prezes-pzga	未訳-prezes-pzga	6	awans-pana-wierzynskiego,grzybunt,incydent-bialowieski,ripieno,scp-pl-272
scp-pl	pl	przygoda	未訳-przygoda	6	from-the-diaries-of-lord-blackwood,knee-deep-in-the-keter,kolubryna-w-ladach-poludnia,operation-galahad,plumbing
scp-pl	pl	rs2020	未訳-rs2020	6	rezurekcja-usunietych,scp-pl-157,scp-pl-192,scp-pl-269,scp-pl-298
scp-pl	pl	syl2025	未訳-syl2025	6	inicjatywy-sylwestrowe,niepelna-infekcja-spirytologiczna-case-study,scp-pl-369,scp-pl-397,scp-pl-417
scp-pl	pl	_listpages	未訳-_listpages	5	scp-5999,scp-8727,scp-9001,the-deathless-merchant-of-london,wylacz-tv-wlacz-myslenie
scp-pl	pl	abecadło-śmierci	未訳-abecadło-śmierci	5	scp-7179,scp-7340,scp-7396,scp-7450,scp-7579
scp-pl	pl	doktor-gorzelski	未訳-doktor-gorzelski	5	28-miesiecy-3-tygodni-6-dni-9-godzin-i-12-minut,nocna-zmiana,scp-pl-114,scp-pl-128,scp-pl-344
scp-pl	pl	drugoosobowe	未訳-drugoosobowe	5	atzak-i,running,samozatopienie,scatterbrained,scp-239-s-spell-book
scp-pl	pl	dziennik	未訳-dziennik	5	bees,diary-of-a-young-girl,diary-of-an-existential-kid,dwie-strony-z-pamietnika-gorala,from-the-diaries-of-lord-blackwood
scp-pl	pl	iwiel2017	未訳-iwiel2017	5	inicjatywa-wielkanocna-2017,scp-wpl-001,scp-wpl-002,scp-wpl-015,scp-wpl-827
scp-pl	pl	ksenofikcja	未訳-ksenofikcja	5	disgusting,nightmare-regent-blue,once-but-not-now,project-ruby,unbroken
scp-pl	pl	robert-amerstein	未訳-robert-amerstein	5	horror-wonders,scp-pl-280,scp-pl-281,scp-pl-282,wszystko-nic
scp-pl	pl	superbohater	未訳-superbohater	5	scp-1233,scp-353,scp-4051,scp-4494,scp-8918
scp-pl	pl	zwarcie	未訳-zwarcie	5	dzialajac-w-cieniu,scp-pl-235,scp-pl-264,zle-krolestwo,zwarcie-hub
scp-pl	pl	anna-świtoń	未訳-anna-świtoń	4	krew-proch-i-wrzosy,scp-pl-389,scp-pl-399,scp-pl-400
scp-pl	pl	apokalipsa	未訳-apokalipsa	4	end-of-the-world-livestream,nightmare-regent-blue,radical-acceptance,revised-entry
scp-pl	pl	faerie	未訳-faerie	4	a-foul-storm-in-a-fair-land,nx-03,scp-001-o5,voice-of-vanguard
scp-pl	pl	fikcja-mitologiczna	未訳-fikcja-mitologiczna	4	about-the-serpent,dust-and-blood,narodziny-nowego-slonca,reka-mistrza-i-mocarza-serce
scp-pl	pl	historia-alternatywna	未訳-historia-alternatywna	4	chrobry-chrobry-byles-dobry,confiscated-documents-march-2022,piercing-the-veil,ripped-from-the-headlines
scp-pl	pl	korespondencja	未訳-korespondencja	4	end-of-the-world-livestream,let-the-factory-fail,piercing-the-veil,wondertainment-special-letter
scp-pl	pl	metafikcja	未訳-metafikcja	4	apas,magnum-opus-or-a-diatribe-in-defence-of-cliche,never-metafictional-character-i-liked,placeholder
scp-pl	pl	sigurros	未訳-sigurros	4	a-suicide-note,and-this-one-explains-humes,scp-239,scp-239-s-spell-book
scp-pl	pl	straszdziernik2023-nieoficjalny	未訳-straszdziernik2023-nieoficjalny	4	scp-pl-307,scp-pl-339,stacja-kosmiczna-souvlaki,straszdziernik-2023
scp-pl	pl	_hunter-industries	未訳-_hunter-industries	3	projekt-aplikacji-malphas,zlecenie-mef-2839,zlecenie-mef-7629
scp-pl	pl	aimb	未訳-aimb	3	food-truck,lazurowy-sen-ma-chabrowe-wlosy,rutynowa-kontrola
scp-pl	pl	doktor-deamonne	未訳-doktor-deamonne	3	powrot-do-niflheimu,scp-pl-319,scp-pl-389
scp-pl	pl	iw2017	未訳-iw2017	3	inicjatywa-walentynkowa-2017,rozdarci,scp-pl-183-w
scp-pl	pl	koigarezaki-shinbun	未訳-koigarezaki-shinbun	3	koigarezaki-substancje-odkryptydowe,ripieno,scp-pl-330
scp-pl	pl	komisja-ładunków-nadzwyczajnych	未訳-komisja-ładunków-nadzwyczajnych	3	manifest-354-odmienny-wsrod-odmiencow,manifest-704,scp-pl-334
scp-pl	pl	kosmici	未訳-kosmici	3	lessons-from-history,project-heimdall-prologue,to-what-purpose-an-invasion
scp-pl	pl	logos	未訳-logos	3	niski-priorytet,sledztwo-sz-2025-213,zatrzymany
scp-pl	pl	opera-kosmiczna	未訳-opera-kosmiczna	3	faster-than-light-prelude,stairway-to-the-stars,workshop-of-the-telescopes
scp-pl	pl	ręka-dinodona	未訳-ręka-dinodona	3	dinodon-s-hand,scp-2911-jp,the-deathless-merchant-of-london
scp-pl	pl	wydział-antymemetyki	未訳-wydział-antymemetyki	3	introductory-antimemetics,scp-1796,we-need-to-talk-about-fifty-five
scp-pl	pl	złota-klatka	未訳-złota-klatka	3	scp-023-cs,scp-4010,zlata-klec-hub
scp-pl	pl	_joicl	未訳-_joicl	2	drzewa-wolnosci,so-r-4771
scp-pl	pl	_pzga	未訳-_pzga	2	boletus-aridas,ulotka-informacyjna-o-anomalnym-grzybie-halucynka-prawdziwa
scp-pl	pl	_szafir	未訳-_szafir	2	sapphire-augmentacja,zetetic-bulletin-wu-xing-iris
scp-pl	pl	a.d.	未訳-a.d.	2	external-relations-orientation-annihilism,external-relations-orientation-robotic-republic
scp-pl	pl	anomalimpiada	未訳-anomalimpiada	2	mech-bojowy-serii-laggar,tytan-ti74n
scp-pl	pl	doktor-shaw	未訳-doktor-shaw	2	scp-6871,scp-7001
scp-pl	pl	fundacja4k	未訳-fundacja4k	2	f4k,scp-cn-2380
scp-pl	pl	halloween	未訳-halloween	2	mtf-sigma-5-pumpkin-punchers,trick-or-treat
scp-pl	pl	instytut-anomalności	未訳-instytut-anomalności	2	poczatki-normalnosci-i-jej-przyszlosc,wrong-proposal
scp-pl	pl	konkurs-dziady	未訳-konkurs-dziady	2	konkurs-dziady,ostatni-dzien-pazdziernika
scp-pl	pl	krwiożerczy-potwór	未訳-krwiożerczy-potwór	2	once-but-not-now,revised-entry
scp-pl	pl	kryzys-manhattański	未訳-kryzys-manhattański	2	sc-99-734-01-506,scp-2911-jp
scp-pl	pl	mikrospkopijne	未訳-mikrospkopijne	2	scp-8345,scp-972
scp-pl	pl	mujin	未訳-mujin	2	scp-521-ko,secure-facility-dossier-site-64k
scp-pl	pl	shūshū-in	未訳-shūshū-in	2	scp-045-int,scp-cn-1210
scp-pl	pl	surrealizm	未訳-surrealizm	2	alex-thorley-goes-offline-for-shabbat,apas
scp-pl	pl	tau-5-samsara	未訳-tau-5-samsara	2	scp-1730,scp-4755
scp-pl	pl	złafundacja	未訳-złafundacja	2	faust-hub,scp-pl-232
scp-pl	pl	_argus	未訳-_argus	1	uh-75m-ad-argus-inc-jj-doc
scp-pl	pl	_cbsp	未訳-_cbsp	1	sledztwo-sz-2025-213
scp-pl	pl	_dewici	未訳-_dewici	1	na-bestyje-przepis-jeden-kranca-wdech
scp-pl	pl	_image	未訳-_image	1	scp-pl-215
scp-pl	pl	_koigarezaki-shinbun	未訳-_koigarezaki-shinbun	1	koigarezaki-substancje-odkryptydowe
scp-pl	pl	_samdaecheon	未訳-_samdaecheon	1	samdaecheon-odin
scp-pl	pl	_wspaniałości-mieszkaniowe	未訳-_wspaniałości-mieszkaniowe	1	ubikaz
scp-pl	pl	_www	未訳-_www	1	cel-78
scp-pl	pl	anihilizm	未訳-anihilizm	1	external-relations-orientation-annihilism
scp-pl	pl	bezpiecznie	未訳-bezpiecznie	1	scp-5146
scp-pl	pl	biuro-onmyō	未訳-biuro-onmyō	1	wrong-proposal
scp-pl	pl	cienie-łaknące-świętego-graala	未訳-cienie-łaknące-świętego-graala	1	holding-grails-hub
scp-pl	pl	departament-logiki	未訳-departament-logiki	1	scp-cn-2626
scp-pl	pl	doktor-okorie	未訳-doktor-okorie	1	scp-6643
scp-pl	pl	doktor-vang	未訳-doktor-vang	1	scp-j
scp-pl	pl	dr-wondertaiment	未訳-dr-wondertaiment	1	3-mr-money
scp-pl	pl	frakcje-saiga	未訳-frakcje-saiga	1	wikipedia-shigastan
scp-pl	pl	fusōki	未訳-fusōki	1	scp-045-int
scp-pl	pl	hana-thompson	未訳-hana-thompson	1	ponyposting
scp-pl	pl	iwanaga-beauty-association	未訳-iwanaga-beauty-association	1	koigarezaki-substancje-odkryptydowe
scp-pl	pl	jednostka-liczb-ujemnych	未訳-jednostka-liczb-ujemnych	1	scp-045-int
scp-pl	pl	język	未訳-język	1	scp-8411
scp-pl	pl	kcia-10-biuro	未訳-kcia-10-biuro	1	scp-045-int
scp-pl	pl	kete	未訳-kete	1	scp-299
scp-pl	pl	klan-kamikase	未訳-klan-kamikase	1	scp-045-int
scp-pl	pl	kw2018	未訳-kw2018	1	konkurs-wakacyjny-2018
scp-pl	pl	maciej-tier	未訳-maciej-tier	1	alter-ega
scp-pl	pl	maria-johnston	未訳-maria-johnston	1	scp-7110
scp-pl	pl	mobilne	未訳-mobilne	1	scp-7450
scp-pl	pl	myśl-letnich-ptaków	未訳-myśl-letnich-ptaków	1	sc-99-734-01-506
scp-pl	pl	nemo-i-nautilus	未訳-nemo-i-nautilus	1	scp-299-fr
scp-pl	pl	niematerialne	未訳-niematerialne	1	scp-1094
scp-pl	pl	npes	未訳-npes	1	scp-045-int
scp-pl	pl	onokinetyczne	未訳-onokinetyczne	1	scp-3088
scp-pl	pl	owad	未訳-owad	1	scp-8893
scp-pl	pl	pangea	未訳-pangea	1	goc-supplemental-implantation-fr
scp-pl	pl	plugsoft	未訳-plugsoft	1	mech-bojowy-serii-laggar
scp-pl	pl	rigaiken	未訳-rigaiken	1	scp-2911-jp
scp-pl	pl	robotyczna-republika	未訳-robotyczna-republika	1	external-relations-orientation-robotic-republic
scp-pl	pl	samdaecheon	未訳-samdaecheon	1	samdaecheon-odin
scp-pl	pl	szpital-zwierząt	未訳-szpital-zwierząt	1	scp-7256
scp-pl	pl	szygastan	未訳-szygastan	1	wikipedia-shigastan
scp-pl	pl	ttt-co	未訳-ttt-co	1	project-proposal-2024-003
scp-pl	pl	w-przepisaniu	未訳-w-przepisaniu	1	scp-pl-286
scp-pl	pl	wind-dew	未訳-wind-dew	1	ambrose-medsir
scp-pl	pl	wizualne	未訳-wizualne	1	scp-978
scp-pl	pl	wystawa-cudów	未訳-wystawa-cudów	1	scp-045-int
scp-pl	pl	zła-fundacja	未訳-zła-fundacja	1	scp-pl-319
scp-pl	pl	żółw	未訳-żółw	1	scp-pl-121-j
scp-pt-br	pt-br	traduzido	未訳-traduzido	3547	026-exploration-logs,1,1-mr-headless,10-30-a-m,1346-1
scp-pt-br	pt-br	o	未訳-o	3216	1,1-mr-headless,1346-1,15-11-2012,2117-recovered-materials
scp-pt-br	pt-br	_imagem	未訳-_imagem	508	1-mofo,2-gato,a-esposa-abandonada,a-vibora-perdida,carta-deixada-por-scp-172-pt
scp-pt-br	pt-br	⦿	未訳-⦿	293	026-exploration-logs,10-30-a-m,a-matter-of-perception,a-world-we-live-in,about-the-scp-foundation
scp-pt-br	pt-br	_metadados	未訳-_metadados	278	billiths-proposal,scp-008-it-arc,scp-008-j,scp-008-pt,scp-009
scp-pt-br	pt-br	fantasia	未訳-fantasia	255	a-blessed-day,a-brief-essay-on-human-culture,a-dark-forsaken-candle,a-faerie-tale-of-twin-queens,a-farewell-to-kings
scp-pt-br	pt-br	ficção-científica	未訳-ficção-científica	232	25-12-2047,784incident1,a-broken-tool,a-hole-in-mars,a-symphony-of-iron-and-steel
scp-pt-br	pt-br	horror	未訳-horror	218	1,1-mr-headless,2521-xxx,6-mr-stripes,784incident1
scp-pt-br	pt-br	ilustrado	未訳-ilustrado	155	a-symphony-of-iron-and-steel,ai-classification-guide,aiad-homescreen,alert-lockdown-initiated,amnesticization
scp-pt-br	pt-br	comédia	未訳-comédia	138	10-30-a-m,2521-escaped,a-cooler-manifesto,a-real-humdinger,adoption-poster-darius
scp-pt-br	pt-br	mistério	未訳-mistério	128	15-11-2012,2521-xxx,a-dark-forsaken-candle,a-final-dying-ember,a-hole-in-mars
scp-pt-br	pt-br	ação	未訳-ação	106	a-final-dying-ember,a-man-of-clay-and-men-formerly-men,a-symphony-of-iron-and-steel,an-alchemist-goes-to-war,anastasis-hub
scp-pt-br	pt-br	peça-de-época	未訳-peça-de-época	101	a-blessed-day,a-broken-tool,a-man-of-clay-and-men-formerly-men,a-scp-ab,a-small-bundle-of-letters
scp-pt-br	pt-br	ficção-criminal	未訳-ficção-criminal	88	a-dark-forsaken-candle,a-farewell-to-kings,a-final-dying-ember,a-pristine-untouched-wick,a-slow-flickering-flame
scp-pt-br	pt-br	ficção-de-espionagem	未訳-ficção-de-espionagem	87	2521-escaped,a-confluence-of-clandestine-conferences,a-day-notable-to-nobody,a-song-about-serious-information-leaks,a-sympathetic-thorn-in-the-side-of-the-bookburners
scp-pt-br	pt-br	slice-of-life	未訳-slice-of-life	86	3-mr-money,a-day-notable-to-nobody,a-passed-away-pup,a-very-bailey-christmas,about-deer
scp-pt-br	pt-br	ficção-militar	未訳-ficção-militar	83	a-broken-tool,a-lesson-in-power,a-man-of-clay-and-men-formerly-men,a-scp-ab,an-alchemist-goes-to-war
scp-pt-br	pt-br	outro-mundo	未訳-outro-mundo	78	a-hole-in-mars,a-real-humdinger,a-sympathetic-thorn-in-the-side-of-the-bookburners,acrophobia,an-alchemist-goes-to-war
scp-pt-br	pt-br	inteligência-artificial	未訳-inteligência-artificial	64	a-clean-fast-end,a-symphony-of-iron-and-steel,ai-classification-guide,alert-lockdown-initiated,ambrose-vineta
scp-pt-br	pt-br	pós-apocalíptico	未訳-pós-apocalíptico	64	1,25-12-2047,a-clean-fast-end,another-lost-legacy,before-twilight
scp-pt-br	pt-br	ficção-religiosa	未訳-ficção-religiosa	63	a-blessed-day,a-small-bundle-of-letters,ambrose-vienna,at-creation-s-end,basic-observations
scp-pt-br	pt-br	worldbuilding	未訳-worldbuilding	62	10-30-a-m,a-brief-essay-on-human-culture,a-faerie-tale-of-twin-queens,about-deer,ai-classification-guide
scp-pt-br	pt-br	sombrio	未訳-sombrio	61	1,4-mr-lie,a-broken-tool,a-clean-fast-end,a-foul-storm-in-a-fair-land
scp-pt-br	pt-br	agridoce	未訳-agridoce	57	25-12-2047,a-calculated-risk,a-faerie-tale-of-twin-queens,a-thousand-times-before-his-death,a-very-bailey-christmas
scp-pt-br	pt-br	criança	未訳-criança	55	djkaktus-s-proposal,scp-009-j,scp-011-j,scp-026,scp-040
scp-pt-br	pt-br	primeira-pessoa	未訳-primeira-pessoa	53	3-mr-money,4-mr-lie,6-mr-stripes,a-brief-essay-on-human-culture,a-broken-tool
scp-pt-br	pt-br	central-série	未訳-central-série	51	a-dark-forsaken-candle,above-all-stand-i,acidverse,amnesticization,anastasis-hub
scp-pt-br	pt-br	burocracia	未訳-burocracia	49	a-day-notable-to-nobody,building-up,caged-bird-sings,changes-at-site-18,cloudy-with-a-chance-of-showers
scp-pt-br	pt-br	apocalíptico	未訳-apocalíptico	48	amnesticization,anastasis-hub,anno-domino,apotheosis-hub,awakenings
scp-pt-br	pt-br	fenômeno	未訳-fenômeno	48	scp-027,scp-033,scp-055,scp-108-pt,scp-1155
scp-pt-br	pt-br	monstro-assassino	未訳-monstro-assassino	40	another-lost-legacy,bring-me-flesh,crunch,dr-gears-s-proposal,he-sees-you
scp-pt-br	pt-br	_optout	未訳-_optout	38	arquivo-sbp-n-196-relatorio-de-exploracao-anomalia-dimension,central-de-peaceond,central-ethernia,component:listusers-2,deleted:concursourbano2024:jazonrm
scp-pt-br	pt-br	mitológico	未訳-mitológico	38	a-faerie-tale-of-twin-queens,archival-document-hsa-008-advent,at-creation-s-end,awakenings,dead-mans-hand
scp-pt-br	pt-br	aventura	未訳-aventura	36	alice-oezdemir,anders-robin,avatara,code-name-the-truth,dead-mans-hand
scp-pt-br	pt-br	horror-corporal	未訳-horror-corporal	36	a-matter-of-perception,curtain-call,dead-mans-hand,dead-men-tell-tales,ella-s-sickly-sweets
scp-pt-br	pt-br	necessita-corrigir	未訳-necessita-corrigir	36	2-gato,integration-program-hub,scp-037,scp-039,scp-040
scp-pt-br	pt-br	metaficção	未訳-metaficção	35	arsene-lupin-vs-the-scp-foundation-hub,at-creation-s-end,barrels-of-prose,djkaktus-s-proposal-ii,i-hub
scp-pt-br	pt-br	perseguição	未訳-perseguição	35	1-mr-headless,a-farewell-to-kings,a-slow-flickering-flame,another-lost-legacy,asmodeus
scp-pt-br	pt-br	◐	未訳-◐	34	ad-astra-per-aspera-hub,aiad-homescreen,apotheosis-hub,broken-masquerade-hub,canon-hub
scp-pt-br	pt-br	absurdismo	未訳-absurdismo	32	10-30-a-m,a-cooler-manifesto,a-simple-paradigm-shift,a-song-about-serious-information-leaks,ambrose-nyc
scp-pt-br	pt-br	surrealismo	未訳-surrealismo	30	a-fractured-curtain,acts-of-abuse,ambrose-nyc,ambrose-vienna,bagel
scp-pt-br	pt-br	central-grupo	未訳-central-grupo	28	aiad-homescreen,alexylva-university-hub,ambrose-restaurant-hub,anderson-robotics-hub,antimemetics-division-hub
scp-pt-br	pt-br	político	未訳-político	28	delendases-f3b3r-x44nm-pll77,forum-post,goc-tale-sequence-assessment,goc-tale-sequence-diplomacy,matryoshka-epilogue
scp-pt-br	pt-br	romance	未訳-romance	28	2521-xxx,a-final-dying-ember,a-scp-ab,alice-oezdemir,alls-fair-in-love-and-alchemy
scp-pt-br	pt-br	arqueológico	未訳-arqueológico	27	scp-009-pt,scp-089,scp-112-pt,scp-1427,scp-144-pt
scp-pt-br	pt-br	correspondência	未訳-correspondência	26	a-clean-fast-end,a-passed-away-pup,a-small-bundle-of-letters,asmodeus,asset-florida-orange
scp-pt-br	pt-br	escolar	未訳-escolar	26	a-final-dying-ember,a-pristine-untouched-wick,a-slow-flickering-flame,a-strong-steady-burn,about-deer
scp-pt-br	pt-br	funcionário-da-fundação	未訳-funcionário-da-fundação	25	captain-kirby-s-proposal,djkaktus-s-proposal-ii,kate-mctiriss-s-proposal,scp-086,scp-139
scp-pt-br	pt-br	horror-psicológico	未訳-horror-psicológico	25	a-matter-of-perception,atzak-hub,atzak-i,atzak-iii,cheesus
scp-pt-br	pt-br	artigo-deletado	未訳-artigo-deletado	24	deleted:about-the-lusophone-branch,deleted:arquivo-de-destaques-de-criticos,deleted:component:theme-sbp,deleted:concurso100pt:obama-binladen,deleted:concursourbano2024:jazonrm
scp-pt-br	pt-br	central-cânone	未訳-central-cânone	24	ad-astra-per-aspera-hub,aiad-homescreen,apotheosis-hub,broken-masquerade-hub,codename-green-king-hub
scp-pt-br	pt-br	deidade	未訳-deidade	24	kate-mctiriss-s-proposal,liz-the-gm-s-proposal,sandrewswann-s-proposal,scp-089,scp-1440
scp-pt-br	pt-br	horror-cósmico	未訳-horror-cósmico	24	1,antimemetics-division-hub,case-colourless-green,code-name-the-truth,conqueror-worm
scp-pt-br	pt-br	reconfortante	未訳-reconfortante	24	adoption-poster-ol-shock,capone,cierpienia-noworoczne,critter-profile-cappi,critter-profile-maya
scp-pt-br	pt-br	lgbtq	未訳-lgbtq	23	a-matter-of-perception,ace-of-hearts,audrey-fuchs,australian-rules,big-dick-chappell
scp-pt-br	pt-br	sem-diálogo	未訳-sem-diálogo	23	a-merciful-end,about-deer,carta-ao-diabo,clef-eats-ass-the-musical,experiment-log-914-theta
scp-pt-br	pt-br	história-alternativa	未訳-história-alternativa	22	all-things-considered,confiscated-documents-march-2022,disillusionment,ethical,ethics-guide
scp-pt-br	pt-br	distópico	未訳-distópico	21	carnivores,digging-up-the-past,do-you-remember-funerals,fifteenth-anonymous-donation,freedom-forever
scp-pt-br	pt-br	sonho	未訳-sonho	19	scp-046,scp-097,scp-1074,scp-1230,scp-2016
scp-pt-br	pt-br	demônio	未訳-demônio	17	carta-ao-diabo,ecstasy-and-exorcism,grant-request-for-utilization-of-electro-thaumic-computers-t,hypervelocity,i-palimpsest
scp-pt-br	pt-br	evento-anômalo	未訳-evento-anômalo	17	captain-kirby-s-proposal,lily-s-proposal,scp-1033,scp-1422,scp-1548
scp-pt-br	pt-br	humor-ácido	未訳-humor-ácido	17	adoption-poster-pearl,cheesus,clown-breeding-101-with-prof-richard-c-normus,dr-cimmerian-is-no-longer-allowed-to-use-temporal-anomalies,funerals-are-fun
scp-pt-br	pt-br	jornalismo	未訳-jornalismo	17	ambrose-nyc,ambrose-vienna,ambrose-vineta,corporate-responsibility,freekleinberg
scp-pt-br	pt-br	xenoficção	未訳-xenoficção	17	ambrose-vineta,awakening,bring-me-flesh,conqueror-worm,crunch
scp-pt-br	pt-br	alien	未訳-alien	16	a-hole-in-mars,autonomy-part-ii,autonomy-part-iii,close-encounter-with-nobody,das-taegliche-leben-mit-einer-ausserirdischen
scp-pt-br	pt-br	natal	未訳-natal	16	25-12-2047,a-very-bailey-christmas,bring-me-flesh,he-sees-you,scp-005-vn
scp-pt-br	pt-br	novela-espacial	未訳-novela-espacial	16	autonomy-part-ii,autonomy-part-iii,burnin-for-you,chilly-the-space-trucker,damocles
scp-pt-br	pt-br	fuga	未訳-fuga	15	building-up,caged-bird-sings,industrial-accidents,internal-memo-regarding-a-theft,meeting-anderson
scp-pt-br	pt-br	sistema	未訳-sistema	15	arquivo-de-artigos-em-destaque,arquivo-de-concursos-lusofonos,arquivo-de-traducoes-em-destaque,depoimentos,fundacao-lusofona-arc
scp-pt-br	pt-br	feérico	未訳-feérico	14	a-faerie-tale-of-twin-queens,a-foul-storm-in-a-fair-land,goc-tale-sequence-assessment,nx-03,scp-2323
scp-pt-br	pt-br	_unidade-de-incidentes-incomuns	未訳-_unidade-de-incidentes-incomuns	12	dossier-lph,make-america-normaler,paramax,three-portlands-hub,uiu-file-1933-001
scp-pt-br	pt-br	formato-da-fundação	未訳-formato-da-fundação	12	nullvoid,operacao-cacada-infernal,revised-entry,scp-000,scp-0025
scp-pt-br	pt-br	jurídico	未訳-jurídico	12	corporate-responsibility,ethical,paperpushing,paramax,scp-045-int
scp-pt-br	pt-br	relicário	未訳-relicário	12	ariete,caminhoes,carne,inexpugnavel,o-incidente
scp-pt-br	pt-br	_soluções-silvestres	未訳-_soluções-silvestres	11	adoption-poster-bandit,adoption-poster-darius,adoption-poster-ol-shock,adoption-poster-pearl,critter-profile-bakugo
scp-pt-br	pt-br	concursofundacional2025	未訳-concursofundacional2025	11	concursofundacional2025,concursofundacional2025:1-stardust-1,concursofundacional2025:drheitorbridge,concursofundacional2025:illcass,concursofundacional2025:luckysaurus
scp-pt-br	pt-br	fênix-rouxinol-pegas	未訳-fênix-rouxinol-pegas	11	a-scp-ab,finding-scalpel,florence-thorne-hub,greater-good-necessary-evil,individual-efficacy
scp-pt-br	pt-br	halloween	未訳-halloween	11	all-hallows,death-perception,halloween-on-17th-street,scp-031-j,scp-097
scp-pt-br	pt-br	_marshall-carter-e-dark	未訳-_marshall-carter-e-dark	10	delendases-f3b3r-x44nm-pll77,hypnotraline,kaiju-caviar-ocn39-t5fg6-7hjl2,night-s-collection,para-puppies
scp-pt-br	pt-br	eurtec	未訳-eurtec	10	halfway-lost,hard-machine,in-the-dark,loud-lawless-and-lost,moonlighting
scp-pt-br	pt-br	noosfera	未訳-noosfera	10	scp-332,scp-3739,scp-396,scp-4004,scp-5486
scp-pt-br	pt-br	7ª-guerra-oculta	未訳-7ª-guerra-oculta	9	a-man-of-clay-and-men-formerly-men,archival-document-hsa-008-advent,obskuracorps-memos,scp-3457,theme:3law-7ow
scp-pt-br	pt-br	_mão-da-serpente	未訳-_mão-da-serpente	9	a-sympathetic-thorn-in-the-side-of-the-bookburners,clown-town,new-atlantis,scattersomnia,the-deniers
scp-pt-br	pt-br	carregamentos-anormais	未訳-carregamentos-anormais	9	manifest-327,manifest-476,manifest-803,scp-4461,scp-5332
scp-pt-br	pt-br	concursourbano2024	未訳-concursourbano2024	9	concursourbano2024,concursourbano2024:centena,concursourbano2024:odilo-oliveira,concursourbano2024:operation-m,scp-063-pt
scp-pt-br	pt-br	concursovelhaguarda	未訳-concursovelhaguarda	9	concursovelhaguarda,deleted:scp-068-pt-arc,scp-046-pt,scp-074-pt,scp-084-pt
scp-pt-br	pt-br	segunda-pessoa	未訳-segunda-pessoa	9	a-matter-of-perception,acts-of-abuse,atzak-i,epilogue,new-job
scp-pt-br	pt-br	super-herói	未訳-super-herói	9	scp-2085,scp-2241,scp-2800,scp-353,scp-3734
scp-pt-br	pt-br	organograma	未訳-organograma	8	dossie-de-funcionarios,estrutura-organica,estrutura-organizacional,forcas-tarefa-moveis,fundacao-lusofona
scp-pt-br	pt-br	porco	未訳-porco	8	scp-2430,scp-2717,scp-2727,scp-3808,scp-4495
scp-pt-br	pt-br	spicy-crust-pizza	未訳-spicy-crust-pizza	8	breakthrough,piercing-the-veil,scp-378,scp-6296,spicy-crust-platoon
scp-pt-br	pt-br	série-sem-título	未訳-série-sem-título	8	bagel,scp-6208,scp-6478,scp-6938,scp-7195
scp-pt-br	pt-br	álcool	未訳-álcool	8	rounderhouse-proposal,scp-1541,scp-1933,scp-195,scp-209
scp-pt-br	pt-br	miniconcurso2023	未訳-miniconcurso2023	7	miniconcurso2023,miniconcurso2023:katita,miniconcurso2023:mraurum,miniconcurso2023:operation-m,miniconcurso2023:polvo-de-vrido
scp-pt-br	pt-br	_espírito-de-chicago	未訳-_espírito-de-chicago	6	carroll-105-the-jabberwock,carroll-188-gemini,carroll-305-la-pequena-habana,old-family-recipe,snitchdungeons
scp-pt-br	pt-br	_já-somos-maneiros	未訳-_já-somos-maneiros	6	project-proposal-1964-238,project-proposal-1990-60-a-tragedy-for-the-ages,project-proposal-2004-024,project-proposal-2014-1221,project-proposal-2018-145
scp-pt-br	pt-br	_primeiro	未訳-_primeiro	6	concursoftm2023:xenofauna,scp-011-pt,scp-092-pt,scp-100-pt,scp-137-pt
scp-pt-br	pt-br	_segundo	未訳-_segundo	6	scp-005-pt,scp-050-pt,scp-098-pt,scp-104-pt,scp-118-pt
scp-pt-br	pt-br	_sem-gênero	未訳-_sem-gênero	6	acidverse,sc-02-000-22-000,sc-95-347-00-723,scp-005,scp-033
scp-pt-br	pt-br	catálogo-deepwell	未訳-catálogo-deepwell	6	many-last-words,scp-4051,scp-4415,scp-5097,scp-8413
scp-pt-br	pt-br	cf2018	未訳-cf2018	6	concurso-folclorico,scp-011-pt,scp-029-pt,scp-050-pt,scp-171-pt
scp-pt-br	pt-br	comida	未訳-comida	6	scp-1794,scp-3147,scp-490,scp-5110,scp-5697
scp-pt-br	pt-br	diário	未訳-diário	6	bees,great-cult-escape,not-alone,package-dxv-180294-217,research-notes-of-rj-tellar
scp-pt-br	pt-br	dragão	未訳-dragão	6	scp-021,scp-111,scp-1762,scp-5866,scp-8015
scp-pt-br	pt-br	viagem-no-tempo	未訳-viagem-no-tempo	6	golden-horde-blues,sc-48-404-97-786,scp-1396,scp-3797,scp-711-ex
scp-pt-br	pt-br	_quintista	未訳-_quintista	5	a-song-about-serious-information-leaks,chilly-the-space-trucker,harvester-of-eyes,the-book-of-dave,you-and-me
scp-pt-br	pt-br	_terceiro	未訳-_terceiro	5	scp-029-pt,scp-063-pt,scp-116-pt,scp-131-pt,scp-155-pt
scp-pt-br	pt-br	coelho	未訳-coelho	5	scp-1793,scp-2037,scp-524,scp-729-j,scp-979
scp-pt-br	pt-br	concurso100pt	未訳-concurso100pt	5	concurso100pt,concurso100pt:2b-real,scp-100-pt,scp-104-pt,scp-116-pt
scp-pt-br	pt-br	necessita-suplemento	未訳-necessita-suplemento	5	scp-178,scp-184,scp-2209,scp-261,scp-709
scp-pt-br	pt-br	_coalizão-oculta-global	未訳-_coalizão-oculta-global	4	archival-document-hsa-008-advent,kte-5634-ex-machina-bosch,lte-0851-cetus,ute-1919-discofather
scp-pt-br	pt-br	_insurgência-do-caos	未訳-_insurgência-do-caos	4	sc-02-000-22-000,sc-48-404-97-786,sc-63-141-65-030,sc-95-347-00-723
scp-pt-br	pt-br	_restaurante-ambrose	未訳-_restaurante-ambrose	4	ambrose-nyc,ambrose-temecula,ambrose-vienna,ambrose-vineta
scp-pt-br	pt-br	as2020	未訳-as2020	4	carta-deixada-por-scp-172-pt,o-campones-e-o-coelho,scp-075-pt,scp-172-pt
scp-pt-br	pt-br	jamlusófona2023	未訳-jamlusófona2023	4	jamlusofona2023,jamlusofona2023:aokiblues,jamlusofona2023:rhytrembr,scp-058-pt
scp-pt-br	pt-br	quadrinho	未訳-quadrinho	4	2521-escaped,2521-xxx,scp-2521,silent-forest-ikuragunkan
scp-pt-br	pt-br	utópico	未訳-utópico	4	a-faerie-tale-of-twin-queens,scp-4005,scp-6001,world-went-beautiful
scp-pt-br	pt-br	_carregamentos-anormais	未訳-_carregamentos-anormais	3	manifest-327,manifest-476,manifest-803
scp-pt-br	pt-br	_faculdade-dos-cervos	未訳-_faculdade-dos-cervos	3	portlands-roller-derby,prank-war-one,prank-war-two
scp-pt-br	pt-br	_gru-divisão-p	未訳-_gru-divisão-p	3	alma-kyivshchyna,fly-agaric,squid-ispolin
scp-pt-br	pt-br	_skp	未訳-_skp	3	skp-136,skp-173-us,uebernahme-der-scp-foundation-durch-das-skp
scp-pt-br	pt-br	artificial	未訳-artificial	3	scp-115-pt,scp-2077,scp-4498
scp-pt-br	pt-br	concursoftm2023	未訳-concursoftm2023	3	concursoftm2023,concursoftm2023:xenofauna,scp-098-pt
scp-pt-br	pt-br	concursorevival2024	未訳-concursorevival2024	3	concursorevival2024,concursorevival2024:odilo-oliveira,concursorevival2024:polvodevrido
scp-pt-br	pt-br	fundo-socialista	未訳-fundo-socialista	3	lusofonao,scp-185-pt,scp-188-pt
scp-pt-br	pt-br	la	未訳-la	3	director-bold-s-proposal-la,scp-la-001,scp-la-002
scp-pt-br	pt-br	oceano-de-incertezas	未訳-oceano-de-incertezas	3	a-garota-e-a-vitoria,sala-de-conferencias-04-b,scp-078-pt
scp-pt-br	pt-br	_fundação-caridosa-manna	未訳-_fundação-caridosa-manna	2	draft-proposal-for-programme-arduinosis-9001,fifteenth-anonymous-donation
scp-pt-br	pt-br	_fábrica	未訳-_fábrica	2	contract-negotiations-01029,internal-investigation-i-49274
scp-pt-br	pt-br	_iniciativa-do-horizonte	未訳-_iniciativa-do-horizonte	2	excerpts-regarding-st-sophia,the-book-of-mathisi-chapter-1
scp-pt-br	pt-br	_shūshū-in	未訳-_shūshū-in	2	collected-item-no1080,collected-item-no2020
scp-pt-br	pt-br	bad-trip	未訳-bad-trip	2	scp-033-pt-ex,scp-063-pt
scp-pt-br	pt-br	bilhões-de-diamantes-negros	未訳-bilhões-de-diamantes-negros	2	delendases-f3b3r-x44nm-pll77,scp-255
scp-pt-br	pt-br	cel-shading	未訳-cel-shading	2	2521-escaped,scp-2521
scp-pt-br	pt-br	contagioso	未訳-contagioso	2	scp-7933,scp-es-297
scp-pt-br	pt-br	corpus-cadáver	未訳-corpus-cadáver	2	corpse-corpus-hub,scp-zh-981
scp-pt-br	pt-br	dep-de-continuidade	未訳-dep-de-continuidade	2	scp-1377,scp-8557
scp-pt-br	pt-br	edição-de-imagem	未訳-edição-de-imagem	2	art:instalacoes-seguras,scp-2521
scp-pt-br	pt-br	humanóide	未訳-humanóide	2	scp-4495,scp-es-201
scp-pt-br	pt-br	jamlusófona2022	未訳-jamlusófona2022	2	jamlusofona2022,myaso
scp-pt-br	pt-br	patrimônio-jp	未訳-patrimônio-jp	2	scp-040-jp,scp-100-jp
scp-pt-br	pt-br	pintura	未訳-pintura	2	2521-xxx,art:a-normal-day
scp-pt-br	pt-br	rascunho	未訳-rascunho	2	scp-682-j-james-coloring-book,silent-forest-ikuragunkan
scp-pt-br	pt-br	unidade-dos-números-negativos	未訳-unidade-dos-números-negativos	2	scp-045-int,scp-1995-jp
scp-pt-br	pt-br	wrathcon2024	未訳-wrathcon2024	2	a-merciful-end,asset-florida-orange
scp-pt-br	pt-br	2022-winter-contest	未訳-2022-winter-contest	1	2521-escaped
scp-pt-br	pt-br	_centro-soca-tubarão	未訳-_centro-soca-tubarão	1	spc-173-j
scp-pt-br	pt-br	_cietu	未訳-_cietu	1	analysis-of-the-plokamisuchus
scp-pt-br	pt-br	_deus-quebrado	未訳-_deus-quebrado	1	the-book-of-gnosis-repairers-vol-of-psalms-part-1
scp-pt-br	pt-br	_equipe-zero	未訳-_equipe-zero	1	file-no-hkc454
scp-pt-br	pt-br	_gpexpress	未訳-_gpexpress	1	gp-phy-ele-t169534964
scp-pt-br	pt-br	_joicl	未訳-_joicl	1	f-a-1030
scp-pt-br	pt-br	_mac	未訳-_mac	1	ya-te-veo
scp-pt-br	pt-br	_ninguém	未訳-_ninguém	1	close-encounter-with-nobody
scp-pt-br	pt-br	_rainha-negra	未訳-_rainha-negra	1	timeline-i-5
scp-pt-br	pt-br	_safira	未訳-_safira	1	zetetic-bulletin-wu-xing-iris
scp-pt-br	pt-br	além-da-entropia	未訳-além-da-entropia	1	scp-009-int
scp-pt-br	pt-br	amia	未訳-amia	1	bsia
scp-pt-br	pt-br	arte-funcionário	未訳-arte-funcionário	1	art:a-normal-day
scp-pt-br	pt-br	arte-scp	未訳-arte-scp	1	2521-xxx
scp-pt-br	pt-br	as2022	未訳-as2022	1	scp-047-pt
scp-pt-br	pt-br	as2023	未訳-as2023	1	o-porvir-do-felizardo
scp-pt-br	pt-br	bellerverso	未訳-bellerverso	1	wayward
scp-pt-br	pt-br	boneco	未訳-boneco	1	scp-641
scp-pt-br	pt-br	c11fr2023	未訳-c11fr2023	1	scp-611-fr
scp-pt-br	pt-br	clã-kamikase	未訳-clã-kamikase	1	scp-045-int
scp-pt-br	pt-br	comissão	未訳-comissão	1	scp-es-031
scp-pt-br	pt-br	comédia-encruzilhada	未訳-comédia-encruzilhada	1	collected-item-no2020
scp-pt-br	pt-br	contos-da-vida	未訳-contos-da-vida	1	the-rose-hub
scp-pt-br	pt-br	coroa-de-espinhos	未訳-coroa-de-espinhos	1	crowne-thorne-hub
scp-pt-br	pt-br	crimen-con-2021	未訳-crimen-con-2021	1	scp-es-252
scp-pt-br	pt-br	cronocon-2025	未訳-cronocon-2025	1	scp-es-031
scp-pt-br	pt-br	cádaver	未訳-cádaver	1	scp-518
scp-pt-br	pt-br	deixe-o-rio-vermelho	未訳-deixe-o-rio-vermelho	1	scp-8411
scp-pt-br	pt-br	derivado	未訳-derivado	1	skp-136
scp-pt-br	pt-br	eletrodoméstico	未訳-eletrodoméstico	1	scp-942
scp-pt-br	pt-br	eletronico	未訳-eletronico	1	scp-255
scp-pt-br	pt-br	eo	未訳-eo	1	scp-eo-416
scp-pt-br	pt-br	estrelas-mortas	未訳-estrelas-mortas	1	propuesta-de-almarduk
scp-pt-br	pt-br	euclídio	未訳-euclídio	1	scp-8012
scp-pt-br	pt-br	extraterreste	未訳-extraterreste	1	scp-7002
scp-pt-br	pt-br	faroeste	未訳-faroeste	1	cowboys-from-hell
scp-pt-br	pt-br	físico	未訳-físico	1	skp-136
scp-pt-br	pt-br	herança	未訳-herança	1	scp-030-pt
scp-pt-br	pt-br	horror-psicológica	未訳-horror-psicológica	1	scp-035
scp-pt-br	pt-br	hospital-animal	未訳-hospital-animal	1	scp-480
scp-pt-br	pt-br	huefoundation	未訳-huefoundation	1	cafe-para-dr-ferraz
scp-pt-br	pt-br	indeterminado	未訳-indeterminado	1	scp-312-fr-3
scp-pt-br	pt-br	inexistente	未訳-inexistente	1	scp-172-pt
scp-pt-br	pt-br	inteligencia	未訳-inteligencia	1	skp-136
scp-pt-br	pt-br	kcia-10th-bu	未訳-kcia-10th-bu	1	scp-045-int
scp-pt-br	pt-br	logo	未訳-logo	1	art:instalacoes-seguras
scp-pt-br	pt-br	lápis-de-cor	未訳-lápis-de-cor	1	scp-682-j-james-coloring-book
scp-pt-br	pt-br	miestério	未訳-miestério	1	wrong-proposal
scp-pt-br	pt-br	narrativa	未訳-narrativa	1	scp-6559
scp-pt-br	pt-br	nossas-veias-abertas	未訳-nossas-veias-abertas	1	scp-7542
scp-pt-br	pt-br	nova-cha-ling	未訳-nova-cha-ling	1	file-no-hkc454
scp-pt-br	pt-br	npes	未訳-npes	1	scp-045-int
scp-pt-br	pt-br	ooo	未訳-ooo	1	scp-es-200
scp-pt-br	pt-br	patrimônio-fr	未訳-patrimônio-fr	1	scp-032-fr
scp-pt-br	pt-br	plugsoft	未訳-plugsoft	1	scp-975-ko
scp-pt-br	pt-br	povo-abáy	未訳-povo-abáy	1	scp-144-pt
scp-pt-br	pt-br	regeneração	未訳-regeneração	1	scp-053-pt
scp-pt-br	pt-br	senciente	未訳-senciente	1	scp-017-it
scp-pt-br	pt-br	teatro-sem-nome	未訳-teatro-sem-nome	1	raven-s-proposal-1
scp-pt-br	pt-br	tranfiguração	未訳-tranfiguração	1	scp-742
scp-pt-br	pt-br	veado	未訳-veado	1	scp-2412-j
scp-pt-br	pt-br	à-caneta	未訳-à-caneta	1	art:a-normal-day
scp-pt-br	pt-br	árvore-da-vida	未訳-árvore-da-vida	1	scp-8984
scp-th	th	sentient	未訳-sentient	20	bonneneige-s-proposal,dr-comixer-s-proposal,drsss-s-proposal,scp-006-th-arc,scp-008-th-arc
scp-th	th	template	未訳-template	16	component:area,component:heritage-rating,component:image-block,component:image-block-base,component:image-block-left-base
scp-th	th	researcher-gamma	未訳-researcher-gamma	14	assault-the-church-of-the-broken-god,bigduty,chapter-1,chapter-4,chapter-5
scp-th	th	_licensebox	未訳-_licensebox	13	444-7,scp-1001,scp-1079,scp-152,scp-2539
scp-th	th	_cc	未訳-_cc	12	444-7,scp-1001,scp-1079,scp-152,scp-2539
scp-th	th	doctor-famous	未訳-doctor-famous	12	a-survivor-of-k-class,chapter-1,chapter-2,chapter-4,chapter-5
scp-th	th	doctor-slavanov	未訳-doctor-slavanov	11	assault-the-church-of-the-broken-god,chapter-1,chapter-2,chapter-3,chapter-4
scp-th	th	doctor-ran	未訳-doctor-ran	10	a-survivor-of-k-class,assault-the-church-of-the-broken-god,chapter-1,chapter-2,chapter-4
scp-th	th	zetafoudation	未訳-zetafoudation	10	deep-into-the-mysteries,dothis-s-proposal,god-is-everything,happy-birthday-to-me,scp-148-th
scp-th	th	ระดับ-esoteric	未訳-ระดับ-esoteric	10	scp-353-th,scp-6263,scp-6767-j,scp-7008,scp-8231
scp-th	th	_listpages	未訳-_listpages	9	444-7,scp-1001,scp-1079,scp-152,scp-4182
scp-th	th	agent-warren	未訳-agent-warren	9	agent-kazama-shin-s-personnel-file,assault-the-church-of-the-broken-god,chapter-1,chapter-4,chapter-5
scp-th	th	doctor-alexander	未訳-doctor-alexander	9	23-24-am,assault-the-church-of-the-broken-god,chapter-1,chapter-2,chapter-3
scp-th	th	สยองขวัญ	未訳-สยองขวัญ	9	scp-186,scp-6096,scp-8417,scp-8446,scp-8513
scp-th	th	agent-arms	未訳-agent-arms	8	agent-arms-s-personnel-file,assault-the-church-of-the-broken-god,chapter-2,chapter-3,chapter-4
scp-th	th	doctor-chan	未訳-doctor-chan	8	dr-chan-s-personnel-file,from-boy-to-man,scp-036-th,scp-038-th,scp-120-th
scp-th	th	doctor-slang	未訳-doctor-slang	7	chapter-1,chapter-2,chapter-4,chapter-5,day632
scp-th	th	ส่งผลต่อความทรงจำ	未訳-ส่งผลต่อความทรงจำ	7	scp-031-th,scp-3812,scp-6096,scp-6317,scp-8590
scp-th	th	arc	未訳-arc	6	archived-and-decommissioned-scps-th,scp-006-th-arc,scp-008-th-arc,scp-099-th-arc,scp-2000-th-arc
scp-th	th	doctor-thomson	未訳-doctor-thomson	6	a-survivor-of-k-class,famous-thomson-and-the-wine-thief,project-was-forgotten,the-famous-daydream,the-first-time-when-dr-tomson-was-under-attacked
scp-th	th	researcher-mary	未訳-researcher-mary	6	containment-breach-in-site-20,first-orientation,naive-researcher,researcher-mary-personnel-file,two-years-of-researcher-mary
scp-th	th	ปรากฏการณ์	未訳-ปรากฏการณ์	6	scp-021-th,scp-055-th,scp-093-th,scp-480,scp-8446
scp-th	th	agent-philosafix	未訳-agent-philosafix	5	chapter-4,chapter-5,jungle-in-the-lab,project-was-forgotten,robbery
scp-th	th	doctor-aes	未訳-doctor-aes	5	chapter-1,chapter-4,chapter-5,dr-aes-s-personnel-file,project-was-forgotten
scp-th	th	dothis-s-proposal	未訳-dothis-s-proposal	5	dothis-s-proposal,scp-014-th,scp-016-th,scp-630-th,scp-903-th
scp-th	th	mr-clerk	未訳-mr-clerk	5	assault-the-church-of-the-broken-god,chapter-1,chapter-4,chapter-5,wasupon-wichaidit-s-pesonal-file
scp-th	th	physics	未訳-physics	5	scp-101-th,scp-400-th,scp-412-th,scp-414-th,scp-900-th
scp-th	th	ตำแหน่งที่ตั้ง	未訳-ตำแหน่งที่ตั้ง	5	scp-020-th,scp-021-th,scp-4763,scp-821,scp-9044
scp-th	th	ภาพประกอบ	未訳-ภาพประกอบ	5	scp-3812,scp-6059,scp-8000,scp-9000,scp-9501
scp-th	th	association-of-mutants	未訳-association-of-mutants	4	scp-013-th,scp-026-th,scp-346-th,scp-471-th
scp-th	th	doctor-noppadon	未訳-doctor-noppadon	4	chapter-1,chapter-4,chapter-5,dr-noppadon-s-personnel-file
scp-th	th	doctor-peach	未訳-doctor-peach	4	deep-into-the-mysteries,peach-s-pesonal-file,scp-630-th,when-some-things-demand-they-lead-to-adventure
scp-th	th	statue	未訳-statue	4	scp-122-th,scp-345-th,scp-534-th,scp-629
scp-th	th	thegiantesses	未訳-thegiantesses	4	scp-411-th,scp-412-th,scp-414-th,scp-444-th
scp-th	th	น้ำ	未訳-น้ำ	4	scp-011-th,scp-015-th,scp-020-th,scp-6226
scp-th	th	มีชีวิต	未訳-มีชีวิต	4	scp-003,scp-037-th,scp-088,scp-098
scp-th	th	เฮอร์แมน-ฟุลเลอร์	未訳-เฮอร์แมน-ฟุลเลอร์	4	scp-1834,scp-1860,scp-1884,scp-1931
scp-th	th	aesthetic-of-music-sound	未訳-aesthetic-of-music-sound	3	scp-030-th,scp-115-th,scp-201-th
scp-th	th	agent-steinberg	未訳-agent-steinberg	3	agent-steinberg-s-personnel-file,assault-the-church-of-the-broken-god,find-test-subject
scp-th	th	automaton	未訳-automaton	3	scp-345-th,scp-495-th,scp-753
scp-th	th	doctor-phoenix	未訳-doctor-phoenix	3	assault-the-church-of-the-broken-god,dr-phoenix-s-personnel-file,that-s-a-bad-luck-to-be-alive
scp-th	th	entities	未訳-entities	3	deep-into-the-mysteries,dothis-s-proposal,when-some-things-demand-they-lead-to-adventure
scp-th	th	metaphysics	未訳-metaphysics	3	deep-into-the-mysteries,the-first-symphony,when-some-things-demand-they-lead-to-adventure
scp-th	th	researcher-max	未訳-researcher-max	3	containment-breach-in-site-20,resercher-srabprasert-s-personal-file,scp-037-th
scp-th	th	royer-house	未訳-royer-house	3	scp-022-th,scp-039-th,scp-041-th
scp-th	th	การเมือง	未訳-การเมือง	3	scp-4759,scp-6861,scp-9964
scp-th	th	อภิบันเทิงคดี	未訳-อภิบันเทิงคดี	3	scp-041-th,scp-3812,scp-8817
scp-th	th	อำนาจบริหาร	未訳-อำนาจบริหาร	3	scp-038-th,scp-9000,scp-9964
scp-th	th	เหตุการณ์ผิดปกติ	未訳-เหตุการณ์ผิดปกติ	3	scp-002-th,scp-024-th,scp-9000
scp-th	th	agent-caulfield	未訳-agent-caulfield	2	agent-caulfield-s-personnel-file,with-your-respect-and-faithfully
scp-th	th	agent-nelson	未訳-agent-nelson	2	agent-nelson-personal-file,find-test-subject
scp-th	th	anomalous	未訳-anomalous	2	deep-into-the-mysteries,when-some-things-demand-they-lead-to-adventure
scp-th	th	another-dimensions	未訳-another-dimensions	2	deep-into-the-mysteries,when-some-things-demand-they-lead-to-adventure
scp-th	th	clay	未訳-clay	2	scp-345-th,scp-909-th
scp-th	th	cosmic-entity	未訳-cosmic-entity	2	god-is-everything,the-first-symphony
scp-th	th	doctor-comixer	未訳-doctor-comixer	2	assault-the-church-of-the-broken-god,dr-comixer-s-personnel-file
scp-th	th	drganya	未訳-drganya	2	dr-ganya-s-plan,ganya-and-her-new-friends-from-french-branch
scp-th	th	girl	未訳-girl	2	scp-124-th,scp-655-th
scp-th	th	metaphysical	未訳-metaphysical	2	dothis-s-proposal,zetafoudation
scp-th	th	organic	未訳-organic	2	scp-006-th-arc,scp-909-th
scp-th	th	parallel-universe	未訳-parallel-universe	2	deep-into-the-mysteries,when-some-things-demand-they-lead-to-adventure
scp-th	th	parallel-universe-5	未訳-parallel-universe-5	2	scp-206-th,scp-407-th
scp-th	th	philosafix-s-proposal	未訳-philosafix-s-proposal	2	philosafix-s-proposal,the-prayer-is-real
scp-th	th	scp-creator	未訳-scp-creator	2	dothis-s-proposal,philosafix-s-proposal
scp-th	th	sigurros	未訳-sigurros	2	scp-3812,scp-8817
scp-th	th	site187	未訳-site187	2	scp-003-th,scp-013-th
scp-th	th	sitebm36	未訳-sitebm36	2	scp-030-th,scp-099-th
scp-th	th	slice-of-life	未訳-slice-of-life	2	goodbye,the-full-moon-night
scp-th	th	tag	未訳-tag	2	system:page-tags,tag-list
scp-th	th	th-canon	未訳-th-canon	2	horror-foundation,zetafoudation
scp-th	th	th-hub	未訳-th-hub	2	horror-foundation,zetafoudation
scp-th	th	thanawin	未訳-thanawin	2	scp-148-th,the-old-catoonbook
scp-th	th	translation	未訳-translation	2	scp-international,scp-th-translation
scp-th	th	จุดเด่น	未訳-จุดเด่น	2	scp-098,scp-884
scp-th	th	ด็อกเตอร์วันเดอเทนเมนต์	未訳-ด็อกเตอร์วันเดอเทนเมนต์	2	scp-920,scp-redd
scp-th	th	ทำลายไม่ได้	未訳-ทำลายไม่ได้	2	scp-3812,scp-911-th
scp-th	th	ผู้ชนะแนะนำ	未訳-ผู้ชนะแนะนำ	2	scp-821,scp-9000
scp-th	th	หดหู่	未訳-หดหู่	2	scp-8513,scp-9004
scp-th	th	หวานอมขมกลืน	未訳-หวานอมขมกลืน	2	nico-proposal,scp-821
scp-th	th	เด็ก	未訳-เด็ก	2	scp-040-th,scp-821
scp-th	th	แนววันสิ้นโลก	未訳-แนววันสิ้นโลก	2	scp-3812,scp-8513
scp-th	th	action	未訳-action	1	that-s-a-bad-luck-to-be-alive
scp-th	th	agent-jesadas	未訳-agent-jesadas	1	agent-jesadas-s-personnel-file
scp-th	th	alien	未訳-alien	1	dr-comixer-s-proposal
scp-th	th	android-p101	未訳-android-p101	1	services-personnels
scp-th	th	anomalie	未訳-anomalie	1	scp-630-th
scp-th	th	antique	未訳-antique	1	scp-115-th
scp-th	th	apophatic	未訳-apophatic	1	god-is-everything
scp-th	th	arboreal	未訳-arboreal	1	scp-300-th-arc
scp-th	th	area42	未訳-area42	1	scp-016-th
scp-th	th	area72	未訳-area72	1	scp-072-th
scp-th	th	association-of-black-magic-power-users	未訳-association-of-black-magic-power-users	1	scp-345-th
scp-th	th	avian	未訳-avian	1	bonneneige-s-proposal
scp-th	th	boy	未訳-boy	1	scp-119-th
scp-th	th	canon	未訳-canon	1	zetafoudation
scp-th	th	cephalopodic	未訳-cephalopodic	1	scp-707-th
scp-th	th	comic	未訳-comic	1	2521-escaped
scp-th	th	concepts	未訳-concepts	1	zetafoudation
scp-th	th	cosmic	未訳-cosmic	1	when-some-things-demand-they-lead-to-adventure
scp-th	th	crystalline	未訳-crystalline	1	scp-578
scp-th	th	doctor-sang	未訳-doctor-sang	1	with-your-respect-and-faithfully
scp-th	th	drnorleans	未訳-drnorleans	1	dr-norleans-and-mysterious-stories
scp-th	th	drran	未訳-drran	1	dr-ganya-s-plan
scp-th	th	extradimensional-entities	未訳-extradimensional-entities	1	when-some-things-demand-they-lead-to-adventure
scp-th	th	flower-heaven	未訳-flower-heaven	1	lostwhat-s-proposal
scp-th	th	group-hub	未訳-group-hub	1	serpent-s-hand-hub
scp-th	th	hana-thompson	未訳-hana-thompson	1	scp-6317
scp-th	th	hell	未訳-hell	1	scp-111-th
scp-th	th	horror	未訳-horror	1	scp-230-th
scp-th	th	hud	未訳-hud	1	archived-and-decommissioned-scps-th
scp-th	th	key	未訳-key	1	scp-369-th
scp-th	th	lost	未訳-lost	1	scp-655-th
scp-th	th	love	未訳-love	1	scp-140-th
scp-th	th	mathematics	未訳-mathematics	1	zetafoudation
scp-th	th	maze	未訳-maze	1	scp-202-th
scp-th	th	mind-affectingneurological	未訳-mind-affectingneurological	1	scp-901-th
scp-th	th	mythological	未訳-mythological	1	scp-963-th
scp-th	th	omnivorous	未訳-omnivorous	1	scp-105-th
scp-th	th	ophidian	未訳-ophidian	1	philosafix-s-proposal
scp-th	th	page-tags	未訳-page-tags	1	system:page-tags
scp-th	th	pataphysics	未訳-pataphysics	1	zetafoudation
scp-th	th	performancere	未訳-performancere	1	scp-629
scp-th	th	physic	未訳-physic	1	scp-630-th
scp-th	th	piscine	未訳-piscine	1	philosafix-s-proposal
scp-th	th	pixel	未訳-pixel	1	happy-birthday-to-me
scp-th	th	ran-ganya	未訳-ran-ganya	1	dr-ganya-s-plan
scp-th	th	reality-based	未訳-reality-based	1	scp-630-th
scp-th	th	reality-warping	未訳-reality-warping	1	scp-630-th
scp-th	th	researcher-butterscotch	未訳-researcher-butterscotch	1	with-your-respect-and-faithfully
scp-th	th	researcherciengris	未訳-researcherciengris	1	virtual-dream
scp-th	th	scp-1440	未訳-scp-1440	1	scp-1440
scp-th	th	scp-953	未訳-scp-953	1	when-some-things-demand-they-lead-to-adventure
scp-th	th	scp-990	未訳-scp-990	1	god-is-everything
scp-th	th	scpth	未訳-scpth	1	scp-824-th
scp-th	th	site-zh-01	未訳-site-zh-01	1	lostwhat-s-proposal
scp-th	th	site36bm	未訳-site36bm	1	scp-025-th
scp-th	th	sitekp01	未訳-sitekp01	1	scp-008-th
scp-th	th	siterh31	未訳-siterh31	1	scp-022-th
scp-th	th	space	未訳-space	1	dr-comixer-s-proposal
scp-th	th	spacetime	未訳-spacetime	1	scp-895-th
scp-th	th	tale-us	未訳-tale-us	1	out-of-the-frying-pan-and-into-the-fire
scp-th	th	th-fr	未訳-th-fr	1	ganya-and-her-new-friends-from-french-branch
scp-th	th	the-association-of-black-magic-power-users	未訳-the-association-of-black-magic-power-users	1	scp-100-th
scp-th	th	the-children-of-mirebane	未訳-the-children-of-mirebane	1	scp-771-th
scp-th	th	the-waver	未訳-the-waver	1	the-first-symphony
scp-th	th	three-enclosures	未訳-three-enclosures	1	lostwhat-s-proposal
scp-th	th	untitled-series	未訳-untitled-series	1	scp-6208
scp-th	th	victim	未訳-victim	1	scp-119-th
scp-th	th	wooden	未訳-wooden	1	scp-821-th
scp-th	th	write	未訳-write	1	scp-629
scp-th	th	กักกันไม่ได้	未訳-กักกันไม่ได้	1	scp-920
scp-th	th	กัมมันตรังสี	未訳-กัมมันตรังสี	1	scp-003
scp-th	th	การจำลองตัวเอง	未訳-การจำลองตัวเอง	1	scp-088
scp-th	th	การมองเห็น	未訳-การมองเห็น	1	scp-884
scp-th	th	การรักษา	未訳-การรักษา	1	scp-006
scp-th	th	การแปลงกาย	未訳-การแปลงกาย	1	scp-088
scp-th	th	ขบขัน	未訳-ขบขัน	1	scp-8147
scp-th	th	คล้ามนุษย์	未訳-คล้ามนุษย์	1	scp-8417
scp-th	th	ความน่าจะเป็น	未訳-ความน่าจะเป็น	1	scp-920
scp-th	th	คอสมิกฮอร์เรอร์	未訳-คอสมิกฮอร์เรอร์	1	scp-8446
scp-th	th	ซูโดเจเนซิส	未訳-ซูโดเจเนซิส	1	scp-821
scp-th	th	ซ่อมแซมตัวเองได้	未訳-ซ่อมแซมตัวเองได้	1	scp-006
scp-th	th	ต่างโลก	未訳-ต่างโลก	1	scp-8147
scp-th	th	นอกมิติ	未訳-นอกมิติ	1	scp-444-th
scp-th	th	บทความเด่น	未訳-บทความเด่น	1	scp-003
scp-th	th	บอดี้ฮอร์เรอร์	未訳-บอดี้ฮอร์เรอร์	1	scp-8446
scp-th	th	ประวัติศาสตร์คู่ขนาน	未訳-ประวัติศาสตร์คู่ขนาน	1	scp-8111
scp-th	th	ปรัมปรา	未訳-ปรัมปรา	1	scp-8446
scp-th	th	ปิศาจนักฆ่า	未訳-ปิศาจนักฆ่า	1	scp-6096
scp-th	th	ผลกระทบต่อสมอง	未訳-ผลกระทบต่อสมอง	1	scp-884
scp-th	th	ผู้กำกับมูส	未訳-ผู้กำกับมูส	1	scp-003
scp-th	th	ผู้ให้พร	未訳-ผู้ให้พร	1	scp-009-th
scp-th	th	ฟิสิกส์	未訳-ฟิสิกส์	1	scp-038-th
scp-th	th	มองเห็นได้	未訳-มองเห็นได้	1	scp-053
scp-th	th	มังกร	未訳-มังกร	1	scp-035-th
scp-th	th	มิตเตอร์	未訳-มิตเตอร์	1	scp-920
scp-th	th	มิสเตอร์	未訳-มิสเตอร์	1	scp-redd
scp-th	th	มีผลกระทบต่อจิตใจ	未訳-มีผลกระทบต่อจิตใจ	1	scp-003
scp-th	th	มีผลกระทบทางจิต	未訳-มีผลกระทบทางจิต	1	scp-088
scp-th	th	มีฤทธิ์กัดกร่อน	未訳-มีฤทธิ์กัดกร่อน	1	scp-088
scp-th	th	ย้อนยุค	未訳-ย้อนยุค	1	scp-186
scp-th	th	ราชาสีชาด	未訳-ราชาสีชาด	1	scp-redd
scp-th	th	วงจรวนซ้ำ	未訳-วงจรวนซ้ำ	1	scp-055-th
scp-th	th	สถานที่	未訳-สถานที่	1	scp-006
scp-th	th	สร้างตนเองใหม่ได้	未訳-สร้างตนเองใหม่ได้	1	scp-003
scp-th	th	สัตว์มีข้อปล้อง	未訳-สัตว์มีข้อปล้อง	1	scp-098
scp-th	th	สัมผัสได้	未訳-สัมผัสได้	1	scp-053
scp-th	th	สายพันธุ์	未訳-สายพันธุ์	1	scp-098
scp-th	th	สายลับ-ลาเม็น	未訳-สายลับ-ลาเม็น	1	scp-884
scp-th	th	สืบสวนสอบสวน	未訳-สืบสวนสอบสวน	1	scp-8417
scp-th	th	ส่งกระแสจิต	未訳-ส่งกระแสจิต	1	scp-003
scp-th	th	อบอุ่นหัวใจ	未訳-อบอุ่นหัวใจ	1	scp-8111
scp-th	th	อาชญนิยาย	未訳-อาชญนิยาย	1	scp-8363
scp-th	th	เกี่ยวข้องกับความร้อน	未訳-เกี่ยวข้องกับความร้อน	1	scp-003
scp-th	th	เขียนใหม่	未訳-เขียนใหม่	1	scp-003
scp-th	th	เดลต้า-t	未訳-เดลต้า-t	1	scp-8963
scp-th	th	เดอะเคออสอินเซอร์เจนซี	未訳-เดอะเคออสอินเซอร์เจนซี	1	scp-884
scp-th	th	เดินทางข้ามเวลา	未訳-เดินทางข้ามเวลา	1	scp-8963
scp-th	th	เทพเจ้า	未訳-เทพเจ้า	1	scp-771-th
scp-th	th	เปลี่ยนแปลงรูปร่าง	未訳-เปลี่ยนแปลงรูปร่าง	1	scp-003
scp-th	th	เสียง	未訳-เสียง	1	scp-884
scp-th	th	เสี้ยวชีวิต	未訳-เสี้ยวชีวิต	1	scp-8111
scp-th	th	เหตุการระดับ-dk	未訳-เหตุการระดับ-dk	1	scp-003
scp-th	th	เอเลี่ยน	未訳-เอเลี่ยน	1	scp-444-th
scp-th	th	แคนนอน	未訳-แคนนอน	1	fading-stars-hub
scp-th	th	แนวทหาร	未訳-แนวทหาร	1	scp-186
scp-th	th	แนวหลังวันสิ้นโลก	未訳-แนวหลังวันสิ้นโลก	1	scp-3812
scp-th	th	แนวเหนือจริง	未訳-แนวเหนือจริง	1	scp-8446
scp-th	th	แฟนตาซี	未訳-แฟนตาซี	1	scp-8363
scp-th	th	แฟรี่	未訳-แฟรี่	1	scp-6380
scp-th	th	แอลกอฮอล์	未訳-แอลกอฮอล์	1	scp-8363
scp-th	th	โนโอสเฟียร์	未訳-โนโอสเฟียร์	1	scp-9949
scp-th	th	โบราณคดี	未訳-โบราณคดี	1	scp-072-th
scp-th	th	โบราณวัตถุ	未訳-โบราณวัตถุ	1	scp-884
scp-th	th	ไซคอลอจิคัลฮอร์เรอร์	未訳-ไซคอลอจิคัลฮอร์เรอร์	1	scp-6096
scp-th	th	ไซไฟ	未訳-ไซไฟ	1	scp-8147
scp-ukrainian	ua	_i	未訳-_i	398	dr-clef-s-proposal,dr-gears-s-proposal,dr-manns-proposal,jonathan-ball-s-proposal,lily-s-proposal
scp-ukrainian	ua	_xo	未訳-_xo	206	2521-escaped,anacharsis-ua-s-artworks,artwork-hub,component:acs-animation,component:acs-peppo-lite
scp-ukrainian	ua	свідомий	未訳-свідомий	194	decomm:scp-083-d,decomm:scp-226-d,dr-gears-s-proposal,nur-der-regen-weint-um-mich,scp-003-fr
scp-ukrainian	ua	кетер	未訳-кетер	176	dr-clef-s-proposal,fragment:eshu-3,jonathan-ball-s-proposal,keter,sandrewswann-s-proposal
scp-ukrainian	ua	оповідання	未訳-оповідання	167	036-ua-ec,13th-23rd-december-2008,173,1st-12th-december-2008,24th-december-2008-14th-january-2009
scp-ukrainian	ua	додаток	未訳-додаток	148	026-exploration-logs,21st-30th-november-2008,662-l1,835aarfull,835revised
scp-ukrainian	ua	_ii	未訳-_ii	125	scp-1000,scp-1001,scp-1002,scp-1003,scp-1004
scp-ukrainian	ua	_component	未訳-_component	103	component:3lawtheme,component:_template,component:acs-animation,component:acs-peppo-lite,component:aers:info-stuff
scp-ukrainian	ua	_iii	未訳-_iii	88	scp-2001,scp-2002,scp-2003,scp-2006,scp-2037
scp-ukrainian	ua	особливий	未訳-особливий	54	dr-gears-s-proposal,dr-manns-proposal,lily-s-proposal,macro-7happy7-proposal,nonstandard
scp-ukrainian	ua	співавторство	未訳-співавторство	53	835aarfull,835revised,an-faq-part-two-or-your-hume-questions-answered,archivo-061-b,canon-hub
scp-ukrainian	ua	архів	未訳-архів	47	archive,decomm:scp-083-d,decomm:scp-122-d,decomm:scp-135-d,decomm:scp-153-d
scp-ukrainian	ua	експеримент	未訳-експеримент	47	addelog007ua,archivo-061-b,deleted:experiment-logs,disseminated-documentation-1985-alpha,document-096-1
scp-ukrainian	ua	хаб	未訳-хаб	47	anderson-robotics-hub,are-we-cool-yet-hub,artwork-hub,black-queen-hub,canon-hub
scp-ukrainian	ua	_iv	未訳-_iv	45	scp-3001,scp-3003,scp-3008,scp-3012,scp-3015
scp-ukrainian	ua	конкурс	未訳-конкурс	41	contest-archive,every-day-is-a-holiday,first-ua-tale-contest,herodotus-report,i-novij-den-nastane
scp-ukrainian	ua	_admin	未訳-_admin	36	_404,all-manuals,canon-hub,component:i57theme,component:pet-theme
scp-ukrainian	ua	гок	未訳-гок	36	2521-escaped,a-suicide-note,disseminated-documentation-1985-alpha,exit-strategy,goc-supplemental-arad
scp-ukrainian	ua	посібник	未訳-посібник	35	about-the-scp-foundation,all-manuals,amnesiac-classification,amnestic-orientation-manual,anomaly-classification-system-guide
scp-ukrainian	ua	пристрій	未訳-пристрій	33	scp-021-ua,scp-022-ua,scp-037-ua,scp-042-ua,scp-056-de
scp-ukrainian	ua	пан	未訳-пан	31	adoption-poster-darius,ambrose-backdoor-soho,collected-item-no1080,mr-normie,scp-1007
scp-ukrainian	ua	перелік_об'єктів	未訳-перелік_об'єктів	31	archive,lista-pl,scp-ex,scp-international,scp-it-serie-i
scp-ukrainian	ua	мкід	未訳-мкід	30	ambrose-backdoor-soho,kaiju-caviar-ocn39-t5fg6-7hjl2,marshall-carter-and-dark-hub,scp-032-fr,scp-094-ua
scp-ukrainian	ua	_theme	未訳-_theme	28	black-highlighter-themes,component:license-box-theme,component:new-year,theme:alexylva-university,theme:basalt
scp-ukrainian	ua	гоі	未訳-гоі	26	anderson-robotics-hub,are-we-cool-yet-hub,black-queen-hub,chaos-insurgency-hub,church-of-the-broken-god-hub
scp-ukrainian	ua	_v	未訳-_v	25	scp-4015,scp-4018,scp-4031,scp-4100,scp-4107
scp-ukrainian	ua	гпн	未訳-гпн	25	adoption-poster-darius,ambrose-backdoor-soho,collected-item-no1080,different-kinds-of-nihilism,gamers-against-weed-hub
scp-ukrainian	ua	змінення_реальності	未訳-змінення_реальності	25	scp-011-ua,scp-012-ua,scp-030-ua-arc,scp-047-ua,scp-056-ua
scp-ukrainian	ua	органічний	未訳-органічний	25	scp-002,scp-003,scp-023-ua,scp-030,scp-039-ua
scp-ukrainian	ua	нейтралізований	未訳-нейтралізований	23	scp-020-ua,scp-045-it,scp-1123-ru,scp-123-ua,scp-1283-ru
scp-ukrainian	ua	дивограйко	未訳-дивограйко	22	scp-1007,scp-111,scp-1799,scp-1908,scp-2148
scp-ukrainian	ua	експедиція	未訳-експедиція	22	document-087-i,document-087-ii,document-087-iii,document-860-i-and-ii,document-860-iii-and-iv
scp-ukrainian	ua	саркіцизм	未訳-саркіцизм	22	andrij-pervozvanij-na-kiivskih-gorah,carnifex-carl,first-ivady-donation,kaiju-caviar-ocn39-t5fg6-7hjl2,old-adytite-language
scp-ukrainian	ua	_x	未訳-_x	21	admin:manage,credit:_template,groups-of-interest-of-the-ukrainian-branch,inc:redirect,info:_template
scp-ukrainian	ua	дерев'яний	未訳-дерев'яний	19	scp-008-ua,scp-048-it-arc,scp-051-ua,scp-052-ua,scp-063-ua
scp-ukrainian	ua	розбитий_бог	未訳-розбитий_бог	19	church-of-the-broken-god-hub,exit-strategy,party-of-gods,scp-1037,scp-1139
scp-ukrainian	ua	інцидент	未訳-інцидент	19	charakterystyka-manifestacji-scp-pl-037,deleted:incident-reports,inc-096-ua-shl00,inc096-ua-682,incident-023-27
scp-ukrainian	ua	_fragment	未訳-_fragment	18	fragment:collapsible-sidebar-bhl,fragment:eshu-1,fragment:eshu-2,fragment:eshu-3,fragment:scp-080-ua-1
scp-ukrainian	ua	statistic	未訳-statistic	18	component:base-statistic-1,component:base-statistic-2,component:class-statistic-1,component:class-statistic-12,component:class-statistic-2
scp-ukrainian	ua	няк	未訳-няк	18	are-we-cool-yet-hub,birth-of-the-cool,scp-024-fr,scp-029-ua,scp-044-ua
scp-ukrainian	ua	001	未訳-001	17	dr-clef-s-proposal,dr-gears-s-proposal,dr-manns-proposal,jonathan-ball-s-proposal,lily-s-proposal
scp-ukrainian	ua	гоі-формат	未訳-гоі-формат	17	adoption-poster-darius,adoption-poster-pearl,ambrose-backdoor-soho,bintovani-ludi-vazsbu-ua,carnifex-carl
scp-ukrainian	ua	_vi	未訳-_vi	16	scp-5000,scp-5022,scp-5040,scp-5140,scp-5322
scp-ukrainian	ua	_css	未訳-_css	15	black-highlighter-themes,component:3lawtheme,component:addition,component:centered-header-bhl,component:collapsible-sidebar
scp-ukrainian	ua	класика	未訳-класика	15	heritage-collection,scp-055,scp-076,scp-087,scp-093
scp-ukrainian	ua	повстанці_хаосу	未訳-повстанці_хаосу	15	chaos-insurgency-hub,disseminated-documentation-1985-alpha,scp-044-ua,scp-096-ua,scp-1248
scp-ukrainian	ua	чорна_королева	未訳-чорна_королева	15	between-shelves,black-queen-hub,carnifex-carl,cassandra,castling-by-hand
scp-ukrainian	ua	долоня_змія	未訳-долоня_змія	14	a-suicide-note,disseminated-documentation-1985-alpha,incident-report-x23,koi-format,scp-1000
scp-ukrainian	ua	др_гірс	未訳-др_гірс	14	a-suicide-note,castling-by-hand,dr-gears-s-personnel-file,duke-till-dawn,experiment-log-187-1
scp-ukrainian	ua	фізика	未訳-фізика	14	dr-manns-proposal,scp-018,scp-020-fr,scp-048-ua,scp-074
scp-ukrainian	ua	_licensebox	未訳-_licensebox	13	953-interview-a,bees,component:license-box,component:license-box-backend,component:license-box-end
scp-ukrainian	ua	_vii	未訳-_vii	13	scp-6000,scp-6102,scp-6224,scp-6260,scp-6287
scp-ukrainian	ua	автор	未訳-автор	13	calinescu-dossier,comrade-xander-dossier,dasgot-dossier,dr-cimmerian-s-personnel-file,dr-gears-s-personnel-file
scp-ukrainian	ua	адміністратор	未訳-адміністратор	13	document-001-o5,dr-clef-s-proposal,mackenzie-s-proposal,name-rank-serial-number,o5-command-dossier
scp-ukrainian	ua	андерсон	未訳-андерсон	13	anderson-robotics-hub,building-up,last-meetings,peregrine,products
scp-ukrainian	ua	олімпія	未訳-олімпія	13	13th-23rd-december-2008,1st-12th-december-2008,24th-december-2008-14th-january-2009,experiment-log-040,experiment-log-158-ag
scp-ukrainian	ua	тауміель	未訳-тауміель	13	scp-019-ua,scp-042-ua,scp-122,scp-179,scp-1968
scp-ukrainian	ua	інтерв'ю	未訳-інтерв'ю	13	662-l1,953-interview-a,deleted:eye-witness-interviews,interview-051-1,interview-507-g
scp-ukrainian	ua	_image	未訳-_image	12	scp-013-ua,scp-016-ua,scp-017-ua,scp-021-ua,scp-024-ua
scp-ukrainian	ua	fr_жовтий	未訳-fr_жовтий	12	scp-002-fr,scp-003-fr,scp-004-fr,scp-008-fr,scp-011-fr
scp-ukrainian	ua	др_клеф	未訳-др_клеф	12	a-suicide-note,clef-dies,dr-cimmerian-is-no-longer-allowed-to-use-temporal-anomalies,duke-till-dawn,rounderhouse-proposal
scp-ukrainian	ua	лівша	未訳-лівша	12	new-round,scp-021-ua,scp-024-ua,scp-040-ua,scp-1005-ru
scp-ukrainian	ua	фабрика	未訳-фабрика	12	disseminated-documentation-1985-alpha,fragment:eshu-3,scp-001-o5,scp-1004,scp-1056
scp-ukrainian	ua	кейн_пейтос_кроу	未訳-кейн_пейтос_кроу	11	21st-30th-november-2008,a-suicide-note,decomm:scp-122-d,duke-till-dawn,experiment-log-914-theta
scp-ukrainian	ua	комітет_з_етики	未訳-комітет_з_етики	11	scp-020-ua,scp-093-ua,scp-1370,scp-1427,scp-179-ua
scp-ukrainian	ua	кручені_сосни	未訳-кручені_сосни	11	building-up,last-meetings,peregrine,products,scp-1360
scp-ukrainian	ua	панглосс	未訳-панглосс	11	don-t-let-the-fire-die,party-of-gods,scp-1522,scp-1612,scp-1685
scp-ukrainian	ua	прометей	未訳-прометей	11	hypervelocity,scp-1290,scp-148,scp-155,scp-1610
scp-ukrainian	ua	_template	未訳-_template	10	component:acs-animation,component:acs-peppo-split,component:flops-header,component:flops-header-source,component:scpseries-tales
scp-ukrainian	ua	information_pages	未訳-information_pages	10	deleted:experiment-logs,deleted:eye-witness-interviews,deleted:incident-reports,deleted:other,featured-scp-archive
scp-ukrainian	ua	будні-scp-ua-2021	未訳-будні-scp-ua-2021	10	every-day-is-a-holiday,first-ua-tale-contest,herodotus-report,i-novij-den-nastane,in-a-dark-dark-room
scp-ukrainian	ua	др_брайт	未訳-др_брайт	10	a-suicide-note,duke-till-dawn,immortal,kill-682,routine-psychological-evaluations-by-dr-glass
scp-ukrainian	ua	скло	未訳-скло	10	scp-004-ua,scp-011-fr,scp-104,scp-132,scp-1341
scp-ukrainian	ua	_credit	未訳-_credit	9	credit:_template,credit:backmodule,credit:end,credit:end-standalone,credit:otherwise
scp-ukrainian	ua	_redirect	未訳-_redirect	9	groups-of-interest-of-the-ukrainian-branch,liste-francaise,protected:scp-2721,scp-list,scp-list-2
scp-ukrainian	ua	_tareye_yenenchieyine	未訳-_tareye_yenenchieyine	9	scp-119-ua,scp-123-ua,scp-163-ua,scp-164-ua,scp-165-ua
scp-ukrainian	ua	_гоі2014	未訳-_гоі2014	9	between-shelves,cassandra,castling-by-hand,going-out-of-book,house-of-gears-part-one
scp-ukrainian	ua	ЦПБ	未訳-ЦПБ	9	a-golos-vopiusogo-v-pustini,andrij-pervozvanij-na-kiivskih-gorah,kniga-invii,odin-zvicajnij-den-akima,scp-025-ua
scp-ukrainian	ua	відділ_п	未訳-відділ_п	9	scp-030-ua-arc,scp-042-ua,scp-051-ua,scp-060-ua,scp-1011
scp-ukrainian	ua	др_кондракі	未訳-др_кондракі	9	a-suicide-note,dr-cimmerian-is-no-longer-allowed-to-use-temporal-anomalies,dr-kondraki-s-personnel-file,duke-till-dawn,routine-psychological-evaluations-by-dr-glass
scp-ukrainian	ua	короткі_статті_2015	未訳-короткі_статті_2015	9	scp-2140,scp-2312,scp-2521,scp-2627,scp-2642
scp-ukrainian	ua	fr_помаранчевий	未訳-fr_помаранчевий	8	scp-006-fr,scp-010-fr,scp-054-fr,scp-084-fr,scp-104-fr
scp-ukrainian	ua	багряний_король	未訳-багряний_король	8	party-of-gods,scp-1377-ru,scp-231,scp-2317,scp-404-j
scp-ukrainian	ua	весна_2024	未訳-весна_2024	8	scp-118-ua,scp-130-ua,scp-136-ua,scp-171-ua,scp-182-ua
scp-ukrainian	ua	геймдалль	未訳-геймдалль	8	adana-protocol,aydin-protocal,lessons-from-history,project-heimdall,project-heimdall-prologue
scp-ukrainian	ua	девіти	未訳-девіти	8	a-look-back-on-what-we-accomplished,sarkicism-hub,scp-073-ua,scp-140,scp-2140
scp-ukrainian	ua	др_келінеску	未訳-др_келінеску	8	calinescu-dossier,scp-123-ua,scp-163-ua,scp-164-ua,scp-165-ua
scp-ukrainian	ua	др_сіммеріан	未訳-др_сіммеріан	8	dr-cimmerian-is-no-longer-allowed-to-use-temporal-anomalies,dr-cimmerian-s-personnel-file,scp-2281,scp-245,scp-245-1-a
scp-ukrainian	ua	др_шукайло	未訳-др_шукайло	8	036-ua-ec,herodotus-report,scp-036-ua,scp-072-ua,scp-092-ua
scp-ukrainian	ua	мог	未訳-мог	8	equipaggiamenti-speciali,forces-intervention,mfo-herbicydowcy,mobile-einsatzkraefte,sily
scp-ukrainian	ua	олень_сатурна	未訳-олень_сатурна	8	letters-to-a-prophet,letters-to-a-prophet-2-scry-harder,party-of-gods,scp-1710,scp-1711
scp-ukrainian	ua	оповідання_список	未訳-оповідання_список	8	foundation-tales,foundation-tales-cn,foundation-tales-int,foundation-tales-ru,foundation-tales-ua
scp-ukrainian	ua	установа	未訳-установа	8	dossier-site-beth,installations-de-la-branche-francaise,secure-facilities-locations,secure-facilities-locations-int,secure-facility-dossier-research-site-45
scp-ukrainian	ua	_viii	未訳-_viii	7	scp-7254,scp-7260,scp-7333,scp-7500,scp-7728
scp-ukrainian	ua	авторство	未訳-авторство	7	licensing,licensing-another,licensing-j,licensing-tales,licensing-tales-int
scp-ukrainian	ua	брати_смерти	未訳-брати_смерти	7	death-and-the-doctors-hub,painless,scp-032,scp-1440,surgery
scp-ukrainian	ua	внп	未訳-внп	7	2521-escaped,adoption-poster-darius,scp-2145,scp-285,scp-2906
scp-ukrainian	ua	класи_об'єктів	未訳-класи_об'єктів	7	euclid,keter,meta-class,nonstandard,object-classes
scp-ukrainian	ua	лекція	未訳-лекція	7	about-annihilism-introduction,external-relations-orientation-annihilism,external-relations-orientation-robotic-republic,goc-supplemental-arad,goc-supplemental-thaumatology
scp-ukrainian	ua	_ix	未訳-_ix	6	scp-8010,scp-8147,scp-8204,scp-8332,scp-8411
scp-ukrainian	ua	na_zare	未訳-na_zare	6	epilogue-for-na-zare,in-memoriam-nazare,memories-nazare,patchwork-empire,scp-062-ua
scp-ukrainian	ua	rti	未訳-rti	6	raptor-tec-industries,scp-017-de,scp-030-de,scp-047-de,scp-056-de
scp-ukrainian	ua	аудіо	未訳-аудіо	6	scp-054-ua,scp-101-ua,scp-1091,scp-216,scp-884
scp-ukrainian	ua	бібліотека_мандрівників	未訳-бібліотека_мандрівників	6	between-shelves,rounderhouse-proposal,scp-3015,scp-4982,scp-5000
scp-ukrainian	ua	вплив	未訳-вплив	6	scp-101-ua,scp-1098-ru,scp-1377-ru,scp-1799,scp-191-ua
scp-ukrainian	ua	звуковий	未訳-звуковий	6	scp-045-it,scp-1016-ru,scp-1066-ru-v,scp-1245-ru,scp-504
scp-ukrainian	ua	зима_2023	未訳-зима_2023	6	scp-113-ua,scp-126-ua,scp-160-ua,scp-170-ua,scp-ua-winter-2023-contest
scp-ukrainian	ua	книга	未訳-книга	6	scp-079-ua,scp-1042-ru,scp-1263-ru,scp-140,scp-189-ua
scp-ukrainian	ua	колективний_розум	未訳-колективний_розум	6	scp-171,scp-184-ua,scp-2106,scp-2316,scp-253
scp-ukrainian	ua	марія_джонс	未訳-марія_джонс	6	835aarfull,835revised,scp-076,scp-076-2,scp-2433
scp-ukrainian	ua	списаний	未訳-списаний	6	decomm:scp-083-d,decomm:scp-122-d,decomm:scp-135-d,decomm:scp-153-d,decomm:scp-226-d
scp-ukrainian	ua	структурний_крикун	未訳-структурний_крикун	6	david-rosen-file,in-the-end-will-be-no-words,party-of-gods,scp-2682,scp-404-j
scp-ukrainian	ua	_kamishann	未訳-_kamishann	5	scp-105-ua,scp-106-ua,scp-118-ua,scp-134-ua,scp-169-ua
scp-ukrainian	ua	_потребує_оновлення	未訳-_потребує_оновлення	5	black-queen-hub,chaos-insurgency-hub,scp-102,scp-186,task-forces
scp-ukrainian	ua	fr_зелений	未訳-fr_зелений	5	scp-002-int,scp-005-fr,scp-009-fr,scp-012-fr,scp-153-fr
scp-ukrainian	ua	scp-ua-100	未訳-scp-ua-100	5	scp-100-ua,scp-101-ua,scp-150-ua,scp-169-ua,scp-ua-100-contest
scp-ukrainian	ua	г'юми	未訳-г'юми	5	an-faq-part-two-or-your-hume-questions-answered,and-this-one-explains-humes,scp-014-ua,scp-168-ua,scp-3001
scp-ukrainian	ua	др_райтс	未訳-др_райтс	5	duke-till-dawn,rounderhouse-proposal,routine-psychological-evaluations-by-dr-glass,scp-2559-j,scp-666-and-a-half-j
scp-ukrainian	ua	класика_fr	未訳-класика_fr	5	scp-006-fr,scp-009-fr,scp-020-fr,scp-032-fr,scp-185-fr
scp-ukrainian	ua	кмт	未訳-кмт	5	kms-archive-historian-s-diary,scp-114-ua,scp-155-ua,scp-156-ua,scp-180-ua
scp-ukrainian	ua	м'ясний_цирк	未訳-м'ясний_цирк	5	scp-078-ua,scp-1016-ru,scp-1027-ru,scp-1065-ru,scp-1079-ru
scp-ukrainian	ua	медіа	未訳-медіа	5	scp-1908,scp-5000,scp-5040,scp-6260,scp-6424
scp-ukrainian	ua	професор_aw	未訳-професор_aw	5	gone,scp-1408,scp-300,scp-4733,scp-733
scp-ukrainian	ua	_чорна_королева	未訳-_чорна_королева	4	carnifex-carl,cassandra,mr-normie,paris-massacre
scp-ukrainian	ua	аномалія	未訳-аномалія	4	scp-102-de,scp-141-ua,scp-148-ua,scp-149-ua
scp-ukrainian	ua	всеїдний	未訳-всеїдний	4	scp-367,scp-3934,scp-743,scp-870
scp-ukrainian	ua	ггг	未訳-ггг	4	eternal-conversation,scp-1121-ru,scp-1200-ru,scp-1263-ru
scp-ukrainian	ua	дадо	未訳-дадо	4	gone,scp-4176,scp-4733,your-very-last-scp
scp-ukrainian	ua	джудіт_лоу	未訳-джудіт_лоу	4	sarkicism-hub,scp-2133,scp-2191,scp-2480
scp-ukrainian	ua	дослідник_конуелл	未訳-дослідник_конуелл	4	building-up,last-meetings,simple-sketches,tearing-down
scp-ukrainian	ua	дослідник_роузен	未訳-дослідник_роузен	4	database-error,david-rosen-file,rounderhouse-proposal,scp-s
scp-ukrainian	ua	др_щеглюк	未訳-др_щеглюк	4	osobova-sprava-doktora-segluka,scp-189-ua,scp-191-ua,scp-193-ua
scp-ukrainian	ua	зима_2026	未訳-зима_2026	4	scp-120-ua,scp-142-ua,scp-156-ua,scp-ua-winter-2026-contest
scp-ukrainian	ua	кристал	未訳-кристал	4	scp-1037,scp-104-ua,scp-409,scp-578
scp-ukrainian	ua	літо_2023	未訳-літо_2023	4	scp-106-ua,scp-114-ua,scp-125-ua,scp-ua-summer-2023-contest
scp-ukrainian	ua	манна	未訳-манна	4	first-ivady-donation,scp-100-ua,scp-5000,scp-es-127
scp-ukrainian	ua	ментальний	未訳-ментальний	4	scp-054-ua,scp-101-ua,scp-1098-ru,scp-1377-ru
scp-ukrainian	ua	міські_легенди	未訳-міські_легенди	4	scp-088-ua,scp-110-ua,scp-114-ua,scp-147-ua
scp-ukrainian	ua	обґрунтований	未訳-обґрунтований	4	scp-1933-ex,scp-2014-ua-ex,scp-8900-ex,scp-ex
scp-ukrainian	ua	п'ятеринство	未訳-п'ятеринство	4	party-of-gods,scp-1958,scp-3519,scp-4982
scp-ukrainian	ua	перелік_аномалій	未訳-перелік_аномалій	4	anomalne,log-of-anomalous-items-ua,log-of-extranormal-events-ua,log-of-extranormal-locations-ua
scp-ukrainian	ua	речовина	未訳-речовина	4	scp-1024-ru,scp-1089-ru-v,scp-402,scp-es-127
scp-ukrainian	ua	_random	未訳-_random	3	random-page,random-page-object,random-page-tale
scp-ukrainian	ua	_subcomponent	未訳-_subcomponent	3	component:classified-decoration-base,component:french-ua-translation,component:interwiki-style
scp-ukrainian	ua	_оoo	未訳-_оoo	3	scp-1820,scp-184-ua,we-need-to-talk-about-fifty-five
scp-ukrainian	ua	fr_синій	未訳-fr_синій	3	scp-020-fr,scp-032-fr,scp-131-fr
scp-ukrainian	ua	under_construction	未訳-under_construction	3	component:object-class-bar-source,deleted:card-work,workbench
scp-ukrainian	ua	агент_карпатський	未訳-агент_карпатський	3	scp-057-ua,scp-092-ua,the-calm-before-the-storm-1
scp-ukrainian	ua	аполіон	未訳-аполіон	3	scp-030-ua,scp-6000,scp-8332
scp-ukrainian	ua	великий_карцист_іон	未訳-великий_карцист_іон	3	scp-2095,scp-2480,scp-404-j
scp-ukrainian	ua	глина	未訳-глина	3	scp-030,scp-181-ua,scp-960
scp-ukrainian	ua	годинник	未訳-годинник	3	scp-1032,scp-1808,scp-224
scp-ukrainian	ua	директорка_мус	未訳-директорка_мус	3	a-look-back-on-what-we-accomplished,rounderhouse-proposal,scp-6000
scp-ukrainian	ua	др_айсберг	未訳-др_айсберг	3	duke-till-dawn,iceberg-puts-135-on-ice,target-practice
scp-ukrainian	ua	др_хмельницький	未訳-др_хмельницький	3	036-ua-ec,scp-182-ua,scp-221-ua-j
scp-ukrainian	ua	діти_ночі	未訳-діти_ночі	3	don-t-let-the-fire-die,scp-1000,the-conspiracy-of-sigma-3
scp-ukrainian	ua	екстрамірний	未訳-екстрамірний	3	scp-011-fr,scp-112,scp-883
scp-ukrainian	ua	ерік	未訳-ерік	3	scp-066,scp-1248,scp-168
scp-ukrainian	ua	зима_2025	未訳-зима_2025	3	scp-147-ua,scp-183-ua,scp-ua-winter-2025-contest
scp-ukrainian	ua	ключ	未訳-ключ	3	mackenzie-s-proposal,scp-099-ua,scp-860
scp-ukrainian	ua	когнітивна_загроза	未訳-когнітивна_загроза	3	scp-055-de-j,scp-101-ua,scp-164-ua-j
scp-ukrainian	ua	космос	未訳-космос	3	scp-1331-ru,scp-1685,scp-4100
scp-ukrainian	ua	маріон_вілер	未訳-маріон_вілер	3	scp-4982,scp-blank-j,we-need-to-talk-about-fifty-five
scp-ukrainian	ua	начерк	未訳-начерк	3	classification-committee-memo,standard-form-for-downvotes,your-very-first-scp
scp-ukrainian	ua	омега-7	未訳-омега-7	3	scp-076,scp-076-2,scp-076-2-splash
scp-ukrainian	ua	проєкт_бійня	未訳-проєкт_бійня	3	addelog007ua,only-liars-can-betray,scp-007-ua
scp-ukrainian	ua	псв	未訳-псв	3	adoption-poster-darius,adoption-poster-pearl,world-went-beautiful
scp-ukrainian	ua	ресторани_емброуза	未訳-ресторани_емброуза	3	adoption-poster-pearl,ambrose-backdoor-soho,carnifex-carl
scp-ukrainian	ua	сапфір	未訳-сапфір	3	scp-164-fr,scp-236-fr,scp-3380
scp-ukrainian	ua	старий-у-морі	未訳-старий-у-морі	3	interlude-drift,strange-things-happen-at-sea,under-the-sea
scp-ukrainian	ua	творча-сторінка	未訳-творча-сторінка	3	anacharsis-ua-s-artworks,seventeam-s-artworks,svatilise-arhonta-vinsenta-i
scp-ukrainian	ua	три_місяці	未訳-три_місяці	3	scp-2578,scp-3319,scp-4337
scp-ukrainian	ua	4r	未訳-4r	2	scp-077-de,scp-750-ko
scp-ukrainian	ua	_мкід	未訳-_мкід	2	kaiju-caviar-ocn39-t5fg6-7hjl2,the-dark-web-dke79-o2rg5-4jlw6
scp-ukrainian	ua	_оo	未訳-_оo	2	kms-archive-historian-s-diary,under-the-sea
scp-ukrainian	ua	es_en	未訳-es_en	2	scp-179,scp-2171
scp-ukrainian	ua	fr_червоний	未訳-fr_червоний	2	scp-007-fr,scp-053-fr
scp-ukrainian	ua	fr_чорний	未訳-fr_чорний	2	scp-185-fr,scp-299-fr
scp-ukrainian	ua	ru_en	未訳-ru_en	2	scp-6260,swelling-of-the-worlds
scp-ukrainian	ua	un	未訳-un	2	scp-023-el-old,scp-series-un
scp-ukrainian	ua	авель	未訳-авель	2	knee-deep-in-the-keter,scp-076-j
scp-ukrainian	ua	аібу	未訳-аібу	2	scp-1037,secure-facility-dossier-site-88
scp-ukrainian	ua	бур'яни	未訳-бур'яни	2	scp-pl-029,scp-pl-037
scp-ukrainian	ua	відродження	未訳-відродження	2	immediate-actions,iquit
scp-ukrainian	ua	грандіозності	未訳-грандіозності	2	scp-pl-005,scp-pl-022
scp-ukrainian	ua	даас_еліон	未訳-даас_еліон	2	scp-088-ua,scp-5338
scp-ukrainian	ua	департамент_абнормальности	未訳-департамент_абнормальности	2	scp-3790,scp-6997
scp-ukrainian	ua	динозавр	未訳-динозавр	2	scp-563,scp-pl-169
scp-ukrainian	ua	директор_актус	未訳-директор_актус	2	classification-committee-memo,rounderhouse-proposal
scp-ukrainian	ua	директор_болд	未訳-директор_болд	2	scp-6469,scp-7777
scp-ukrainian	ua	доктор-евервуд	未訳-доктор-евервуд	2	scp-7728,scp-9727
scp-ukrainian	ua	дослідник_джеймс	未訳-дослідник_джеймс	2	scp-682-j,scp-682-j-james-coloring-book
scp-ukrainian	ua	др_гласс	未訳-др_гласс	2	routine-psychological-evaluations-by-dr-glass,scp-275
scp-ukrainian	ua	др_евервуд	未訳-др_евервуд	2	scp-1908,scp-3874
scp-ukrainian	ua	др_лайт	未訳-др_лайт	2	scp-166,the-tombstone-of-alto-clef
scp-ukrainian	ua	др_манн	未訳-др_манн	2	rounderhouse-proposal,scp-6999
scp-ukrainian	ua	др_сноволя	未訳-др_сноволя	2	last-time-that-failed-my-lord,scp-142-ua
scp-ukrainian	ua	др_шпанько	未訳-др_шпанько	2	scp-2337,scp-404-j
scp-ukrainian	ua	змія	未訳-змія	2	scp-008-ua,scp-722
scp-ukrainian	ua	класика_jp	未訳-класика_jp	2	scp-161-jp,scp-268-jp
scp-ukrainian	ua	логос	未訳-логос	2	scp-054-ua,scp-189-ua
scp-ukrainian	ua	мапа	未訳-мапа	2	scp-175,scp-194-ua
scp-ukrainian	ua	механізм	未訳-механізм	2	scp-022-ua,scp-1011-ru-v
scp-ukrainian	ua	незнищенна_рептилія	未訳-незнищенна_рептилія	2	knee-deep-in-the-keter,scp-682-j
scp-ukrainian	ua	онейрой	未訳-онейрой	2	number-27-oneiroi-station,oneiroi
scp-ukrainian	ua	пааг	未訳-пааг	2	scp-023-ua,scp-pl-057
scp-ukrainian	ua	паранагляд	未訳-паранагляд	2	parawatch-hub,the-clock-at-saint-claudes
scp-ukrainian	ua	повішений_король	未訳-повішений_король	2	party-of-gods,scp-701
scp-ukrainian	ua	пост-апокаліптичний	未訳-пост-апокаліптичний	2	scp-8204,the-original
scp-ukrainian	ua	радіоактивний	未訳-радіоактивний	2	dr-gears-s-proposal,scp-022-ua
scp-ukrainian	ua	святиня_адитуму	未訳-святиня_адитуму	2	scp-2095,scp-2480
scp-ukrainian	ua	структура	未訳-структура	2	scp-112,scp-185-fr
scp-ukrainian	ua	тавматургія	未訳-тавматургія	2	scp-142-ua,slipets-ta-napivmrets
scp-ukrainian	ua	творчість	未訳-творчість	2	anacharsis-ua-s-artworks,svatilise-arhonta-vinsenta-i
scp-ukrainian	ua	третій_закон	未訳-третій_закон	2	hypervelocity,scp-3457
scp-ukrainian	ua	хоррор	未訳-хоррор	2	scp-8204,scp-8411
scp-ukrainian	ua	цирк_фуллера	未訳-цирк_фуллера	2	scp-3619,the-dark-web-dke79-o2rg5-4jlw6
scp-ukrainian	ua	чез_емброуз	未訳-чез_емброуз	2	adoption-poster-pearl,carnifex-carl
scp-ukrainian	ua	шелдон_кац	未訳-шелдон_кац	2	scp-738,spikebrennan-s-proposal
scp-ukrainian	ua	_component-backend	未訳-_component-backend	1	component:customizable-acs
scp-ukrainian	ua	_goi2014	未訳-_goi2014	1	marshall-carter-and-dark-hub
scp-ukrainian	ua	_kamishann+	未訳-_kamishann+	1	scp-117-ua
scp-ukrainian	ua	_licencebox	未訳-_licencebox	1	scp-118
scp-ukrainian	ua	_noredirect	未訳-_noredirect	1	scp-list-6
scp-ukrainian	ua	_ooо	未訳-_ooо	1	scp-102-de
scp-ukrainian	ua	_oоo	未訳-_oоo	1	scp-big-egg-j
scp-ukrainian	ua	_oоо	未訳-_oоо	1	iquit
scp-ukrainian	ua	_ваз_сбу	未訳-_ваз_сбу	1	dat-i-1210619
scp-ukrainian	ua	_внп	未訳-_внп	1	uiu-file-2016-004
scp-ukrainian	ua	_вступна_сторінка	未訳-_вступна_сторінка	1	main
scp-ukrainian	ua	_долоня_змія	未訳-_долоня_змія	1	the-conspiracy-of-sigma-3
scp-ukrainian	ua	_манна	未訳-_манна	1	first-ivady-donation
scp-ukrainian	ua	_мог	未訳-_мог	1	weapons-vencles-mtf-security-ua
scp-ukrainian	ua	_онейрой	未訳-_онейрой	1	number-27-oneiroi-station
scp-ukrainian	ua	_псв	未訳-_псв	1	adoption-poster-darius
scp-ukrainian	ua	_ресторани_емброуза	未訳-_ресторани_емброуза	1	ambrose-backdoor-soho
scp-ukrainian	ua	_шушу-ін	未訳-_шушу-ін	1	collected-item-no1080
scp-ukrainian	ua	_інша	未訳-_інша	1	collected-item-no1080
scp-ukrainian	ua	de_en	未訳-de_en	1	scp-055-de-j
scp-ukrainian	ua	fr_білий	未訳-fr_білий	1	scp-113-fr
scp-ukrainian	ua	fr_невизначений	未訳-fr_невизначений	1	scp-210-fr
scp-ukrainian	ua	in-memoriam	未訳-in-memoriam	1	theme:in-memoriam-nazare
scp-ukrainian	ua	k-клас-сценарій	未訳-k-клас-сценарій	1	scp-076-j
scp-ukrainian	ua	plugsoft	未訳-plugsoft	1	scp-185-ko
scp-ukrainian	ua	tag	未訳-tag	1	scp-142-ua
scp-ukrainian	ua	Геловін	未訳-Геловін	1	scp-2523
scp-ukrainian	ua	ДПВ	未訳-ДПВ	1	scp-9004
scp-ukrainian	ua	М.Д.	未訳-М.Д.	1	herodotus-report
scp-ukrainian	ua	аарон_сігель	未訳-аарон_сігель	1	document-001-o5
scp-ukrainian	ua	агент_ламент	未訳-агент_ламент	1	rounderhouse-proposal
scp-ukrainian	ua	агент_лаферр'є	未訳-агент_лаферр'є	1	scp-3874
scp-ukrainian	ua	агент_мерло	未訳-агент_мерло	1	scp-2906
scp-ukrainian	ua	агресивний	未訳-агресивний	1	scp-984
scp-ukrainian	ua	айріс-томпсон	未訳-айріс-томпсон	1	immediate-actions
scp-ukrainian	ua	акула	未訳-акула	1	scp-1057
scp-ukrainian	ua	аномальний	未訳-аномальний	1	scp-3105
scp-ukrainian	ua	апаіб	未訳-апаіб	1	theme:raisa
scp-ukrainian	ua	апокаліптичний	未訳-апокаліптичний	1	scp-8204
scp-ukrainian	ua	апотеоз	未訳-апотеоз	1	scp-3396
scp-ukrainian	ua	архон	未訳-архон	1	scp-5520
scp-ukrainian	ua	архонт	未訳-архонт	1	scp-9727
scp-ukrainian	ua	атлант	未訳-атлант	1	scp-1331-ru
scp-ukrainian	ua	блеквуд	未訳-блеквуд	1	scp-1867
scp-ukrainian	ua	бюрократія	未訳-бюрократія	1	iquit
scp-ukrainian	ua	біологічний_вид	未訳-біологічний_вид	1	scp-184-ua
scp-ukrainian	ua	випуск_76-го	未訳-випуск_76-го	1	scp-2316
scp-ukrainian	ua	виробництво	未訳-виробництво	1	scp-1087-ru-v
scp-ukrainian	ua	вступна_сторінка	未訳-вступна_сторінка	1	security-clearance-recheck
scp-ukrainian	ua	війсковий	未訳-війсковий	1	scp-186-ua
scp-ukrainian	ua	генерал_боу	未訳-генерал_боу	1	scp-076-2
scp-ukrainian	ua	горизонт	未訳-горизонт	1	scp-3457
scp-ukrainian	ua	гімал	未訳-гімал	1	scp-170-ua
scp-ukrainian	ua	департамент_з_патафізики	未訳-департамент_з_патафізики	1	scp-3143
scp-ukrainian	ua	дерев’яний	未訳-дерев’яний	1	scp-143-ua
scp-ukrainian	ua	джанго_брідж	未訳-джанго_брідж	1	rounderhouse-proposal
scp-ukrainian	ua	джентльмени	未訳-джентльмени	1	scp-187-fr
scp-ukrainian	ua	директор-Скаут	未訳-директор-Скаут	1	scp-5520
scp-ukrainian	ua	директор_мак_інніс	未訳-директор_мак_інніс	1	scp-5866
scp-ukrainian	ua	доктор-рейндерс	未訳-доктор-рейндерс	1	scp-7728
scp-ukrainian	ua	дорослий_контент	未訳-дорослий_контент	1	scp-3099
scp-ukrainian	ua	дослідження	未訳-дослідження	1	exploration-log-1098
scp-ukrainian	ua	дослідник-джеймс	未訳-дослідник-джеймс	1	scp-7728
scp-ukrainian	ua	др_еліот	未訳-др_еліот	1	rounderhouse-proposal
scp-ukrainian	ua	др_маровчук	未訳-др_маровчук	1	scp-142-ua
scp-ukrainian	ua	др_пазуренко	未訳-др_пазуренко	1	scp-142-ua
scp-ukrainian	ua	дух_чикаго	未訳-дух_чикаго	1	hypervelocity
scp-ukrainian	ua	езотеричний-клас	未訳-езотеричний-клас	1	scp-076-j
scp-ukrainian	ua	елісон_екхарт	未訳-елісон_екхарт	1	scp-2565
scp-ukrainian	ua	енергетичний	未訳-енергетичний	1	scp-1065-ru
scp-ukrainian	ua	з_подією	未訳-з_подією	1	scp-1281
scp-ukrainian	ua	залізниця	未訳-залізниця	1	scp-030-ua-arc
scp-ukrainian	ua	записи	未訳-записи	1	scp-1958
scp-ukrainian	ua	зворушливий	未訳-зворушливий	1	empathy
scp-ukrainian	ua	земноводний	未訳-земноводний	1	scp-1325
scp-ukrainian	ua	змінення_пам’яті	未訳-змінення_пам’яті	1	scp-143-ua
scp-ukrainian	ua	значення	未訳-значення	1	scp-143-ua
scp-ukrainian	ua	зона	未訳-зона	1	secure-facility-dossier-site-88
scp-ukrainian	ua	зона_43	未訳-зона_43	1	scp-5866
scp-ukrainian	ua	зона_zh-31	未訳-зона_zh-31	1	scp-zh-178
scp-ukrainian	ua	зірка	未訳-зірка	1	scp-037
scp-ukrainian	ua	канон_хаб	未訳-канон_хаб	1	old-man-in-the-sea-hub
scp-ukrainian	ua	козел	未訳-козел	1	scp-170-ua
scp-ukrainian	ua	колаборація	未訳-колаборація	1	old-man-in-the-sea-hub
scp-ukrainian	ua	комедія	未訳-комедія	1	kill-682
scp-ukrainian	ua	корпоративний	未訳-корпоративний	1	scp-2523
scp-ukrainian	ua	кравець_реальності	未訳-кравець_реальності	1	scp-5520
scp-ukrainian	ua	крипіпаста	未訳-крипіпаста	1	the-clock-at-saint-claudes
scp-ukrainian	ua	кров	未訳-кров	1	scp-053-ua
scp-ukrainian	ua	кролик	未訳-кролик	1	scp-2037
scp-ukrainian	ua	кубайн_fr	未訳-кубайн_fr	1	scp-012-fr
scp-ukrainian	ua	лолфонд	未訳-лолфонд	1	dr-cimmerian-is-no-longer-allowed-to-use-temporal-anomalies
scp-ukrainian	ua	лікар	未訳-лікар	1	collected-item-no1080
scp-ukrainian	ua	лінгвіст_акоїт	未訳-лінгвіст_акоїт	1	scp-142-ua
scp-ukrainian	ua	ліс	未訳-ліс	1	scp-1009
scp-ukrainian	ua	максвелізм	未訳-максвелізм	1	scp-2660
scp-ukrainian	ua	марія-джонс	未訳-марія-джонс	1	scp-076-j
scp-ukrainian	ua	мета-фікційний	未訳-мета-фікційний	1	scp-3143
scp-ukrainian	ua	метафізичний	未訳-метафізичний	1	scp-053-ua
scp-ukrainian	ua	музичний	未訳-музичний	1	scp-149-ua
scp-ukrainian	ua	мураха	未訳-мураха	1	scp-743
scp-ukrainian	ua	мутація	未訳-мутація	1	scp-1009
scp-ukrainian	ua	на-варті-43	未訳-на-варті-43	1	scp-5520
scp-ukrainian	ua	нарратив	未訳-нарратив	1	scp-3143
scp-ukrainian	ua	наукова_фантастика	未訳-наукова_фантастика	1	we-need-to-talk-about-fifty-five
scp-ukrainian	ua	нді_прогрес	未訳-нді_прогрес	1	scp-1373-ru
scp-ukrainian	ua	немо_та_наутілус	未訳-немо_та_наутілус	1	scp-299-fr
scp-ukrainian	ua	нехай-ріка-окраситься-в-червоний	未訳-нехай-ріка-окраситься-в-червоний	1	scp-8411
scp-ukrainian	ua	носій	未訳-носій	1	scp-061-ua
scp-ukrainian	ua	нумен	未訳-нумен	1	scp-015-ua
scp-ukrainian	ua	об'єкт_оповідання	未訳-об'єкт_оповідання	1	in-the-end-will-be-no-words
scp-ukrainian	ua	обскура	未訳-обскура	1	scp-3457
scp-ukrainian	ua	онтокінетичний	未訳-онтокінетичний	1	scp-7500
scp-ukrainian	ua	орден_світла	未訳-орден_світла	1	scp-104-fr
scp-ukrainian	ua	пам'ять	未訳-пам'ять	1	scp-015-ua
scp-ukrainian	ua	пентаграма	未訳-пентаграма	1	scp-3874
scp-ukrainian	ua	переписаний	未訳-переписаний	1	scp-2523
scp-ukrainian	ua	плашка	未訳-плашка	1	component:editing-required
scp-ukrainian	ua	подійно-орієнтований	未訳-подійно-орієнтований	1	scp-2523
scp-ukrainian	ua	подія	未訳-подія	1	scp-8332
scp-ukrainian	ua	потойбічний	未訳-потойбічний	1	scp-195-ua
scp-ukrainian	ua	похмурий	未訳-похмурий	1	scp-8204
scp-ukrainian	ua	пригоди	未訳-пригоди	1	knee-deep-in-the-keter
scp-ukrainian	ua	примат	未訳-примат	1	scp-039
scp-ukrainian	ua	просторовий	未訳-просторовий	1	scp-1820
scp-ukrainian	ua	проф_гаспид	未訳-проф_гаспид	1	scp-142-ua
scp-ukrainian	ua	ракоподібний	未訳-ракоподібний	1	scp-1385
scp-ukrainian	ua	реальність	未訳-реальність	1	scp-008-ua
scp-ukrainian	ua	регенерація	未訳-регенерація	1	scp-055-ua
scp-ukrainian	ua	робот	未訳-робот	1	scp-172
scp-ukrainian	ua	роджет	未訳-роджет	1	scp-2281
scp-ukrainian	ua	родина_ісанаґі	未訳-родина_ісанаґі	1	collected-item-no1080
scp-ukrainian	ua	рухомий	未訳-рухомий	1	scp-1513
scp-ukrainian	ua	сад	未訳-сад	1	scp-055-ua
scp-ukrainian	ua	сенсорний	未訳-сенсорний	1	scp-065
scp-ukrainian	ua	скульпутра	未訳-скульпутра	1	173
scp-ukrainian	ua	смерть	未訳-смерть	1	scp-175-ua
scp-ukrainian	ua	смоляне_сховище	未訳-смоляне_сховище	1	scp-3998
scp-ukrainian	ua	спілка	未訳-спілка	1	scp-094-ua
scp-ukrainian	ua	старий_у_морі	未訳-старий_у_морі	1	old-man-in-the-sea-hub
scp-ukrainian	ua	таддеус_жанк	未訳-таддеус_жанк	1	rounderhouse-proposal
scp-ukrainian	ua	таємниця	未訳-таємниця	1	we-need-to-talk-about-fifty-five
scp-ukrainian	ua	таємничий	未訳-таємничий	1	scp-8411
scp-ukrainian	ua	тема	未訳-тема	1	theme:site-ua-21
scp-ukrainian	ua	трансформація	未訳-трансформація	1	scp-1056
scp-ukrainian	ua	туман	未訳-туман	1	scp-015-ua
scp-ukrainian	ua	тіамат	未訳-тіамат	1	scp-5866
scp-ukrainian	ua	управління_антимеметики	未訳-управління_антимеметики	1	we-need-to-talk-about-fifty-five
scp-ukrainian	ua	фантастичний	未訳-фантастичний	1	scp-2523
scp-ukrainian	ua	феномен	未訳-феномен	1	scp-3143
scp-ukrainian	ua	феї	未訳-феї	1	scp-2523
scp-ukrainian	ua	фред	未訳-фред	1	scp-3143
scp-ukrainian	ua	фільм	未訳-фільм	1	scp-169-ua
scp-ukrainian	ua	хелловін	未訳-хелловін	1	scp-3992
scp-ukrainian	ua	художній	未訳-художній	1	scp-151
scp-ukrainian	ua	хі_бразіл	未訳-хі_бразіл	1	rounderhouse-proposal
scp-ukrainian	ua	хізер_мейсон	未訳-хізер_мейсон	1	scp-3090
scp-ukrainian	ua	черепаха	未訳-черепаха	1	scp-107
scp-ukrainian	ua	чумний_лікар	未訳-чумний_лікар	1	boiled-scrambled-and-fried
scp-ukrainian	ua	шаблон	未訳-шаблон	1	component:anomaly-class-bar-source
scp-ukrainian	ua	шпигунська_фантастика	未訳-шпигунська_фантастика	1	we-need-to-talk-about-fifty-five
scp-ukrainian	ua	шукайло	未訳-шукайло	1	scp-114-ua
scp-ukrainian	ua	шушу-ін	未訳-шушу-ін	1	collected-item-no1080
scp-ukrainian	ua	щоденник	未訳-щоденник	1	21st-30th-november-2008
scp-ukrainian	ua	ялпсо	未訳-ялпсо	1	scp-240-jp
scp-ukrainian	ua	єсод	未訳-єсод	1	scp-042-ua
scp-ukrainian	ua	ілюстрований	未訳-ілюстрований	1	scp-8411
scp-ukrainian	ua	інопланетний	未訳-інопланетний	1	scp-6424
scp-ukrainian	ua	інструктаж	未訳-інструктаж	1	orientamento-all-ulis
scp-ukrainian	ua	іяавап	未訳-іяавап	1	scp-2954
scp-vn	vn	_licensebox	未訳-_licensebox	2470	1-mr-headless,10-30-a-m,10-mr-mission,17-phoenix-street,173-3-or-less
scp-vn	vn	_cc	未訳-_cc	1635	2024-scp-vn-art-gallery,2521-escaped,2521-xxx,3ports-schools,4x4x4-cell
scp-vn	vn	có-thể-dịch-lại	未訳-có-thể-dịch-lại	317	026-exploration-logs,1-mr-headless,10-mr-mission,241-tl02,662-l1
scp-vn	vn	kinh-dị	未訳-kinh-dị	168	a-delicious-plate-of-olives,a-ghost-in-the-mechanism,a-lesson-in-power,a-man-at-the-top-of-his-profession,an-anthropological-approach-to-sarkicism-case-study-02-the-d
scp-vn	vn	_crom-hidden	未訳-_crom-hidden	126	12rebel-part-11,12rebel-part-15,1ost-1ight-3,2023new-year-12,2025new-year-12
scp-vn	vn	minh-họa	未訳-minh-họa	123	3ports-schools,aiad-homescreen,amoris,anastasis-hub,anderson-robotics-hub
scp-vn	vn	hài-hước	未訳-hài-hước	121	10-30-a-m,173-3-or-less,3ports-schools,additional-document-099-vn-2611,adoption-poster-pearl
scp-vn	vn	_cc4	未訳-_cc4	106	3ports-schools,am-i-in-heaven,amoris,ba-ly-cocktail,black-market-licensed-resources
scp-vn	vn	hiện-tượng	未訳-hiện-tượng	91	lily-s-proposal,scp-027,scp-033,scp-034-vn,scp-038-vn
scp-vn	vn	ảm-đạm	未訳-ảm-đạm	90	a-ghost-in-the-mechanism,a-man-at-the-top-of-his-profession,a-passing-rain,a-suicide-note,and-to-this-day-she-still-can-t-breathe
scp-vn	vn	đời-thường	未訳-đời-thường	87	a-bus-ride-to-nowhere,a-passing-rain,a-paws-itive-security-breach,a-slice-of-life-for-a-man-completely-uncomfortable,about-deer
scp-vn	vn	kỳ-ảo	未訳-kỳ-ảo	83	17-phoenix-street,8000-dead-rats-hub,a-brief-essay-on-human-culture,a-spin-around-the-library,about-deer
scp-vn	vn	điểm-cn-09	未訳-điểm-cn-09	67	2023new-year-12,airou,creator-personnel-files,deviljho,diemun
scp-vn	vn	bí-ẩn	未訳-bí-ẩn	62	17-phoenix-street,a-ghost-in-the-mechanism,apakht,bottom-floor,clawed-cadaver
scp-vn	vn	trẻ-con	未訳-trẻ-con	62	djkaktus-s-proposal,scp-009-j,scp-011-j,scp-014-vn,scp-026
scp-vn	vn	buồn-vui-lẫn-lộn	未訳-buồn-vui-lẫn-lộn	61	a-bus-ride-to-nowhere,adoption-poster-phoebe,airport,amoris,because-i-could-not-stop-for-death
scp-vn	vn	_listpages	未訳-_listpages	57	2521-xxx,dyfscp0012,jack-ike-s-proposal-ii,keter-duty,kte-5634-ex-machina-bosch
scp-vn	vn	_người-lớn	未訳-_người-lớn	52	a-dark-green-kiss,a-ghost-in-the-mechanism,a-man-at-the-top-of-his-profession,better-days,blood-rivers
scp-vn	vn	điểm-cn-44	未訳-điểm-cn-44	47	12rebel-part-11,12rebel-part-15,1ost-1ight-3,2025new-year-12,a-p-p-l-e
scp-vn	vn	xây-dựng-bối-cảnh	未訳-xây-dựng-bối-cảnh	46	10-30-a-m,about-deer,amnestic-orientation-manual,an-anthropological-approach-to-sarkicism-case-study-02-the-d,another-goddamn-magic-system
scp-vn	vn	khoa-học-viễn-tưởng	未訳-khoa-học-viễn-tưởng	45	8000-dead-rats-hub,a-ghost-in-the-mechanism,additional-resources,amnestic-orientation-manual,anastasis-hub
scp-vn	vn	hành-động	未訳-hành-động	44	agent-calendars-hot-date-1,anastasis-hub,apakht,command-performance,dance-in-the-ash
scp-vn	vn	truyện-quân-sự	未訳-truyện-quân-sự	43	a-lesson-in-power,badges-and-scorecards,bottom-floor,broken-bowe,command-performance
scp-vn	vn	kinh-dị-tâm-lý	未訳-kinh-dị-tâm-lý	42	a-man-at-the-top-of-his-profession,claustrophilia,d-5111,deleted:narrativistics-and-you,document-recovered-from-the-marianas-trench
scp-vn	vn	ngôi-thứ-nhất	未訳-ngôi-thứ-nhất	42	a-brief-essay-on-human-culture,a-bus-ride-to-nowhere,a-suicide-note,clef101,command-performance
scp-vn	vn	hub-vn	未訳-hub-vn	41	archived-scps-vn,artist-directory,artist-showcase-archive,blackout-contest-vn,canon-hub-vn
scp-vn	vn	tình-cảm	未訳-tình-cảm	40	agent-calendars-hot-date-1,am-i-in-heaven,amoris,anh-duong-sau-dem-toi,ban-thao-cuoi-cung
scp-vn	vn	hub-loạt-bài	未訳-hub-loạt-bài	39	8000-dead-rats-hub,admonition,anastasis-hub,ao-hub,bird
scp-vn	vn	kinh-dị-hình-thể	未訳-kinh-dị-hình-thể	37	a-delicious-plate-of-olives,an-anthropological-approach-to-sarkicism-case-study-02-the-d,dead-meat,food-porn,mad-love
scp-vn	vn	thần	未訳-thần	34	dyfscp0012,kate-mctiriss-s-proposal,liz-the-gm-s-proposal,sandrewswann-s-proposal,scp-048-vn
scp-vn	vn	thần-thoại	未訳-thần-thoại	34	about-the-serpent,awakenings,bird,dissonance,divine-and-conquer
scp-vn	vn	truyện-phi-lý	未訳-truyện-phi-lý	34	10-30-a-m,all-i-know-is-that-i-know-pizza,boiled-scrambled-and-fried,chairs,cimmerian-sends-650-pms
scp-vn	vn	tận-thế	未訳-tận-thế	34	alexandria-burning,anastasis-hub,awakenings,bird,bo-bien-noi-doi-ta-ket-thuc-va-bat-dau
scp-vn	vn	đồng-dịch-giả	未訳-đồng-dịch-giả	34	burnt-bridges,djkaktus-s-proposal,djkaktus-s-proposal-iii,du-s-on-first,esoteric-classes-complete-list
scp-vn	vn	hậu-tận-thế	未訳-hậu-tận-thế	33	alexandria-burning,am-i-in-heaven,before-twilight,bird,chung-toi-chua-tung-phan-boi
scp-vn	vn	quan-liêu	未訳-quan-liêu	33	a-delicious-plate-of-olives,additional-resources,and-to-this-day-she-still-can-t-breathe,anonymous,broken-bowe
scp-vn	vn	bò-sát-bất-diệt	未訳-bò-sát-bất-diệt	31	a-containment-proposal,art:scpfvn-artwork,big-weird-dog,disgusting,djkaktus-s-proposal-iii
scp-vn	vn	không-thoại	未訳-không-thoại	31	a-bus-ride-to-nowhere,a-suicide-note,about-deer,cimmerian-sends-650-pms,crom-for-pleasure-devices
scp-vn	vn	phiêu-lưu	未訳-phiêu-lưu	29	a-spin-around-the-library,bottom-floor,cam-vien-ngau-thu,cheating-incident-of-21-vn,code-name-the-truth
scp-vn	vn	siêu-thực	未訳-siêu-thực	29	4012-the-play,a-delicious-plate-of-olives,a-ghost-in-the-mechanism,airport,chairs
scp-vn	vn	dị-giới	未訳-dị-giới	27	a-spin-around-the-library,bottom-floor,dance-in-the-ash,duong-tat,foundation-of-nomads
scp-vn	vn	dị-tượng	未訳-dị-tượng	27	lily-s-proposal,nicos-proposal-ii,scp-041-vn,scp-043-vn,scp-091-vn
scp-vn	vn	giấc-mơ	未訳-giấc-mơ	27	scp-008-vn,scp-046,scp-068-vn,scp-092-vn,scp-097
scp-vn	vn	lgbtq	未訳-lgbtq	27	a-ghost-in-the-mechanism,a-passing-rain,agent-calendars-hot-date-1,dr-kondraki-cut-up-while-thinking,fandation
scp-vn	vn	quái-vật	未訳-quái-vật	27	bring-me-flesh,crack,dr-gears-s-proposal,revised-entry,running
scp-vn	vn	truyện-tôn-giáo	未訳-truyện-tôn-giáo	27	an-anthropological-approach-to-sarkicism-case-study-02-the-d,anthropological-report-darkwater,broken-mind,condemned-to-burning,how-to-summon-a-god-safely
scp-vn	vn	nhân-sự-tổ-chức	未訳-nhân-sự-tổ-chức	25	kate-mctiriss-s-proposal,scp-015-vn,scp-086,scp-093-vn,scp-095-vn
scp-vn	vn	truyện-tình-báo	未訳-truyện-tình-báo	24	are-we-there-yet,ball-gags-and-scrambled-eggs,delta-wave,djkaktus-s-proposal-iii,found-a-job
scp-vn	vn	ấm-lòng	未訳-ấm-lòng	24	am-i-in-heaven,christmas-constellations,co-gai-say-xin,critter-profile-max,deleted:narrativistics-and-you
scp-vn	vn	hub-thế-lực	未訳-hub-thế-lực	23	aiad-homescreen,ambrose-restaurant-hub,anderson-robotics-hub,aodaisho-hub,chaos-insurgency-hub
scp-vn	vn	phụ-huynh-giám-sát	未訳-phụ-huynh-giám-sát	23	airport,hot-len-nao-nhung-tam-hon-tho-ngay,moon-champ-s-moon-festival,never-be-laid-to-waste-by-some-waste,never-know-when-your-past-will-come-and-bite-at-you
scp-vn	vn	danh-mục-deepwell	未訳-danh-mục-deepwell	22	admonition,nagiros-proposal,scp-173-but-it-s-the-admonition-hub,scp-4260,scp-4736
scp-vn	vn	trí-tuệ-nhân-tạo	未訳-trí-tuệ-nhân-tạo	22	additional-resources,dyfscp0012,outdated,scp-001-ex,scp-079
scp-vn	vn	truyện-lịch-sử	未訳-truyện-lịch-sử	21	ban-thao-cuoi-cung,bat-do-ky,bleeding-caoutchouc-plantation,cam-vien-ngau-thu,endless-flights
scp-vn	vn	hub-canon	未訳-hub-canon	20	aiad-homescreen,arbh-class-hub,broken-masquerade-hub,codename-green-king-hub,competitive-eschatology-hub
scp-vn	vn	rừng	未訳-rừng	20	scp-045-vn,scp-060,scp-1009,scp-1358,scp-143
scp-vn	vn	siêu-hư-cấu	未訳-siêu-hư-cấu	20	a-failed-two-weeks-notice,gpt-4546-j,keter-duty,liz-the-gm-s-proposal,moonrise
scp-vn	vn	sigurros	未訳-sigurros	19	a-suicide-note,family,halloween-on-17th-street,keter-duty,prisoners
scp-vn	vn	giao-thiệp	未訳-giao-thiệp	18	asset-florida-grey,asset-florida-orange,asset-florida-zero,chairs,cimmerian-sends-650-pms
scp-vn	vn	goivncon26	未訳-goivncon26	18	ban-thao-cuoi-cung,cam-vien-ngau-thu,goivncon2026,oh-but-you-are-alone,scp-008-vn
scp-vn	vn	trường-học	未訳-trường-học	18	3ports-schools,about-deer,blood-for-a-friend,inside-the-wall,lotus-eater-pho
scp-vn	vn	giám-đốc-aktus	未訳-giám-đốc-aktus	17	additional-resources,all-i-know-is-that-i-know-pizza,dr-gears-heated-gaming-moment,folly,integrity-project
scp-vn	vn	diệp-tôn	未訳-diệp-tôn	16	bat-do-ky,ca-cap-cuu-o-don-vi-tam-linh,diep-luc-chan-kinh-an-tang-khong-tam-thai,diep-luc-chan-kinh-su-tich-ba-chua-coi,diep-ton-hub
scp-vn	vn	kinh-dị-vũ-trụ	未訳-kinh-dị-vũ-trụ	16	code-name-the-truth,deleted:narrativistics-and-you,disgusting,document-recovered-from-the-marianas-trench,heart-and-sol
scp-vn	vn	quy-định	未訳-quy-định	16	a-laymen-s-guide-to-tagging,authors-pages,canon-hub,canon-hub-vn,criticism-policy
scp-vn	vn	có-thể-viết-lại	未訳-có-thể-viết-lại	15	i-hope-that-i-get-old-before-i-die,remembrance,reunion,scp-004-vn,scp-011-vn
scp-vn	vn	flower-heaven	未訳-flower-heaven	14	a-wandsman-in-a-flower-garden,flower-heaven-hub,floweror-wikipedia,forever-garden,layers-of-white
scp-vn	vn	ngôi-thứ-hai	未訳-ngôi-thứ-hai	14	calm,dead-meat,dr-kondraki-cut-up-while-thinking,duong-tat,epilogue
scp-vn	vn	pseudogenesis	未訳-pseudogenesis	14	4012-the-play,dissonance,pseudogenesis-productions-hub,pseudoguilt,recomposition
scp-vn	vn	tài-liệu-tổ-chức	未訳-tài-liệu-tổ-chức	14	173-3-or-less,a-brief-overview-of-antimemetic-hazards,bao-cao-khai-quat-diem-g198-vn,du-s-on-first,it-will-all-be-okay
scp-vn	vn	giáng-sinh	未訳-giáng-sinh	13	bring-me-flesh,christmas,christmas-constellations,december-24th-2011-hub,never-meet-the-wacky-red-guy
scp-vn	vn	hài-kịch-đen	未訳-hài-kịch-đen	13	adoption-poster-pearl,christmas,daveyoufool-proposal,dyfscp0012,hellevator
scp-vn	vn	lịch-sử-thay-thế	未訳-lịch-sử-thay-thế	13	ban-thao-cuoi-cung,final-star,mot-the-gioi-khac,nhat-dinh-thang-loi,nhung-ke-thach-thuc
scp-vn	vn	trần-gia-hưng	未訳-trần-gia-hưng	13	cheating-incident-of-21-vn,co-gai-say-xin,ma-dao-thanh-cong-tai-ong-mat-ngua,nam-rong-sap-sang-tan-trang-to-chuc,scp-009-vn
scp-vn	vn	giám-đốc-bale	未訳-giám-đốc-bale	12	moon-champ-s-moon-festival,nam-rong-sap-sang-tan-trang-to-chuc,never-be-laid-to-waste-by-some-waste,never-know-when-your-past-will-come-and-bite-at-you,never-meet-the-wacky-red-guy
scp-vn	vn	chính-trị	未訳-chính-trị	11	4012-the-play,8000-dead-rats-hub,kte-9817-bluebuster-mendel-shelley-renegade-armbrusteri,scp-4759,scp-5004
scp-vn	vn	khảo-cổ	未訳-khảo-cổ	11	scp-089,scp-1050,scp-173-vn,scp-1962,scp-208
scp-vn	vn	truyện-tội-phạm	未訳-truyện-tội-phạm	11	17-phoenix-street,agent-calendars-hot-date-2,burnt-bridges,clawed-cadaver,file-no-hkc454
scp-vn	vn	tân-binh	未訳-tân-binh	11	a-team-you-can-maybe-trust,bottom-floor,gomboc,jolly-cooperation,light-and-the-mole
scp-vn	vn	lợn	未訳-lợn	10	scp-2430,scp-2717,scp-2779,scp-3127,scp-4381
scp-vn	vn	blackout-contest-vn	未訳-blackout-contest-vn	9	anh-nhin-t-man-dem,blackout-contest-vn,cay-kho,duong-tat,me-oi
scp-vn	vn	cửu-vĩ-hồ	未訳-cửu-vĩ-hồ	9	953-interview-a,gumiho,scp-10101-j,scp-1953-ko,scp-2953
scp-vn	vn	series-vô-danh	未訳-series-vô-danh	9	give-me-back-to-the-sky,haunt-me,scp-6208,scp-6478,scp-6938
scp-vn	vn	siêu-anh-hùng	未訳-siêu-anh-hùng	9	jolly-cooperation,scp-025-vn,scp-10101-j,scp-1233,scp-5175
scp-vn	vn	truy-bắt	未訳-truy-bắt	9	are-we-there-yet,critter-profile-the-polar-bear,endless-flights,mot-the-gioi-khac,ninth-circle
scp-vn	vn	truyện-tranh	未訳-truyện-tranh	9	2521-xxx,4x4x4-cell,a-spin-around-the-library,art:the-king-has-died,it-all-ended-as-it-began
scp-vn	vn	bảy-đại-tội	未訳-bảy-đại-tội	8	scp-701-vn,scp-702-vn,scp-703-vn,scp-704-vn,scp-705-vn
scp-vn	vn	dẹp-bỏ-nghĩa-lý	未訳-dẹp-bỏ-nghĩa-lý	8	found-a-job,scp-9067,scp-9068,scp-9137,scp-9363
scp-vn	vn	quận-không	未訳-quận-không	8	history-of-vietnams-thaumaturgical-and-anomalous-community,nx-59-vn,scp-030-vn,scp-111-vn,scp-420-vn
scp-vn	vn	tiến-sĩ-ann	未訳-tiến-sĩ-ann	8	nam-rong-sap-sang-tan-trang-to-chuc,phong-ban-chet-doi,scp-009-vn,scp-031-vn,scp-036-vn
scp-vn	vn	du-hành-thời-gian	未訳-du-hành-thời-gian	7	scp-095-vn,scp-3797,scp-4989,time-travel,time-travel-ch1
scp-vn	vn	feralfes2024	未訳-feralfes2024	7	feralfes2024,scp-028-vn,scp-045-vn,scp-047-vn,scp-084-vn
scp-vn	vn	quỷ	未訳-quỷ	7	agent-calendars-hot-date-1,agent-calendars-hot-date-2,scp-007-vn,scp-104-vn,scp-9770
scp-vn	vn	truyện-ngoại-chủng	未訳-truyện-ngoại-chủng	7	a-ghost-in-the-mechanism,bring-me-flesh,disgusting,house-sparrow,scp-3936
scp-vn	vn	vũ-tân	未訳-vũ-tân	7	amoris,mortis,mujin-yarn,oblivionis,scp-137-ko
scp-vn	vn	di-sản-jp	未訳-di-sản-jp	6	heritage-collection-jp,scp-040-jp,scp-062-jp,scp-161-jp,scp-243-jp
scp-vn	vn	halloween	未訳-halloween	6	mugging-the-monster,out-there-somewhere,scp-097,scp-8093,tradition
scp-vn	vn	hub-loạt-bài-vn	未訳-hub-loạt-bài-vn	6	hub-bach-thu-vien,ideal-and-revenge-hub,scph-to,seven-sins-hub,te-to-te
scp-vn	vn	pháp-lý	未訳-pháp-lý	6	scp-045-int,scp-5721,scp-7400,scp-7416,tribunal
scp-vn	vn	phản-địa-đàng	未訳-phản-địa-đàng	6	asset-florida-zero,dyfscp0012,omega-k-049,scp-6248,scp-8474
scp-vn	vn	viễn-kỷ	未訳-viễn-kỷ	6	scp-038-vn,scp-zh-010,scp-zh-610,scp-zh-717,scp-zh-950
scp-vn	vn	đây-là-mèo	未訳-đây-là-mèo	6	kuronohanahana-01,neko,neko-sagashi,neyes-to-meet-you,scp-040-jp
scp-vn	vn	_image	未訳-_image	5	laggy-s-cookhouse,scp-010-el,scp-1711-ru,scp-7533,scp-9599
scp-vn	vn	cma	未訳-cma	5	mac-hub,scp-3874,scp-es-119,scp-es-194,scp-zh-261
scp-vn	vn	dự-án-crossover	未訳-dự-án-crossover	5	crossoverprojectindex,keters-with-hats,knee-deep-in-the-keter,scp-foundation-the-movie-2,whatcha-doing
scp-vn	vn	người-ngoài-hành-tinh	未訳-người-ngoài-hành-tinh	5	a-ghost-in-the-mechanism,agent-calendars-hot-date-2,dyfscp0012,scp-147-vn,scp-7999
scp-vn	vn	rồng	未訳-rồng	5	scp-021,scp-111,scp-152-vn,scp-1762,scp-3844
scp-vn	vn	tết-tưng-bừng	未訳-tết-tưng-bừng	5	ma-dao-thanh-cong-tai-ong-mat-ngua,nam-rong-sap-sang-tan-trang-to-chuc,scp-065-vn,tet-holiday-hub,tet-tung-bung-mung-to-chuc
scp-vn	vn	tổ-chức-độc-ác	未訳-tổ-chức-độc-ác	5	anime-bystander-green-jp,dclass-search,holy-nova-tale-wordfromdominator,scp-2590-jp,scp-4000-jp
scp-vn	vn	2018-shorts-contest-ko	未訳-2018-shorts-contest-ko	4	scp-132-ko,scp-137-ko,scp-345-ko,scp-828-ko
scp-vn	vn	_không-thể-loại	未訳-_không-thể-loại	4	forever-garden,luvle-s-comic,recruitment-drive,the-ursus-maritimus-incident
scp-vn	vn	_the-bureaucrat	未訳-_the-bureaucrat	4	kill-nothing-but-time,scp-5754,scp-6061,scp-6655
scp-vn	vn	cassy-vẽ-tay	未訳-cassy-vẽ-tay	4	quiet-days,scp-085,scp-294,the-bowe-decommission-part-one
scp-vn	vn	cô-tanaka	未訳-cô-tanaka	4	badbye,dokuhaku-or-monologue,scp-1045-jp,the-birth-of-a-miracle
scp-vn	vn	f-57	未訳-f-57	4	scp-3874,scp-es-119,scp-es-194,scp-zh-261
scp-vn	vn	hub-canon-vn	未訳-hub-canon-vn	4	don-vi-tam-linh-hub,flower-heaven-hub,parental-guidance-hub,tu-rung-di-len-hub
scp-vn	vn	rượu-bia	未訳-rượu-bia	4	rounderhouse-proposal,scp-195,scp-6292,scp-9085
scp-vn	vn	tam-viên	未訳-tam-viên	4	lostwhat-s-proposal,scp-072-vn,scp-zh-228,surge-s-proposal-1
scp-vn	vn	tiến-sĩ-shaw	未訳-tiến-sĩ-shaw	4	in-opposition-to,scp-666-and-a-half-j,scp-6871,walk-away-me-boys
scp-vn	vn	tiến-sĩ-vang	未訳-tiến-sĩ-vang	4	in-his-own-image-part-4,scenes-from-a-comprehensive-clusterfuck,scp-j,why-change
scp-vn	vn	điểm-zh-01	未訳-điểm-zh-01	4	lostwhat-s-proposal,scp-zh-228,scp-zh-60053-j,surge-s-proposal-1
scp-vn	vn	_graveyard-shift	未訳-_graveyard-shift	3	scp-6427,scp-6502,scp-6966
scp-vn	vn	_pseudogenesis	未訳-_pseudogenesis	3	4012-the-play,self-expression-collection,the-color-of-static
scp-vn	vn	báo-chí	未訳-báo-chí	3	3ports-schools,final-star,koigarezaki-news-lobanhoi-1998-ver
scp-vn	vn	eurtec	未訳-eurtec	3	never-be-laid-to-waste-by-some-waste,never-know-when-your-past-will-come-and-bite-at-you,six-codas
scp-vn	vn	tiến-sĩ-surge	未訳-tiến-sĩ-surge	3	scp-zh-010,scp-zh-922,scp-zh-999-j
scp-vn	vn	điểm-zh-11	未訳-điểm-zh-11	3	scp-124-vn,scp-zh-605,sea-and-you
scp-vn	vn	địa-đàng	未訳-địa-đàng	3	scp-6001,scp-9066,world-went-beautiful
scp-vn	vn	_diệp-tôn	未訳-_diệp-tôn	2	diep-luc-chan-kinh-an-tang-khong-tam-thai,diep-luc-chan-kinh-su-tich-ba-chua-coi
scp-vn	vn	anh-hùng	未訳-anh-hùng	2	anime-bystander-green-jp,scp-387-jp
scp-vn	vn	aodaisho	未訳-aodaisho	2	aodaisho-hub,scp-4000-jp
scp-vn	vn	dọn-dẹp-đầu-năm-24	未訳-dọn-dẹp-đầu-năm-24	2	just-another-day,scp-8055
scp-vn	vn	hub-thế-lực-vn	未訳-hub-thế-lực-vn	2	diep-ton-hub,don-vi-tam-linh-hub
scp-vn	vn	hình-người	未訳-hình-người	2	gpt-4546-j,scp-5843
scp-vn	vn	hướng-dẫn-vn	未訳-hướng-dẫn-vn	2	co-che-xet-duyet-y-tuong,translation-guide
scp-vn	vn	lục	未訳-lục	2	scp-002-int,scp-027-pt
scp-vn	vn	maria-johnston	未訳-maria-johnston	2	moving-on,scp-6952
scp-vn	vn	nhà-bếp-trung-ương	未訳-nhà-bếp-trung-ương	2	kitchen,scp-cn-3364
scp-vn	vn	nhận-thức	未訳-nhận-thức	2	gpt-4546-j,scp-719m4-j
scp-vn	vn	npes	未訳-npes	2	joint-statement-12-05-2017,scp-045-int
scp-vn	vn	opus-confident	未訳-opus-confident	2	opusconfidant,scp-vs-j
scp-vn	vn	shūshū-in	未訳-shūshū-in	2	scp-045-int,scp-1002-jp
scp-vn	vn	skitter-marshall	未訳-skitter-marshall	2	scp-9770,to-never-again-see-the-light-of-day
scp-vn	vn	thổ-dân-đài-loan	未訳-thổ-dân-đài-loan	2	scp-zh-002,scp-zh-922
scp-vn	vn	vượt-ngục	未訳-vượt-ngục	2	a-spin-around-the-library,scp-9972
scp-vn	vn	xích-liên-xà-thủ	未訳-xích-liên-xà-thủ	2	scp-1953-ko,scp-4000-jp
scp-vn	vn	zh999	未訳-zh999	2	scp-zh-181,scp-zh-499
scp-vn	vn	ý-thức	未訳-ý-thức	2	scp-2455-jp,scp-667-fr
scp-vn	vn	đang-viết-lại	未訳-đang-viết-lại	2	scp-011-vn,scp-073-vn
scp-vn	vn	2021-3day-ko	未訳-2021-3day-ko	1	scp-755-ko
scp-vn	vn	2025-shorts-contest	未訳-2025-shorts-contest	1	scp-1597-ko
scp-vn	vn	_joicl	未訳-_joicl	1	joicl8kdr
scp-vn	vn	_ko	未訳-_ko	1	scp-600-ko
scp-vn	vn	_koigarezaki-shimbun	未訳-_koigarezaki-shimbun	1	koigarezaki-news-lobanhoi-1998-ver
scp-vn	vn	_ru	未訳-_ru	1	memory
scp-vn	vn	_theme-temp	未訳-_theme-temp	1	component:black-highlighter-theme-dev
scp-vn	vn	bối-cảnh	未訳-bối-cảnh	1	aodaisho-hub
scp-vn	vn	bộ-phận-đặc-trách	未訳-bộ-phận-đặc-trách	1	scp-014-jp-ex
scp-vn	vn	c13fr2025	未訳-c13fr2025	1	scp-758-fr
scp-vn	vn	chính-kịch-không-gian	未訳-chính-kịch-không-gian	1	stealingsolidarityhub
scp-vn	vn	con-quay-sushi	未訳-con-quay-sushi	1	scp-1134-jp
scp-vn	vn	cuộc-thi-mùa-hè-2020-zh	未訳-cuộc-thi-mùa-hè-2020-zh	1	scp-zh-717
scp-vn	vn	cuộc-thi-tiêu-đề-2024	未訳-cuộc-thi-tiêu-đề-2024	1	scp-1884-ko
scp-vn	vn	cảm-giác	未訳-cảm-giác	1	scp-055-j
scp-vn	vn	dị-học-hội	未訳-dị-học-hội	1	scp-cn-1559
scp-vn	vn	elma	未訳-elma	1	scp-2955-jp
scp-vn	vn	fusōki	未訳-fusōki	1	scp-045-int
scp-vn	vn	giáo-phái-chopin	未訳-giáo-phái-chopin	1	scp-1710-jp
scp-vn	vn	gogyō-kessha	未訳-gogyō-kessha	1	goc-far-east-orientation
scp-vn	vn	greg-chudley	未訳-greg-chudley	1	moving-on
scp-vn	vn	gợi-ý-tin-báo	未訳-gợi-ý-tin-báo	1	scp-627
scp-vn	vn	hiệp-hội-dị-nhân	未訳-hiệp-hội-dị-nhân	1	scp-346-th
scp-vn	vn	hẻm	未訳-hẻm	1	scp-1884-ko
scp-vn	vn	học-đường	未訳-học-đường	1	hot-len-nao-nhung-tam-hon-tho-ngay
scp-vn	vn	hồi-ức-2019	未訳-hồi-ức-2019	1	scp-zh-120
scp-vn	vn	hồng-lam-2022	未訳-hồng-lam-2022	1	lostwhat-s-proposal
scp-vn	vn	kai	未訳-kai	1	scp-1134-jp
scp-vn	vn	kamikase-clan	未訳-kamikase-clan	1	scp-045-int
scp-vn	vn	kcia-10th-bu	未訳-kcia-10th-bu	1	scp-045-int
scp-vn	vn	khu-bảo-tồn-tōno-yōkai	未訳-khu-bảo-tồn-tōno-yōkai	1	toyoho-hub
scp-vn	vn	khu-phố-ngầm	未訳-khu-phố-ngầm	1	scp-zh-618
scp-vn	vn	không-thời-gian	未訳-không-thời-gian	1	scp-183-vn
scp-vn	vn	kiểm-soát-viên-yggdrasil	未訳-kiểm-soát-viên-yggdrasil	1	ulla-na-folla
scp-vn	vn	koigarezaki	未訳-koigarezaki	1	scp-2955-jp
scp-vn	vn	koigarezaki-shimbun	未訳-koigarezaki-shimbun	1	koigarezaki-news-lobanhoi-1998-ver
scp-vn	vn	la	未訳-la	1	scp-la-002
scp-vn	vn	lam	未訳-lam	1	scp-758-fr
scp-vn	vn	lefty	未訳-lefty	1	scp-1040-ru
scp-vn	vn	miracle-exposition	未訳-miracle-exposition	1	scp-045-int
scp-vn	vn	mùa-đông-2020-cn	未訳-mùa-đông-2020-cn	1	2521-escaped
scp-vn	vn	nghiên-cứu-viên-l.what	未訳-nghiên-cứu-viên-l.what	1	scp-zh-005
scp-vn	vn	nghiên-cứu-viên-lucifelle	未訳-nghiên-cứu-viên-lucifelle	1	scp-123-vn
scp-vn	vn	ngôi-thứ-ba	未訳-ngôi-thứ-ba	1	endless-flights
scp-vn	vn	người-ngoài-hành-tinh-máu-xanh	未訳-người-ngoài-hành-tinh-máu-xanh	1	agent-calendars-hot-date-2
scp-vn	vn	nhật-ký	未訳-nhật-ký	1	reddawn
scp-vn	vn	nhục-thể-xiếc-đoàn	未訳-nhục-thể-xiếc-đoàn	1	scp-1027-ru
scp-vn	vn	nue-saigū	未訳-nue-saigū	1	r-sinano-chuo-co-jp-2050-09-07-e34j876
scp-vn	vn	painted	未訳-painted	1	2521-xxx
scp-vn	vn	pangea	未訳-pangea	1	goc-supplemental-implantation-fr
scp-vn	vn	phân-khu-08	未訳-phân-khu-08	1	scp-zh-889
scp-vn	vn	phân-khu-nc-twđlt	未訳-phân-khu-nc-twđlt	1	scp-1884-ko
scp-vn	vn	phòng-ban-dị-đô	未訳-phòng-ban-dị-đô	1	scp-zh-181
scp-vn	vn	phồn-quảng	未訳-phồn-quảng	1	scp-zh-618
scp-vn	vn	practical-examination	未訳-practical-examination	1	shituren-dance
scp-vn	vn	saiga-factions	未訳-saiga-factions	1	scp-1300-jp
scp-vn	vn	scp-art	未訳-scp-art	1	2521-xxx
scp-vn	vn	shigastan	未訳-shigastan	1	scp-1300-jp
scp-vn	vn	sicher	未訳-sicher	1	skp-047
scp-vn	vn	sinh	未訳-sinh	1	the-plan-failed
scp-vn	vn	sketched	未訳-sketched	1	sunday-funnies
scp-vn	vn	sushi-hắc-ám	未訳-sushi-hắc-ám	1	scp-1134-jp
scp-vn	vn	sư-phụ-yami	未訳-sư-phụ-yami	1	scp-1134-jp
scp-vn	vn	sự-kiện-2	未訳-sự-kiện-2	1	yuri-lily-1
scp-vn	vn	takao	未訳-takao	1	scp-1134-jp
scp-vn	vn	thần-thoại-truyền-thuyết	未訳-thần-thoại-truyền-thuyết	1	scp-cn-1559
scp-vn	vn	tiên	未訳-tiên	1	taboo
scp-vn	vn	tiến-sĩ-ad	未訳-tiến-sĩ-ad	1	scp-zh-120
scp-vn	vn	tiến-sĩ-kuwana	未訳-tiến-sĩ-kuwana	1	scp-005-jp
scp-vn	vn	tiến-sĩ-liesbeth	未訳-tiến-sĩ-liesbeth	1	scp-zh-889
scp-vn	vn	tiến-sĩ-semibreve	未訳-tiến-sĩ-semibreve	1	scp-zh-889
scp-vn	vn	tiến-tới-bình-minh	未訳-tiến-tới-bình-minh	1	scp-2047
scp-vn	vn	trương-đạo-sĩ	未訳-trương-đạo-sĩ	1	scp-zh-261
scp-vn	vn	ts-fynegan	未訳-ts-fynegan	1	zero-hour
scp-vn	vn	tòa-báo-trung-tâm-shinano	未訳-tòa-báo-trung-tâm-shinano	1	r-sinano-chuo-co-jp-2050-09-07-e34j876
scp-vn	vn	unit-negative-numbers	未訳-unit-negative-numbers	1	scp-045-int
scp-vn	vn	venturecontest	未訳-venturecontest	1	badbye
scp-vn	vn	văn-ngôn	未訳-văn-ngôn	1	scp-cn-1559
scp-vn	vn	vũ-tân-kỳ-truyện	未訳-vũ-tân-kỳ-truyện	1	mujin-yarn
scp-vn	vn	warcon18	未訳-warcon18	1	the-birth-of-a-miracle
scp-vn	vn	wrathcon2024	未訳-wrathcon2024	1	asset-florida-orange
scp-vn	vn	zizkovs-pit	未訳-zizkovs-pit	1	scp-500-cs
scp-vn	vn	át-và-tám	未訳-át-và-tám	1	theme:aces-and-eights
scp-vn	vn	điểm-145k	未訳-điểm-145k	1	scp-1884-ko
scp-vn	vn	điểm-chớp-song-hành	未訳-điểm-chớp-song-hành	1	scp-022-vn
scp-vn	vn	điểm-zh-22	未訳-điểm-zh-22	1	scp-zh-010
scp-vn	vn	điểm-zh-50	未訳-điểm-zh-50	1	site-zh-50
scp-vn	vn	điểm-zh-59	未訳-điểm-zh-59	1	scp-198-vn
scp-vn	vn	điểm-zh-72	未訳-điểm-zh-72	1	scp-zh-228
scp-vn	vn	đặc-vụ-ikura	未訳-đặc-vụ-ikura	1	solvex-s-tale-016
scp-vn	vn	đặc-vụ-kurusu	未訳-đặc-vụ-kurusu	1	scp-045-int
scp-vn	vn	đội-số-âm	未訳-đội-số-âm	1	goc-far-east-orientation
scp-vn	vn	ẩu-đả-con21	未訳-ẩu-đả-con21	1	scp-2455-jp
scp-zh-tr	zh-tr	_cc	未訳-_cc	1872	025o-s-painting,173-999,1998-hub,1998-transport-illust,19still-end0305
scp-zh-tr	zh-tr	_licensebox	未訳-_licensebox	756	207,407,a-bitch,a-breath-of-relief-no-different-from-drowning,a-brief-explanation-on-demonics
scp-zh-tr	zh-tr	_info	未訳-_info	477	0754,16th-wondertainment-donation,1st-cetres-donation,2008,2019-memories
scp-zh-tr	zh-tr	素材	未訳-素材	240	image:lcuq9roo,image:lcuqb960,image:lcvapfmm,image:lcvkebg4,image:lcvm2bdo
scp-zh-tr	zh-tr	_禁黑	未訳-_禁黑	201	a-n-0064,absent,aerowar-50-teach-1,alma-kyivshchyna,alternative:scp-7725
scp-zh-tr	zh-tr	感知力	未訳-感知力	193	archived:scp-039-arc,deleted:scp-050-vn,deleted:scp-4026,djkaktus-s-proposal-ii,djkaktus-s-proposal-j
scp-zh-tr	zh-tr	二次翻譯	未訳-二次翻譯	147	abteilung-xxv-hub,always-love-you-ben,art:christmas-gift-from-the-santa-with-backache-and-handache,art:christmas-juki,art:kus-vh-zh-event-gallery
scp-zh-tr	zh-tr	_image	未訳-_image	140	adult:v1l3-j-how-to-spend-the-night-in-sin-city,arbh-class-hub,are-we-cool-yet-hub,artwork:balalaevgod,artwork:kalmykov
scp-zh-tr	zh-tr	重寫	未訳-重寫	103	a-semi-comprehensive-list-of-foundation-fronts,archived:scp-039-arc,broken-masquerade-hub,days-gone-by,history-of-the-universe-part-five
scp-zh-tr	zh-tr	2025冬季競賽	未訳-2025冬季競賽	61	attempt-of-type-green-and-bluenullification-via-aether-rewea,beyond-the-pines,eternal-flower,image:m5qaj2r4,image:m5qb9jvw
scp-zh-tr	zh-tr	恐怖	未訳-恐怖	61	a-sinking-feeling,a-wandsman-in-the-court-of-the-hanged-king,deleted:troutsproposal,document-recovered-from-the-marianas-trench,narrativistics-and-you
scp-zh-tr	zh-tr	ad博士	未訳-ad博士	59	47,abyssdream-pic-01,adiscooooool,adult:oyasumi-site-zh-12,aquarium-date-art
scp-zh-tr	zh-tr	site-zh-50	未訳-site-zh-50	56	a-battlefield-without-emotion,a-precise-bombing,about-that-big-guy,absent,abyss
scp-zh-tr	zh-tr	reverberate博士	未訳-reverberate博士	49	about-that-big-guy,aftermath-zh,all-the-bridges-were-burned,ambrose-isakov,another-possibility
scp-zh-tr	zh-tr	聖夜虹光	未訳-聖夜虹光	47	162x229mm-envelope-bag,christmas-event6,image:ldk69xkh,image:ldk6h7gg,image:ldkawyrr
scp-zh-tr	zh-tr	surge博士	未訳-surge博士	46	20210428,ain-draw-something,among-in-the-duck,bokoichi-the-freightening-car,critter-profile-surge
scp-zh-tr	zh-tr	apoyn博士	未訳-apoyn博士	45	abyssdream-pic-01,aquarium-date-art,canteen-date,change-irregularly,chronic-survival
scp-zh-tr	zh-tr	現象	未訳-現象	43	scp-124-vn,scp-2206,scp-2571,scp-2718,scp-2740
scp-zh-tr	zh-tr	zh急迫競賽2022	未訳-zh急迫競賽2022	42	commission-nine-point-eight,counting-down,electronic-stary,fly-to-the-sky,forget-me-not-lucifelle
scp-zh-tr	zh-tr	真紀博士	未訳-真紀博士	37	art:christmas-gift-from-the-santa-with-backache-and-handache,art:vnxzh-mnco,bokoichi-the-freightening-car,dappoopoo,dreams-always-explode
scp-zh-tr	zh-tr	研究員knave	未訳-研究員knave	36	a-transgress-or-translate-before-spring,art:kus-vh-zh-event-gallery,edward-knave,email-and-penalty,external-attachments-make-one-prone-to-failure
scp-zh-tr	zh-tr	semibreve博士	未訳-semibreve博士	35	a-battlefield-without-emotion,about-that-big-guy,among-in-the-duck,black-0419,black-6666
scp-zh-tr	zh-tr	2022夏季競賽	未訳-2022夏季競賽	33	ching-sus,d-10201,disorder-flapdoodle,extension-of-dream,go-to-sus-hi-po
scp-zh-tr	zh-tr	悲戚	未訳-悲戚	33	784incident7,a-sinking-feeling,deleted:troutsproposal,disinformation-bureau-orientation,document-recovered-from-the-marianas-trench
scp-zh-tr	zh-tr	zh急迫競賽2023	未訳-zh急迫競賽2023	31	art:alex-thorley-pressed-the-escape-key,glass-ball-family,ignore,jamcon-zh-2023,march-march
scp-zh-tr	zh-tr	屍體史體	未訳-屍體史體	31	corpse-corpus-hub,jiraku-mogana-s-proposal-ii,makuwayurika-s-proposal,scp-2182-jp,scp-2527-jp
scp-zh-tr	zh-tr	2020夏季競賽	未訳-2020夏季競賽	30	19th-bureau-of-mss-of-china,2zero2seven,ao-zh-252,ctf15-21-molly,five-minutes-to-end
scp-zh-tr	zh-tr	ain博士	未訳-ain博士	30	20210428,ain-draw-something,aindavis-817,among-in-the-duck,anthurium
scp-zh-tr	zh-tr	zh急迫競賽2024	未訳-zh急迫競賽2024	29	47-image,and-from-the-ashes-a-new-hk-site-will-be-born,bokoichi-the-freightening-car,can-have-a-barbecue-in-ends,external-attachments-make-one-prone-to-failure
scp-zh-tr	zh-tr	_下沉	未訳-_下沉	28	attribution-metadata,credit:cc4,foundation-tales-zh,groups-of-interest-de,groups-of-interest-es
scp-zh-tr	zh-tr	cidal-dongi	未訳-cidal-dongi	28	cidal-dongi-by-controlz,cidal-dongi-by-k1s10r0d,cidal-dongi-by-lulu-lucifelle,cidal-dongi-by-samscript,day-day-is-good-day
scp-zh-tr	zh-tr	燦藍天穹	未訳-燦藍天穹	28	162x229mm-envelope-bag,a-precise-bombing,a-precise-bombing-art,ancient-taiwan-chronicle,assessing-the-possibility-of-using-scp-zh-621-patients-as-an
scp-zh-tr	zh-tr	研究員lucifelle	未訳-研究員lucifelle	28	adult:oyasumi-site-zh-12,adult:v1l3-j-how-to-spend-the-night-in-sin-city,christmas-or-halloween,duality-of-man,forget-me-not-lucifelle
scp-zh-tr	zh-tr	2022萬聖事件	未訳-2022萬聖事件	27	a-home-welcoming-story-rsr-lu,artworks,aviation,bourbon-whiskey,combat-record-rl1207
scp-zh-tr	zh-tr	聖夜越夜耶	未訳-聖夜越夜耶	27	art:christmas-gift-from-the-santa-with-backache-and-handache,art:christmas-juki,art:kus-vh-zh-event-gallery,art:vnxzh-5irin,art:vnxzh-khoquaday
scp-zh-tr	zh-tr	航海學	未訳-航海學	27	a-battlefield-without-emotion,all-the-bridges-were-burned,arrowhead,backtohome,can-have-a-barbecue-in-ends
scp-zh-tr	zh-tr	2019聖夜相守	未訳-2019聖夜相守	25	a-mysterious-road,aftermath-zh,art-for-0100,art-for-zh255,art-for-zh258
scp-zh-tr	zh-tr	owen	未訳-owen	25	adams-clothes,adult:oyasumi-site-zh-12,adult:v1l3-j-how-to-spend-the-night-in-sin-city,and-then-there-were-you,fan-made-zh12-fiction
scp-zh-tr	zh-tr	地下街	未訳-地下街	25	20210428,a-battlefield-without-emotion,artwork-shopping-arcade,blue-0428,dappoopoo
scp-zh-tr	zh-tr	待更新	未訳-待更新	25	archived:heritage-collection-arc,author-page-tool,authors-pages-en,bearitage-collection,black-highlighter-themes
scp-zh-tr	zh-tr	_威爾遜生物應對組-goi格式	未訳-_威爾遜生物應對組-goi格式	24	adoption-poster-bandit,adoption-poster-choco,adoption-poster-darius,adoption-poster-ol-shock,critter-profile-bakugo
scp-zh-tr	zh-tr	葉凡博士	未訳-葉凡博士	24	20210428,adult:scp-zh-235,ain-draw-something,among-in-the-duck,bt-fly
scp-zh-tr	zh-tr	2022紅藍爭霸賽	未訳-2022紅藍爭霸賽	23	bhutan,bioelectricity,dream-duet,honglam-battle,lostwhat-s-proposal
scp-zh-tr	zh-tr	chrome	未訳-chrome	23	88-step,another-possibility,article-number-097-black-0117,bokoichi-the-freightening-car,daydream-walker
scp-zh-tr	zh-tr	illustrated	未訳-illustrated	23	and-so-the-crows-laughed,beasts-of-the-old-letters,character-development,eventyr-hub,matryoshka
scp-zh-tr	zh-tr	valentine博士	未訳-valentine博士	23	20210428,blue-0428,childhood,disorder-flapdoodle,doodles-from-sam
scp-zh-tr	zh-tr	個人化設定	未訳-個人化設定	23	customize:3296783,customize:3981670,customize:4239775,customize:4474355,customize:4990678
scp-zh-tr	zh-tr	雙城作戰	未訳-雙城作戰	23	a-battlefield-without-emotion,absent,after-the-boom,air-combat-of-vizmor,bell-frame
scp-zh-tr	zh-tr	2024中元恐怖	未訳-2024中元恐怖	22	ctrl-z-zhongyuan-2024-art,scp-zh-249,scp-zh-420,scp-zh-425,scp-zh-454
scp-zh-tr	zh-tr	bales博士	未訳-bales博士	22	aftermath-zh,article-number-065,boarding,borage,cat-day
scp-zh-tr	zh-tr	metha博士	未訳-metha博士	22	black-0419,methadone,old-cat-travel-1,scp-zh-007,scp-zh-019-j
scp-zh-tr	zh-tr	site-zh-22	未訳-site-zh-22	22	a-change,post-trauma,scp-zh-010,scp-zh-044,scp-zh-081
scp-zh-tr	zh-tr	科幻	未訳-科幻	22	goc-supplemental-arad,goc-supplemental-qandq,goc-supplemental-thaumatology,goc-supplemental-thaumworkings,kill-agents-and-you
scp-zh-tr	zh-tr	詮釋資料	未訳-詮釋資料	22	archived-scps,attribution-metadata,authors-pages,authors-pages-en,joke-scps
scp-zh-tr	zh-tr	sugoi博士	未訳-sugoi博士	21	20210428,cat-day,dark-room,doodles-from-sam,dr-sugoi-is-bishojo
scp-zh-tr	zh-tr	不滅孽蜥	未訳-不滅孽蜥	21	disgusting,djkaktus-s-proposal-iii,duke-till-dawn,impossible-to-destroy-reptile,kill-682
scp-zh-tr	zh-tr	亡走塵寰	未訳-亡走塵寰	21	a-precise-bombing,argument-of-existence,escape-into-the-world-of-mortals,foreseen,foundation-midnight-club-mou
scp-zh-tr	zh-tr	喜劇	未訳-喜劇	21	a-modest-proposal-for-a-revised-anomaly-classification-syste,and-then-what-happened,april-fools-2024,broekken-gued,cimmerian-sends-650-pms
scp-zh-tr	zh-tr	世界觀建設	未訳-世界觀建設	20	akiva-counter-operating-instructions,assessing-the-possibility-of-using-scp-zh-621-patients-as-an,beasts-of-the-old-letters,flexibility,garfield-timeline
scp-zh-tr	zh-tr	水銀	未訳-水銀	20	20210428,behind-the-silver,commission-nine-point-eight,interview-of-x,minamata-disease
scp-zh-tr	zh-tr	神秘	未訳-神秘	20	a-transgress-or-translate-before-spring,alex-thorley-unclogs-the-drain,and-then-what-happened,character-development,narrativistics-and-you
scp-zh-tr	zh-tr	諜報	未訳-諜報	20	and-then-what-happened,character-development,disinformation-bureau-orientation,it-just-shattered,matryoshka
scp-zh-tr	zh-tr	ctrl-z博士	未訳-ctrl-z博士	19	adult:k1s10r0d-art-of-v1l3-j-burning-calories,adult:v1l3-j-burning-calories,bangyen,canteen-date,duck-s-xmas
scp-zh-tr	zh-tr	x博士	未訳-x博士	19	20210428,among-in-the-duck,cat-day,critter-profile-surge,doodles-from-sam
scp-zh-tr	zh-tr	恐懼症驚選集	未訳-恐懼症驚選集	19	dr-frueh-s-proposal,scp-3246,scp-8066,scp-8084,scp-8091
scp-zh-tr	zh-tr	死亡永生	未訳-死亡永生	19	article-number-097-black-0117,before-starsight,communication-log-zh-747-331,death-eternal-life,ilmari
scp-zh-tr	zh-tr	2021聖夜相守	未訳-2021聖夜相守	18	adiscoolyesss,christmas-event3,dawn-of-east,fan-made-zh12-fiction,hahacloth
scp-zh-tr	zh-tr	2023聖夜相守	未訳-2023聖夜相守	18	birth-of-the-ravenous,boxes-under-tree,buckshot-in-christmas,christmas-event5,i-do-not-want-to-translate-art
scp-zh-tr	zh-tr	en-經典競賽2025	未訳-en-經典競賽2025	18	classic-con,scp-7823,scp-8294,scp-8329,scp-8376
scp-zh-tr	zh-tr	site-zh-72	未訳-site-zh-72	18	a-home-welcoming-story-rsr-lu,cats-in-kaleidoscopes,eternal-flower,fog-house,scp-zh-121
scp-zh-tr	zh-tr	深井目錄	未訳-深井目錄	18	admonition,assessing-the-possibility-of-using-scp-zh-621-patients-as-an,attempt-of-type-green-and-bluenullification-via-aether-rewea,scp-4755,scp-5097
scp-zh-tr	zh-tr	被刪除	未訳-被刪除	18	deleted:artwork-nika-2,deleted:i-055,deleted:i-data-expunged,deleted:i-just-need-to-write-something,deleted:scp-004-nd
scp-zh-tr	zh-tr	2025夏季競賽	未訳-2025夏季競賽	17	a-sardine-grows-from-the-soil,critter-profile-fogs,escape-into-the-world-of-mortals-1,for-new-employees,founded-media-u-054-au-zh
scp-zh-tr	zh-tr	entry	未訳-entry	17	wanderers:a-blizzard-winterland,wanderers:a-love-letter,wanderers:a-wanderers-guide-to-first-aid-in-the-library,wanderers:a-wanderers-guide-to-first-aid-in-the-library-aqua,wanderers:cataphract-the-hanged-man
scp-zh-tr	zh-tr	koschei.aic	未訳-koschei.aic	17	about-that-big-guy,all-the-bridges-were-burned,another-possibility,arrowhead,color-of-hope
scp-zh-tr	zh-tr	zh999	未訳-zh999	17	k1s10r0d-s-proposal,scp-zh-059,scp-zh-072,scp-zh-094,scp-zh-104
scp-zh-tr	zh-tr	待翻譯	未訳-待翻譯	17	an-incredibly-important-announcement,canon-hub-jp,contest-archive,goi-ball-comics-zh,groups-of-interest
scp-zh-tr	zh-tr	生活片段	未訳-生活片段	17	784incident4,alex-thorley-unclogs-the-drain,first-glimpse-into-legend-of-shower-chess-style,history,in-his-own-image
scp-zh-tr	zh-tr	2021冬季競賽	未訳-2021冬季競賽	16	a-battlefield-without-emotion,authentic,behind-the-silver,chronic-survival,first-performance
scp-zh-tr	zh-tr	2025中元恐怖	未訳-2025中元恐怖	16	scp-zh-143,scp-zh-414,scp-zh-481,scp-zh-596,scp-zh-616
scp-zh-tr	zh-tr	_飛	未訳-_飛	16	commission-nine-point-eight,fly-to-the-sky,i-ll-come-back-to-the-earth-and-bring-the-piece-of-the-star,scp-zh-056,scp-zh-073
scp-zh-tr	zh-tr	en-短文競賽2015	未訳-en-短文競賽2015	16	scp-2140,scp-2158,scp-2165,scp-2196,scp-2351
scp-zh-tr	zh-tr	site-zh-01	未訳-site-zh-01	16	in-exile,lostwhat-s-proposal,lostwhat-s-proposal-ii,scp-zh-060-j,scp-zh-158
scp-zh-tr	zh-tr	心理恐怖	未訳-心理恐怖	16	document-recovered-from-the-marianas-trench,narrativistics-and-you,scorch-correspondence-pattern,scp-7582,scp-7701
scp-zh-tr	zh-tr	2024冬季競賽	未訳-2024冬季競賽	15	nsb8-object-8391,scp-zh-022,scp-zh-287,scp-zh-313,scp-zh-345
scp-zh-tr	zh-tr	天槍-9	未訳-天槍-9	15	absent,air-combat-of-vizmor,bell-frame,i-must-scream,limit-scale
scp-zh-tr	zh-tr	_檢查	未訳-_檢查	14	counting-down,forget-me-not-lucifelle,obstacle,scp-zh-074,scp-zh-086
scp-zh-tr	zh-tr	en-部門競賽2022	未訳-en-部門競賽2022	14	life-insurance-policy,scp-5763,scp-6208,scp-6355,scp-6445
scp-zh-tr	zh-tr	吳昕博士	未訳-吳昕博士	14	adams-clothes,art-for-zh-639,it-was-not-my-fault,scp-zh-047,scp-zh-111
scp-zh-tr	zh-tr	山本五十嵐	未訳-山本五十嵐	14	day-day-is-good-day,methadone,night-tide,o-nokay-ni-cidal,radiw
scp-zh-tr	zh-tr	hanku博士	未訳-hanku博士	13	scp-zh-140,scp-zh-173,scp-zh-340,scp-zh-441,scp-zh-583-j
scp-zh-tr	zh-tr	奇幻	未訳-奇幻	13	a-wandsman-in-the-court-of-the-hanged-king,beasts-of-the-old-letters,blue-lily-chains,goc-supplemental-arad,goc-supplemental-qandq
scp-zh-tr	zh-tr	悲喜	未訳-悲喜	13	fakemedicine,history,last-meetings,lily-s-proposal,monochrome
scp-zh-tr	zh-tr	肉體恐怖	未訳-肉體恐怖	13	deleted:troutsproposal,scp-2888,scp-7508,scp-7823,scp-8066
scp-zh-tr	zh-tr	都異部門	未訳-都異部門	13	cool-spread-class-icons,kamen-rider-theseus-alone-in-the-dark,scp-zh-059,scp-zh-082,scp-zh-180
scp-zh-tr	zh-tr	_awcy-goi格式	未訳-_awcy-goi格式	12	pot-of-greed-you-kids-love-yu-gi-oh-innit,project-proposal-1925-1894,project-proposal-1994-87-a-day-in-the-roman-court,project-proposal-2014-1221,project-proposal-2017-47-zh
scp-zh-tr	zh-tr	_蛇之手-goi格式	未訳-_蛇之手-goi格式	12	blue-lily-chains,hafune,how-to-adopt-a-butterfly-koi,mu-yi-f-824,sh-3d-glutinous-oil-rice
scp-zh-tr	zh-tr	jp-2016插圖大賽a	未訳-jp-2016插圖大賽a	12	blue,classd,come-dream,dandelion,diving-to-the-scp-169
scp-zh-tr	zh-tr	site-zh-59	未訳-site-zh-59	12	a-precise-bombing,art-site-zh-59,can-have-a-barbecue-in-ends,old-go-new-come,scp-zh-116
scp-zh-tr	zh-tr	tostren博士	未訳-tostren博士	12	bokoichi-the-freightening-car,bro-i-dont-play-yu-gi-oh-what-do-you-expect,dappoopoo,inharmonious-rain,scp-zh-209
scp-zh-tr	zh-tr	willow特工	未訳-willow特工	12	bt-fly,cat-day,christmas-marten,dark-room,doodles-from-sam
scp-zh-tr	zh-tr	愚人節同歡	未訳-愚人節同歡	12	2023-april-fool,20240401,20250401,component:holy-fuck-rating-module,critter-profile-ciwciw
scp-zh-tr	zh-tr	王尚毅特工	未訳-王尚毅特工	12	adams-clothes,art-for-zh-639,drizzle,scp-zh-012,scp-zh-639
scp-zh-tr	zh-tr	第一人稱	未訳-第一人稱	12	a-sinking-feeling,a-wandsman-in-the-court-of-the-hanged-king,alex-thorley-unclogs-the-drain,d-class-orientation,document-recovered-from-the-marianas-trench
scp-zh-tr	zh-tr	2020虹光之間	未訳-2020虹光之間	11	cleguisbt,darkroom-2020,lucid-dream,scp-zh-053,scp-zh-085
scp-zh-tr	zh-tr	_假的	未訳-_假的	11	electronic-stary,must-be-fake,newandnewandnew,one-night-four-broken-hearts-in-12,post-trauma
scp-zh-tr	zh-tr	_賞金1200字	未訳-_賞金1200字	11	ao-zh-252,nobody-s-home,scp-zh-008,scp-zh-013,scp-zh-015
scp-zh-tr	zh-tr	_退	未訳-_退	11	art:alex-thorley-pressed-the-escape-key,new-word,scp-zh-020,scp-zh-121,scp-zh-137
scp-zh-tr	zh-tr	en-9000	未訳-en-9000	11	scp-9000,scp-9001,scp-9009,scp-9013,scp-9200
scp-zh-tr	zh-tr	中秋烏路賽	未訳-中秋烏路賽	11	mu-yi-115,nb,no-cooked-yolk-is-life,noisy-mid-autumn-festival,orange-1114
scp-zh-tr	zh-tr	趙禮竺特工	未訳-趙禮竺特工	11	dappoopoo,email-and-penalty,merry-christmas-mkm,new-flesh-in-site-zh-11,scorch-correspondence-pattern
scp-zh-tr	zh-tr	2023夏季競賽	未訳-2023夏季競賽	10	scp-zh-245,scp-zh-347,scp-zh-639,scp-zh-649,scp-zh-662
scp-zh-tr	zh-tr	_核心	未訳-_核心	10	glass-ball-family,march-march,scp-zh-148,scp-zh-154,scp-zh-187
scp-zh-tr	zh-tr	int-goi2019	未訳-int-goi2019	10	donatello-s-sculpting-tools-circa-1409,incriveis-sapatos-ozwalds,la-naissance-d-un-immortel,mon-amour-et-ma-aide-circa-1518,non-prophet-organization-hub
scp-zh-tr	zh-tr	liesbeth博士	未訳-liesbeth博士	10	aviation,blue-9102,caged-bird,nemophila,operation-nucleon-bank-semibreve
scp-zh-tr	zh-tr	儀器	未訳-儀器	10	k1s10r0d-s-proposal,scp-067,scp-3816,scp-485,scp-513
scp-zh-tr	zh-tr	夏日晴空競賽	未訳-夏日晴空競賽	10	dcclxvi-water-park,fleeting,old-day-dust,queen-of-farangaw,scp-zh-303
scp-zh-tr	zh-tr	宇宙恐怖	未訳-宇宙恐怖	10	a-wandsman-in-the-court-of-the-hanged-king,document-recovered-from-the-marianas-trench,narrativistics-and-you,scp-3246,scp-7701
scp-zh-tr	zh-tr	無對白	未訳-無對白	10	a-sinking-feeling,alex-thorley-goes-offline-for-shabbat,alex-thorley-unclogs-the-drain,cimmerian-sends-650-pms,dictionary-attack
scp-zh-tr	zh-tr	虹光之間	未訳-虹光之間	10	alive-evergreen,caged-bird,darkroom,dreamcatcher,in-the-snow-in-the-iris
scp-zh-tr	zh-tr	見危-12	未訳-見危-12	10	complain-first-work-second,scp-zh-012,scp-zh-216,scp-zh-247,scp-zh-289
scp-zh-tr	zh-tr	2019暑期比賽	未訳-2019暑期比賽	9	cats-in-kaleidoscopes,childhood,familiar-strangers,scp-zh-077,scp-zh-199
scp-zh-tr	zh-tr	2026冬季競賽	未訳-2026冬季競賽	9	ad-art-for-jigak-12-1,mooninwater,scp-zh-328,scp-zh-487,scp-zh-630
scp-zh-tr	zh-tr	_你感覺到了嗎	未訳-_你感覺到了嗎	9	ignore,night-tide,scp-zh-192,scp-zh-215,scp-zh-366
scp-zh-tr	zh-tr	flavir博士	未訳-flavir博士	9	scp-zh-010,scp-zh-310,scp-zh-610,scp-zh-891,scp-zh-9288-ex
scp-zh-tr	zh-tr	動作	未訳-動作	9	784incident7,incident-239-b-clef-kondraki,kaiju-caviar-ocn39-t5fg6-7hjl2,matryoshka-four,matryoshka-two
scp-zh-tr	zh-tr	天紀-17	未訳-天紀-17	9	absent,i-m-not-fine,limit-scale,logo-discipline-17,nsb8-916
scp-zh-tr	zh-tr	車肆-8	未訳-車肆-8	9	cat-day,scp-zh-006,scp-zh-027,scp-zh-208,scp-zh-252
scp-zh-tr	zh-tr	酣夜櫻華	未訳-酣夜櫻華	9	a-battlefield-without-emotion,aviation,borage,bourbon-whiskey,kiss-in-the-dark
scp-zh-tr	zh-tr	韻文	未訳-韻文	9	wanderers:citizen-report,wanderers:die-in-immortality,wanderers:gerens-paxillum,wanderers:i-work-in-the-sky,wanderers:of-the-masters-of-books
scp-zh-tr	zh-tr	2022聖夜相守	未訳-2022聖夜相守	8	christmas-event4,divina-commedia,first-glimpse-into-legend-of-shower-chess-style,merry-christmas-mkm,scp-zh-598
scp-zh-tr	zh-tr	2022虹光之間	未訳-2022虹光之間	8	bythenameofeighthsun-noshadowallowed,darkroom-2022,malicious-behavior,scp-zh-196,scp-zh-744
scp-zh-tr	zh-tr	_mc&d-goi格式	未訳-_mc&d-goi格式	8	chocolatecake,collection-of-the-cultural-revolution,kaiju-caviar-ocn39-t5fg6-7hjl2,lego-minithinkers-8y9d5-2x4h7-s89m2,mcdssps
scp-zh-tr	zh-tr	_修復	未訳-_修復	8	archived-news,author-page-guide,departments,foundation-monthly-77,fragment:front-page-features
scp-zh-tr	zh-tr	_南	未訳-_南	8	bokoichi-the-freightening-car,keep-yourself-warm,scp-zh-250,scp-zh-597,scp-zh-615
scp-zh-tr	zh-tr	_新	未訳-_新	8	old-go-new-come,red-earth-4,scp-zh-557,scp-zh-567,scp-zh-579
scp-zh-tr	zh-tr	_絕望	未訳-_絕望	8	attempt-of-type-green-and-bluenullification-via-aether-rewea,beyond-the-pines,eternal-flower,scp-zh-386,scp-zh-422
scp-zh-tr	zh-tr	_重新出發	未訳-_重新出發	8	and-from-the-ashes-a-new-hk-site-will-be-born,can-have-a-barbecue-in-ends,o-nokay-ni-cidal,scp-zh-537,scp-zh-565
scp-zh-tr	zh-tr	lgbtq	未訳-lgbtq	8	coming-out-to-the-woods,deleted:troutsproposal,dictionary-attack,merry-christmas-jude-kriyot,portraits-of-your-father
scp-zh-tr	zh-tr	maddy	未訳-maddy	8	christmas-marten,dark-room,doodles-from-sam,duck-s-xmas,head
scp-zh-tr	zh-tr	srr部	未訳-srr部	8	scp-zh-109,scp-zh-290,scp-zh-400,scp-zh-600,scp-zh-611
scp-zh-tr	zh-tr	不過一夢	未訳-不過一夢	8	alex-thorley-unclogs-the-drain,but-a-dream,scp-6777,scp-6869,scp-7413
scp-zh-tr	zh-tr	末日後	未訳-末日後	8	assessing-the-possibility-of-using-scp-zh-621-patients-as-an,document-recovered-from-the-marianas-trench,omega-k,scp-8339,scp-8956
scp-zh-tr	zh-tr	爆旋壽司	未訳-爆旋壽司	8	ftgg-a-chunibyo-story-p2,jet-black,koigarezaki-news-20200908,sb-the-road-of-revenge,scp-622-fr
scp-zh-tr	zh-tr	異常事件	未訳-異常事件	8	nicos-proposal-ii,scp-1730,scp-3246,scp-7362,scp-7823
scp-zh-tr	zh-tr	長垣-4	未訳-長垣-4	8	i-m-not-fine,lucid-dream,operation-nucleon-bank-hg,operation-nucleon-bank-minger,operation-nucleon-bank-run-1
scp-zh-tr	zh-tr	_a3	未訳-_a3	7	scp-zh-102,scp-zh-112,scp-zh-115,scp-zh-221,scp-zh-571
scp-zh-tr	zh-tr	_安布羅斯餐廳-goi格式	未訳-_安布羅斯餐廳-goi格式	7	ambrose-isakov,ambrose-london-prix-fixe,ambrose-sanfran,ambrose-taiwan-railway-hotel,ambrose-temecula
scp-zh-tr	zh-tr	_木易-goi格式	未訳-_木易-goi格式	7	mu-yi-115,mu-yi-596,mu-yi-621,mu-yi-f-824,the-collection-of-mck
scp-zh-tr	zh-tr	_白磷時代	未訳-_白磷時代	7	foreseen,scp-zh-351,scp-zh-373,scp-zh-489,scp-zh-493
scp-zh-tr	zh-tr	_第八處-goi格式	未訳-_第八處-goi格式	7	disremember,nsb8-01728,nsb8-130,nsb8-384,nsb8-916
scp-zh-tr	zh-tr	bureaucracy	未訳-bureaucracy	7	medical-seminar,scp-8574,scp-8822,scp-8980,scp-9000
scp-zh-tr	zh-tr	en-8000	未訳-en-8000	7	oris-proposal,scp-8000,scp-8001,scp-8008,scp-8333
scp-zh-tr	zh-tr	prose	未訳-prose	7	wanderers:cataphract-the-hanged-man,wanderers:interstellar-radio-channel-5,wanderers:nigerian-lava-cat,wanderers:schooling-on-earth,wanderers:the-chariot
scp-zh-tr	zh-tr	wing-two	未訳-wing-two	7	wanderers:a-wanderers-guide-to-first-aid-in-the-library,wanderers:a-wanderers-guide-to-first-aid-in-the-library-aqua,wanderers:cataphract-the-hanged-man,wanderers:chest-cavity-the-star,wanderers:the-chariot
scp-zh-tr	zh-tr	戀昏崎新聞社	未訳-戀昏崎新聞社	7	blue-2013,jet-black,kanshin-ryoiki-koigarezaki,koigarezaki-news-20200908,sc-19
scp-zh-tr	zh-tr	未明軍團	未訳-未明軍團	7	holding-grails-hub,interviews-with-prospective-groups-of-interest,raisa-6147,scp-1942-jp,scp-2430
scp-zh-tr	zh-tr	格魯烏-p-部門	未訳-格魯烏-p-部門	7	incident-0401-42-iii-chornobylska-katastrofa,scp-1178,scp-2577,scp-3595,scp-4848
scp-zh-tr	zh-tr	黑色幽默	未訳-黑色幽默	7	garfield-timeline,narrativistics-and-you,scp-8201,scp-8574,scp-9009
scp-zh-tr	zh-tr	_a2	未訳-_a2	6	mu-yi-621,scp-zh-049,scp-zh-091,scp-zh-289,scp-zh-410
scp-zh-tr	zh-tr	_a4	未訳-_a4	6	critter-profile-surge,scp-zh-222,scp-zh-628,scp-zh-684,scp-zh-946
scp-zh-tr	zh-tr	_nobody-goi格式	未訳-_nobody-goi格式	6	close-encounter-with-nobody,nobody-s-business,nobody-s-home,nobody-s-observations-on-temporal-displacement-family-and-wa,nobodyneedshelp
scp-zh-tr	zh-tr	_夢神-goi格式	未訳-_夢神-goi格式	6	a-sardine-grows-from-the-soil,my-head-is-on-fire-and-im-not-ok,number-27-oneiroi-station,sleep-beneath-the-stars,xiupania
scp-zh-tr	zh-tr	_探險者mk	未訳-_探險者mk	6	scp-zh-022,scp-zh-313,scp-zh-358,scp-zh-525,scp-zh-611
scp-zh-tr	zh-tr	_普羅米修斯實驗室-goi格式	未訳-_普羅米修斯實驗室-goi格式	6	grant-request-for-development-of-nurturing-and-education,grant-request-for-investigating-the-potential-application-of,grant-request-for-the-development-of-tools-for-mapping-local,grant-request-for-utilization-of-memetic-agent-to-assist-per,surgical-identity-perpetuation
scp-zh-tr	zh-tr	_賞金k級情景	未訳-_賞金k級情景	6	five-minutes-to-end,scp-zh-014,scp-zh-113,teapotoao,ting129-s-ko-proposal
scp-zh-tr	zh-tr	_零號專隊-goi格式	未訳-_零號專隊-goi格式	6	e-021,e-0249,e-830,e-927,file-no-hkc454
scp-zh-tr	zh-tr	foundation-format	未訳-foundation-format	6	ao-zh-252,rinko-s-proposal-1,scp-173-p,scp-999-jp-enneametric,scp-zh-024-arc
scp-zh-tr	zh-tr	ko-短文競賽2018	未訳-ko-短文競賽2018	6	atashi-merisa,scp-137-ko,scp-229-ko,scp-345-ko,scp-545-ko
scp-zh-tr	zh-tr	kyo.aic	未訳-kyo.aic	6	caged-bird,disorder-flapdoodle,koy-joe,pry,scp-zh-930
scp-zh-tr	zh-tr	已刪除	未訳-已刪除	6	deleted:i-lisin-cilangasan,deleted:i-lisin-tafalong,deleted:malenlen,deleted:radiw-no-kitakit-1,deleted:radiw-no-kitakit-2
scp-zh-tr	zh-tr	待刪除	未訳-待刪除	6	deleted:incident-zh-330-2-rewrite,deleted:out-of-cn-77,deleted:scp-zh-330-rewrite,deleted:scp-zh-873,deleted:scp-zh-975
scp-zh-tr	zh-tr	研究員k	未訳-研究員k	6	cat-day,k-before,keepthere,scp-zh-247,summersnow
scp-zh-tr	zh-tr	記載	未訳-記載	6	wanderers:all-astronauts-go-to-heaven,wanderers:i-work-in-the-sky,wanderers:song-of-sugar,wanderers:the-study-of-ancient-spells,wanderers:turn-off-gravity
scp-zh-tr	zh-tr	詩格蘿絲	未訳-詩格蘿絲	6	a-suicide-note,incident-239-b-clef-kondraki,scp-239,scp-zh-986,sigurros-and-taiwanese-unicorn
scp-zh-tr	zh-tr	負號部隊	未訳-負號部隊	6	19th-bureau-of-mss-of-china,a-n-0064,fusouki,nsb8-384,the-collection-of-mck
scp-zh-tr	zh-tr	_瑪納慈善基金會-goi格式	未訳-_瑪納慈善基金會-goi格式	5	16th-wondertainment-donation,1st-cetres-donation,fifteenth-anonymous-donation,first-ivady-donation,first-mu-yi-donation
scp-zh-tr	zh-tr	_第一使命	未訳-_第一使命	5	a-precise-bombing,foundation-midnight-club-mou,scp-zh-315,scp-zh-469,scp-zh-951
scp-zh-tr	zh-tr	_芝加哥鬼靈-goi格式	未訳-_芝加哥鬼靈-goi格式	5	hare-023-the-cheshire-cat,old-family-recipe,snitchdungeons,the-five-mind,the-workshop
scp-zh-tr	zh-tr	_賞金他站人物	未訳-_賞金他站人物	5	19th-bureau-of-mss-of-china,human-sorrows-and-joys,laundry-the-gulf,phototaxis,the-eyes-of-bystanders
scp-zh-tr	zh-tr	_黑皇后-goi格式	未訳-_黑皇后-goi格式	5	carnifex-carl,paris-massacre,prantortiz-the-vile,richardson-island,sounds-of-silver
scp-zh-tr	zh-tr	apocalyptic	未訳-apocalyptic	5	scp-5514,scp-8513,scp-8566,scp-9009,something-beautiful
scp-zh-tr	zh-tr	en-愚人節2016	未訳-en-愚人節2016	5	an-incredibly-important-announcement,gears-is-totally-not-a-robot-guys,lust-in-the-time-of-anomalous-cholera,my-beloved-gecko,this-is-the-real-life
scp-zh-tr	zh-tr	lofia	未訳-lofia	5	mu-yi-621,scp-zh-041,scp-zh-405,scp-zh-510,the-collection-of-mck
scp-zh-tr	zh-tr	political	未訳-political	5	scp-1981,scp-6861,scp-9009,scp-9013,wanderers:the-chariot
scp-zh-tr	zh-tr	site-zh-47	未訳-site-zh-47	5	scp-zh-209,scp-zh-358,scp-zh-449,scp-zh-853,scp-zh-948
scp-zh-tr	zh-tr	佩森尼爾	未訳-佩森尼爾	5	boorklyn-00-crash,boorklyn-00-ref-rain,boorklyn-00-the-heaven,pthahnil-drees-relenaxd,pthahnil-s-social-media-user-icon
scp-zh-tr	zh-tr	古巴異常部	未訳-古巴異常部	5	mac-hub,scp-es-119,scp-es-157,scp-es-194,scp-zh-261
scp-zh-tr	zh-tr	波蘭異常蕈類採摘協會	未訳-波蘭異常蕈類採摘協會	5	pzga-data-fish,pzga-hub,scp-pl-057,scp-pl-166,scp-pl-173
scp-zh-tr	zh-tr	溫馨	未訳-溫馨	5	coming-out-to-the-woods,merry-christmas-jude-kriyot,narrativistics-and-you,scorch-correspondence-pattern,the-significant-others-part-a
scp-zh-tr	zh-tr	無盡月導眾	未訳-無盡月導眾	5	greetings-from-guningtou,mujin-getsudo-hub,mujin-getsudo-logo,scp-zh-072,scp-zh-128
scp-zh-tr	zh-tr	評論員焦點	未訳-評論員焦點	5	scp-4465,scp-4853,scp-5699,scp-7091,the-alchemy-department-hub
scp-zh-tr	zh-tr	遠野妖怪保護區	未訳-遠野妖怪保護區	5	blue-2013,fusouki,news4pamwac-fox,theme:toyoho-web,toyoho-202004
scp-zh-tr	zh-tr	_a1	未訳-_a1	4	scp-zh-072,scp-zh-229-ex,scp-zh-264,scp-zh-451
scp-zh-tr	zh-tr	_b2	未訳-_b2	4	scp-zh-007,scp-zh-614,thaumatalchemy,to-my-love
scp-zh-tr	zh-tr	_ijamea-goi格式	未訳-_ijamea-goi格式	4	2008,new-takayama-plan,project-koza,ran-jikan-rupu
scp-zh-tr	zh-tr	_no-dustjacket	未訳-_no-dustjacket	4	pyemia-is-thicker-than-water,wanderers:curtain-down,wanderers:pearl,wanderers:so-i-stab-into-the-black-sea
scp-zh-tr	zh-tr	_偉大長老	未訳-_偉大長老	4	scp-zh-287,scp-zh-716,scp-zh-757,scp-zh-818
scp-zh-tr	zh-tr	_數據	未訳-_數據	4	chaos-unitys-analysis,chaos-unitys-analysis-scrapper,chaos-unitys-analysis-source,chaos-unitys-analysis-test
scp-zh-tr	zh-tr	_格魯烏p部門-goi格式	未訳-_格魯烏p部門-goi格式	4	alma-kyivshchyna,dream-messages,fly-agaric,squid-ispolin
scp-zh-tr	zh-tr	_毆打鯊魚中心-goi格式	未訳-_毆打鯊魚中心-goi格式	4	spc-001,spc-2000,spc-3008,spc-zh-795
scp-zh-tr	zh-tr	_沙皇先知協會-goi格式	未訳-_沙皇先知協會-goi格式	4	article-number-001,article-number-037,article-number-065,ru021
scp-zh-tr	zh-tr	_洗衣部門-goi格式	未訳-_洗衣部門-goi格式	4	0754,article-number-097-black-0117,blue-0815,blue-2013
scp-zh-tr	zh-tr	_賞金反	未訳-_賞金反	4	2zero2seven,ctf15-21-molly,scp-zh-451,yamizushi-file-no338
scp-zh-tr	zh-tr	_赫曼-富勒-goi格式	未訳-_赫曼-富勒-goi格式	4	herman-fuller-presents-furmanism,maya-the-magnificent,new-year-lion,the-flame-faced-man
scp-zh-tr	zh-tr	_黃姓線人	未訳-_黃姓線人	4	nsb8-object-8391,scp-zh-345,scp-zh-465,scp-zh-668
scp-zh-tr	zh-tr	absurdism	未訳-absurdism	4	but-a-dream,garfield-timeline,scp-8329,scp-9935
scp-zh-tr	zh-tr	image	未訳-image	4	wanderers:cataphract-the-hanged-man,wanderers:chest-cavity-the-star,wanderers:nigerian-lava-cat,wanderers:the-hermit
scp-zh-tr	zh-tr	sokolsky博士	未訳-sokolsky博士	4	character-development,danimals,scp-5109,scp-5751
scp-zh-tr	zh-tr	地下療法	未訳-地下療法	4	o-poczatkach-medycyny-altnormalnej,przyczajone-leczenie-hub,scp-pl-160,scp-zh-723
scp-zh-tr	zh-tr	戀昏崎	未訳-戀昏崎	4	blue-2013,ftgg-a-chunibyo-story-p1,ftgg-a-chunibyo-story-p2,yonedu-gensui
scp-zh-tr	zh-tr	整合計劃	未訳-整合計劃	4	scp-6121,scp-6599,scp-7596,scp-8000
scp-zh-tr	zh-tr	晶體	未訳-晶體	4	scp-409,scp-zh-454,scp-zh-461,scp-zh-935-j
scp-zh-tr	zh-tr	特殊貨物事務委員會	未訳-特殊貨物事務委員會	4	adult:scp-zh-338,manifest-803,nx-zh-02,unusual-cargo-hub
scp-zh-tr	zh-tr	第二人稱	未訳-第二人稱	4	a-transgress-or-translate-before-spring,wanderers:cataphract-the-hanged-man,wanderers:the-chariot,wanderers:the-hermit
scp-zh-tr	zh-tr	系列0	未訳-系列0	4	scp-8751,scp-9082,scp-9233,series-0
scp-zh-tr	zh-tr	超電救助隊	未訳-超電救助隊	4	scp-1099-jp,scp-2031-jp,scp-387-jp,scp-990-jp
scp-zh-tr	zh-tr	重寫中	未訳-重寫中	4	deleted:deleted:taiwan-history-and-stuff-idk,deleted:scp-zh-092,scp-zh-543,scp-zh-555
scp-zh-tr	zh-tr	_b3	未訳-_b3	3	19th-bureau-of-mss-of-china,scp-zh-701,sh-cat-claw-punch-shark
scp-zh-tr	zh-tr	_listpages	未訳-_listpages	3	scp-6013,scp-6659,scp-9001
scp-zh-tr	zh-tr	_uiu-goi格式	未訳-_uiu-goi格式	3	uiu-1970-005,uiu-file-1941-016,uiu-file-1952-003
scp-zh-tr	zh-tr	_人之流	未訳-_人之流	3	scp-zh-306,scp-zh-412,scp-zh-457
scp-zh-tr	zh-tr	_全球超自然聯盟-goi格式	未訳-_全球超自然聯盟-goi格式	3	lte-1903-orange-blaecca,lte-2712-bosch,ute-1919-discofather
scp-zh-tr	zh-tr	_地平線倡議-goi格式	未訳-_地平線倡議-goi格式	3	excerpts-regarding-st-sophia,the-non-names-town,the-parables-of-pseudo-nadox
scp-zh-tr	zh-tr	_闇壽司-goi格式	未訳-_闇壽司-goi格式	3	yamizushi-file-053,yamizushi-file-no019,yamizushi-file-no338
scp-zh-tr	zh-tr	_麥地奇藝術學院-goi格式	未訳-_麥地奇藝術學院-goi格式	3	donatello-s-sculpting-tools-circa-1409,mon-amour-et-ma-aide-circa-1518,untitled-jewelry-piece-clarice-s-doom-1480s
scp-zh-tr	zh-tr	a.d.對外聯絡主任	未訳-a.d.對外聯絡主任	3	external-relations-orientation-annihilism,external-relations-orientation-robotic-republic,scp-zh-968
scp-zh-tr	zh-tr	absurdist-fiction	未訳-absurdist-fiction	3	cimmerian-sends-650-pms,narrativistics-and-you,youmedennysnow
scp-zh-tr	zh-tr	artificial-intelligence	未訳-artificial-intelligence	3	scp-8430,scp-9013,scp-9200
scp-zh-tr	zh-tr	cryptozoological	未訳-cryptozoological	3	wanderers:kicker-of-elves,wanderers:nigerian-lava-cat,wanderers:sztuka-poza-logika
scp-zh-tr	zh-tr	drama	未訳-drama	3	wanderers:cataphract-the-hanged-man,wanderers:chest-cavity-the-star,wanderers:the-hermit
scp-zh-tr	zh-tr	en-哥布林2023	未訳-en-哥布林2023	3	goblincon,scp-6183,scp-7596
scp-zh-tr	zh-tr	int-lorecon2023	未訳-int-lorecon2023	3	scp-622-fr,scp-zh-424,wynn-village-reconnaissance-mission-description
scp-zh-tr	zh-tr	jp-1200字19a	未訳-jp-1200字19a	3	dclass-search,no-spring-will-come,youkazu-01
scp-zh-tr	zh-tr	jp-2020團隊競賽	未訳-jp-2020團隊競賽	3	holding-grails-hub,kyouikaireki-hub,thanatomania-hub
scp-zh-tr	zh-tr	jp-2020新人競賽	未訳-jp-2020新人競賽	3	grant-request-for-development-of-nurturing-and-education,scp-2085-jp,unnamed-file
scp-zh-tr	zh-tr	jp-x競賽23	未訳-jp-x競賽23	3	scp-3323-jp,scp-3324-jp,yamawinumotisari
scp-zh-tr	zh-tr	jp-恐怖競賽2024	未訳-jp-恐怖競賽2024	3	scp-3546-jp,scp-3984-jp,scp-3991-jp
scp-zh-tr	zh-tr	jp-謊言競賽2020	未訳-jp-謊言競賽2020	3	scp-2113-jp,scp-2144-jp,scp-2616-jp
scp-zh-tr	zh-tr	otherworldly	未訳-otherworldly	3	wanderers:a-love-letter,wanderers:kicker-of-elves,wanderers:shylock-s-quarter
scp-zh-tr	zh-tr	ro	未訳-ro	3	scp-ro-004,scp-ro-006,scp-ro-007-arc
scp-zh-tr	zh-tr	series-hub	未訳-series-hub	3	run-the-river-red-hub,scp-anthology-2025,the-time-after-time-password-hub
scp-zh-tr	zh-tr	surrealism	未訳-surrealism	3	alex-thorley-goes-offline-for-shabbat,but-a-dream,scp-7582
scp-zh-tr	zh-tr	tragedy	未訳-tragedy	3	wanderers:cataphract-the-hanged-man,wanderers:chest-cavity-the-star,wanderers:the-hermit
scp-zh-tr	zh-tr	ws2019	未訳-ws2019	3	wanderers:interstellar-radio-channel-5,wanderers:schooling-on-earth,wanderers:turn-off-gravity
scp-zh-tr	zh-tr	午夜俱樂部	未訳-午夜俱樂部	3	foundation-midnight-club-mou,midnight-club-hub,scp-877-ko
scp-zh-tr	zh-tr	反大麻先生	未訳-反大麻先生	3	a-motley-crew,shakepinballmachine,until-san-greal-are-needed-once-again
scp-zh-tr	zh-tr	反烏托邦	未訳-反烏托邦	3	scp-9009,scp-9013,surgical-identity-perpetuation
scp-zh-tr	zh-tr	國外收容	未訳-國外收容	3	scp-2911-jp,scp-zh-674-j,scp-zh-902
scp-zh-tr	zh-tr	國際	未訳-國際	3	scp-179,scp-6470,the-liars-confession
scp-zh-tr	zh-tr	夢見科技	未訳-夢見科技	3	lie-dream-not-hero,my-dream-amadai-001,yumemi-technology-com-company-history-logo
scp-zh-tr	zh-tr	奔湧紅流	未訳-奔湧紅流	3	run-the-river-red-hub,scp-2888,scp-8411
scp-zh-tr	zh-tr	宗教性	未訳-宗教性	3	scp-089,scp-336,scp-zh-265
scp-zh-tr	zh-tr	心靈影響	未訳-心靈影響	3	reverberate-a-s-proposal-1,scp-053,scp-zh-762
scp-zh-tr	zh-tr	愛情	未訳-愛情	3	portraits-of-your-father,scp-8557,the-significant-others-part-a
scp-zh-tr	zh-tr	敘述	未訳-敘述	3	flash-fiction-collection-one,wanderers:all-astronauts-go-to-heaven,wanderers:turn-off-gravity
scp-zh-tr	zh-tr	有機	未訳-有機	3	scp-zh-209,scp-zh-234,scp-zh-930
scp-zh-tr	zh-tr	模板	未訳-模板	3	component:_template,credit:_template,reserve:_template
scp-zh-tr	zh-tr	機櫃建造	未訳-機櫃建造	3	a-n-0064,grant-request-for-development-of-nurturing-and-education,making-2000-hub
scp-zh-tr	zh-tr	無題系列	未訳-無題系列	3	disintegration,scp-7413,your-imaginary-friend
scp-zh-tr	zh-tr	白色家系目錄	未訳-白色家系目錄	3	81q5-sadness-pink,scp-2041-jp,scp-2042-jp
scp-zh-tr	zh-tr	繁花天堂	未訳-繁花天堂	3	flower-heaven-hub,floweror-wikipedia,lostwhat-s-proposal
scp-zh-tr	zh-tr	追與逃	未訳-追與逃	3	784incident7,incident-239-b-clef-kondraki,yesterday
scp-zh-tr	zh-tr	進步研究院	未訳-進步研究院	3	progress-institute-hub,scp-1088-ru,scp-1340-ru
scp-zh-tr	zh-tr	降頭師協會	未訳-降頭師協會	3	0754,k-05324,sc-19
scp-zh-tr	zh-tr	_adult	未訳-_adult	2	deleted:troutsproposal,scp-8008
scp-zh-tr	zh-tr	_b1	未訳-_b1	2	ran-jikan-rupu,scp-zh-032
scp-zh-tr	zh-tr	_cc_info	未訳-_cc_info	2	chaos-insurgency-hub,chicago-spirit
scp-zh-tr	zh-tr	_fix	未訳-_fix	2	scp-4971,wanderers:_template
scp-zh-tr	zh-tr	_goi格式-威爾遜生物應對組	未訳-_goi格式-威爾遜生物應對組	2	bhutan,critter-profile-ciwciw
scp-zh-tr	zh-tr	_icsut-goi格式	未訳-_icsut-goi格式	2	analysis-of-the-plokamisuchus,review-of-fire-spells
scp-zh-tr	zh-tr	_修復用	未訳-_修復用	2	scp-5858,scp-zh-412
scp-zh-tr	zh-tr	_共和國士兵	未訳-_共和國士兵	2	republic-soldier-art-by-hector,scp-zh-574
scp-zh-tr	zh-tr	_工廠-goi格式	未訳-_工廠-goi格式	2	contract-negotiations-01029,k-05324
scp-zh-tr	zh-tr	_希望	未訳-_希望	2	scp-zh-417,scp-zh-797
scp-zh-tr	zh-tr	_異人街-goi格式	未訳-_異人街-goi格式	2	larue-post-bang,nancy-shoe
scp-zh-tr	zh-tr	_蒐集院-goi格式	未訳-_蒐集院-goi格式	2	collected-item-no0665,collected-land-no022
scp-zh-tr	zh-tr	_賞金已解明	未訳-_賞金已解明	2	scp-zh-165,scp-zh-729
scp-zh-tr	zh-tr	_鹿學院-goi格式	未訳-_鹿學院-goi格式	2	eggplant-election-special,portlands-roller-derby
scp-zh-tr	zh-tr	action-adventure	未訳-action-adventure	2	wanderers:cataphract-the-hanged-man,wanderers:the-chariot
scp-zh-tr	zh-tr	bohart主任	未訳-bohart主任	2	art:kkn-site-333-doodles,scp-8911
scp-zh-tr	zh-tr	canon-hub	未訳-canon-hub	2	but-a-dream,series-0
scp-zh-tr	zh-tr	en-世界線2020	未訳-en-世界線2020	2	scp-5514,secure-facility-dossier-reliquary-area-27
scp-zh-tr	zh-tr	eo	未訳-eo	2	log-of-anomalous-items-eo,scp-eo-416
scp-zh-tr	zh-tr	faerie	未訳-faerie	2	scp-6666,scp-9991
scp-zh-tr	zh-tr	journal	未訳-journal	2	raisa-9600,wanderers:domowe-wenusjanskie-ciasteczka-z-lisciem-siarkowca
scp-zh-tr	zh-tr	jp-2000	未訳-jp-2000	2	scp-2000-jp,scp-2041-jp
scp-zh-tr	zh-tr	jp-新星競賽	未訳-jp-新星競賽	2	makuwayurika-s-proposal,scp-2527-jp
scp-zh-tr	zh-tr	kragg	未訳-kragg	2	wanderers:all-astronauts-go-to-heaven,wanderers:shylock-s-quarter
scp-zh-tr	zh-tr	metafiction	未訳-metafiction	2	scp-3922,scp-5733
scp-zh-tr	zh-tr	murder-monster	未訳-murder-monster	2	scp-312,scp-7582
scp-zh-tr	zh-tr	nguyễn-dương主管	未訳-nguyễn-dương主管	2	scp-tongtai-vn-j,scp-zh-281
scp-zh-tr	zh-tr	pangur	未訳-pangur	2	wanderers:book-of-the-hidden,wanderers:song-of-sugar
scp-zh-tr	zh-tr	realistic	未訳-realistic	2	wanderers:chest-cavity-the-star,wanderers:the-chariot
scp-zh-tr	zh-tr	redtooth	未訳-redtooth	2	wanderers:kicker-of-elves,wanderers:under-the-tree
scp-zh-tr	zh-tr	report	未訳-report	2	wanderers:nigerian-lava-cat,wanderers:shylock-s-quarter
scp-zh-tr	zh-tr	s&c塑膠	未訳-s&c塑膠	2	a-modest-proposal-for-a-revised-anomaly-classification-syste,scp-6500
scp-zh-tr	zh-tr	thorn	未訳-thorn	2	wanderers:a-suicide-note,wanderers:nigerian-lava-cat
scp-zh-tr	zh-tr	vang博士	未訳-vang博士	2	in-his-own-image-part-4,scp-j
scp-zh-tr	zh-tr	workplace	未訳-workplace	2	wanderers:the-chariot,wanderers:the-hermit
scp-zh-tr	zh-tr	中心頁	未訳-中心頁	2	admonition,nue-hub
scp-zh-tr	zh-tr	'+_普羅米修斯實驗室-goi格式	未訳-+_普羅米修斯實驗室-goi格式	1	grant-request-for-the-telekinetic-alloy
scp-zh-tr	zh-tr	'+_毆打鯊魚中心-goi格式	未訳-+_毆打鯊魚中心-goi格式	1	ting129-s-ko-proposal
scp-zh-tr	zh-tr	光	未訳-光	2	scp-189-ko,scp-zh-642
scp-zh-tr	zh-tr	區域性	未訳-區域性	2	scp-zh-500,scp-zh-500-arc
scp-zh-tr	zh-tr	可重寫	未訳-可重寫	2	scp-1178,scp-4791
scp-zh-tr	zh-tr	圖片	未訳-圖片	2	wanderers:i-work-in-the-sky,wanderers:under-the-tree
scp-zh-tr	zh-tr	奇蹟學	未訳-奇蹟學	2	scp-9118,scp-9935
scp-zh-tr	zh-tr	學校	未訳-學校	2	scp-5451,scp-8833
scp-zh-tr	zh-tr	定期檢查	未訳-定期檢查	2	djkaktus,scp-style-resource
scp-zh-tr	zh-tr	左撇子	未訳-左撇子	2	anti-dark,scp-1005-ru
scp-zh-tr	zh-tr	廣末孝行	未訳-廣末孝行	2	jet-black,toyoho-202004
scp-zh-tr	zh-tr	往復密碼	未訳-往復密碼	2	character-development,the-time-after-time-password-hub
scp-zh-tr	zh-tr	得獎展出	未訳-得獎展出	2	rounderhouse-proposal,scp-5140
scp-zh-tr	zh-tr	政治	未訳-政治	2	matryoshka-epilogue,the-woodvale-incident
scp-zh-tr	zh-tr	散文	未訳-散文	2	flash-fiction-collection-one,wanderers:all-astronauts-go-to-heaven
scp-zh-tr	zh-tr	敬持聖杯之影	未訳-敬持聖杯之影	2	artwork-of-rose-and-bronze,holding-grails-hub
scp-zh-tr	zh-tr	整合計畫	未訳-整合計畫	2	scp-7999,scp-9595
scp-zh-tr	zh-tr	文件	未訳-文件	2	scp-1045-jp,scp-1161
scp-zh-tr	zh-tr	格魯烏p部門	未訳-格魯烏p部門	2	scp-1681,scp-1723
scp-zh-tr	zh-tr	泥土	未訳-泥土	2	scp-030,scp-5034
scp-zh-tr	zh-tr	犯罪	未訳-犯罪	2	recovered-media-the-hard-boiled-adventures-of-murphy-law,scp-8270
scp-zh-tr	zh-tr	瑪瑙盲者聯合	未訳-瑪瑙盲者聯合	2	caecus-c-hub,wynn-village-reconnaissance-mission-description
scp-zh-tr	zh-tr	異常現象	未訳-異常現象	2	scp-zh-161,scp-zh-906
scp-zh-tr	zh-tr	神話	未訳-神話	2	kimad-no-sikacawan,wanderers:the-study-of-ancient-spells
scp-zh-tr	zh-tr	艦政本部對超常課	未訳-艦政本部對超常課	2	fusouki,scp-1942-jp
scp-zh-tr	zh-tr	蕭邦教	未訳-蕭邦教	2	scp-1710-jp,scp-pl-173
scp-zh-tr	zh-tr	超現實	未訳-超現實	2	matryoshka-nine,narrativistics-and-you
scp-zh-tr	zh-tr	+_普羅米修斯實驗室-goi格式	未訳-+_普羅米修斯實驗室-goi格式	1	grant-request-for-the-telekinetic-alloy
scp-zh-tr	zh-tr	+_毆打鯊魚中心-goi格式	未訳-+_毆打鯊魚中心-goi格式	1	ting129-s-ko-proposal
scp-zh-tr	zh-tr	_bhl_accel	未訳-_bhl_accel	1	scp-6668
scp-zh-tr	zh-tr	_c1	未訳-_c1	1	the-collection-of-mck
scp-zh-tr	zh-tr	_c2	未訳-_c2	1	scp-zh-464
scp-zh-tr	zh-tr	_cc4	未訳-_cc4	1	scp-9001
scp-zh-tr	zh-tr	_cc_licensebox	未訳-_cc_licensebox	1	malicious-behavior
scp-zh-tr	zh-tr	_d	未訳-_d	1	scp-zh-466
scp-zh-tr	zh-tr	_goi格式-普羅米修斯實驗室	未訳-_goi格式-普羅米修斯實驗室	1	grant-request-for-the-manufacture-of-devices-to-regulate
scp-zh-tr	zh-tr	_licesnebox	未訳-_licesnebox	1	matryoshka-one
scp-zh-tr	zh-tr	_licnesebox	未訳-_licnesebox	1	scp-6416
scp-zh-tr	zh-tr	_nc	未訳-_nc	1	wanderers:book-of-the-hidden
scp-zh-tr	zh-tr	_saphir-goi格式	未訳-_saphir-goi格式	1	zetetic-bulletin-wu-xing-iris
scp-zh-tr	zh-tr	_theme-temp	未訳-_theme-temp	1	component:black-highlighter-theme-dev
scp-zh-tr	zh-tr	_仲裁者	未訳-_仲裁者	1	scp-zh-697
scp-zh-tr	zh-tr	_奇物室-goi格式	未訳-_奇物室-goi格式	1	incriveis-sapatos-ozwalds
scp-zh-tr	zh-tr	_好事者	未訳-_好事者	1	argument-of-existence
scp-zh-tr	zh-tr	_戀昏崎新聞社-goi格式	未訳-_戀昏崎新聞社-goi格式	1	koigarezaki-news-20200908
scp-zh-tr	zh-tr	_手動	未訳-_手動	1	scp-es-138
scp-zh-tr	zh-tr	_模板	未訳-_模板	1	component:discord-chat-source
scp-zh-tr	zh-tr	_沙皇先知部門-goi格式	未訳-_沙皇先知部門-goi格式	1	article-number-097-black-0117
scp-zh-tr	zh-tr	_渾沌反叛軍-goi格式	未訳-_渾沌反叛軍-goi格式	1	sc-19
scp-zh-tr	zh-tr	_爆炸	未訳-_爆炸	1	scp-5023
scp-zh-tr	zh-tr	_特殊貨物事務委員會-goi格式	未訳-_特殊貨物事務委員會-goi格式	1	manifest-803
scp-zh-tr	zh-tr	_異事	未訳-_異事	1	memories-of-the-arm
scp-zh-tr	zh-tr	_異視維基-goi格式	未訳-_異視維基-goi格式	1	parawatch-shadow
scp-zh-tr	zh-tr	_蛛網國際-goi格式	未訳-_蛛網國際-goi格式	1	cobweb-ci-s-057
scp-zh-tr	zh-tr	_賞金無需收容	未訳-_賞金無需收容	1	scp-zh-391
scp-zh-tr	zh-tr	_赫曼-富勒goi格式	未訳-_赫曼-富勒goi格式	1	the-fishman-of-manasquan
scp-zh-tr	zh-tr	alien	未訳-alien	1	scp-7999
scp-zh-tr	zh-tr	allison-eckhart	未訳-allison-eckhart	1	lake-ontario-array
scp-zh-tr	zh-tr	anomalous-event	未訳-anomalous-event	1	scp-4991
scp-zh-tr	zh-tr	archives	未訳-archives	1	wanderers:sztuka-poza-logika
scp-zh-tr	zh-tr	blackout-contest-vn	未訳-blackout-contest-vn	1	me-oi
scp-zh-tr	zh-tr	bookburners	未訳-bookburners	1	wanderers:sztuka-poza-logika
scp-zh-tr	zh-tr	cel-shaded	未訳-cel-shaded	1	scp-2521
scp-zh-tr	zh-tr	child	未訳-child	1	scp-9991
scp-zh-tr	zh-tr	comic	未訳-comic	1	scp-2521
scp-zh-tr	zh-tr	contemporary-earth	未訳-contemporary-earth	1	wanderers:the-hermit
scp-zh-tr	zh-tr	cool戰爭2	未訳-cool戰爭2	1	its-not-real-it-never-was-you-pathetic-fools
scp-zh-tr	zh-tr	cosmic	未訳-cosmic	1	wanderers:cataphract-the-hanged-man
scp-zh-tr	zh-tr	crime	未訳-crime	1	wanderers:the-chariot
scp-zh-tr	zh-tr	cryptobotanical	未訳-cryptobotanical	1	wanderers:domowe-wenusjanskie-ciasteczka-z-lisciem-siarkowca
scp-zh-tr	zh-tr	dcd協定	未訳-dcd協定	1	centre-du-dcd
scp-zh-tr	zh-tr	death	未訳-death	1	wanderers:cataphract-the-hanged-man
scp-zh-tr	zh-tr	demon	未訳-demon	1	scp-9991
scp-zh-tr	zh-tr	divine-being	未訳-divine-being	1	wanderers:wayward-prayers
scp-zh-tr	zh-tr	doctor-shaw	未訳-doctor-shaw	1	scp-4498
scp-zh-tr	zh-tr	elrich	未訳-elrich	1	wanderers:kicker-of-elves
scp-zh-tr	zh-tr	en-故事競賽2010	未訳-en-故事競賽2010	1	document-recovered-from-the-marianas-trench
scp-zh-tr	zh-tr	en-極峻競賽2024	未訳-en-極峻競賽2024	1	wrathcon
scp-zh-tr	zh-tr	en-萬聖節2022	未訳-en-萬聖節2022	1	self-portrait
scp-zh-tr	zh-tr	epistolary	未訳-epistolary	1	wanderers:wayward-prayers
scp-zh-tr	zh-tr	es-200	未訳-es-200	1	scp-es-202
scp-zh-tr	zh-tr	es-探索競賽2019	未訳-es-探索競賽2019	1	scp-es-138
scp-zh-tr	zh-tr	es-節日競賽2022	未訳-es-節日競賽2022	1	suicidiocon-2022
scp-zh-tr	zh-tr	fable	未訳-fable	1	wanderers:kicker-of-elves
scp-zh-tr	zh-tr	future-earth	未訳-future-earth	1	wanderers:cataphract-the-hanged-man
scp-zh-tr	zh-tr	high-fantasia	未訳-high-fantasia	1	wanderers:wayward-prayers
scp-zh-tr	zh-tr	high-technology	未訳-high-technology	1	wanderers:cataphract-the-hanged-man
scp-zh-tr	zh-tr	historic	未訳-historic	1	scp-1928-ko
scp-zh-tr	zh-tr	ibanez部長	未訳-ibanez部長	1	character-development
scp-zh-tr	zh-tr	image-editing	未訳-image-editing	1	scp-2521
scp-zh-tr	zh-tr	jailors	未訳-jailors	1	wanderers:sztuka-poza-logika
scp-zh-tr	zh-tr	jp-2015年終末記事競賽	未訳-jp-2015年終末記事競賽	1	scp-490-jp
scp-zh-tr	zh-tr	jp-2016插圖大賽	未訳-jp-2016插圖大賽	1	of-multiverses
scp-zh-tr	zh-tr	jp-2016插圖大賽b	未訳-jp-2016插圖大賽b	1	littlewitch
scp-zh-tr	zh-tr	jp-2019急迫競賽a	未訳-jp-2019急迫競賽a	1	scp-1581-jp
scp-zh-tr	zh-tr	jp-2019急迫競賽c	未訳-jp-2019急迫競賽c	1	scp-1581-jp
scp-zh-tr	zh-tr	jp-2周年goi競賽	未訳-jp-2周年goi競賽	1	scp-990-jp
scp-zh-tr	zh-tr	jp-三題故事言靈競賽2021	未訳-jp-三題故事言靈競賽2021	1	scp-1477-jp
scp-zh-tr	zh-tr	jp-團子2021	未訳-jp-團子2021	1	kitei-disease
scp-zh-tr	zh-tr	jp-急迫競賽2023	未訳-jp-急迫競賽2023	1	scp-3300-jp
scp-zh-tr	zh-tr	jp-愚人節2020	未訳-jp-愚人節2020	1	yonedu-gensui
scp-zh-tr	zh-tr	jp-無之競賽2019	未訳-jp-無之競賽2019	1	scp-1645-jp
scp-zh-tr	zh-tr	jp-非正式800字徵文活動	未訳-jp-非正式800字徵文活動	1	collected-item-no19316
scp-zh-tr	zh-tr	ko-2016漫畫競賽	未訳-ko-2016漫畫競賽	1	luvle-s-comic
scp-zh-tr	zh-tr	ko-2020-04競賽	未訳-ko-2020-04競賽	1	scp-600-ko
scp-zh-tr	zh-tr	ko-2020-06競賽	未訳-ko-2020-06競賽	1	mr-key-sighed
scp-zh-tr	zh-tr	ko-2020-08競賽	未訳-ko-2020-08競賽	1	scp-825-ko
scp-zh-tr	zh-tr	la	未訳-la	1	scp-la-002
scp-zh-tr	zh-tr	legacy	未訳-legacy	1	wanderers:nigerian-lava-cat
scp-zh-tr	zh-tr	legal	未訳-legal	1	scp-4703
scp-zh-tr	zh-tr	letter	未訳-letter	1	wanderers:a-love-letter
scp-zh-tr	zh-tr	logos	未訳-logos	1	fsa-data
scp-zh-tr	zh-tr	mythological	未訳-mythological	1	scp-722
scp-zh-tr	zh-tr	no-fantasia	未訳-no-fantasia	1	wanderers:cataphract-the-hanged-man
scp-zh-tr	zh-tr	npes	未訳-npes	1	scp-877-ko
scp-zh-tr	zh-tr	philosophical	未訳-philosophical	1	wanderers:cataphract-the-hanged-man
scp-zh-tr	zh-tr	pig	未訳-pig	1	scp-9308
scp-zh-tr	zh-tr	planasthai	未訳-planasthai	1	wanderers:sztuka-poza-logika
scp-zh-tr	zh-tr	relationship03	未訳-relationship03	1	wanderers:a-suicide-note
scp-zh-tr	zh-tr	religion	未訳-religion	1	wanderers:wayward-prayers
scp-zh-tr	zh-tr	reviwers-spotlight	未訳-reviwers-spotlight	1	scp-4755
scp-zh-tr	zh-tr	rewritable	未訳-rewritable	1	scp-1591
scp-zh-tr	zh-tr	richard-dunwich	未訳-richard-dunwich	1	scp-es-101-j
scp-zh-tr	zh-tr	robots	未訳-robots	1	wanderers:cataphract-the-hanged-man
scp-zh-tr	zh-tr	scp德語分部	未訳-scp德語分部	1	scp-foundation-in-deutschland-portal
scp-zh-tr	zh-tr	sl	未訳-sl	1	scp-003-sl
scp-zh-tr	zh-tr	space	未訳-space	1	wanderers:domowe-wenusjanskie-ciasteczka-z-lisciem-siarkowca
scp-zh-tr	zh-tr	spirit	未訳-spirit	1	wanderers:sztuka-poza-logika
scp-zh-tr	zh-tr	sportsportscon2026	未訳-sportsportscon2026	1	scp-8574
scp-zh-tr	zh-tr	steve-nguyen	未訳-steve-nguyen	1	don-vi-tam-linh-hub
scp-zh-tr	zh-tr	surratt特工	未訳-surratt特工	1	list-of-common-anomalous-misconceptions
scp-zh-tr	zh-tr	theta-90角磨機	未訳-theta-90角磨機	1	scp-4096
scp-zh-tr	zh-tr	third-person	未訳-third-person	1	wanderers:wayward-prayers
scp-zh-tr	zh-tr	time-travel	未訳-time-travel	1	scp-9190
scp-zh-tr	zh-tr	tiến-sĩ-ann	未訳-tiến-sĩ-ann	1	scp-031-vn
scp-zh-tr	zh-tr	transformation	未訳-transformation	1	wanderers:chest-cavity-the-star
scp-zh-tr	zh-tr	ua-na_zare	未訳-ua-na_zare	1	scp-zh-968
scp-zh-tr	zh-tr	verse	未訳-verse	1	wanderers:chest-cavity-the-star
scp-zh-tr	zh-tr	vn-100競賽	未訳-vn-100競賽	1	scp-100-vn-j
scp-zh-tr	zh-tr	vomiter博士	未訳-vomiter博士	1	scp-zh-986
scp-zh-tr	zh-tr	wing-one	未訳-wing-one	1	wanderers:wayward-prayers
scp-zh-tr	zh-tr	wlc2013	未訳-wlc2013	1	wanderers:shylock-s-quarter
scp-zh-tr	zh-tr	xenofiction	未訳-xenofiction	1	scp-9200
scp-zh-tr	zh-tr	yuletide	未訳-yuletide	1	wanderers:a-blizzard-winterland
scp-zh-tr	zh-tr	九十九機關	未訳-九十九機關	1	fusouki
scp-zh-tr	zh-tr	亞當斯主管	未訳-亞當斯主管	1	retrospektrologia
scp-zh-tr	zh-tr	人工智能	未訳-人工智能	1	scp-zh-487
scp-zh-tr	zh-tr	他歷史	未訳-他歷史	1	scp-8822
scp-zh-tr	zh-tr	傳承條目-jp	未訳-傳承條目-jp	1	scp-240-jp
scp-zh-tr	zh-tr	僅僅少女事	未訳-僅僅少女事	1	scp-4319
scp-zh-tr	zh-tr	光芒之主	未訳-光芒之主	1	scp-zh-649
scp-zh-tr	zh-tr	共異迴歷	未訳-共異迴歷	1	kyouikaireki-hub
scp-zh-tr	zh-tr	典籍	未訳-典籍	1	wanderers:the-study-of-ancient-spells
scp-zh-tr	zh-tr	冒險	未訳-冒險	1	the-time-after-time-password-hub
scp-zh-tr	zh-tr	判官會	未訳-判官會	1	fusouki
scp-zh-tr	zh-tr	器官	未訳-器官	1	scp-zh-142
scp-zh-tr	zh-tr	壞基金會	未訳-壞基金會	1	dclass-search
scp-zh-tr	zh-tr	太空	未訳-太空	1	scp-9911
scp-zh-tr	zh-tr	威爾遜野生動物	未訳-威爾遜野生動物	1	world-went-beautiful
scp-zh-tr	zh-tr	密徑	未訳-密徑	1	wanderers:of-the-masters-of-books
scp-zh-tr	zh-tr	廣域收容案例	未訳-廣域收容案例	1	aw-5
scp-zh-tr	zh-tr	形態變化	未訳-形態變化	1	scp-071
scp-zh-tr	zh-tr	循環性	未訳-循環性	1	scp-zh-142
scp-zh-tr	zh-tr	心靈單位	未訳-心靈單位	1	scp-101-vn
scp-zh-tr	zh-tr	意識	未訳-意識	1	scp-4756
scp-zh-tr	zh-tr	感染性	未訳-感染性	1	scp-zh-070
scp-zh-tr	zh-tr	感知能力	未訳-感知能力	1	scp-zh-762
scp-zh-tr	zh-tr	成人内容	未訳-成人内容	1	meta-the-rock
scp-zh-tr	zh-tr	戰術求解部門	未訳-戰術求解部門	1	scp-zh-328
scp-zh-tr	zh-tr	指南	未訳-指南	1	avoid-the-blackbox
scp-zh-tr	zh-tr	掌中槍教會	未訳-掌中槍教會	1	scp-zh-079
scp-zh-tr	zh-tr	掠奪性	未訳-掠奪性	1	scp-280
scp-zh-tr	zh-tr	敘事性	未訳-敘事性	1	scp-7933
scp-zh-tr	zh-tr	敵對	未訳-敵對	1	scp-901-th
scp-zh-tr	zh-tr	方塊	未訳-方塊	1	scp-090
scp-zh-tr	zh-tr	日曆特工	未訳-日曆特工	1	nicos-proposal-ii
scp-zh-tr	zh-tr	日記	未訳-日記	1	wanderers:the-study-of-ancient-spells
scp-zh-tr	zh-tr	智慧	未訳-智慧	1	scp-zh-736
scp-zh-tr	zh-tr	會意出版	未訳-會意出版	1	zetetic-bulletin-wu-xing-iris
scp-zh-tr	zh-tr	有感知	未訳-有感知	1	scp-zh-343
scp-zh-tr	zh-tr	服裝	未訳-服裝	1	scp-901-th
scp-zh-tr	zh-tr	朱利安	未訳-朱利安	1	retrospektrologia
scp-zh-tr	zh-tr	核子之夢	未訳-核子之夢	1	scp-es-097
scp-zh-tr	zh-tr	極夜燈	未訳-極夜燈	1	light-of-daybreak
scp-zh-tr	zh-tr	樂器	未訳-樂器	1	scp-zh-649
scp-zh-tr	zh-tr	模組	未訳-模組	1	reading-machine
scp-zh-tr	zh-tr	機器人共和國	未訳-機器人共和國	1	external-relations-orientation-robotic-republic
scp-zh-tr	zh-tr	歐特克	未訳-歐特克	1	scp-9009
scp-zh-tr	zh-tr	歸檔	未訳-歸檔	1	wanderers:of-the-masters-of-books
scp-zh-tr	zh-tr	水生	未訳-水生	1	scp-1257-jp
scp-zh-tr	zh-tr	活體	未訳-活體	1	scp-518-jp
scp-zh-tr	zh-tr	湮滅教義	未訳-湮滅教義	1	external-relations-orientation-annihilism
scp-zh-tr	zh-tr	物體	未訳-物體	1	wanderers:the-study-of-ancient-spells
scp-zh-tr	zh-tr	玻璃	未訳-玻璃	1	scp-es-101-j
scp-zh-tr	zh-tr	瑪布女王	未訳-瑪布女王	1	cycle-of-seasons-hub
scp-zh-tr	zh-tr	瓦拉文	未訳-瓦拉文	1	scp-7542
scp-zh-tr	zh-tr	生物	未訳-生物	1	scp-1486
scp-zh-tr	zh-tr	異常個體監控局	未訳-異常個體監控局	1	djinn-tonic
scp-zh-tr	zh-tr	異常空間	未訳-異常空間	1	scp-zh-811
scp-zh-tr	zh-tr	白天櫟木流浪劇團	未訳-白天櫟木流浪劇團	1	scp-zh-649
scp-zh-tr	zh-tr	研究員rosen	未訳-研究員rosen	1	scp-2
scp-zh-tr	zh-tr	禁黑	未訳-禁黑	1	scp-8805
scp-zh-tr	zh-tr	科技奇蹟術師會	未訳-科技奇蹟術師會	1	scp-zh-649
scp-zh-tr	zh-tr	移動性	未訳-移動性	1	scp-5021
scp-zh-tr	zh-tr	種群	未訳-種群	1	scp-870
scp-zh-tr	zh-tr	空間異常	未訳-空間異常	1	scp-zh-890
scp-zh-tr	zh-tr	紳士團	未訳-紳士團	1	scp-124-vn
scp-zh-tr	zh-tr	群巢	未訳-群巢	1	scp-zh-649
scp-zh-tr	zh-tr	職位交換	未訳-職位交換	1	quantum-suicide-art
scp-zh-tr	zh-tr	腐爛神之山	未訳-腐爛神之山	1	scp-1200-ru
scp-zh-tr	zh-tr	船艦	未訳-船艦	1	scp-1942-jp
scp-zh-tr	zh-tr	花籠學園	未訳-花籠學園	1	scp-2042-jp
scp-zh-tr	zh-tr	葉孫	未訳-葉孫	1	diep-ton-hub
scp-zh-tr	zh-tr	蕭邦崇拜	未訳-蕭邦崇拜	1	scp-3300-jp
scp-zh-tr	zh-tr	藝術	未訳-藝術	1	tea-rain-halloween2022
scp-zh-tr	zh-tr	蛇夫座法典	未訳-蛇夫座法典	1	wanderers:song-of-sugar
scp-zh-tr	zh-tr	蛸葦廢船	未訳-蛸葦廢船	1	takoashi-haisen-artworks
scp-zh-tr	zh-tr	蝴蝶	未訳-蝴蝶	1	scp-2332
scp-zh-tr	zh-tr	資訊	未訳-資訊	1	scp-304
scp-zh-tr	zh-tr	赤練蛇之手	未訳-赤練蛇之手	1	scp-2911-jp
scp-zh-tr	zh-tr	輕量	未訳-輕量	1	mobile:secure-facilities-locations
scp-zh-tr	zh-tr	遺傳	未訳-遺傳	1	scp-2000
scp-zh-tr	zh-tr	長影之書	未訳-長影之書	1	wanderers:under-the-tree
scp-zh-tr	zh-tr	雜草	未訳-雜草	1	chwasty-hub
scp-zh-tr	zh-tr	霧津奇譚	未訳-霧津奇譚	1	in-the-world-where-the-fog-has-vanished
scp-zh-tr	zh-tr	靈性部門	未訳-靈性部門	1	don-vi-tam-linh-hub
scp-zh-tr	zh-tr	音聲美學	未訳-音聲美學	1	scp-zh-649
scp-zh-tr	zh-tr	首頁徵文	未訳-首頁徵文	1	wanderers:a-suicide-note
scp-zh-tr	zh-tr	香脆披薩店	未訳-香脆披薩店	1	april-fools-2024
scp-zh-tr	zh-tr	馬克．桐生	未訳-馬克．桐生	1	scp-2332
scp-zh-tr	zh-tr	鴿子領養	未訳-鴿子領養	1	pigeon-adoption
scp-zh-tr	zh-tr	黃	未訳-黃	1	scp-622-fr
